category	size_bytes	path	note
cache_or_corrupt	5277	outputs/cifar100_4agent_25cls_conv_family_ipc10/metrics/.ipynb_checkpoints/social_results-checkpoint.csv	cache/temp/corrupt artifact
cache_or_corrupt	1877	outputs/cifar100_4agent_25cls_conv_family_ipc50/metrics/.ipynb_checkpoints/social_results-checkpoint.csv	cache/temp/corrupt artifact
cache_or_corrupt	11948032	outputs/cifar100_4agent_25cls_hetero4arch_ipc50/agents/agent_0/packets/dsdm_packet.pt.corrupt_20260706_140154	cache/temp/corrupt artifact
cache_or_corrupt	975	outputs/cifar100_4agent_25cls_ipc50_allconvnet-conv70/metrics/.ipynb_checkpoints/social_results-checkpoint.csv	cache/temp/corrupt artifact
cache_or_corrupt	960	outputs/cifar100_4agent_25cls_ipc50_allconvnet/metrics/.ipynb_checkpoints/social_results-checkpoint.csv	cache/temp/corrupt artifact
cache_or_corrupt	8380	outputs/cifar100_4agent_25cls_ipc50_logit/metrics/.ipynb_checkpoints/packet_integrity_dsdm-checkpoint.json	cache/temp/corrupt artifact
cache_or_corrupt	2723	outputs/cifar100_4agent_25cls_ipc50_logit/metrics/.ipynb_checkpoints/social_results-checkpoint.csv	cache/temp/corrupt artifact
cache_or_corrupt	751	outputs/cifar100_4agent_25cls_upper_bound/centralized_full/.ipynb_checkpoints/centralized_results-checkpoint.csv	cache/temp/corrupt artifact
cache_or_corrupt	919	outputs/cifar100_4agent_25cls_upper_bound/metrics/.ipynb_checkpoints/social_results-checkpoint.csv	cache/temp/corrupt artifact
cache_or_corrupt	4263	outputs/experiment_registry/.ipynb_checkpoints/conv_family_ipc10_ipc50_paper_table-checkpoint.csv	cache/temp/corrupt artifact
cache_or_corrupt	19809	outputs/experiment_registry/.ipynb_checkpoints/social_results_all-checkpoint.csv	cache/temp/corrupt artifact
full_real_packet_hub	153701774	outputs/cifar100_4agent_25cls_conv_family_ipc10/packet_hub/full_real/agent_0_full_real_packet.pt	regenerable full_real packet copy; metrics/manifests retained
full_real_packet_hub	153701774	outputs/cifar100_4agent_25cls_conv_family_ipc10/packet_hub/full_real/agent_1_full_real_packet.pt	regenerable full_real packet copy; metrics/manifests retained
full_real_packet_hub	153701774	outputs/cifar100_4agent_25cls_conv_family_ipc10/packet_hub/full_real/agent_2_full_real_packet.pt	regenerable full_real packet copy; metrics/manifests retained
full_real_packet_hub	153701774	outputs/cifar100_4agent_25cls_conv_family_ipc10/packet_hub/full_real/agent_3_full_real_packet.pt	regenerable full_real packet copy; metrics/manifests retained
full_real_packet_hub	153701774	outputs/cifar100_4agent_25cls_ipc10_logit/packet_hub/full_real/agent_0_full_real_packet.pt	regenerable full_real packet copy; metrics/manifests retained
full_real_packet_hub	153701774	outputs/cifar100_4agent_25cls_ipc10_logit/packet_hub/full_real/agent_1_full_real_packet.pt	regenerable full_real packet copy; metrics/manifests retained
full_real_packet_hub	153701774	outputs/cifar100_4agent_25cls_ipc10_logit/packet_hub/full_real/agent_2_full_real_packet.pt	regenerable full_real packet copy; metrics/manifests retained
full_real_packet_hub	153701774	outputs/cifar100_4agent_25cls_ipc10_logit/packet_hub/full_real/agent_3_full_real_packet.pt	regenerable full_real packet copy; metrics/manifests retained
full_real_packet_hub	153701774	outputs/cifar100_4agent_25cls_ipc50_allconvnet-conv70/packet_hub/full_real/agent_0_full_real_packet.pt	regenerable full_real packet copy; metrics/manifests retained
full_real_packet_hub	153701774	outputs/cifar100_4agent_25cls_ipc50_allconvnet-conv70/packet_hub/full_real/agent_1_full_real_packet.pt	regenerable full_real packet copy; metrics/manifests retained
full_real_packet_hub	153701774	outputs/cifar100_4agent_25cls_ipc50_allconvnet-conv70/packet_hub/full_real/agent_2_full_real_packet.pt	regenerable full_real packet copy; metrics/manifests retained
full_real_packet_hub	153701774	outputs/cifar100_4agent_25cls_ipc50_allconvnet-conv70/packet_hub/full_real/agent_3_full_real_packet.pt	regenerable full_real packet copy; metrics/manifests retained
full_real_packet_hub	153701774	outputs/cifar100_4agent_25cls_ipc50_allconvnet/packet_hub/full_real/agent_0_full_real_packet.pt	regenerable full_real packet copy; metrics/manifests retained
full_real_packet_hub	153701774	outputs/cifar100_4agent_25cls_ipc50_allconvnet/packet_hub/full_real/agent_1_full_real_packet.pt	regenerable full_real packet copy; metrics/manifests retained
full_real_packet_hub	153701774	outputs/cifar100_4agent_25cls_ipc50_allconvnet/packet_hub/full_real/agent_2_full_real_packet.pt	regenerable full_real packet copy; metrics/manifests retained
full_real_packet_hub	153701774	outputs/cifar100_4agent_25cls_ipc50_allconvnet/packet_hub/full_real/agent_3_full_real_packet.pt	regenerable full_real packet copy; metrics/manifests retained
full_real_packet_hub	153701774	outputs/cifar100_4agent_25cls_ipc50_allconvnet_baseline_nologit/packet_hub/full_real/agent_0_full_real_packet.pt	regenerable full_real packet copy; metrics/manifests retained
full_real_packet_hub	153701774	outputs/cifar100_4agent_25cls_ipc50_allconvnet_baseline_nologit/packet_hub/full_real/agent_1_full_real_packet.pt	regenerable full_real packet copy; metrics/manifests retained
full_real_packet_hub	153701774	outputs/cifar100_4agent_25cls_ipc50_allconvnet_baseline_nologit/packet_hub/full_real/agent_2_full_real_packet.pt	regenerable full_real packet copy; metrics/manifests retained
full_real_packet_hub	153701774	outputs/cifar100_4agent_25cls_ipc50_allconvnet_baseline_nologit/packet_hub/full_real/agent_3_full_real_packet.pt	regenerable full_real packet copy; metrics/manifests retained
full_real_packet_hub	153701774	outputs/cifar100_4agent_25cls_ipc50_allconvnet_cov70_baseline_nologit/packet_hub/full_real/agent_0_full_real_packet.pt	regenerable full_real packet copy; metrics/manifests retained
full_real_packet_hub	153701774	outputs/cifar100_4agent_25cls_ipc50_allconvnet_cov70_baseline_nologit/packet_hub/full_real/agent_1_full_real_packet.pt	regenerable full_real packet copy; metrics/manifests retained
full_real_packet_hub	153701774	outputs/cifar100_4agent_25cls_ipc50_allconvnet_cov70_baseline_nologit/packet_hub/full_real/agent_2_full_real_packet.pt	regenerable full_real packet copy; metrics/manifests retained
full_real_packet_hub	153701774	outputs/cifar100_4agent_25cls_ipc50_allconvnet_cov70_baseline_nologit/packet_hub/full_real/agent_3_full_real_packet.pt	regenerable full_real packet copy; metrics/manifests retained
full_real_packet_hub	153701774	outputs/cifar100_4agent_25cls_upper_bound/packet_hub/full_real/agent_0_full_real_packet.pt	regenerable full_real packet copy; metrics/manifests retained
full_real_packet_hub	153701774	outputs/cifar100_4agent_25cls_upper_bound/packet_hub/full_real/agent_1_full_real_packet.pt	regenerable full_real packet copy; metrics/manifests retained
full_real_packet_hub	153701774	outputs/cifar100_4agent_25cls_upper_bound/packet_hub/full_real/agent_2_full_real_packet.pt	regenerable full_real packet copy; metrics/manifests retained
full_real_packet_hub	153701774	outputs/cifar100_4agent_25cls_upper_bound/packet_hub/full_real/agent_3_full_real_packet.pt	regenerable full_real packet copy; metrics/manifests retained
ipc10_tuning_expert_checkpoint_copy	2023046	outputs/cifar100_4agent_25cls_hetero4arch_ipc10_guardian_alex_dense_ep60_lr0p01_fr0p25_kd0p5_t3p0/agents/agent_0/checkpoints/expert_model.pt	repeated checkpoint inside tuning output; metrics/packets/logs retained
ipc10_tuning_expert_checkpoint_copy	4325454	outputs/cifar100_4agent_25cls_hetero4arch_ipc10_guardian_alex_dense_ep60_lr0p01_fr0p25_kd0p5_t3p0/agents/agent_1/checkpoints/expert_model.pt	repeated checkpoint inside tuning output; metrics/packets/logs retained
ipc10_tuning_expert_checkpoint_copy	39239126	outputs/cifar100_4agent_25cls_hetero4arch_ipc10_guardian_alex_dense_ep60_lr0p01_fr0p25_kd0p5_t3p0/agents/agent_2/checkpoints/expert_model.pt	repeated checkpoint inside tuning output; metrics/packets/logs retained
ipc10_tuning_expert_checkpoint_copy	28123900	outputs/cifar100_4agent_25cls_hetero4arch_ipc10_guardian_alex_dense_ep60_lr0p01_fr0p25_kd0p5_t3p0/agents/agent_3/checkpoints/expert_model.pt	repeated checkpoint inside tuning output; metrics/packets/logs retained
ipc10_tuning_expert_checkpoint_copy	2023046	outputs/cifar100_4agent_25cls_hetero4arch_ipc10_guardian_alex_dense_ep60_lr0p01_fr0p25_kd0p5_t4p0/agents/agent_0/checkpoints/expert_model.pt	repeated checkpoint inside tuning output; metrics/packets/logs retained
ipc10_tuning_expert_checkpoint_copy	4325454	outputs/cifar100_4agent_25cls_hetero4arch_ipc10_guardian_alex_dense_ep60_lr0p01_fr0p25_kd0p5_t4p0/agents/agent_1/checkpoints/expert_model.pt	repeated checkpoint inside tuning output; metrics/packets/logs retained
ipc10_tuning_expert_checkpoint_copy	39239126	outputs/cifar100_4agent_25cls_hetero4arch_ipc10_guardian_alex_dense_ep60_lr0p01_fr0p25_kd0p5_t4p0/agents/agent_2/checkpoints/expert_model.pt	repeated checkpoint inside tuning output; metrics/packets/logs retained
ipc10_tuning_expert_checkpoint_copy	28123900	outputs/cifar100_4agent_25cls_hetero4arch_ipc10_guardian_alex_dense_ep60_lr0p01_fr0p25_kd0p5_t4p0/agents/agent_3/checkpoints/expert_model.pt	repeated checkpoint inside tuning output; metrics/packets/logs retained
ipc10_tuning_expert_checkpoint_copy	2023046	outputs/cifar100_4agent_25cls_hetero4arch_ipc10_guardian_alex_g3_ep090_fr020_kd060_t3_sched/agents/agent_0/checkpoints/expert_model.pt	repeated checkpoint inside tuning output; metrics/packets/logs retained
ipc10_tuning_expert_checkpoint_copy	4325454	outputs/cifar100_4agent_25cls_hetero4arch_ipc10_guardian_alex_g3_ep090_fr020_kd060_t3_sched/agents/agent_1/checkpoints/expert_model.pt	repeated checkpoint inside tuning output; metrics/packets/logs retained
ipc10_tuning_expert_checkpoint_copy	39239126	outputs/cifar100_4agent_25cls_hetero4arch_ipc10_guardian_alex_g3_ep090_fr020_kd060_t3_sched/agents/agent_2/checkpoints/expert_model.pt	repeated checkpoint inside tuning output; metrics/packets/logs retained
ipc10_tuning_expert_checkpoint_copy	28123900	outputs/cifar100_4agent_25cls_hetero4arch_ipc10_guardian_alex_g3_ep090_fr020_kd060_t3_sched/agents/agent_3/checkpoints/expert_model.pt	repeated checkpoint inside tuning output; metrics/packets/logs retained
ipc10_tuning_expert_checkpoint_copy	2023046	outputs/cifar100_4agent_25cls_hetero4arch_ipc10_guardian_alex_g3_fr020_kd060_t3_sched_self20/agents/agent_0/checkpoints/expert_model.pt	repeated checkpoint inside tuning output; metrics/packets/logs retained
ipc10_tuning_expert_checkpoint_copy	4325454	outputs/cifar100_4agent_25cls_hetero4arch_ipc10_guardian_alex_g3_fr020_kd060_t3_sched_self20/agents/agent_1/checkpoints/expert_model.pt	repeated checkpoint inside tuning output; metrics/packets/logs retained
ipc10_tuning_expert_checkpoint_copy	39239126	outputs/cifar100_4agent_25cls_hetero4arch_ipc10_guardian_alex_g3_fr020_kd060_t3_sched_self20/agents/agent_2/checkpoints/expert_model.pt	repeated checkpoint inside tuning output; metrics/packets/logs retained
ipc10_tuning_expert_checkpoint_copy	28123900	outputs/cifar100_4agent_25cls_hetero4arch_ipc10_guardian_alex_g3_fr020_kd060_t3_sched_self20/agents/agent_3/checkpoints/expert_model.pt	repeated checkpoint inside tuning output; metrics/packets/logs retained
ipc10_tuning_expert_checkpoint_copy	2023046	outputs/cifar100_4agent_25cls_hetero4arch_ipc10_guardian_alex_g3_fr020_kd070_t4_sched/agents/agent_0/checkpoints/expert_model.pt	repeated checkpoint inside tuning output; metrics/packets/logs retained
ipc10_tuning_expert_checkpoint_copy	4325454	outputs/cifar100_4agent_25cls_hetero4arch_ipc10_guardian_alex_g3_fr020_kd070_t4_sched/agents/agent_1/checkpoints/expert_model.pt	repeated checkpoint inside tuning output; metrics/packets/logs retained
ipc10_tuning_expert_checkpoint_copy	39239126	outputs/cifar100_4agent_25cls_hetero4arch_ipc10_guardian_alex_g3_fr020_kd070_t4_sched/agents/agent_2/checkpoints/expert_model.pt	repeated checkpoint inside tuning output; metrics/packets/logs retained
ipc10_tuning_expert_checkpoint_copy	28123900	outputs/cifar100_4agent_25cls_hetero4arch_ipc10_guardian_alex_g3_fr020_kd070_t4_sched/agents/agent_3/checkpoints/expert_model.pt	repeated checkpoint inside tuning output; metrics/packets/logs retained
ipc10_tuning_expert_checkpoint_copy	2023046	outputs/cifar100_4agent_25cls_hetero4arch_ipc10_guardian_alex_g3_fr020_kd080_t3_sched/agents/agent_0/checkpoints/expert_model.pt	repeated checkpoint inside tuning output; metrics/packets/logs retained
ipc10_tuning_expert_checkpoint_copy	4325454	outputs/cifar100_4agent_25cls_hetero4arch_ipc10_guardian_alex_g3_fr020_kd080_t3_sched/agents/agent_1/checkpoints/expert_model.pt	repeated checkpoint inside tuning output; metrics/packets/logs retained
ipc10_tuning_expert_checkpoint_copy	39239126	outputs/cifar100_4agent_25cls_hetero4arch_ipc10_guardian_alex_g3_fr020_kd080_t3_sched/agents/agent_2/checkpoints/expert_model.pt	repeated checkpoint inside tuning output; metrics/packets/logs retained
ipc10_tuning_expert_checkpoint_copy	28123900	outputs/cifar100_4agent_25cls_hetero4arch_ipc10_guardian_alex_g3_fr020_kd080_t3_sched/agents/agent_3/checkpoints/expert_model.pt	repeated checkpoint inside tuning output; metrics/packets/logs retained
ipc10_tuning_expert_checkpoint_copy	2023046	outputs/cifar100_4agent_25cls_hetero4arch_ipc10_guardian_alex_g3_fr025_kd070_t3_sched_self15/agents/agent_0/checkpoints/expert_model.pt	repeated checkpoint inside tuning output; metrics/packets/logs retained
ipc10_tuning_expert_checkpoint_copy	4325454	outputs/cifar100_4agent_25cls_hetero4arch_ipc10_guardian_alex_g3_fr025_kd070_t3_sched_self15/agents/agent_1/checkpoints/expert_model.pt	repeated checkpoint inside tuning output; metrics/packets/logs retained
ipc10_tuning_expert_checkpoint_copy	39239126	outputs/cifar100_4agent_25cls_hetero4arch_ipc10_guardian_alex_g3_fr025_kd070_t3_sched_self15/agents/agent_2/checkpoints/expert_model.pt	repeated checkpoint inside tuning output; metrics/packets/logs retained
ipc10_tuning_expert_checkpoint_copy	28123900	outputs/cifar100_4agent_25cls_hetero4arch_ipc10_guardian_alex_g3_fr025_kd070_t3_sched_self15/agents/agent_3/checkpoints/expert_model.pt	repeated checkpoint inside tuning output; metrics/packets/logs retained
ipc10_tuning_expert_checkpoint_copy	2023046	outputs/cifar100_4agent_25cls_hetero4arch_ipc10_guardian_alex_g3_fr030_kd060_t3_sched/agents/agent_0/checkpoints/expert_model.pt	repeated checkpoint inside tuning output; metrics/packets/logs retained
ipc10_tuning_expert_checkpoint_copy	4325454	outputs/cifar100_4agent_25cls_hetero4arch_ipc10_guardian_alex_g3_fr030_kd060_t3_sched/agents/agent_1/checkpoints/expert_model.pt	repeated checkpoint inside tuning output; metrics/packets/logs retained
ipc10_tuning_expert_checkpoint_copy	39239126	outputs/cifar100_4agent_25cls_hetero4arch_ipc10_guardian_alex_g3_fr030_kd060_t3_sched/agents/agent_2/checkpoints/expert_model.pt	repeated checkpoint inside tuning output; metrics/packets/logs retained
ipc10_tuning_expert_checkpoint_copy	28123900	outputs/cifar100_4agent_25cls_hetero4arch_ipc10_guardian_alex_g3_fr030_kd060_t3_sched/agents/agent_3/checkpoints/expert_model.pt	repeated checkpoint inside tuning output; metrics/packets/logs retained
ipc10_tuning_expert_checkpoint_copy	2023046	outputs/cifar100_4agent_25cls_hetero4arch_ipc10_guardian_vgg_dense_ep60_lr0p01_fr0p25_kd0p3_t3p0_self2p5/agents/agent_0/checkpoints/expert_model.pt	repeated checkpoint inside tuning output; metrics/packets/logs retained
ipc10_tuning_expert_checkpoint_copy	4325454	outputs/cifar100_4agent_25cls_hetero4arch_ipc10_guardian_vgg_dense_ep60_lr0p01_fr0p25_kd0p3_t3p0_self2p5/agents/agent_1/checkpoints/expert_model.pt	repeated checkpoint inside tuning output; metrics/packets/logs retained
ipc10_tuning_expert_checkpoint_copy	39239126	outputs/cifar100_4agent_25cls_hetero4arch_ipc10_guardian_vgg_dense_ep60_lr0p01_fr0p25_kd0p3_t3p0_self2p5/agents/agent_2/checkpoints/expert_model.pt	repeated checkpoint inside tuning output; metrics/packets/logs retained
ipc10_tuning_expert_checkpoint_copy	28123900	outputs/cifar100_4agent_25cls_hetero4arch_ipc10_guardian_vgg_dense_ep60_lr0p01_fr0p25_kd0p3_t3p0_self2p5/agents/agent_3/checkpoints/expert_model.pt	repeated checkpoint inside tuning output; metrics/packets/logs retained
ipc10_tuning_expert_checkpoint_copy	2023046	outputs/cifar100_4agent_25cls_hetero4arch_ipc10_guardian_vgg_dense_ep60_lr0p01_fr0p25_kd0p3_t3p0_self3p0/agents/agent_0/checkpoints/expert_model.pt	repeated checkpoint inside tuning output; metrics/packets/logs retained
ipc10_tuning_expert_checkpoint_copy	4325454	outputs/cifar100_4agent_25cls_hetero4arch_ipc10_guardian_vgg_dense_ep60_lr0p01_fr0p25_kd0p3_t3p0_self3p0/agents/agent_1/checkpoints/expert_model.pt	repeated checkpoint inside tuning output; metrics/packets/logs retained
ipc10_tuning_expert_checkpoint_copy	39239126	outputs/cifar100_4agent_25cls_hetero4arch_ipc10_guardian_vgg_dense_ep60_lr0p01_fr0p25_kd0p3_t3p0_self3p0/agents/agent_2/checkpoints/expert_model.pt	repeated checkpoint inside tuning output; metrics/packets/logs retained
ipc10_tuning_expert_checkpoint_copy	28123900	outputs/cifar100_4agent_25cls_hetero4arch_ipc10_guardian_vgg_dense_ep60_lr0p01_fr0p25_kd0p3_t3p0_self3p0/agents/agent_3/checkpoints/expert_model.pt	repeated checkpoint inside tuning output; metrics/packets/logs retained
ipc10_tuning_expert_checkpoint_copy	2023046	outputs/cifar100_4agent_25cls_hetero4arch_ipc10_guardian_vgg_dense_ep60_lr0p01_fr0p25_kd0p3_t3p0_self4p0/agents/agent_0/checkpoints/expert_model.pt	repeated checkpoint inside tuning output; metrics/packets/logs retained
ipc10_tuning_expert_checkpoint_copy	4325454	outputs/cifar100_4agent_25cls_hetero4arch_ipc10_guardian_vgg_dense_ep60_lr0p01_fr0p25_kd0p3_t3p0_self4p0/agents/agent_1/checkpoints/expert_model.pt	repeated checkpoint inside tuning output; metrics/packets/logs retained
ipc10_tuning_expert_checkpoint_copy	39239126	outputs/cifar100_4agent_25cls_hetero4arch_ipc10_guardian_vgg_dense_ep60_lr0p01_fr0p25_kd0p3_t3p0_self4p0/agents/agent_2/checkpoints/expert_model.pt	repeated checkpoint inside tuning output; metrics/packets/logs retained
ipc10_tuning_expert_checkpoint_copy	28123900	outputs/cifar100_4agent_25cls_hetero4arch_ipc10_guardian_vgg_dense_ep60_lr0p01_fr0p25_kd0p3_t3p0_self4p0/agents/agent_3/checkpoints/expert_model.pt	repeated checkpoint inside tuning output; metrics/packets/logs retained
ipc10_tuning_expert_checkpoint_copy	2023046	outputs/cifar100_4agent_25cls_hetero4arch_ipc10_guardian_vgg_dense_ep60_lr0p01_fr0p25_kd0p3_t4p0_self2p5/agents/agent_0/checkpoints/expert_model.pt	repeated checkpoint inside tuning output; metrics/packets/logs retained
ipc10_tuning_expert_checkpoint_copy	4325454	outputs/cifar100_4agent_25cls_hetero4arch_ipc10_guardian_vgg_dense_ep60_lr0p01_fr0p25_kd0p3_t4p0_self2p5/agents/agent_1/checkpoints/expert_model.pt	repeated checkpoint inside tuning output; metrics/packets/logs retained
ipc10_tuning_expert_checkpoint_copy	39239126	outputs/cifar100_4agent_25cls_hetero4arch_ipc10_guardian_vgg_dense_ep60_lr0p01_fr0p25_kd0p3_t4p0_self2p5/agents/agent_2/checkpoints/expert_model.pt	repeated checkpoint inside tuning output; metrics/packets/logs retained
ipc10_tuning_expert_checkpoint_copy	28123900	outputs/cifar100_4agent_25cls_hetero4arch_ipc10_guardian_vgg_dense_ep60_lr0p01_fr0p25_kd0p3_t4p0_self2p5/agents/agent_3/checkpoints/expert_model.pt	repeated checkpoint inside tuning output; metrics/packets/logs retained
ipc10_tuning_expert_checkpoint_copy	2023046	outputs/cifar100_4agent_25cls_hetero4arch_ipc10_guardian_vgg_dense_ep60_lr0p01_fr0p25_kd0p3_t4p0_self3p0/agents/agent_0/checkpoints/expert_model.pt	repeated checkpoint inside tuning output; metrics/packets/logs retained
ipc10_tuning_expert_checkpoint_copy	4325454	outputs/cifar100_4agent_25cls_hetero4arch_ipc10_guardian_vgg_dense_ep60_lr0p01_fr0p25_kd0p3_t4p0_self3p0/agents/agent_1/checkpoints/expert_model.pt	repeated checkpoint inside tuning output; metrics/packets/logs retained
ipc10_tuning_expert_checkpoint_copy	39239126	outputs/cifar100_4agent_25cls_hetero4arch_ipc10_guardian_vgg_dense_ep60_lr0p01_fr0p25_kd0p3_t4p0_self3p0/agents/agent_2/checkpoints/expert_model.pt	repeated checkpoint inside tuning output; metrics/packets/logs retained
ipc10_tuning_expert_checkpoint_copy	28123900	outputs/cifar100_4agent_25cls_hetero4arch_ipc10_guardian_vgg_dense_ep60_lr0p01_fr0p25_kd0p3_t4p0_self3p0/agents/agent_3/checkpoints/expert_model.pt	repeated checkpoint inside tuning output; metrics/packets/logs retained
ipc10_tuning_expert_checkpoint_copy	2023046	outputs/cifar100_4agent_25cls_hetero4arch_ipc10_guardian_vgg_dense_ep60_lr0p01_fr0p25_kd0p3_t4p0_self4p0/agents/agent_0/checkpoints/expert_model.pt	repeated checkpoint inside tuning output; metrics/packets/logs retained
ipc10_tuning_expert_checkpoint_copy	4325454	outputs/cifar100_4agent_25cls_hetero4arch_ipc10_guardian_vgg_dense_ep60_lr0p01_fr0p25_kd0p3_t4p0_self4p0/agents/agent_1/checkpoints/expert_model.pt	repeated checkpoint inside tuning output; metrics/packets/logs retained
ipc10_tuning_expert_checkpoint_copy	39239126	outputs/cifar100_4agent_25cls_hetero4arch_ipc10_guardian_vgg_dense_ep60_lr0p01_fr0p25_kd0p3_t4p0_self4p0/agents/agent_2/checkpoints/expert_model.pt	repeated checkpoint inside tuning output; metrics/packets/logs retained
ipc10_tuning_expert_checkpoint_copy	28123900	outputs/cifar100_4agent_25cls_hetero4arch_ipc10_guardian_vgg_dense_ep60_lr0p01_fr0p25_kd0p3_t4p0_self4p0/agents/agent_3/checkpoints/expert_model.pt	repeated checkpoint inside tuning output; metrics/packets/logs retained
ipc10_tuning_expert_checkpoint_copy	2023046	outputs/cifar100_4agent_25cls_hetero4arch_ipc10_guardian_vgg_dense_ep60_lr0p01_fr0p25_kd0p4_t3p0_self2p5/agents/agent_0/checkpoints/expert_model.pt	repeated checkpoint inside tuning output; metrics/packets/logs retained
ipc10_tuning_expert_checkpoint_copy	4325454	outputs/cifar100_4agent_25cls_hetero4arch_ipc10_guardian_vgg_dense_ep60_lr0p01_fr0p25_kd0p4_t3p0_self2p5/agents/agent_1/checkpoints/expert_model.pt	repeated checkpoint inside tuning output; metrics/packets/logs retained
ipc10_tuning_expert_checkpoint_copy	39239126	outputs/cifar100_4agent_25cls_hetero4arch_ipc10_guardian_vgg_dense_ep60_lr0p01_fr0p25_kd0p4_t3p0_self2p5/agents/agent_2/checkpoints/expert_model.pt	repeated checkpoint inside tuning output; metrics/packets/logs retained
ipc10_tuning_expert_checkpoint_copy	28123900	outputs/cifar100_4agent_25cls_hetero4arch_ipc10_guardian_vgg_dense_ep60_lr0p01_fr0p25_kd0p4_t3p0_self2p5/agents/agent_3/checkpoints/expert_model.pt	repeated checkpoint inside tuning output; metrics/packets/logs retained
ipc10_tuning_expert_checkpoint_copy	2023046	outputs/cifar100_4agent_25cls_hetero4arch_ipc10_guardian_vgg_dense_ep60_lr0p01_fr0p25_kd0p4_t3p0_self3p0/agents/agent_0/checkpoints/expert_model.pt	repeated checkpoint inside tuning output; metrics/packets/logs retained
ipc10_tuning_expert_checkpoint_copy	4325454	outputs/cifar100_4agent_25cls_hetero4arch_ipc10_guardian_vgg_dense_ep60_lr0p01_fr0p25_kd0p4_t3p0_self3p0/agents/agent_1/checkpoints/expert_model.pt	repeated checkpoint inside tuning output; metrics/packets/logs retained
ipc10_tuning_expert_checkpoint_copy	39239126	outputs/cifar100_4agent_25cls_hetero4arch_ipc10_guardian_vgg_dense_ep60_lr0p01_fr0p25_kd0p4_t3p0_self3p0/agents/agent_2/checkpoints/expert_model.pt	repeated checkpoint inside tuning output; metrics/packets/logs retained
ipc10_tuning_expert_checkpoint_copy	28123900	outputs/cifar100_4agent_25cls_hetero4arch_ipc10_guardian_vgg_dense_ep60_lr0p01_fr0p25_kd0p4_t3p0_self3p0/agents/agent_3/checkpoints/expert_model.pt	repeated checkpoint inside tuning output; metrics/packets/logs retained
ipc10_tuning_expert_checkpoint_copy	2023046	outputs/cifar100_4agent_25cls_hetero4arch_ipc10_guardian_vgg_dense_ep60_lr0p01_fr0p25_kd0p4_t3p0_self4p0/agents/agent_0/checkpoints/expert_model.pt	repeated checkpoint inside tuning output; metrics/packets/logs retained
ipc10_tuning_expert_checkpoint_copy	4325454	outputs/cifar100_4agent_25cls_hetero4arch_ipc10_guardian_vgg_dense_ep60_lr0p01_fr0p25_kd0p4_t3p0_self4p0/agents/agent_1/checkpoints/expert_model.pt	repeated checkpoint inside tuning output; metrics/packets/logs retained
ipc10_tuning_expert_checkpoint_copy	39239126	outputs/cifar100_4agent_25cls_hetero4arch_ipc10_guardian_vgg_dense_ep60_lr0p01_fr0p25_kd0p4_t3p0_self4p0/agents/agent_2/checkpoints/expert_model.pt	repeated checkpoint inside tuning output; metrics/packets/logs retained
ipc10_tuning_expert_checkpoint_copy	28123900	outputs/cifar100_4agent_25cls_hetero4arch_ipc10_guardian_vgg_dense_ep60_lr0p01_fr0p25_kd0p4_t3p0_self4p0/agents/agent_3/checkpoints/expert_model.pt	repeated checkpoint inside tuning output; metrics/packets/logs retained
ipc10_tuning_expert_checkpoint_copy	2023046	outputs/cifar100_4agent_25cls_hetero4arch_ipc10_guardian_vgg_dense_ep60_lr0p01_fr0p25_kd0p4_t4p0_self2p5/agents/agent_0/checkpoints/expert_model.pt	repeated checkpoint inside tuning output; metrics/packets/logs retained
ipc10_tuning_expert_checkpoint_copy	4325454	outputs/cifar100_4agent_25cls_hetero4arch_ipc10_guardian_vgg_dense_ep60_lr0p01_fr0p25_kd0p4_t4p0_self2p5/agents/agent_1/checkpoints/expert_model.pt	repeated checkpoint inside tuning output; metrics/packets/logs retained
ipc10_tuning_expert_checkpoint_copy	39239126	outputs/cifar100_4agent_25cls_hetero4arch_ipc10_guardian_vgg_dense_ep60_lr0p01_fr0p25_kd0p4_t4p0_self2p5/agents/agent_2/checkpoints/expert_model.pt	repeated checkpoint inside tuning output; metrics/packets/logs retained
ipc10_tuning_expert_checkpoint_copy	28123900	outputs/cifar100_4agent_25cls_hetero4arch_ipc10_guardian_vgg_dense_ep60_lr0p01_fr0p25_kd0p4_t4p0_self2p5/agents/agent_3/checkpoints/expert_model.pt	repeated checkpoint inside tuning output; metrics/packets/logs retained
ipc10_tuning_expert_checkpoint_copy	2023046	outputs/cifar100_4agent_25cls_hetero4arch_ipc10_guardian_vgg_dense_ep60_lr0p01_fr0p25_kd0p4_t4p0_self3p0/agents/agent_0/checkpoints/expert_model.pt	repeated checkpoint inside tuning output; metrics/packets/logs retained
ipc10_tuning_expert_checkpoint_copy	4325454	outputs/cifar100_4agent_25cls_hetero4arch_ipc10_guardian_vgg_dense_ep60_lr0p01_fr0p25_kd0p4_t4p0_self3p0/agents/agent_1/checkpoints/expert_model.pt	repeated checkpoint inside tuning output; metrics/packets/logs retained
ipc10_tuning_expert_checkpoint_copy	39239126	outputs/cifar100_4agent_25cls_hetero4arch_ipc10_guardian_vgg_dense_ep60_lr0p01_fr0p25_kd0p4_t4p0_self3p0/agents/agent_2/checkpoints/expert_model.pt	repeated checkpoint inside tuning output; metrics/packets/logs retained
ipc10_tuning_expert_checkpoint_copy	28123900	outputs/cifar100_4agent_25cls_hetero4arch_ipc10_guardian_vgg_dense_ep60_lr0p01_fr0p25_kd0p4_t4p0_self3p0/agents/agent_3/checkpoints/expert_model.pt	repeated checkpoint inside tuning output; metrics/packets/logs retained
ipc10_tuning_expert_checkpoint_copy	2023046	outputs/cifar100_4agent_25cls_hetero4arch_ipc10_guardian_vgg_dense_ep60_lr0p01_fr0p25_kd0p4_t4p0_self4p0/agents/agent_0/checkpoints/expert_model.pt	repeated checkpoint inside tuning output; metrics/packets/logs retained
ipc10_tuning_expert_checkpoint_copy	4325454	outputs/cifar100_4agent_25cls_hetero4arch_ipc10_guardian_vgg_dense_ep60_lr0p01_fr0p25_kd0p4_t4p0_self4p0/agents/agent_1/checkpoints/expert_model.pt	repeated checkpoint inside tuning output; metrics/packets/logs retained
ipc10_tuning_expert_checkpoint_copy	39239126	outputs/cifar100_4agent_25cls_hetero4arch_ipc10_guardian_vgg_dense_ep60_lr0p01_fr0p25_kd0p4_t4p0_self4p0/agents/agent_2/checkpoints/expert_model.pt	repeated checkpoint inside tuning output; metrics/packets/logs retained
ipc10_tuning_expert_checkpoint_copy	28123900	outputs/cifar100_4agent_25cls_hetero4arch_ipc10_guardian_vgg_dense_ep60_lr0p01_fr0p25_kd0p4_t4p0_self4p0/agents/agent_3/checkpoints/expert_model.pt	repeated checkpoint inside tuning output; metrics/packets/logs retained
ipc10_tuning_expert_checkpoint_copy	2023046	outputs/cifar100_4agent_25cls_hetero4arch_ipc10_guardian_vgg_dense_ep60_lr0p01_fr0p25_kd0p5_t3p0_self2p5/agents/agent_0/checkpoints/expert_model.pt	repeated checkpoint inside tuning output; metrics/packets/logs retained
ipc10_tuning_expert_checkpoint_copy	4325454	outputs/cifar100_4agent_25cls_hetero4arch_ipc10_guardian_vgg_dense_ep60_lr0p01_fr0p25_kd0p5_t3p0_self2p5/agents/agent_1/checkpoints/expert_model.pt	repeated checkpoint inside tuning output; metrics/packets/logs retained
ipc10_tuning_expert_checkpoint_copy	39239126	outputs/cifar100_4agent_25cls_hetero4arch_ipc10_guardian_vgg_dense_ep60_lr0p01_fr0p25_kd0p5_t3p0_self2p5/agents/agent_2/checkpoints/expert_model.pt	repeated checkpoint inside tuning output; metrics/packets/logs retained
ipc10_tuning_expert_checkpoint_copy	28123900	outputs/cifar100_4agent_25cls_hetero4arch_ipc10_guardian_vgg_dense_ep60_lr0p01_fr0p25_kd0p5_t3p0_self2p5/agents/agent_3/checkpoints/expert_model.pt	repeated checkpoint inside tuning output; metrics/packets/logs retained
ipc10_tuning_expert_checkpoint_copy	2023046	outputs/cifar100_4agent_25cls_hetero4arch_ipc10_guardian_vgg_dense_ep60_lr0p01_fr0p25_kd0p5_t3p0_self3p0/agents/agent_0/checkpoints/expert_model.pt	repeated checkpoint inside tuning output; metrics/packets/logs retained
ipc10_tuning_expert_checkpoint_copy	4325454	outputs/cifar100_4agent_25cls_hetero4arch_ipc10_guardian_vgg_dense_ep60_lr0p01_fr0p25_kd0p5_t3p0_self3p0/agents/agent_1/checkpoints/expert_model.pt	repeated checkpoint inside tuning output; metrics/packets/logs retained
ipc10_tuning_expert_checkpoint_copy	39239126	outputs/cifar100_4agent_25cls_hetero4arch_ipc10_guardian_vgg_dense_ep60_lr0p01_fr0p25_kd0p5_t3p0_self3p0/agents/agent_2/checkpoints/expert_model.pt	repeated checkpoint inside tuning output; metrics/packets/logs retained
ipc10_tuning_expert_checkpoint_copy	28123900	outputs/cifar100_4agent_25cls_hetero4arch_ipc10_guardian_vgg_dense_ep60_lr0p01_fr0p25_kd0p5_t3p0_self3p0/agents/agent_3/checkpoints/expert_model.pt	repeated checkpoint inside tuning output; metrics/packets/logs retained
ipc10_tuning_expert_checkpoint_copy	2023046	outputs/cifar100_4agent_25cls_hetero4arch_ipc10_guardian_vgg_dense_ep60_lr0p01_fr0p25_kd0p5_t3p0_self4p0/agents/agent_0/checkpoints/expert_model.pt	repeated checkpoint inside tuning output; metrics/packets/logs retained
ipc10_tuning_expert_checkpoint_copy	4325454	outputs/cifar100_4agent_25cls_hetero4arch_ipc10_guardian_vgg_dense_ep60_lr0p01_fr0p25_kd0p5_t3p0_self4p0/agents/agent_1/checkpoints/expert_model.pt	repeated checkpoint inside tuning output; metrics/packets/logs retained
ipc10_tuning_expert_checkpoint_copy	39239126	outputs/cifar100_4agent_25cls_hetero4arch_ipc10_guardian_vgg_dense_ep60_lr0p01_fr0p25_kd0p5_t3p0_self4p0/agents/agent_2/checkpoints/expert_model.pt	repeated checkpoint inside tuning output; metrics/packets/logs retained
ipc10_tuning_expert_checkpoint_copy	28123900	outputs/cifar100_4agent_25cls_hetero4arch_ipc10_guardian_vgg_dense_ep60_lr0p01_fr0p25_kd0p5_t3p0_self4p0/agents/agent_3/checkpoints/expert_model.pt	repeated checkpoint inside tuning output; metrics/packets/logs retained
ipc10_tuning_expert_checkpoint_copy	2023046	outputs/cifar100_4agent_25cls_hetero4arch_ipc10_guardian_vgg_dense_ep60_lr0p01_fr0p25_kd0p5_t4p0_self2p5/agents/agent_0/checkpoints/expert_model.pt	repeated checkpoint inside tuning output; metrics/packets/logs retained
ipc10_tuning_expert_checkpoint_copy	4325454	outputs/cifar100_4agent_25cls_hetero4arch_ipc10_guardian_vgg_dense_ep60_lr0p01_fr0p25_kd0p5_t4p0_self2p5/agents/agent_1/checkpoints/expert_model.pt	repeated checkpoint inside tuning output; metrics/packets/logs retained
ipc10_tuning_expert_checkpoint_copy	39239126	outputs/cifar100_4agent_25cls_hetero4arch_ipc10_guardian_vgg_dense_ep60_lr0p01_fr0p25_kd0p5_t4p0_self2p5/agents/agent_2/checkpoints/expert_model.pt	repeated checkpoint inside tuning output; metrics/packets/logs retained
ipc10_tuning_expert_checkpoint_copy	28123900	outputs/cifar100_4agent_25cls_hetero4arch_ipc10_guardian_vgg_dense_ep60_lr0p01_fr0p25_kd0p5_t4p0_self2p5/agents/agent_3/checkpoints/expert_model.pt	repeated checkpoint inside tuning output; metrics/packets/logs retained
ipc10_tuning_expert_checkpoint_copy	2023046	outputs/cifar100_4agent_25cls_hetero4arch_ipc10_guardian_vgg_dense_ep60_lr0p01_fr0p25_kd0p5_t4p0_self3p0/agents/agent_0/checkpoints/expert_model.pt	repeated checkpoint inside tuning output; metrics/packets/logs retained
ipc10_tuning_expert_checkpoint_copy	4325454	outputs/cifar100_4agent_25cls_hetero4arch_ipc10_guardian_vgg_dense_ep60_lr0p01_fr0p25_kd0p5_t4p0_self3p0/agents/agent_1/checkpoints/expert_model.pt	repeated checkpoint inside tuning output; metrics/packets/logs retained
ipc10_tuning_expert_checkpoint_copy	39239126	outputs/cifar100_4agent_25cls_hetero4arch_ipc10_guardian_vgg_dense_ep60_lr0p01_fr0p25_kd0p5_t4p0_self3p0/agents/agent_2/checkpoints/expert_model.pt	repeated checkpoint inside tuning output; metrics/packets/logs retained
ipc10_tuning_expert_checkpoint_copy	28123900	outputs/cifar100_4agent_25cls_hetero4arch_ipc10_guardian_vgg_dense_ep60_lr0p01_fr0p25_kd0p5_t4p0_self3p0/agents/agent_3/checkpoints/expert_model.pt	repeated checkpoint inside tuning output; metrics/packets/logs retained
ipc10_tuning_expert_checkpoint_copy	2023046	outputs/cifar100_4agent_25cls_hetero4arch_ipc10_guardian_vgg_dense_ep60_lr0p01_fr0p25_kd0p5_t4p0_self4p0/agents/agent_0/checkpoints/expert_model.pt	repeated checkpoint inside tuning output; metrics/packets/logs retained
ipc10_tuning_expert_checkpoint_copy	4325454	outputs/cifar100_4agent_25cls_hetero4arch_ipc10_guardian_vgg_dense_ep60_lr0p01_fr0p25_kd0p5_t4p0_self4p0/agents/agent_1/checkpoints/expert_model.pt	repeated checkpoint inside tuning output; metrics/packets/logs retained
ipc10_tuning_expert_checkpoint_copy	39239126	outputs/cifar100_4agent_25cls_hetero4arch_ipc10_guardian_vgg_dense_ep60_lr0p01_fr0p25_kd0p5_t4p0_self4p0/agents/agent_2/checkpoints/expert_model.pt	repeated checkpoint inside tuning output; metrics/packets/logs retained
ipc10_tuning_expert_checkpoint_copy	28123900	outputs/cifar100_4agent_25cls_hetero4arch_ipc10_guardian_vgg_dense_ep60_lr0p01_fr0p25_kd0p5_t4p0_self4p0/agents/agent_3/checkpoints/expert_model.pt	repeated checkpoint inside tuning output; metrics/packets/logs retained
ipc10_tuning_expert_checkpoint_copy	2023046	outputs/cifar100_4agent_25cls_hetero4arch_ipc10_guardian_vgg_dense_ep60_lr0p01_fr0p25_kd0p6_t3p0_self2p5/agents/agent_0/checkpoints/expert_model.pt	repeated checkpoint inside tuning output; metrics/packets/logs retained
ipc10_tuning_expert_checkpoint_copy	4325454	outputs/cifar100_4agent_25cls_hetero4arch_ipc10_guardian_vgg_dense_ep60_lr0p01_fr0p25_kd0p6_t3p0_self2p5/agents/agent_1/checkpoints/expert_model.pt	repeated checkpoint inside tuning output; metrics/packets/logs retained
ipc10_tuning_expert_checkpoint_copy	39239126	outputs/cifar100_4agent_25cls_hetero4arch_ipc10_guardian_vgg_dense_ep60_lr0p01_fr0p25_kd0p6_t3p0_self2p5/agents/agent_2/checkpoints/expert_model.pt	repeated checkpoint inside tuning output; metrics/packets/logs retained
ipc10_tuning_expert_checkpoint_copy	28123900	outputs/cifar100_4agent_25cls_hetero4arch_ipc10_guardian_vgg_dense_ep60_lr0p01_fr0p25_kd0p6_t3p0_self2p5/agents/agent_3/checkpoints/expert_model.pt	repeated checkpoint inside tuning output; metrics/packets/logs retained
ipc10_tuning_expert_checkpoint_copy	2023046	outputs/cifar100_4agent_25cls_hetero4arch_ipc10_guardian_vgg_dense_ep60_lr0p01_fr0p25_kd0p6_t3p0_self3p0/agents/agent_0/checkpoints/expert_model.pt	repeated checkpoint inside tuning output; metrics/packets/logs retained
ipc10_tuning_expert_checkpoint_copy	4325454	outputs/cifar100_4agent_25cls_hetero4arch_ipc10_guardian_vgg_dense_ep60_lr0p01_fr0p25_kd0p6_t3p0_self3p0/agents/agent_1/checkpoints/expert_model.pt	repeated checkpoint inside tuning output; metrics/packets/logs retained
ipc10_tuning_expert_checkpoint_copy	39239126	outputs/cifar100_4agent_25cls_hetero4arch_ipc10_guardian_vgg_dense_ep60_lr0p01_fr0p25_kd0p6_t3p0_self3p0/agents/agent_2/checkpoints/expert_model.pt	repeated checkpoint inside tuning output; metrics/packets/logs retained
ipc10_tuning_expert_checkpoint_copy	28123900	outputs/cifar100_4agent_25cls_hetero4arch_ipc10_guardian_vgg_dense_ep60_lr0p01_fr0p25_kd0p6_t3p0_self3p0/agents/agent_3/checkpoints/expert_model.pt	repeated checkpoint inside tuning output; metrics/packets/logs retained
ipc10_tuning_expert_checkpoint_copy	2023046	outputs/cifar100_4agent_25cls_hetero4arch_ipc10_guardian_vgg_dense_ep60_lr0p01_fr0p25_kd0p6_t3p0_self4p0/agents/agent_0/checkpoints/expert_model.pt	repeated checkpoint inside tuning output; metrics/packets/logs retained
ipc10_tuning_expert_checkpoint_copy	4325454	outputs/cifar100_4agent_25cls_hetero4arch_ipc10_guardian_vgg_dense_ep60_lr0p01_fr0p25_kd0p6_t3p0_self4p0/agents/agent_1/checkpoints/expert_model.pt	repeated checkpoint inside tuning output; metrics/packets/logs retained
ipc10_tuning_expert_checkpoint_copy	39239126	outputs/cifar100_4agent_25cls_hetero4arch_ipc10_guardian_vgg_dense_ep60_lr0p01_fr0p25_kd0p6_t3p0_self4p0/agents/agent_2/checkpoints/expert_model.pt	repeated checkpoint inside tuning output; metrics/packets/logs retained
ipc10_tuning_expert_checkpoint_copy	28123900	outputs/cifar100_4agent_25cls_hetero4arch_ipc10_guardian_vgg_dense_ep60_lr0p01_fr0p25_kd0p6_t3p0_self4p0/agents/agent_3/checkpoints/expert_model.pt	repeated checkpoint inside tuning output; metrics/packets/logs retained
ipc10_tuning_expert_checkpoint_copy	2023046	outputs/cifar100_4agent_25cls_hetero4arch_ipc10_guardian_vgg_dense_ep60_lr0p01_fr0p25_kd0p6_t4p0_self2p5/agents/agent_0/checkpoints/expert_model.pt	repeated checkpoint inside tuning output; metrics/packets/logs retained
ipc10_tuning_expert_checkpoint_copy	4325454	outputs/cifar100_4agent_25cls_hetero4arch_ipc10_guardian_vgg_dense_ep60_lr0p01_fr0p25_kd0p6_t4p0_self2p5/agents/agent_1/checkpoints/expert_model.pt	repeated checkpoint inside tuning output; metrics/packets/logs retained
ipc10_tuning_expert_checkpoint_copy	39239126	outputs/cifar100_4agent_25cls_hetero4arch_ipc10_guardian_vgg_dense_ep60_lr0p01_fr0p25_kd0p6_t4p0_self2p5/agents/agent_2/checkpoints/expert_model.pt	repeated checkpoint inside tuning output; metrics/packets/logs retained
ipc10_tuning_expert_checkpoint_copy	28123900	outputs/cifar100_4agent_25cls_hetero4arch_ipc10_guardian_vgg_dense_ep60_lr0p01_fr0p25_kd0p6_t4p0_self2p5/agents/agent_3/checkpoints/expert_model.pt	repeated checkpoint inside tuning output; metrics/packets/logs retained
ipc10_tuning_expert_checkpoint_copy	2023046	outputs/cifar100_4agent_25cls_hetero4arch_ipc10_guardian_vgg_dense_ep60_lr0p01_fr0p25_kd0p6_t4p0_self3p0/agents/agent_0/checkpoints/expert_model.pt	repeated checkpoint inside tuning output; metrics/packets/logs retained
ipc10_tuning_expert_checkpoint_copy	4325454	outputs/cifar100_4agent_25cls_hetero4arch_ipc10_guardian_vgg_dense_ep60_lr0p01_fr0p25_kd0p6_t4p0_self3p0/agents/agent_1/checkpoints/expert_model.pt	repeated checkpoint inside tuning output; metrics/packets/logs retained
ipc10_tuning_expert_checkpoint_copy	39239126	outputs/cifar100_4agent_25cls_hetero4arch_ipc10_guardian_vgg_dense_ep60_lr0p01_fr0p25_kd0p6_t4p0_self3p0/agents/agent_2/checkpoints/expert_model.pt	repeated checkpoint inside tuning output; metrics/packets/logs retained
ipc10_tuning_expert_checkpoint_copy	28123900	outputs/cifar100_4agent_25cls_hetero4arch_ipc10_guardian_vgg_dense_ep60_lr0p01_fr0p25_kd0p6_t4p0_self3p0/agents/agent_3/checkpoints/expert_model.pt	repeated checkpoint inside tuning output; metrics/packets/logs retained
ipc10_tuning_expert_checkpoint_copy	2023046	outputs/cifar100_4agent_25cls_hetero4arch_ipc10_guardian_vgg_dense_ep60_lr0p01_fr0p25_kd0p6_t4p0_self4p0/agents/agent_0/checkpoints/expert_model.pt	repeated checkpoint inside tuning output; metrics/packets/logs retained
ipc10_tuning_expert_checkpoint_copy	4325454	outputs/cifar100_4agent_25cls_hetero4arch_ipc10_guardian_vgg_dense_ep60_lr0p01_fr0p25_kd0p6_t4p0_self4p0/agents/agent_1/checkpoints/expert_model.pt	repeated checkpoint inside tuning output; metrics/packets/logs retained
ipc10_tuning_expert_checkpoint_copy	39239126	outputs/cifar100_4agent_25cls_hetero4arch_ipc10_guardian_vgg_dense_ep60_lr0p01_fr0p25_kd0p6_t4p0_self4p0/agents/agent_2/checkpoints/expert_model.pt	repeated checkpoint inside tuning output; metrics/packets/logs retained
ipc10_tuning_expert_checkpoint_copy	28123900	outputs/cifar100_4agent_25cls_hetero4arch_ipc10_guardian_vgg_dense_ep60_lr0p01_fr0p25_kd0p6_t4p0_self4p0/agents/agent_3/checkpoints/expert_model.pt	repeated checkpoint inside tuning output; metrics/packets/logs retained
ipc10_tuning_expert_checkpoint_copy	2023046	outputs/cifar100_4agent_25cls_hetero4arch_ipc10_guardian_vgg_dense_ep60_lr0p01_fr0p35_kd0p3_t3p0_self2p5/agents/agent_0/checkpoints/expert_model.pt	repeated checkpoint inside tuning output; metrics/packets/logs retained
ipc10_tuning_expert_checkpoint_copy	4325454	outputs/cifar100_4agent_25cls_hetero4arch_ipc10_guardian_vgg_dense_ep60_lr0p01_fr0p35_kd0p3_t3p0_self2p5/agents/agent_1/checkpoints/expert_model.pt	repeated checkpoint inside tuning output; metrics/packets/logs retained
ipc10_tuning_expert_checkpoint_copy	39239126	outputs/cifar100_4agent_25cls_hetero4arch_ipc10_guardian_vgg_dense_ep60_lr0p01_fr0p35_kd0p3_t3p0_self2p5/agents/agent_2/checkpoints/expert_model.pt	repeated checkpoint inside tuning output; metrics/packets/logs retained
ipc10_tuning_expert_checkpoint_copy	28123900	outputs/cifar100_4agent_25cls_hetero4arch_ipc10_guardian_vgg_dense_ep60_lr0p01_fr0p35_kd0p3_t3p0_self2p5/agents/agent_3/checkpoints/expert_model.pt	repeated checkpoint inside tuning output; metrics/packets/logs retained
ipc10_tuning_expert_checkpoint_copy	2023046	outputs/cifar100_4agent_25cls_hetero4arch_ipc10_guardian_vgg_dense_ep60_lr0p01_fr0p35_kd0p3_t3p0_self3p0/agents/agent_0/checkpoints/expert_model.pt	repeated checkpoint inside tuning output; metrics/packets/logs retained
ipc10_tuning_expert_checkpoint_copy	4325454	outputs/cifar100_4agent_25cls_hetero4arch_ipc10_guardian_vgg_dense_ep60_lr0p01_fr0p35_kd0p3_t3p0_self3p0/agents/agent_1/checkpoints/expert_model.pt	repeated checkpoint inside tuning output; metrics/packets/logs retained
ipc10_tuning_expert_checkpoint_copy	39239126	outputs/cifar100_4agent_25cls_hetero4arch_ipc10_guardian_vgg_dense_ep60_lr0p01_fr0p35_kd0p3_t3p0_self3p0/agents/agent_2/checkpoints/expert_model.pt	repeated checkpoint inside tuning output; metrics/packets/logs retained
ipc10_tuning_expert_checkpoint_copy	28123900	outputs/cifar100_4agent_25cls_hetero4arch_ipc10_guardian_vgg_dense_ep60_lr0p01_fr0p35_kd0p3_t3p0_self3p0/agents/agent_3/checkpoints/expert_model.pt	repeated checkpoint inside tuning output; metrics/packets/logs retained
ipc10_tuning_expert_checkpoint_copy	2023046	outputs/cifar100_4agent_25cls_hetero4arch_ipc10_guardian_vgg_dense_ep60_lr0p01_fr0p35_kd0p3_t3p0_self4p0/agents/agent_0/checkpoints/expert_model.pt	repeated checkpoint inside tuning output; metrics/packets/logs retained
ipc10_tuning_expert_checkpoint_copy	4325454	outputs/cifar100_4agent_25cls_hetero4arch_ipc10_guardian_vgg_dense_ep60_lr0p01_fr0p35_kd0p3_t3p0_self4p0/agents/agent_1/checkpoints/expert_model.pt	repeated checkpoint inside tuning output; metrics/packets/logs retained
ipc10_tuning_expert_checkpoint_copy	39239126	outputs/cifar100_4agent_25cls_hetero4arch_ipc10_guardian_vgg_dense_ep60_lr0p01_fr0p35_kd0p3_t3p0_self4p0/agents/agent_2/checkpoints/expert_model.pt	repeated checkpoint inside tuning output; metrics/packets/logs retained
ipc10_tuning_expert_checkpoint_copy	28123900	outputs/cifar100_4agent_25cls_hetero4arch_ipc10_guardian_vgg_dense_ep60_lr0p01_fr0p35_kd0p3_t3p0_self4p0/agents/agent_3/checkpoints/expert_model.pt	repeated checkpoint inside tuning output; metrics/packets/logs retained
ipc10_tuning_expert_checkpoint_copy	2023046	outputs/cifar100_4agent_25cls_hetero4arch_ipc10_guardian_vgg_dense_ep60_lr0p01_fr0p35_kd0p3_t4p0_self2p5/agents/agent_0/checkpoints/expert_model.pt	repeated checkpoint inside tuning output; metrics/packets/logs retained
ipc10_tuning_expert_checkpoint_copy	4325454	outputs/cifar100_4agent_25cls_hetero4arch_ipc10_guardian_vgg_dense_ep60_lr0p01_fr0p35_kd0p3_t4p0_self2p5/agents/agent_1/checkpoints/expert_model.pt	repeated checkpoint inside tuning output; metrics/packets/logs retained
ipc10_tuning_expert_checkpoint_copy	39239126	outputs/cifar100_4agent_25cls_hetero4arch_ipc10_guardian_vgg_dense_ep60_lr0p01_fr0p35_kd0p3_t4p0_self2p5/agents/agent_2/checkpoints/expert_model.pt	repeated checkpoint inside tuning output; metrics/packets/logs retained
ipc10_tuning_expert_checkpoint_copy	28123900	outputs/cifar100_4agent_25cls_hetero4arch_ipc10_guardian_vgg_dense_ep60_lr0p01_fr0p35_kd0p3_t4p0_self2p5/agents/agent_3/checkpoints/expert_model.pt	repeated checkpoint inside tuning output; metrics/packets/logs retained
ipc10_tuning_expert_checkpoint_copy	2023046	outputs/cifar100_4agent_25cls_hetero4arch_ipc10_guardian_vgg_dense_ep60_lr0p01_fr0p35_kd0p3_t4p0_self3p0/agents/agent_0/checkpoints/expert_model.pt	repeated checkpoint inside tuning output; metrics/packets/logs retained
ipc10_tuning_expert_checkpoint_copy	4325454	outputs/cifar100_4agent_25cls_hetero4arch_ipc10_guardian_vgg_dense_ep60_lr0p01_fr0p35_kd0p3_t4p0_self3p0/agents/agent_1/checkpoints/expert_model.pt	repeated checkpoint inside tuning output; metrics/packets/logs retained
ipc10_tuning_expert_checkpoint_copy	39239126	outputs/cifar100_4agent_25cls_hetero4arch_ipc10_guardian_vgg_dense_ep60_lr0p01_fr0p35_kd0p3_t4p0_self3p0/agents/agent_2/checkpoints/expert_model.pt	repeated checkpoint inside tuning output; metrics/packets/logs retained
ipc10_tuning_expert_checkpoint_copy	28123900	outputs/cifar100_4agent_25cls_hetero4arch_ipc10_guardian_vgg_dense_ep60_lr0p01_fr0p35_kd0p3_t4p0_self3p0/agents/agent_3/checkpoints/expert_model.pt	repeated checkpoint inside tuning output; metrics/packets/logs retained
ipc10_tuning_expert_checkpoint_copy	2023046	outputs/cifar100_4agent_25cls_hetero4arch_ipc10_guardian_vgg_dense_ep60_lr0p01_fr0p35_kd0p3_t4p0_self4p0/agents/agent_0/checkpoints/expert_model.pt	repeated checkpoint inside tuning output; metrics/packets/logs retained
ipc10_tuning_expert_checkpoint_copy	4325454	outputs/cifar100_4agent_25cls_hetero4arch_ipc10_guardian_vgg_dense_ep60_lr0p01_fr0p35_kd0p3_t4p0_self4p0/agents/agent_1/checkpoints/expert_model.pt	repeated checkpoint inside tuning output; metrics/packets/logs retained
ipc10_tuning_expert_checkpoint_copy	39239126	outputs/cifar100_4agent_25cls_hetero4arch_ipc10_guardian_vgg_dense_ep60_lr0p01_fr0p35_kd0p3_t4p0_self4p0/agents/agent_2/checkpoints/expert_model.pt	repeated checkpoint inside tuning output; metrics/packets/logs retained
ipc10_tuning_expert_checkpoint_copy	28123900	outputs/cifar100_4agent_25cls_hetero4arch_ipc10_guardian_vgg_dense_ep60_lr0p01_fr0p35_kd0p3_t4p0_self4p0/agents/agent_3/checkpoints/expert_model.pt	repeated checkpoint inside tuning output; metrics/packets/logs retained
ipc10_tuning_expert_checkpoint_copy	2023046	outputs/cifar100_4agent_25cls_hetero4arch_ipc10_guardian_vgg_dense_ep60_lr0p01_fr0p35_kd0p4_t3p0_self2p5/agents/agent_0/checkpoints/expert_model.pt	repeated checkpoint inside tuning output; metrics/packets/logs retained
ipc10_tuning_expert_checkpoint_copy	4325454	outputs/cifar100_4agent_25cls_hetero4arch_ipc10_guardian_vgg_dense_ep60_lr0p01_fr0p35_kd0p4_t3p0_self2p5/agents/agent_1/checkpoints/expert_model.pt	repeated checkpoint inside tuning output; metrics/packets/logs retained
ipc10_tuning_expert_checkpoint_copy	39239126	outputs/cifar100_4agent_25cls_hetero4arch_ipc10_guardian_vgg_dense_ep60_lr0p01_fr0p35_kd0p4_t3p0_self2p5/agents/agent_2/checkpoints/expert_model.pt	repeated checkpoint inside tuning output; metrics/packets/logs retained
ipc10_tuning_expert_checkpoint_copy	28123900	outputs/cifar100_4agent_25cls_hetero4arch_ipc10_guardian_vgg_dense_ep60_lr0p01_fr0p35_kd0p4_t3p0_self2p5/agents/agent_3/checkpoints/expert_model.pt	repeated checkpoint inside tuning output; metrics/packets/logs retained
ipc10_tuning_expert_checkpoint_copy	2023046	outputs/cifar100_4agent_25cls_hetero4arch_ipc10_guardian_vgg_dense_ep60_lr0p01_fr0p35_kd0p4_t3p0_self3p0/agents/agent_0/checkpoints/expert_model.pt	repeated checkpoint inside tuning output; metrics/packets/logs retained
ipc10_tuning_expert_checkpoint_copy	4325454	outputs/cifar100_4agent_25cls_hetero4arch_ipc10_guardian_vgg_dense_ep60_lr0p01_fr0p35_kd0p4_t3p0_self3p0/agents/agent_1/checkpoints/expert_model.pt	repeated checkpoint inside tuning output; metrics/packets/logs retained
ipc10_tuning_expert_checkpoint_copy	39239126	outputs/cifar100_4agent_25cls_hetero4arch_ipc10_guardian_vgg_dense_ep60_lr0p01_fr0p35_kd0p4_t3p0_self3p0/agents/agent_2/checkpoints/expert_model.pt	repeated checkpoint inside tuning output; metrics/packets/logs retained
ipc10_tuning_expert_checkpoint_copy	28123900	outputs/cifar100_4agent_25cls_hetero4arch_ipc10_guardian_vgg_dense_ep60_lr0p01_fr0p35_kd0p4_t3p0_self3p0/agents/agent_3/checkpoints/expert_model.pt	repeated checkpoint inside tuning output; metrics/packets/logs retained
ipc10_tuning_expert_checkpoint_copy	2023046	outputs/cifar100_4agent_25cls_hetero4arch_ipc10_guardian_vgg_dense_ep60_lr0p01_fr0p35_kd0p4_t3p0_self4p0/agents/agent_0/checkpoints/expert_model.pt	repeated checkpoint inside tuning output; metrics/packets/logs retained
ipc10_tuning_expert_checkpoint_copy	4325454	outputs/cifar100_4agent_25cls_hetero4arch_ipc10_guardian_vgg_dense_ep60_lr0p01_fr0p35_kd0p4_t3p0_self4p0/agents/agent_1/checkpoints/expert_model.pt	repeated checkpoint inside tuning output; metrics/packets/logs retained
ipc10_tuning_expert_checkpoint_copy	39239126	outputs/cifar100_4agent_25cls_hetero4arch_ipc10_guardian_vgg_dense_ep60_lr0p01_fr0p35_kd0p4_t3p0_self4p0/agents/agent_2/checkpoints/expert_model.pt	repeated checkpoint inside tuning output; metrics/packets/logs retained
ipc10_tuning_expert_checkpoint_copy	28123900	outputs/cifar100_4agent_25cls_hetero4arch_ipc10_guardian_vgg_dense_ep60_lr0p01_fr0p35_kd0p4_t3p0_self4p0/agents/agent_3/checkpoints/expert_model.pt	repeated checkpoint inside tuning output; metrics/packets/logs retained
ipc10_tuning_expert_checkpoint_copy	2023046	outputs/cifar100_4agent_25cls_hetero4arch_ipc10_guardian_vgg_dense_ep60_lr0p01_fr0p35_kd0p4_t4p0_self2p5/agents/agent_0/checkpoints/expert_model.pt	repeated checkpoint inside tuning output; metrics/packets/logs retained
ipc10_tuning_expert_checkpoint_copy	4325454	outputs/cifar100_4agent_25cls_hetero4arch_ipc10_guardian_vgg_dense_ep60_lr0p01_fr0p35_kd0p4_t4p0_self2p5/agents/agent_1/checkpoints/expert_model.pt	repeated checkpoint inside tuning output; metrics/packets/logs retained
ipc10_tuning_expert_checkpoint_copy	39239126	outputs/cifar100_4agent_25cls_hetero4arch_ipc10_guardian_vgg_dense_ep60_lr0p01_fr0p35_kd0p4_t4p0_self2p5/agents/agent_2/checkpoints/expert_model.pt	repeated checkpoint inside tuning output; metrics/packets/logs retained
ipc10_tuning_expert_checkpoint_copy	28123900	outputs/cifar100_4agent_25cls_hetero4arch_ipc10_guardian_vgg_dense_ep60_lr0p01_fr0p35_kd0p4_t4p0_self2p5/agents/agent_3/checkpoints/expert_model.pt	repeated checkpoint inside tuning output; metrics/packets/logs retained
ipc10_tuning_expert_checkpoint_copy	2023046	outputs/cifar100_4agent_25cls_hetero4arch_ipc10_guardian_vgg_dense_ep60_lr0p01_fr0p35_kd0p4_t4p0_self3p0/agents/agent_0/checkpoints/expert_model.pt	repeated checkpoint inside tuning output; metrics/packets/logs retained
ipc10_tuning_expert_checkpoint_copy	4325454	outputs/cifar100_4agent_25cls_hetero4arch_ipc10_guardian_vgg_dense_ep60_lr0p01_fr0p35_kd0p4_t4p0_self3p0/agents/agent_1/checkpoints/expert_model.pt	repeated checkpoint inside tuning output; metrics/packets/logs retained
ipc10_tuning_expert_checkpoint_copy	39239126	outputs/cifar100_4agent_25cls_hetero4arch_ipc10_guardian_vgg_dense_ep60_lr0p01_fr0p35_kd0p4_t4p0_self3p0/agents/agent_2/checkpoints/expert_model.pt	repeated checkpoint inside tuning output; metrics/packets/logs retained
ipc10_tuning_expert_checkpoint_copy	28123900	outputs/cifar100_4agent_25cls_hetero4arch_ipc10_guardian_vgg_dense_ep60_lr0p01_fr0p35_kd0p4_t4p0_self3p0/agents/agent_3/checkpoints/expert_model.pt	repeated checkpoint inside tuning output; metrics/packets/logs retained
ipc10_tuning_expert_checkpoint_copy	2023046	outputs/cifar100_4agent_25cls_hetero4arch_ipc10_guardian_vgg_dense_ep60_lr0p01_fr0p35_kd0p4_t4p0_self4p0/agents/agent_0/checkpoints/expert_model.pt	repeated checkpoint inside tuning output; metrics/packets/logs retained
ipc10_tuning_expert_checkpoint_copy	4325454	outputs/cifar100_4agent_25cls_hetero4arch_ipc10_guardian_vgg_dense_ep60_lr0p01_fr0p35_kd0p4_t4p0_self4p0/agents/agent_1/checkpoints/expert_model.pt	repeated checkpoint inside tuning output; metrics/packets/logs retained
ipc10_tuning_expert_checkpoint_copy	39239126	outputs/cifar100_4agent_25cls_hetero4arch_ipc10_guardian_vgg_dense_ep60_lr0p01_fr0p35_kd0p4_t4p0_self4p0/agents/agent_2/checkpoints/expert_model.pt	repeated checkpoint inside tuning output; metrics/packets/logs retained
ipc10_tuning_expert_checkpoint_copy	28123900	outputs/cifar100_4agent_25cls_hetero4arch_ipc10_guardian_vgg_dense_ep60_lr0p01_fr0p35_kd0p4_t4p0_self4p0/agents/agent_3/checkpoints/expert_model.pt	repeated checkpoint inside tuning output; metrics/packets/logs retained
ipc10_tuning_expert_checkpoint_copy	2023046	outputs/cifar100_4agent_25cls_hetero4arch_ipc10_guardian_vgg_dense_ep60_lr0p01_fr0p35_kd0p5_t3p0_self2p5/agents/agent_0/checkpoints/expert_model.pt	repeated checkpoint inside tuning output; metrics/packets/logs retained
ipc10_tuning_expert_checkpoint_copy	4325454	outputs/cifar100_4agent_25cls_hetero4arch_ipc10_guardian_vgg_dense_ep60_lr0p01_fr0p35_kd0p5_t3p0_self2p5/agents/agent_1/checkpoints/expert_model.pt	repeated checkpoint inside tuning output; metrics/packets/logs retained
ipc10_tuning_expert_checkpoint_copy	39239126	outputs/cifar100_4agent_25cls_hetero4arch_ipc10_guardian_vgg_dense_ep60_lr0p01_fr0p35_kd0p5_t3p0_self2p5/agents/agent_2/checkpoints/expert_model.pt	repeated checkpoint inside tuning output; metrics/packets/logs retained
ipc10_tuning_expert_checkpoint_copy	28123900	outputs/cifar100_4agent_25cls_hetero4arch_ipc10_guardian_vgg_dense_ep60_lr0p01_fr0p35_kd0p5_t3p0_self2p5/agents/agent_3/checkpoints/expert_model.pt	repeated checkpoint inside tuning output; metrics/packets/logs retained
ipc10_tuning_expert_checkpoint_copy	2023046	outputs/cifar100_4agent_25cls_hetero4arch_ipc10_guardian_vgg_dense_ep60_lr0p01_fr0p35_kd0p5_t3p0_self3p0/agents/agent_0/checkpoints/expert_model.pt	repeated checkpoint inside tuning output; metrics/packets/logs retained
ipc10_tuning_expert_checkpoint_copy	4325454	outputs/cifar100_4agent_25cls_hetero4arch_ipc10_guardian_vgg_dense_ep60_lr0p01_fr0p35_kd0p5_t3p0_self3p0/agents/agent_1/checkpoints/expert_model.pt	repeated checkpoint inside tuning output; metrics/packets/logs retained
ipc10_tuning_expert_checkpoint_copy	39239126	outputs/cifar100_4agent_25cls_hetero4arch_ipc10_guardian_vgg_dense_ep60_lr0p01_fr0p35_kd0p5_t3p0_self3p0/agents/agent_2/checkpoints/expert_model.pt	repeated checkpoint inside tuning output; metrics/packets/logs retained
ipc10_tuning_expert_checkpoint_copy	28123900	outputs/cifar100_4agent_25cls_hetero4arch_ipc10_guardian_vgg_dense_ep60_lr0p01_fr0p35_kd0p5_t3p0_self3p0/agents/agent_3/checkpoints/expert_model.pt	repeated checkpoint inside tuning output; metrics/packets/logs retained
ipc10_tuning_expert_checkpoint_copy	2023046	outputs/cifar100_4agent_25cls_hetero4arch_ipc10_guardian_vgg_dense_ep60_lr0p01_fr0p35_kd0p5_t3p0_self4p0/agents/agent_0/checkpoints/expert_model.pt	repeated checkpoint inside tuning output; metrics/packets/logs retained
ipc10_tuning_expert_checkpoint_copy	4325454	outputs/cifar100_4agent_25cls_hetero4arch_ipc10_guardian_vgg_dense_ep60_lr0p01_fr0p35_kd0p5_t3p0_self4p0/agents/agent_1/checkpoints/expert_model.pt	repeated checkpoint inside tuning output; metrics/packets/logs retained
ipc10_tuning_expert_checkpoint_copy	39239126	outputs/cifar100_4agent_25cls_hetero4arch_ipc10_guardian_vgg_dense_ep60_lr0p01_fr0p35_kd0p5_t3p0_self4p0/agents/agent_2/checkpoints/expert_model.pt	repeated checkpoint inside tuning output; metrics/packets/logs retained
ipc10_tuning_expert_checkpoint_copy	28123900	outputs/cifar100_4agent_25cls_hetero4arch_ipc10_guardian_vgg_dense_ep60_lr0p01_fr0p35_kd0p5_t3p0_self4p0/agents/agent_3/checkpoints/expert_model.pt	repeated checkpoint inside tuning output; metrics/packets/logs retained
ipc10_tuning_expert_checkpoint_copy	2023046	outputs/cifar100_4agent_25cls_hetero4arch_ipc10_guardian_vgg_dense_ep60_lr0p01_fr0p35_kd0p5_t4p0_self2p5/agents/agent_0/checkpoints/expert_model.pt	repeated checkpoint inside tuning output; metrics/packets/logs retained
ipc10_tuning_expert_checkpoint_copy	4325454	outputs/cifar100_4agent_25cls_hetero4arch_ipc10_guardian_vgg_dense_ep60_lr0p01_fr0p35_kd0p5_t4p0_self2p5/agents/agent_1/checkpoints/expert_model.pt	repeated checkpoint inside tuning output; metrics/packets/logs retained
ipc10_tuning_expert_checkpoint_copy	39239126	outputs/cifar100_4agent_25cls_hetero4arch_ipc10_guardian_vgg_dense_ep60_lr0p01_fr0p35_kd0p5_t4p0_self2p5/agents/agent_2/checkpoints/expert_model.pt	repeated checkpoint inside tuning output; metrics/packets/logs retained
ipc10_tuning_expert_checkpoint_copy	28123900	outputs/cifar100_4agent_25cls_hetero4arch_ipc10_guardian_vgg_dense_ep60_lr0p01_fr0p35_kd0p5_t4p0_self2p5/agents/agent_3/checkpoints/expert_model.pt	repeated checkpoint inside tuning output; metrics/packets/logs retained
ipc10_tuning_expert_checkpoint_copy	2023046	outputs/cifar100_4agent_25cls_hetero4arch_ipc10_guardian_vgg_dense_ep60_lr0p01_fr0p35_kd0p5_t4p0_self3p0/agents/agent_0/checkpoints/expert_model.pt	repeated checkpoint inside tuning output; metrics/packets/logs retained
ipc10_tuning_expert_checkpoint_copy	4325454	outputs/cifar100_4agent_25cls_hetero4arch_ipc10_guardian_vgg_dense_ep60_lr0p01_fr0p35_kd0p5_t4p0_self3p0/agents/agent_1/checkpoints/expert_model.pt	repeated checkpoint inside tuning output; metrics/packets/logs retained
ipc10_tuning_expert_checkpoint_copy	39239126	outputs/cifar100_4agent_25cls_hetero4arch_ipc10_guardian_vgg_dense_ep60_lr0p01_fr0p35_kd0p5_t4p0_self3p0/agents/agent_2/checkpoints/expert_model.pt	repeated checkpoint inside tuning output; metrics/packets/logs retained
ipc10_tuning_expert_checkpoint_copy	28123900	outputs/cifar100_4agent_25cls_hetero4arch_ipc10_guardian_vgg_dense_ep60_lr0p01_fr0p35_kd0p5_t4p0_self3p0/agents/agent_3/checkpoints/expert_model.pt	repeated checkpoint inside tuning output; metrics/packets/logs retained
ipc10_tuning_expert_checkpoint_copy	2023046	outputs/cifar100_4agent_25cls_hetero4arch_ipc10_guardian_vgg_dense_ep60_lr0p01_fr0p35_kd0p5_t4p0_self4p0/agents/agent_0/checkpoints/expert_model.pt	repeated checkpoint inside tuning output; metrics/packets/logs retained
ipc10_tuning_expert_checkpoint_copy	4325454	outputs/cifar100_4agent_25cls_hetero4arch_ipc10_guardian_vgg_dense_ep60_lr0p01_fr0p35_kd0p5_t4p0_self4p0/agents/agent_1/checkpoints/expert_model.pt	repeated checkpoint inside tuning output; metrics/packets/logs retained
ipc10_tuning_expert_checkpoint_copy	39239126	outputs/cifar100_4agent_25cls_hetero4arch_ipc10_guardian_vgg_dense_ep60_lr0p01_fr0p35_kd0p5_t4p0_self4p0/agents/agent_2/checkpoints/expert_model.pt	repeated checkpoint inside tuning output; metrics/packets/logs retained
ipc10_tuning_expert_checkpoint_copy	28123900	outputs/cifar100_4agent_25cls_hetero4arch_ipc10_guardian_vgg_dense_ep60_lr0p01_fr0p35_kd0p5_t4p0_self4p0/agents/agent_3/checkpoints/expert_model.pt	repeated checkpoint inside tuning output; metrics/packets/logs retained
ipc10_tuning_expert_checkpoint_copy	2023046	outputs/cifar100_4agent_25cls_hetero4arch_ipc10_guardian_vgg_dense_ep60_lr0p01_fr0p35_kd0p6_t3p0_self2p5/agents/agent_0/checkpoints/expert_model.pt	repeated checkpoint inside tuning output; metrics/packets/logs retained
ipc10_tuning_expert_checkpoint_copy	4325454	outputs/cifar100_4agent_25cls_hetero4arch_ipc10_guardian_vgg_dense_ep60_lr0p01_fr0p35_kd0p6_t3p0_self2p5/agents/agent_1/checkpoints/expert_model.pt	repeated checkpoint inside tuning output; metrics/packets/logs retained
ipc10_tuning_expert_checkpoint_copy	39239126	outputs/cifar100_4agent_25cls_hetero4arch_ipc10_guardian_vgg_dense_ep60_lr0p01_fr0p35_kd0p6_t3p0_self2p5/agents/agent_2/checkpoints/expert_model.pt	repeated checkpoint inside tuning output; metrics/packets/logs retained
ipc10_tuning_expert_checkpoint_copy	28123900	outputs/cifar100_4agent_25cls_hetero4arch_ipc10_guardian_vgg_dense_ep60_lr0p01_fr0p35_kd0p6_t3p0_self2p5/agents/agent_3/checkpoints/expert_model.pt	repeated checkpoint inside tuning output; metrics/packets/logs retained
ipc10_tuning_expert_checkpoint_copy	2023046	outputs/cifar100_4agent_25cls_hetero4arch_ipc10_guardian_vgg_dense_ep60_lr0p01_fr0p35_kd0p6_t3p0_self3p0/agents/agent_0/checkpoints/expert_model.pt	repeated checkpoint inside tuning output; metrics/packets/logs retained
ipc10_tuning_expert_checkpoint_copy	4325454	outputs/cifar100_4agent_25cls_hetero4arch_ipc10_guardian_vgg_dense_ep60_lr0p01_fr0p35_kd0p6_t3p0_self3p0/agents/agent_1/checkpoints/expert_model.pt	repeated checkpoint inside tuning output; metrics/packets/logs retained
ipc10_tuning_expert_checkpoint_copy	39239126	outputs/cifar100_4agent_25cls_hetero4arch_ipc10_guardian_vgg_dense_ep60_lr0p01_fr0p35_kd0p6_t3p0_self3p0/agents/agent_2/checkpoints/expert_model.pt	repeated checkpoint inside tuning output; metrics/packets/logs retained
ipc10_tuning_expert_checkpoint_copy	28123900	outputs/cifar100_4agent_25cls_hetero4arch_ipc10_guardian_vgg_dense_ep60_lr0p01_fr0p35_kd0p6_t3p0_self3p0/agents/agent_3/checkpoints/expert_model.pt	repeated checkpoint inside tuning output; metrics/packets/logs retained
ipc10_tuning_expert_checkpoint_copy	2023046	outputs/cifar100_4agent_25cls_hetero4arch_ipc10_guardian_vgg_dense_ep60_lr0p01_fr0p35_kd0p6_t3p0_self4p0/agents/agent_0/checkpoints/expert_model.pt	repeated checkpoint inside tuning output; metrics/packets/logs retained
ipc10_tuning_expert_checkpoint_copy	4325454	outputs/cifar100_4agent_25cls_hetero4arch_ipc10_guardian_vgg_dense_ep60_lr0p01_fr0p35_kd0p6_t3p0_self4p0/agents/agent_1/checkpoints/expert_model.pt	repeated checkpoint inside tuning output; metrics/packets/logs retained
ipc10_tuning_expert_checkpoint_copy	39239126	outputs/cifar100_4agent_25cls_hetero4arch_ipc10_guardian_vgg_dense_ep60_lr0p01_fr0p35_kd0p6_t3p0_self4p0/agents/agent_2/checkpoints/expert_model.pt	repeated checkpoint inside tuning output; metrics/packets/logs retained
ipc10_tuning_expert_checkpoint_copy	28123900	outputs/cifar100_4agent_25cls_hetero4arch_ipc10_guardian_vgg_dense_ep60_lr0p01_fr0p35_kd0p6_t3p0_self4p0/agents/agent_3/checkpoints/expert_model.pt	repeated checkpoint inside tuning output; metrics/packets/logs retained
ipc10_tuning_expert_checkpoint_copy	2023046	outputs/cifar100_4agent_25cls_hetero4arch_ipc10_guardian_vgg_dense_ep60_lr0p01_fr0p35_kd0p6_t4p0_self2p5/agents/agent_0/checkpoints/expert_model.pt	repeated checkpoint inside tuning output; metrics/packets/logs retained
ipc10_tuning_expert_checkpoint_copy	4325454	outputs/cifar100_4agent_25cls_hetero4arch_ipc10_guardian_vgg_dense_ep60_lr0p01_fr0p35_kd0p6_t4p0_self2p5/agents/agent_1/checkpoints/expert_model.pt	repeated checkpoint inside tuning output; metrics/packets/logs retained
ipc10_tuning_expert_checkpoint_copy	39239126	outputs/cifar100_4agent_25cls_hetero4arch_ipc10_guardian_vgg_dense_ep60_lr0p01_fr0p35_kd0p6_t4p0_self2p5/agents/agent_2/checkpoints/expert_model.pt	repeated checkpoint inside tuning output; metrics/packets/logs retained
ipc10_tuning_expert_checkpoint_copy	28123900	outputs/cifar100_4agent_25cls_hetero4arch_ipc10_guardian_vgg_dense_ep60_lr0p01_fr0p35_kd0p6_t4p0_self2p5/agents/agent_3/checkpoints/expert_model.pt	repeated checkpoint inside tuning output; metrics/packets/logs retained
ipc10_tuning_expert_checkpoint_copy	2023046	outputs/cifar100_4agent_25cls_hetero4arch_ipc10_guardian_vgg_dense_ep60_lr0p01_fr0p35_kd0p6_t4p0_self3p0/agents/agent_0/checkpoints/expert_model.pt	repeated checkpoint inside tuning output; metrics/packets/logs retained
ipc10_tuning_expert_checkpoint_copy	4325454	outputs/cifar100_4agent_25cls_hetero4arch_ipc10_guardian_vgg_dense_ep60_lr0p01_fr0p35_kd0p6_t4p0_self3p0/agents/agent_1/checkpoints/expert_model.pt	repeated checkpoint inside tuning output; metrics/packets/logs retained
ipc10_tuning_expert_checkpoint_copy	39239126	outputs/cifar100_4agent_25cls_hetero4arch_ipc10_guardian_vgg_dense_ep60_lr0p01_fr0p35_kd0p6_t4p0_self3p0/agents/agent_2/checkpoints/expert_model.pt	repeated checkpoint inside tuning output; metrics/packets/logs retained
ipc10_tuning_expert_checkpoint_copy	28123900	outputs/cifar100_4agent_25cls_hetero4arch_ipc10_guardian_vgg_dense_ep60_lr0p01_fr0p35_kd0p6_t4p0_self3p0/agents/agent_3/checkpoints/expert_model.pt	repeated checkpoint inside tuning output; metrics/packets/logs retained
ipc10_tuning_expert_checkpoint_copy	2023046	outputs/cifar100_4agent_25cls_hetero4arch_ipc10_guardian_vgg_dense_ep60_lr0p01_fr0p35_kd0p6_t4p0_self4p0/agents/agent_0/checkpoints/expert_model.pt	repeated checkpoint inside tuning output; metrics/packets/logs retained
ipc10_tuning_expert_checkpoint_copy	4325454	outputs/cifar100_4agent_25cls_hetero4arch_ipc10_guardian_vgg_dense_ep60_lr0p01_fr0p35_kd0p6_t4p0_self4p0/agents/agent_1/checkpoints/expert_model.pt	repeated checkpoint inside tuning output; metrics/packets/logs retained
ipc10_tuning_expert_checkpoint_copy	39239126	outputs/cifar100_4agent_25cls_hetero4arch_ipc10_guardian_vgg_dense_ep60_lr0p01_fr0p35_kd0p6_t4p0_self4p0/agents/agent_2/checkpoints/expert_model.pt	repeated checkpoint inside tuning output; metrics/packets/logs retained
ipc10_tuning_expert_checkpoint_copy	28123900	outputs/cifar100_4agent_25cls_hetero4arch_ipc10_guardian_vgg_dense_ep60_lr0p01_fr0p35_kd0p6_t4p0_self4p0/agents/agent_3/checkpoints/expert_model.pt	repeated checkpoint inside tuning output; metrics/packets/logs retained
ipc10_tuning_expert_checkpoint_copy	2023046	outputs/cifar100_4agent_25cls_hetero4arch_ipc10_guardian_vgg_dense_ep60_lr0p01_fr0p3_kd0p3_t3p0_self2p5/agents/agent_0/checkpoints/expert_model.pt	repeated checkpoint inside tuning output; metrics/packets/logs retained
ipc10_tuning_expert_checkpoint_copy	4325454	outputs/cifar100_4agent_25cls_hetero4arch_ipc10_guardian_vgg_dense_ep60_lr0p01_fr0p3_kd0p3_t3p0_self2p5/agents/agent_1/checkpoints/expert_model.pt	repeated checkpoint inside tuning output; metrics/packets/logs retained
ipc10_tuning_expert_checkpoint_copy	39239126	outputs/cifar100_4agent_25cls_hetero4arch_ipc10_guardian_vgg_dense_ep60_lr0p01_fr0p3_kd0p3_t3p0_self2p5/agents/agent_2/checkpoints/expert_model.pt	repeated checkpoint inside tuning output; metrics/packets/logs retained
ipc10_tuning_expert_checkpoint_copy	28123900	outputs/cifar100_4agent_25cls_hetero4arch_ipc10_guardian_vgg_dense_ep60_lr0p01_fr0p3_kd0p3_t3p0_self2p5/agents/agent_3/checkpoints/expert_model.pt	repeated checkpoint inside tuning output; metrics/packets/logs retained
ipc10_tuning_expert_checkpoint_copy	2023046	outputs/cifar100_4agent_25cls_hetero4arch_ipc10_guardian_vgg_dense_ep60_lr0p01_fr0p3_kd0p3_t3p0_self3p0/agents/agent_0/checkpoints/expert_model.pt	repeated checkpoint inside tuning output; metrics/packets/logs retained
ipc10_tuning_expert_checkpoint_copy	4325454	outputs/cifar100_4agent_25cls_hetero4arch_ipc10_guardian_vgg_dense_ep60_lr0p01_fr0p3_kd0p3_t3p0_self3p0/agents/agent_1/checkpoints/expert_model.pt	repeated checkpoint inside tuning output; metrics/packets/logs retained
ipc10_tuning_expert_checkpoint_copy	39239126	outputs/cifar100_4agent_25cls_hetero4arch_ipc10_guardian_vgg_dense_ep60_lr0p01_fr0p3_kd0p3_t3p0_self3p0/agents/agent_2/checkpoints/expert_model.pt	repeated checkpoint inside tuning output; metrics/packets/logs retained
ipc10_tuning_expert_checkpoint_copy	28123900	outputs/cifar100_4agent_25cls_hetero4arch_ipc10_guardian_vgg_dense_ep60_lr0p01_fr0p3_kd0p3_t3p0_self3p0/agents/agent_3/checkpoints/expert_model.pt	repeated checkpoint inside tuning output; metrics/packets/logs retained
ipc10_tuning_expert_checkpoint_copy	2023046	outputs/cifar100_4agent_25cls_hetero4arch_ipc10_guardian_vgg_dense_ep60_lr0p01_fr0p3_kd0p3_t3p0_self4p0/agents/agent_0/checkpoints/expert_model.pt	repeated checkpoint inside tuning output; metrics/packets/logs retained
ipc10_tuning_expert_checkpoint_copy	4325454	outputs/cifar100_4agent_25cls_hetero4arch_ipc10_guardian_vgg_dense_ep60_lr0p01_fr0p3_kd0p3_t3p0_self4p0/agents/agent_1/checkpoints/expert_model.pt	repeated checkpoint inside tuning output; metrics/packets/logs retained
ipc10_tuning_expert_checkpoint_copy	39239126	outputs/cifar100_4agent_25cls_hetero4arch_ipc10_guardian_vgg_dense_ep60_lr0p01_fr0p3_kd0p3_t3p0_self4p0/agents/agent_2/checkpoints/expert_model.pt	repeated checkpoint inside tuning output; metrics/packets/logs retained
ipc10_tuning_expert_checkpoint_copy	28123900	outputs/cifar100_4agent_25cls_hetero4arch_ipc10_guardian_vgg_dense_ep60_lr0p01_fr0p3_kd0p3_t3p0_self4p0/agents/agent_3/checkpoints/expert_model.pt	repeated checkpoint inside tuning output; metrics/packets/logs retained
ipc10_tuning_expert_checkpoint_copy	2023046	outputs/cifar100_4agent_25cls_hetero4arch_ipc10_guardian_vgg_dense_ep60_lr0p01_fr0p3_kd0p3_t4p0_self2p5/agents/agent_0/checkpoints/expert_model.pt	repeated checkpoint inside tuning output; metrics/packets/logs retained
ipc10_tuning_expert_checkpoint_copy	4325454	outputs/cifar100_4agent_25cls_hetero4arch_ipc10_guardian_vgg_dense_ep60_lr0p01_fr0p3_kd0p3_t4p0_self2p5/agents/agent_1/checkpoints/expert_model.pt	repeated checkpoint inside tuning output; metrics/packets/logs retained
ipc10_tuning_expert_checkpoint_copy	39239126	outputs/cifar100_4agent_25cls_hetero4arch_ipc10_guardian_vgg_dense_ep60_lr0p01_fr0p3_kd0p3_t4p0_self2p5/agents/agent_2/checkpoints/expert_model.pt	repeated checkpoint inside tuning output; metrics/packets/logs retained
ipc10_tuning_expert_checkpoint_copy	28123900	outputs/cifar100_4agent_25cls_hetero4arch_ipc10_guardian_vgg_dense_ep60_lr0p01_fr0p3_kd0p3_t4p0_self2p5/agents/agent_3/checkpoints/expert_model.pt	repeated checkpoint inside tuning output; metrics/packets/logs retained
ipc10_tuning_expert_checkpoint_copy	2023046	outputs/cifar100_4agent_25cls_hetero4arch_ipc10_guardian_vgg_dense_ep60_lr0p01_fr0p3_kd0p3_t4p0_self3p0/agents/agent_0/checkpoints/expert_model.pt	repeated checkpoint inside tuning output; metrics/packets/logs retained
ipc10_tuning_expert_checkpoint_copy	4325454	outputs/cifar100_4agent_25cls_hetero4arch_ipc10_guardian_vgg_dense_ep60_lr0p01_fr0p3_kd0p3_t4p0_self3p0/agents/agent_1/checkpoints/expert_model.pt	repeated checkpoint inside tuning output; metrics/packets/logs retained
ipc10_tuning_expert_checkpoint_copy	39239126	outputs/cifar100_4agent_25cls_hetero4arch_ipc10_guardian_vgg_dense_ep60_lr0p01_fr0p3_kd0p3_t4p0_self3p0/agents/agent_2/checkpoints/expert_model.pt	repeated checkpoint inside tuning output; metrics/packets/logs retained
ipc10_tuning_expert_checkpoint_copy	28123900	outputs/cifar100_4agent_25cls_hetero4arch_ipc10_guardian_vgg_dense_ep60_lr0p01_fr0p3_kd0p3_t4p0_self3p0/agents/agent_3/checkpoints/expert_model.pt	repeated checkpoint inside tuning output; metrics/packets/logs retained
ipc10_tuning_expert_checkpoint_copy	2023046	outputs/cifar100_4agent_25cls_hetero4arch_ipc10_guardian_vgg_dense_ep60_lr0p01_fr0p3_kd0p3_t4p0_self4p0/agents/agent_0/checkpoints/expert_model.pt	repeated checkpoint inside tuning output; metrics/packets/logs retained
ipc10_tuning_expert_checkpoint_copy	4325454	outputs/cifar100_4agent_25cls_hetero4arch_ipc10_guardian_vgg_dense_ep60_lr0p01_fr0p3_kd0p3_t4p0_self4p0/agents/agent_1/checkpoints/expert_model.pt	repeated checkpoint inside tuning output; metrics/packets/logs retained
ipc10_tuning_expert_checkpoint_copy	39239126	outputs/cifar100_4agent_25cls_hetero4arch_ipc10_guardian_vgg_dense_ep60_lr0p01_fr0p3_kd0p3_t4p0_self4p0/agents/agent_2/checkpoints/expert_model.pt	repeated checkpoint inside tuning output; metrics/packets/logs retained
ipc10_tuning_expert_checkpoint_copy	28123900	outputs/cifar100_4agent_25cls_hetero4arch_ipc10_guardian_vgg_dense_ep60_lr0p01_fr0p3_kd0p3_t4p0_self4p0/agents/agent_3/checkpoints/expert_model.pt	repeated checkpoint inside tuning output; metrics/packets/logs retained
ipc10_tuning_expert_checkpoint_copy	2023046	outputs/cifar100_4agent_25cls_hetero4arch_ipc10_guardian_vgg_dense_ep60_lr0p01_fr0p3_kd0p4_t3p0_self2p5/agents/agent_0/checkpoints/expert_model.pt	repeated checkpoint inside tuning output; metrics/packets/logs retained
ipc10_tuning_expert_checkpoint_copy	4325454	outputs/cifar100_4agent_25cls_hetero4arch_ipc10_guardian_vgg_dense_ep60_lr0p01_fr0p3_kd0p4_t3p0_self2p5/agents/agent_1/checkpoints/expert_model.pt	repeated checkpoint inside tuning output; metrics/packets/logs retained
ipc10_tuning_expert_checkpoint_copy	39239126	outputs/cifar100_4agent_25cls_hetero4arch_ipc10_guardian_vgg_dense_ep60_lr0p01_fr0p3_kd0p4_t3p0_self2p5/agents/agent_2/checkpoints/expert_model.pt	repeated checkpoint inside tuning output; metrics/packets/logs retained
ipc10_tuning_expert_checkpoint_copy	28123900	outputs/cifar100_4agent_25cls_hetero4arch_ipc10_guardian_vgg_dense_ep60_lr0p01_fr0p3_kd0p4_t3p0_self2p5/agents/agent_3/checkpoints/expert_model.pt	repeated checkpoint inside tuning output; metrics/packets/logs retained
ipc10_tuning_expert_checkpoint_copy	2023046	outputs/cifar100_4agent_25cls_hetero4arch_ipc10_guardian_vgg_dense_ep60_lr0p01_fr0p3_kd0p4_t3p0_self3p0/agents/agent_0/checkpoints/expert_model.pt	repeated checkpoint inside tuning output; metrics/packets/logs retained
ipc10_tuning_expert_checkpoint_copy	4325454	outputs/cifar100_4agent_25cls_hetero4arch_ipc10_guardian_vgg_dense_ep60_lr0p01_fr0p3_kd0p4_t3p0_self3p0/agents/agent_1/checkpoints/expert_model.pt	repeated checkpoint inside tuning output; metrics/packets/logs retained
ipc10_tuning_expert_checkpoint_copy	39239126	outputs/cifar100_4agent_25cls_hetero4arch_ipc10_guardian_vgg_dense_ep60_lr0p01_fr0p3_kd0p4_t3p0_self3p0/agents/agent_2/checkpoints/expert_model.pt	repeated checkpoint inside tuning output; metrics/packets/logs retained
ipc10_tuning_expert_checkpoint_copy	28123900	outputs/cifar100_4agent_25cls_hetero4arch_ipc10_guardian_vgg_dense_ep60_lr0p01_fr0p3_kd0p4_t3p0_self3p0/agents/agent_3/checkpoints/expert_model.pt	repeated checkpoint inside tuning output; metrics/packets/logs retained
ipc10_tuning_expert_checkpoint_copy	2023046	outputs/cifar100_4agent_25cls_hetero4arch_ipc10_guardian_vgg_dense_ep60_lr0p01_fr0p3_kd0p4_t3p0_self4p0/agents/agent_0/checkpoints/expert_model.pt	repeated checkpoint inside tuning output; metrics/packets/logs retained
ipc10_tuning_expert_checkpoint_copy	4325454	outputs/cifar100_4agent_25cls_hetero4arch_ipc10_guardian_vgg_dense_ep60_lr0p01_fr0p3_kd0p4_t3p0_self4p0/agents/agent_1/checkpoints/expert_model.pt	repeated checkpoint inside tuning output; metrics/packets/logs retained
ipc10_tuning_expert_checkpoint_copy	39239126	outputs/cifar100_4agent_25cls_hetero4arch_ipc10_guardian_vgg_dense_ep60_lr0p01_fr0p3_kd0p4_t3p0_self4p0/agents/agent_2/checkpoints/expert_model.pt	repeated checkpoint inside tuning output; metrics/packets/logs retained
ipc10_tuning_expert_checkpoint_copy	28123900	outputs/cifar100_4agent_25cls_hetero4arch_ipc10_guardian_vgg_dense_ep60_lr0p01_fr0p3_kd0p4_t3p0_self4p0/agents/agent_3/checkpoints/expert_model.pt	repeated checkpoint inside tuning output; metrics/packets/logs retained
ipc10_tuning_expert_checkpoint_copy	2023046	outputs/cifar100_4agent_25cls_hetero4arch_ipc10_guardian_vgg_dense_ep60_lr0p01_fr0p3_kd0p4_t4p0_self2p5/agents/agent_0/checkpoints/expert_model.pt	repeated checkpoint inside tuning output; metrics/packets/logs retained
ipc10_tuning_expert_checkpoint_copy	4325454	outputs/cifar100_4agent_25cls_hetero4arch_ipc10_guardian_vgg_dense_ep60_lr0p01_fr0p3_kd0p4_t4p0_self2p5/agents/agent_1/checkpoints/expert_model.pt	repeated checkpoint inside tuning output; metrics/packets/logs retained
ipc10_tuning_expert_checkpoint_copy	39239126	outputs/cifar100_4agent_25cls_hetero4arch_ipc10_guardian_vgg_dense_ep60_lr0p01_fr0p3_kd0p4_t4p0_self2p5/agents/agent_2/checkpoints/expert_model.pt	repeated checkpoint inside tuning output; metrics/packets/logs retained
ipc10_tuning_expert_checkpoint_copy	28123900	outputs/cifar100_4agent_25cls_hetero4arch_ipc10_guardian_vgg_dense_ep60_lr0p01_fr0p3_kd0p4_t4p0_self2p5/agents/agent_3/checkpoints/expert_model.pt	repeated checkpoint inside tuning output; metrics/packets/logs retained
ipc10_tuning_expert_checkpoint_copy	2023046	outputs/cifar100_4agent_25cls_hetero4arch_ipc10_guardian_vgg_dense_ep60_lr0p01_fr0p3_kd0p4_t4p0_self3p0/agents/agent_0/checkpoints/expert_model.pt	repeated checkpoint inside tuning output; metrics/packets/logs retained
ipc10_tuning_expert_checkpoint_copy	4325454	outputs/cifar100_4agent_25cls_hetero4arch_ipc10_guardian_vgg_dense_ep60_lr0p01_fr0p3_kd0p4_t4p0_self3p0/agents/agent_1/checkpoints/expert_model.pt	repeated checkpoint inside tuning output; metrics/packets/logs retained
ipc10_tuning_expert_checkpoint_copy	39239126	outputs/cifar100_4agent_25cls_hetero4arch_ipc10_guardian_vgg_dense_ep60_lr0p01_fr0p3_kd0p4_t4p0_self3p0/agents/agent_2/checkpoints/expert_model.pt	repeated checkpoint inside tuning output; metrics/packets/logs retained
ipc10_tuning_expert_checkpoint_copy	28123900	outputs/cifar100_4agent_25cls_hetero4arch_ipc10_guardian_vgg_dense_ep60_lr0p01_fr0p3_kd0p4_t4p0_self3p0/agents/agent_3/checkpoints/expert_model.pt	repeated checkpoint inside tuning output; metrics/packets/logs retained
ipc10_tuning_expert_checkpoint_copy	2023046	outputs/cifar100_4agent_25cls_hetero4arch_ipc10_guardian_vgg_dense_ep60_lr0p01_fr0p3_kd0p4_t4p0_self4p0/agents/agent_0/checkpoints/expert_model.pt	repeated checkpoint inside tuning output; metrics/packets/logs retained
ipc10_tuning_expert_checkpoint_copy	4325454	outputs/cifar100_4agent_25cls_hetero4arch_ipc10_guardian_vgg_dense_ep60_lr0p01_fr0p3_kd0p4_t4p0_self4p0/agents/agent_1/checkpoints/expert_model.pt	repeated checkpoint inside tuning output; metrics/packets/logs retained
ipc10_tuning_expert_checkpoint_copy	39239126	outputs/cifar100_4agent_25cls_hetero4arch_ipc10_guardian_vgg_dense_ep60_lr0p01_fr0p3_kd0p4_t4p0_self4p0/agents/agent_2/checkpoints/expert_model.pt	repeated checkpoint inside tuning output; metrics/packets/logs retained
ipc10_tuning_expert_checkpoint_copy	28123900	outputs/cifar100_4agent_25cls_hetero4arch_ipc10_guardian_vgg_dense_ep60_lr0p01_fr0p3_kd0p4_t4p0_self4p0/agents/agent_3/checkpoints/expert_model.pt	repeated checkpoint inside tuning output; metrics/packets/logs retained
ipc10_tuning_expert_checkpoint_copy	2023046	outputs/cifar100_4agent_25cls_hetero4arch_ipc10_guardian_vgg_dense_ep60_lr0p01_fr0p3_kd0p5_t3p0_self2p5/agents/agent_0/checkpoints/expert_model.pt	repeated checkpoint inside tuning output; metrics/packets/logs retained
ipc10_tuning_expert_checkpoint_copy	4325454	outputs/cifar100_4agent_25cls_hetero4arch_ipc10_guardian_vgg_dense_ep60_lr0p01_fr0p3_kd0p5_t3p0_self2p5/agents/agent_1/checkpoints/expert_model.pt	repeated checkpoint inside tuning output; metrics/packets/logs retained
ipc10_tuning_expert_checkpoint_copy	39239126	outputs/cifar100_4agent_25cls_hetero4arch_ipc10_guardian_vgg_dense_ep60_lr0p01_fr0p3_kd0p5_t3p0_self2p5/agents/agent_2/checkpoints/expert_model.pt	repeated checkpoint inside tuning output; metrics/packets/logs retained
ipc10_tuning_expert_checkpoint_copy	28123900	outputs/cifar100_4agent_25cls_hetero4arch_ipc10_guardian_vgg_dense_ep60_lr0p01_fr0p3_kd0p5_t3p0_self2p5/agents/agent_3/checkpoints/expert_model.pt	repeated checkpoint inside tuning output; metrics/packets/logs retained
ipc10_tuning_expert_checkpoint_copy	2023046	outputs/cifar100_4agent_25cls_hetero4arch_ipc10_guardian_vgg_dense_ep60_lr0p01_fr0p3_kd0p5_t3p0_self3p0/agents/agent_0/checkpoints/expert_model.pt	repeated checkpoint inside tuning output; metrics/packets/logs retained
ipc10_tuning_expert_checkpoint_copy	4325454	outputs/cifar100_4agent_25cls_hetero4arch_ipc10_guardian_vgg_dense_ep60_lr0p01_fr0p3_kd0p5_t3p0_self3p0/agents/agent_1/checkpoints/expert_model.pt	repeated checkpoint inside tuning output; metrics/packets/logs retained
ipc10_tuning_expert_checkpoint_copy	39239126	outputs/cifar100_4agent_25cls_hetero4arch_ipc10_guardian_vgg_dense_ep60_lr0p01_fr0p3_kd0p5_t3p0_self3p0/agents/agent_2/checkpoints/expert_model.pt	repeated checkpoint inside tuning output; metrics/packets/logs retained
ipc10_tuning_expert_checkpoint_copy	28123900	outputs/cifar100_4agent_25cls_hetero4arch_ipc10_guardian_vgg_dense_ep60_lr0p01_fr0p3_kd0p5_t3p0_self3p0/agents/agent_3/checkpoints/expert_model.pt	repeated checkpoint inside tuning output; metrics/packets/logs retained
ipc10_tuning_expert_checkpoint_copy	2023046	outputs/cifar100_4agent_25cls_hetero4arch_ipc10_guardian_vgg_dense_ep60_lr0p01_fr0p3_kd0p5_t3p0_self4p0/agents/agent_0/checkpoints/expert_model.pt	repeated checkpoint inside tuning output; metrics/packets/logs retained
ipc10_tuning_expert_checkpoint_copy	4325454	outputs/cifar100_4agent_25cls_hetero4arch_ipc10_guardian_vgg_dense_ep60_lr0p01_fr0p3_kd0p5_t3p0_self4p0/agents/agent_1/checkpoints/expert_model.pt	repeated checkpoint inside tuning output; metrics/packets/logs retained
ipc10_tuning_expert_checkpoint_copy	39239126	outputs/cifar100_4agent_25cls_hetero4arch_ipc10_guardian_vgg_dense_ep60_lr0p01_fr0p3_kd0p5_t3p0_self4p0/agents/agent_2/checkpoints/expert_model.pt	repeated checkpoint inside tuning output; metrics/packets/logs retained
ipc10_tuning_expert_checkpoint_copy	28123900	outputs/cifar100_4agent_25cls_hetero4arch_ipc10_guardian_vgg_dense_ep60_lr0p01_fr0p3_kd0p5_t3p0_self4p0/agents/agent_3/checkpoints/expert_model.pt	repeated checkpoint inside tuning output; metrics/packets/logs retained
ipc10_tuning_expert_checkpoint_copy	2023046	outputs/cifar100_4agent_25cls_hetero4arch_ipc10_guardian_vgg_dense_ep60_lr0p01_fr0p3_kd0p5_t4p0_self2p5/agents/agent_0/checkpoints/expert_model.pt	repeated checkpoint inside tuning output; metrics/packets/logs retained
ipc10_tuning_expert_checkpoint_copy	4325454	outputs/cifar100_4agent_25cls_hetero4arch_ipc10_guardian_vgg_dense_ep60_lr0p01_fr0p3_kd0p5_t4p0_self2p5/agents/agent_1/checkpoints/expert_model.pt	repeated checkpoint inside tuning output; metrics/packets/logs retained
ipc10_tuning_expert_checkpoint_copy	39239126	outputs/cifar100_4agent_25cls_hetero4arch_ipc10_guardian_vgg_dense_ep60_lr0p01_fr0p3_kd0p5_t4p0_self2p5/agents/agent_2/checkpoints/expert_model.pt	repeated checkpoint inside tuning output; metrics/packets/logs retained
ipc10_tuning_expert_checkpoint_copy	28123900	outputs/cifar100_4agent_25cls_hetero4arch_ipc10_guardian_vgg_dense_ep60_lr0p01_fr0p3_kd0p5_t4p0_self2p5/agents/agent_3/checkpoints/expert_model.pt	repeated checkpoint inside tuning output; metrics/packets/logs retained
ipc10_tuning_expert_checkpoint_copy	2023046	outputs/cifar100_4agent_25cls_hetero4arch_ipc10_guardian_vgg_dense_ep60_lr0p01_fr0p3_kd0p5_t4p0_self3p0/agents/agent_0/checkpoints/expert_model.pt	repeated checkpoint inside tuning output; metrics/packets/logs retained
ipc10_tuning_expert_checkpoint_copy	4325454	outputs/cifar100_4agent_25cls_hetero4arch_ipc10_guardian_vgg_dense_ep60_lr0p01_fr0p3_kd0p5_t4p0_self3p0/agents/agent_1/checkpoints/expert_model.pt	repeated checkpoint inside tuning output; metrics/packets/logs retained
ipc10_tuning_expert_checkpoint_copy	39239126	outputs/cifar100_4agent_25cls_hetero4arch_ipc10_guardian_vgg_dense_ep60_lr0p01_fr0p3_kd0p5_t4p0_self3p0/agents/agent_2/checkpoints/expert_model.pt	repeated checkpoint inside tuning output; metrics/packets/logs retained
ipc10_tuning_expert_checkpoint_copy	28123900	outputs/cifar100_4agent_25cls_hetero4arch_ipc10_guardian_vgg_dense_ep60_lr0p01_fr0p3_kd0p5_t4p0_self3p0/agents/agent_3/checkpoints/expert_model.pt	repeated checkpoint inside tuning output; metrics/packets/logs retained
ipc10_tuning_expert_checkpoint_copy	2023046	outputs/cifar100_4agent_25cls_hetero4arch_ipc10_guardian_vgg_dense_ep60_lr0p01_fr0p3_kd0p5_t4p0_self4p0/agents/agent_0/checkpoints/expert_model.pt	repeated checkpoint inside tuning output; metrics/packets/logs retained
ipc10_tuning_expert_checkpoint_copy	4325454	outputs/cifar100_4agent_25cls_hetero4arch_ipc10_guardian_vgg_dense_ep60_lr0p01_fr0p3_kd0p5_t4p0_self4p0/agents/agent_1/checkpoints/expert_model.pt	repeated checkpoint inside tuning output; metrics/packets/logs retained
ipc10_tuning_expert_checkpoint_copy	39239126	outputs/cifar100_4agent_25cls_hetero4arch_ipc10_guardian_vgg_dense_ep60_lr0p01_fr0p3_kd0p5_t4p0_self4p0/agents/agent_2/checkpoints/expert_model.pt	repeated checkpoint inside tuning output; metrics/packets/logs retained
ipc10_tuning_expert_checkpoint_copy	28123900	outputs/cifar100_4agent_25cls_hetero4arch_ipc10_guardian_vgg_dense_ep60_lr0p01_fr0p3_kd0p5_t4p0_self4p0/agents/agent_3/checkpoints/expert_model.pt	repeated checkpoint inside tuning output; metrics/packets/logs retained
ipc10_tuning_expert_checkpoint_copy	2023046	outputs/cifar100_4agent_25cls_hetero4arch_ipc10_guardian_vgg_dense_ep60_lr0p01_fr0p3_kd0p6_t3p0_self2p5/agents/agent_0/checkpoints/expert_model.pt	repeated checkpoint inside tuning output; metrics/packets/logs retained
ipc10_tuning_expert_checkpoint_copy	4325454	outputs/cifar100_4agent_25cls_hetero4arch_ipc10_guardian_vgg_dense_ep60_lr0p01_fr0p3_kd0p6_t3p0_self2p5/agents/agent_1/checkpoints/expert_model.pt	repeated checkpoint inside tuning output; metrics/packets/logs retained
ipc10_tuning_expert_checkpoint_copy	39239126	outputs/cifar100_4agent_25cls_hetero4arch_ipc10_guardian_vgg_dense_ep60_lr0p01_fr0p3_kd0p6_t3p0_self2p5/agents/agent_2/checkpoints/expert_model.pt	repeated checkpoint inside tuning output; metrics/packets/logs retained
ipc10_tuning_expert_checkpoint_copy	28123900	outputs/cifar100_4agent_25cls_hetero4arch_ipc10_guardian_vgg_dense_ep60_lr0p01_fr0p3_kd0p6_t3p0_self2p5/agents/agent_3/checkpoints/expert_model.pt	repeated checkpoint inside tuning output; metrics/packets/logs retained
ipc10_tuning_expert_checkpoint_copy	2023046	outputs/cifar100_4agent_25cls_hetero4arch_ipc10_guardian_vgg_dense_ep60_lr0p01_fr0p3_kd0p6_t3p0_self3p0/agents/agent_0/checkpoints/expert_model.pt	repeated checkpoint inside tuning output; metrics/packets/logs retained
ipc10_tuning_expert_checkpoint_copy	4325454	outputs/cifar100_4agent_25cls_hetero4arch_ipc10_guardian_vgg_dense_ep60_lr0p01_fr0p3_kd0p6_t3p0_self3p0/agents/agent_1/checkpoints/expert_model.pt	repeated checkpoint inside tuning output; metrics/packets/logs retained
ipc10_tuning_expert_checkpoint_copy	39239126	outputs/cifar100_4agent_25cls_hetero4arch_ipc10_guardian_vgg_dense_ep60_lr0p01_fr0p3_kd0p6_t3p0_self3p0/agents/agent_2/checkpoints/expert_model.pt	repeated checkpoint inside tuning output; metrics/packets/logs retained
ipc10_tuning_expert_checkpoint_copy	28123900	outputs/cifar100_4agent_25cls_hetero4arch_ipc10_guardian_vgg_dense_ep60_lr0p01_fr0p3_kd0p6_t3p0_self3p0/agents/agent_3/checkpoints/expert_model.pt	repeated checkpoint inside tuning output; metrics/packets/logs retained
ipc10_tuning_expert_checkpoint_copy	2023046	outputs/cifar100_4agent_25cls_hetero4arch_ipc10_guardian_vgg_dense_ep60_lr0p01_fr0p3_kd0p6_t3p0_self4p0/agents/agent_0/checkpoints/expert_model.pt	repeated checkpoint inside tuning output; metrics/packets/logs retained
ipc10_tuning_expert_checkpoint_copy	4325454	outputs/cifar100_4agent_25cls_hetero4arch_ipc10_guardian_vgg_dense_ep60_lr0p01_fr0p3_kd0p6_t3p0_self4p0/agents/agent_1/checkpoints/expert_model.pt	repeated checkpoint inside tuning output; metrics/packets/logs retained
ipc10_tuning_expert_checkpoint_copy	39239126	outputs/cifar100_4agent_25cls_hetero4arch_ipc10_guardian_vgg_dense_ep60_lr0p01_fr0p3_kd0p6_t3p0_self4p0/agents/agent_2/checkpoints/expert_model.pt	repeated checkpoint inside tuning output; metrics/packets/logs retained
ipc10_tuning_expert_checkpoint_copy	28123900	outputs/cifar100_4agent_25cls_hetero4arch_ipc10_guardian_vgg_dense_ep60_lr0p01_fr0p3_kd0p6_t3p0_self4p0/agents/agent_3/checkpoints/expert_model.pt	repeated checkpoint inside tuning output; metrics/packets/logs retained
ipc10_tuning_expert_checkpoint_copy	2023046	outputs/cifar100_4agent_25cls_hetero4arch_ipc10_guardian_vgg_dense_ep60_lr0p01_fr0p3_kd0p6_t4p0_self2p5/agents/agent_0/checkpoints/expert_model.pt	repeated checkpoint inside tuning output; metrics/packets/logs retained
ipc10_tuning_expert_checkpoint_copy	4325454	outputs/cifar100_4agent_25cls_hetero4arch_ipc10_guardian_vgg_dense_ep60_lr0p01_fr0p3_kd0p6_t4p0_self2p5/agents/agent_1/checkpoints/expert_model.pt	repeated checkpoint inside tuning output; metrics/packets/logs retained
ipc10_tuning_expert_checkpoint_copy	39239126	outputs/cifar100_4agent_25cls_hetero4arch_ipc10_guardian_vgg_dense_ep60_lr0p01_fr0p3_kd0p6_t4p0_self2p5/agents/agent_2/checkpoints/expert_model.pt	repeated checkpoint inside tuning output; metrics/packets/logs retained
ipc10_tuning_expert_checkpoint_copy	28123900	outputs/cifar100_4agent_25cls_hetero4arch_ipc10_guardian_vgg_dense_ep60_lr0p01_fr0p3_kd0p6_t4p0_self2p5/agents/agent_3/checkpoints/expert_model.pt	repeated checkpoint inside tuning output; metrics/packets/logs retained
ipc10_tuning_expert_checkpoint_copy	2023046	outputs/cifar100_4agent_25cls_hetero4arch_ipc10_guardian_vgg_dense_ep60_lr0p01_fr0p3_kd0p6_t4p0_self3p0/agents/agent_0/checkpoints/expert_model.pt	repeated checkpoint inside tuning output; metrics/packets/logs retained
ipc10_tuning_expert_checkpoint_copy	4325454	outputs/cifar100_4agent_25cls_hetero4arch_ipc10_guardian_vgg_dense_ep60_lr0p01_fr0p3_kd0p6_t4p0_self3p0/agents/agent_1/checkpoints/expert_model.pt	repeated checkpoint inside tuning output; metrics/packets/logs retained
ipc10_tuning_expert_checkpoint_copy	39239126	outputs/cifar100_4agent_25cls_hetero4arch_ipc10_guardian_vgg_dense_ep60_lr0p01_fr0p3_kd0p6_t4p0_self3p0/agents/agent_2/checkpoints/expert_model.pt	repeated checkpoint inside tuning output; metrics/packets/logs retained
ipc10_tuning_expert_checkpoint_copy	28123900	outputs/cifar100_4agent_25cls_hetero4arch_ipc10_guardian_vgg_dense_ep60_lr0p01_fr0p3_kd0p6_t4p0_self3p0/agents/agent_3/checkpoints/expert_model.pt	repeated checkpoint inside tuning output; metrics/packets/logs retained
ipc10_tuning_expert_checkpoint_copy	2023046	outputs/cifar100_4agent_25cls_hetero4arch_ipc10_guardian_vgg_dense_ep60_lr0p01_fr0p3_kd0p6_t4p0_self4p0/agents/agent_0/checkpoints/expert_model.pt	repeated checkpoint inside tuning output; metrics/packets/logs retained
ipc10_tuning_expert_checkpoint_copy	4325454	outputs/cifar100_4agent_25cls_hetero4arch_ipc10_guardian_vgg_dense_ep60_lr0p01_fr0p3_kd0p6_t4p0_self4p0/agents/agent_1/checkpoints/expert_model.pt	repeated checkpoint inside tuning output; metrics/packets/logs retained
ipc10_tuning_expert_checkpoint_copy	39239126	outputs/cifar100_4agent_25cls_hetero4arch_ipc10_guardian_vgg_dense_ep60_lr0p01_fr0p3_kd0p6_t4p0_self4p0/agents/agent_2/checkpoints/expert_model.pt	repeated checkpoint inside tuning output; metrics/packets/logs retained
ipc10_tuning_expert_checkpoint_copy	28123900	outputs/cifar100_4agent_25cls_hetero4arch_ipc10_guardian_vgg_dense_ep60_lr0p01_fr0p3_kd0p6_t4p0_self4p0/agents/agent_3/checkpoints/expert_model.pt	repeated checkpoint inside tuning output; metrics/packets/logs retained
ipc10_tuning_expert_checkpoint_copy	2023046	outputs/cifar100_4agent_25cls_hetero4arch_ipc10_guardian_vgg_dense_ep60_lr0p01_fr0p4_kd0p3_t3p0_self2p5/agents/agent_0/checkpoints/expert_model.pt	repeated checkpoint inside tuning output; metrics/packets/logs retained
ipc10_tuning_expert_checkpoint_copy	4325454	outputs/cifar100_4agent_25cls_hetero4arch_ipc10_guardian_vgg_dense_ep60_lr0p01_fr0p4_kd0p3_t3p0_self2p5/agents/agent_1/checkpoints/expert_model.pt	repeated checkpoint inside tuning output; metrics/packets/logs retained
ipc10_tuning_expert_checkpoint_copy	39239126	outputs/cifar100_4agent_25cls_hetero4arch_ipc10_guardian_vgg_dense_ep60_lr0p01_fr0p4_kd0p3_t3p0_self2p5/agents/agent_2/checkpoints/expert_model.pt	repeated checkpoint inside tuning output; metrics/packets/logs retained
ipc10_tuning_expert_checkpoint_copy	28123900	outputs/cifar100_4agent_25cls_hetero4arch_ipc10_guardian_vgg_dense_ep60_lr0p01_fr0p4_kd0p3_t3p0_self2p5/agents/agent_3/checkpoints/expert_model.pt	repeated checkpoint inside tuning output; metrics/packets/logs retained
ipc10_tuning_expert_checkpoint_copy	2023046	outputs/cifar100_4agent_25cls_hetero4arch_ipc10_guardian_vgg_dense_ep60_lr0p01_fr0p4_kd0p3_t3p0_self3p0/agents/agent_0/checkpoints/expert_model.pt	repeated checkpoint inside tuning output; metrics/packets/logs retained
ipc10_tuning_expert_checkpoint_copy	4325454	outputs/cifar100_4agent_25cls_hetero4arch_ipc10_guardian_vgg_dense_ep60_lr0p01_fr0p4_kd0p3_t3p0_self3p0/agents/agent_1/checkpoints/expert_model.pt	repeated checkpoint inside tuning output; metrics/packets/logs retained
ipc10_tuning_expert_checkpoint_copy	39239126	outputs/cifar100_4agent_25cls_hetero4arch_ipc10_guardian_vgg_dense_ep60_lr0p01_fr0p4_kd0p3_t3p0_self3p0/agents/agent_2/checkpoints/expert_model.pt	repeated checkpoint inside tuning output; metrics/packets/logs retained
ipc10_tuning_expert_checkpoint_copy	28123900	outputs/cifar100_4agent_25cls_hetero4arch_ipc10_guardian_vgg_dense_ep60_lr0p01_fr0p4_kd0p3_t3p0_self3p0/agents/agent_3/checkpoints/expert_model.pt	repeated checkpoint inside tuning output; metrics/packets/logs retained
ipc10_tuning_expert_checkpoint_copy	2023046	outputs/cifar100_4agent_25cls_hetero4arch_ipc10_guardian_vgg_dense_ep60_lr0p01_fr0p4_kd0p3_t3p0_self4p0/agents/agent_0/checkpoints/expert_model.pt	repeated checkpoint inside tuning output; metrics/packets/logs retained
ipc10_tuning_expert_checkpoint_copy	4325454	outputs/cifar100_4agent_25cls_hetero4arch_ipc10_guardian_vgg_dense_ep60_lr0p01_fr0p4_kd0p3_t3p0_self4p0/agents/agent_1/checkpoints/expert_model.pt	repeated checkpoint inside tuning output; metrics/packets/logs retained
ipc10_tuning_expert_checkpoint_copy	39239126	outputs/cifar100_4agent_25cls_hetero4arch_ipc10_guardian_vgg_dense_ep60_lr0p01_fr0p4_kd0p3_t3p0_self4p0/agents/agent_2/checkpoints/expert_model.pt	repeated checkpoint inside tuning output; metrics/packets/logs retained
ipc10_tuning_expert_checkpoint_copy	28123900	outputs/cifar100_4agent_25cls_hetero4arch_ipc10_guardian_vgg_dense_ep60_lr0p01_fr0p4_kd0p3_t3p0_self4p0/agents/agent_3/checkpoints/expert_model.pt	repeated checkpoint inside tuning output; metrics/packets/logs retained
ipc10_tuning_expert_checkpoint_copy	2023046	outputs/cifar100_4agent_25cls_hetero4arch_ipc10_guardian_vgg_dense_ep60_lr0p01_fr0p4_kd0p3_t4p0_self2p5/agents/agent_0/checkpoints/expert_model.pt	repeated checkpoint inside tuning output; metrics/packets/logs retained
ipc10_tuning_expert_checkpoint_copy	4325454	outputs/cifar100_4agent_25cls_hetero4arch_ipc10_guardian_vgg_dense_ep60_lr0p01_fr0p4_kd0p3_t4p0_self2p5/agents/agent_1/checkpoints/expert_model.pt	repeated checkpoint inside tuning output; metrics/packets/logs retained
ipc10_tuning_expert_checkpoint_copy	39239126	outputs/cifar100_4agent_25cls_hetero4arch_ipc10_guardian_vgg_dense_ep60_lr0p01_fr0p4_kd0p3_t4p0_self2p5/agents/agent_2/checkpoints/expert_model.pt	repeated checkpoint inside tuning output; metrics/packets/logs retained
ipc10_tuning_expert_checkpoint_copy	28123900	outputs/cifar100_4agent_25cls_hetero4arch_ipc10_guardian_vgg_dense_ep60_lr0p01_fr0p4_kd0p3_t4p0_self2p5/agents/agent_3/checkpoints/expert_model.pt	repeated checkpoint inside tuning output; metrics/packets/logs retained
ipc10_tuning_expert_checkpoint_copy	2023046	outputs/cifar100_4agent_25cls_hetero4arch_ipc10_guardian_vgg_dense_ep60_lr0p01_fr0p4_kd0p3_t4p0_self3p0/agents/agent_0/checkpoints/expert_model.pt	repeated checkpoint inside tuning output; metrics/packets/logs retained
ipc10_tuning_expert_checkpoint_copy	4325454	outputs/cifar100_4agent_25cls_hetero4arch_ipc10_guardian_vgg_dense_ep60_lr0p01_fr0p4_kd0p3_t4p0_self3p0/agents/agent_1/checkpoints/expert_model.pt	repeated checkpoint inside tuning output; metrics/packets/logs retained
ipc10_tuning_expert_checkpoint_copy	39239126	outputs/cifar100_4agent_25cls_hetero4arch_ipc10_guardian_vgg_dense_ep60_lr0p01_fr0p4_kd0p3_t4p0_self3p0/agents/agent_2/checkpoints/expert_model.pt	repeated checkpoint inside tuning output; metrics/packets/logs retained
ipc10_tuning_expert_checkpoint_copy	28123900	outputs/cifar100_4agent_25cls_hetero4arch_ipc10_guardian_vgg_dense_ep60_lr0p01_fr0p4_kd0p3_t4p0_self3p0/agents/agent_3/checkpoints/expert_model.pt	repeated checkpoint inside tuning output; metrics/packets/logs retained
ipc10_tuning_expert_checkpoint_copy	2023046	outputs/cifar100_4agent_25cls_hetero4arch_ipc10_guardian_vgg_dense_ep60_lr0p01_fr0p4_kd0p3_t4p0_self4p0/agents/agent_0/checkpoints/expert_model.pt	repeated checkpoint inside tuning output; metrics/packets/logs retained
ipc10_tuning_expert_checkpoint_copy	4325454	outputs/cifar100_4agent_25cls_hetero4arch_ipc10_guardian_vgg_dense_ep60_lr0p01_fr0p4_kd0p3_t4p0_self4p0/agents/agent_1/checkpoints/expert_model.pt	repeated checkpoint inside tuning output; metrics/packets/logs retained
ipc10_tuning_expert_checkpoint_copy	39239126	outputs/cifar100_4agent_25cls_hetero4arch_ipc10_guardian_vgg_dense_ep60_lr0p01_fr0p4_kd0p3_t4p0_self4p0/agents/agent_2/checkpoints/expert_model.pt	repeated checkpoint inside tuning output; metrics/packets/logs retained
ipc10_tuning_expert_checkpoint_copy	28123900	outputs/cifar100_4agent_25cls_hetero4arch_ipc10_guardian_vgg_dense_ep60_lr0p01_fr0p4_kd0p3_t4p0_self4p0/agents/agent_3/checkpoints/expert_model.pt	repeated checkpoint inside tuning output; metrics/packets/logs retained
ipc10_tuning_expert_checkpoint_copy	2023046	outputs/cifar100_4agent_25cls_hetero4arch_ipc10_guardian_vgg_dense_ep60_lr0p01_fr0p4_kd0p4_t3p0_self2p5/agents/agent_0/checkpoints/expert_model.pt	repeated checkpoint inside tuning output; metrics/packets/logs retained
ipc10_tuning_expert_checkpoint_copy	4325454	outputs/cifar100_4agent_25cls_hetero4arch_ipc10_guardian_vgg_dense_ep60_lr0p01_fr0p4_kd0p4_t3p0_self2p5/agents/agent_1/checkpoints/expert_model.pt	repeated checkpoint inside tuning output; metrics/packets/logs retained
ipc10_tuning_expert_checkpoint_copy	39239126	outputs/cifar100_4agent_25cls_hetero4arch_ipc10_guardian_vgg_dense_ep60_lr0p01_fr0p4_kd0p4_t3p0_self2p5/agents/agent_2/checkpoints/expert_model.pt	repeated checkpoint inside tuning output; metrics/packets/logs retained
ipc10_tuning_expert_checkpoint_copy	28123900	outputs/cifar100_4agent_25cls_hetero4arch_ipc10_guardian_vgg_dense_ep60_lr0p01_fr0p4_kd0p4_t3p0_self2p5/agents/agent_3/checkpoints/expert_model.pt	repeated checkpoint inside tuning output; metrics/packets/logs retained
ipc10_tuning_expert_checkpoint_copy	2023046	outputs/cifar100_4agent_25cls_hetero4arch_ipc10_guardian_vgg_dense_ep60_lr0p01_fr0p4_kd0p4_t3p0_self3p0/agents/agent_0/checkpoints/expert_model.pt	repeated checkpoint inside tuning output; metrics/packets/logs retained
ipc10_tuning_expert_checkpoint_copy	4325454	outputs/cifar100_4agent_25cls_hetero4arch_ipc10_guardian_vgg_dense_ep60_lr0p01_fr0p4_kd0p4_t3p0_self3p0/agents/agent_1/checkpoints/expert_model.pt	repeated checkpoint inside tuning output; metrics/packets/logs retained
ipc10_tuning_expert_checkpoint_copy	39239126	outputs/cifar100_4agent_25cls_hetero4arch_ipc10_guardian_vgg_dense_ep60_lr0p01_fr0p4_kd0p4_t3p0_self3p0/agents/agent_2/checkpoints/expert_model.pt	repeated checkpoint inside tuning output; metrics/packets/logs retained
ipc10_tuning_expert_checkpoint_copy	28123900	outputs/cifar100_4agent_25cls_hetero4arch_ipc10_guardian_vgg_dense_ep60_lr0p01_fr0p4_kd0p4_t3p0_self3p0/agents/agent_3/checkpoints/expert_model.pt	repeated checkpoint inside tuning output; metrics/packets/logs retained
ipc10_tuning_expert_checkpoint_copy	2023046	outputs/cifar100_4agent_25cls_hetero4arch_ipc10_guardian_vgg_dense_ep60_lr0p01_fr0p4_kd0p4_t3p0_self4p0/agents/agent_0/checkpoints/expert_model.pt	repeated checkpoint inside tuning output; metrics/packets/logs retained
ipc10_tuning_expert_checkpoint_copy	4325454	outputs/cifar100_4agent_25cls_hetero4arch_ipc10_guardian_vgg_dense_ep60_lr0p01_fr0p4_kd0p4_t3p0_self4p0/agents/agent_1/checkpoints/expert_model.pt	repeated checkpoint inside tuning output; metrics/packets/logs retained
ipc10_tuning_expert_checkpoint_copy	39239126	outputs/cifar100_4agent_25cls_hetero4arch_ipc10_guardian_vgg_dense_ep60_lr0p01_fr0p4_kd0p4_t3p0_self4p0/agents/agent_2/checkpoints/expert_model.pt	repeated checkpoint inside tuning output; metrics/packets/logs retained
ipc10_tuning_expert_checkpoint_copy	28123900	outputs/cifar100_4agent_25cls_hetero4arch_ipc10_guardian_vgg_dense_ep60_lr0p01_fr0p4_kd0p4_t3p0_self4p0/agents/agent_3/checkpoints/expert_model.pt	repeated checkpoint inside tuning output; metrics/packets/logs retained
ipc10_tuning_expert_checkpoint_copy	2023046	outputs/cifar100_4agent_25cls_hetero4arch_ipc10_guardian_vgg_dense_ep60_lr0p01_fr0p4_kd0p4_t4p0_self2p5/agents/agent_0/checkpoints/expert_model.pt	repeated checkpoint inside tuning output; metrics/packets/logs retained
ipc10_tuning_expert_checkpoint_copy	4325454	outputs/cifar100_4agent_25cls_hetero4arch_ipc10_guardian_vgg_dense_ep60_lr0p01_fr0p4_kd0p4_t4p0_self2p5/agents/agent_1/checkpoints/expert_model.pt	repeated checkpoint inside tuning output; metrics/packets/logs retained
ipc10_tuning_expert_checkpoint_copy	39239126	outputs/cifar100_4agent_25cls_hetero4arch_ipc10_guardian_vgg_dense_ep60_lr0p01_fr0p4_kd0p4_t4p0_self2p5/agents/agent_2/checkpoints/expert_model.pt	repeated checkpoint inside tuning output; metrics/packets/logs retained
ipc10_tuning_expert_checkpoint_copy	28123900	outputs/cifar100_4agent_25cls_hetero4arch_ipc10_guardian_vgg_dense_ep60_lr0p01_fr0p4_kd0p4_t4p0_self2p5/agents/agent_3/checkpoints/expert_model.pt	repeated checkpoint inside tuning output; metrics/packets/logs retained
ipc10_tuning_expert_checkpoint_copy	2023046	outputs/cifar100_4agent_25cls_hetero4arch_ipc10_guardian_vgg_dense_ep60_lr0p01_fr0p4_kd0p4_t4p0_self3p0/agents/agent_0/checkpoints/expert_model.pt	repeated checkpoint inside tuning output; metrics/packets/logs retained
ipc10_tuning_expert_checkpoint_copy	4325454	outputs/cifar100_4agent_25cls_hetero4arch_ipc10_guardian_vgg_dense_ep60_lr0p01_fr0p4_kd0p4_t4p0_self3p0/agents/agent_1/checkpoints/expert_model.pt	repeated checkpoint inside tuning output; metrics/packets/logs retained
ipc10_tuning_expert_checkpoint_copy	39239126	outputs/cifar100_4agent_25cls_hetero4arch_ipc10_guardian_vgg_dense_ep60_lr0p01_fr0p4_kd0p4_t4p0_self3p0/agents/agent_2/checkpoints/expert_model.pt	repeated checkpoint inside tuning output; metrics/packets/logs retained
ipc10_tuning_expert_checkpoint_copy	28123900	outputs/cifar100_4agent_25cls_hetero4arch_ipc10_guardian_vgg_dense_ep60_lr0p01_fr0p4_kd0p4_t4p0_self3p0/agents/agent_3/checkpoints/expert_model.pt	repeated checkpoint inside tuning output; metrics/packets/logs retained
ipc10_tuning_expert_checkpoint_copy	2023046	outputs/cifar100_4agent_25cls_hetero4arch_ipc10_guardian_vgg_dense_ep60_lr0p01_fr0p4_kd0p4_t4p0_self4p0/agents/agent_0/checkpoints/expert_model.pt	repeated checkpoint inside tuning output; metrics/packets/logs retained
ipc10_tuning_expert_checkpoint_copy	4325454	outputs/cifar100_4agent_25cls_hetero4arch_ipc10_guardian_vgg_dense_ep60_lr0p01_fr0p4_kd0p4_t4p0_self4p0/agents/agent_1/checkpoints/expert_model.pt	repeated checkpoint inside tuning output; metrics/packets/logs retained
ipc10_tuning_expert_checkpoint_copy	39239126	outputs/cifar100_4agent_25cls_hetero4arch_ipc10_guardian_vgg_dense_ep60_lr0p01_fr0p4_kd0p4_t4p0_self4p0/agents/agent_2/checkpoints/expert_model.pt	repeated checkpoint inside tuning output; metrics/packets/logs retained
ipc10_tuning_expert_checkpoint_copy	28123900	outputs/cifar100_4agent_25cls_hetero4arch_ipc10_guardian_vgg_dense_ep60_lr0p01_fr0p4_kd0p4_t4p0_self4p0/agents/agent_3/checkpoints/expert_model.pt	repeated checkpoint inside tuning output; metrics/packets/logs retained
ipc10_tuning_expert_checkpoint_copy	2023046	outputs/cifar100_4agent_25cls_hetero4arch_ipc10_guardian_vgg_dense_ep60_lr0p01_fr0p4_kd0p5_t3p0_self2p5/agents/agent_0/checkpoints/expert_model.pt	repeated checkpoint inside tuning output; metrics/packets/logs retained
ipc10_tuning_expert_checkpoint_copy	4325454	outputs/cifar100_4agent_25cls_hetero4arch_ipc10_guardian_vgg_dense_ep60_lr0p01_fr0p4_kd0p5_t3p0_self2p5/agents/agent_1/checkpoints/expert_model.pt	repeated checkpoint inside tuning output; metrics/packets/logs retained
ipc10_tuning_expert_checkpoint_copy	39239126	outputs/cifar100_4agent_25cls_hetero4arch_ipc10_guardian_vgg_dense_ep60_lr0p01_fr0p4_kd0p5_t3p0_self2p5/agents/agent_2/checkpoints/expert_model.pt	repeated checkpoint inside tuning output; metrics/packets/logs retained
ipc10_tuning_expert_checkpoint_copy	28123900	outputs/cifar100_4agent_25cls_hetero4arch_ipc10_guardian_vgg_dense_ep60_lr0p01_fr0p4_kd0p5_t3p0_self2p5/agents/agent_3/checkpoints/expert_model.pt	repeated checkpoint inside tuning output; metrics/packets/logs retained
ipc10_tuning_expert_checkpoint_copy	2023046	outputs/cifar100_4agent_25cls_hetero4arch_ipc10_guardian_vgg_dense_ep60_lr0p01_fr0p4_kd0p5_t3p0_self3p0/agents/agent_0/checkpoints/expert_model.pt	repeated checkpoint inside tuning output; metrics/packets/logs retained
ipc10_tuning_expert_checkpoint_copy	4325454	outputs/cifar100_4agent_25cls_hetero4arch_ipc10_guardian_vgg_dense_ep60_lr0p01_fr0p4_kd0p5_t3p0_self3p0/agents/agent_1/checkpoints/expert_model.pt	repeated checkpoint inside tuning output; metrics/packets/logs retained
ipc10_tuning_expert_checkpoint_copy	39239126	outputs/cifar100_4agent_25cls_hetero4arch_ipc10_guardian_vgg_dense_ep60_lr0p01_fr0p4_kd0p5_t3p0_self3p0/agents/agent_2/checkpoints/expert_model.pt	repeated checkpoint inside tuning output; metrics/packets/logs retained
ipc10_tuning_expert_checkpoint_copy	28123900	outputs/cifar100_4agent_25cls_hetero4arch_ipc10_guardian_vgg_dense_ep60_lr0p01_fr0p4_kd0p5_t3p0_self3p0/agents/agent_3/checkpoints/expert_model.pt	repeated checkpoint inside tuning output; metrics/packets/logs retained
ipc10_tuning_expert_checkpoint_copy	2023046	outputs/cifar100_4agent_25cls_hetero4arch_ipc10_guardian_vgg_dense_ep60_lr0p01_fr0p4_kd0p5_t3p0_self4p0/agents/agent_0/checkpoints/expert_model.pt	repeated checkpoint inside tuning output; metrics/packets/logs retained
ipc10_tuning_expert_checkpoint_copy	4325454	outputs/cifar100_4agent_25cls_hetero4arch_ipc10_guardian_vgg_dense_ep60_lr0p01_fr0p4_kd0p5_t3p0_self4p0/agents/agent_1/checkpoints/expert_model.pt	repeated checkpoint inside tuning output; metrics/packets/logs retained
ipc10_tuning_expert_checkpoint_copy	39239126	outputs/cifar100_4agent_25cls_hetero4arch_ipc10_guardian_vgg_dense_ep60_lr0p01_fr0p4_kd0p5_t3p0_self4p0/agents/agent_2/checkpoints/expert_model.pt	repeated checkpoint inside tuning output; metrics/packets/logs retained
ipc10_tuning_expert_checkpoint_copy	28123900	outputs/cifar100_4agent_25cls_hetero4arch_ipc10_guardian_vgg_dense_ep60_lr0p01_fr0p4_kd0p5_t3p0_self4p0/agents/agent_3/checkpoints/expert_model.pt	repeated checkpoint inside tuning output; metrics/packets/logs retained
ipc10_tuning_expert_checkpoint_copy	2023046	outputs/cifar100_4agent_25cls_hetero4arch_ipc10_guardian_vgg_dense_ep60_lr0p01_fr0p4_kd0p5_t4p0_self2p5/agents/agent_0/checkpoints/expert_model.pt	repeated checkpoint inside tuning output; metrics/packets/logs retained
ipc10_tuning_expert_checkpoint_copy	4325454	outputs/cifar100_4agent_25cls_hetero4arch_ipc10_guardian_vgg_dense_ep60_lr0p01_fr0p4_kd0p5_t4p0_self2p5/agents/agent_1/checkpoints/expert_model.pt	repeated checkpoint inside tuning output; metrics/packets/logs retained
ipc10_tuning_expert_checkpoint_copy	39239126	outputs/cifar100_4agent_25cls_hetero4arch_ipc10_guardian_vgg_dense_ep60_lr0p01_fr0p4_kd0p5_t4p0_self2p5/agents/agent_2/checkpoints/expert_model.pt	repeated checkpoint inside tuning output; metrics/packets/logs retained
ipc10_tuning_expert_checkpoint_copy	28123900	outputs/cifar100_4agent_25cls_hetero4arch_ipc10_guardian_vgg_dense_ep60_lr0p01_fr0p4_kd0p5_t4p0_self2p5/agents/agent_3/checkpoints/expert_model.pt	repeated checkpoint inside tuning output; metrics/packets/logs retained
ipc10_tuning_expert_checkpoint_copy	2023046	outputs/cifar100_4agent_25cls_hetero4arch_ipc10_guardian_vgg_dense_ep60_lr0p01_fr0p4_kd0p5_t4p0_self3p0/agents/agent_0/checkpoints/expert_model.pt	repeated checkpoint inside tuning output; metrics/packets/logs retained
ipc10_tuning_expert_checkpoint_copy	4325454	outputs/cifar100_4agent_25cls_hetero4arch_ipc10_guardian_vgg_dense_ep60_lr0p01_fr0p4_kd0p5_t4p0_self3p0/agents/agent_1/checkpoints/expert_model.pt	repeated checkpoint inside tuning output; metrics/packets/logs retained
ipc10_tuning_expert_checkpoint_copy	39239126	outputs/cifar100_4agent_25cls_hetero4arch_ipc10_guardian_vgg_dense_ep60_lr0p01_fr0p4_kd0p5_t4p0_self3p0/agents/agent_2/checkpoints/expert_model.pt	repeated checkpoint inside tuning output; metrics/packets/logs retained
ipc10_tuning_expert_checkpoint_copy	28123900	outputs/cifar100_4agent_25cls_hetero4arch_ipc10_guardian_vgg_dense_ep60_lr0p01_fr0p4_kd0p5_t4p0_self3p0/agents/agent_3/checkpoints/expert_model.pt	repeated checkpoint inside tuning output; metrics/packets/logs retained
ipc10_tuning_expert_checkpoint_copy	2023046	outputs/cifar100_4agent_25cls_hetero4arch_ipc10_guardian_vgg_dense_ep60_lr0p01_fr0p4_kd0p5_t4p0_self4p0/agents/agent_0/checkpoints/expert_model.pt	repeated checkpoint inside tuning output; metrics/packets/logs retained
ipc10_tuning_expert_checkpoint_copy	4325454	outputs/cifar100_4agent_25cls_hetero4arch_ipc10_guardian_vgg_dense_ep60_lr0p01_fr0p4_kd0p5_t4p0_self4p0/agents/agent_1/checkpoints/expert_model.pt	repeated checkpoint inside tuning output; metrics/packets/logs retained
ipc10_tuning_expert_checkpoint_copy	39239126	outputs/cifar100_4agent_25cls_hetero4arch_ipc10_guardian_vgg_dense_ep60_lr0p01_fr0p4_kd0p5_t4p0_self4p0/agents/agent_2/checkpoints/expert_model.pt	repeated checkpoint inside tuning output; metrics/packets/logs retained
ipc10_tuning_expert_checkpoint_copy	28123900	outputs/cifar100_4agent_25cls_hetero4arch_ipc10_guardian_vgg_dense_ep60_lr0p01_fr0p4_kd0p5_t4p0_self4p0/agents/agent_3/checkpoints/expert_model.pt	repeated checkpoint inside tuning output; metrics/packets/logs retained
ipc10_tuning_expert_checkpoint_copy	2023046	outputs/cifar100_4agent_25cls_hetero4arch_ipc10_guardian_vgg_dense_ep60_lr0p01_fr0p4_kd0p6_t3p0_self2p5/agents/agent_0/checkpoints/expert_model.pt	repeated checkpoint inside tuning output; metrics/packets/logs retained
ipc10_tuning_expert_checkpoint_copy	4325454	outputs/cifar100_4agent_25cls_hetero4arch_ipc10_guardian_vgg_dense_ep60_lr0p01_fr0p4_kd0p6_t3p0_self2p5/agents/agent_1/checkpoints/expert_model.pt	repeated checkpoint inside tuning output; metrics/packets/logs retained
ipc10_tuning_expert_checkpoint_copy	39239126	outputs/cifar100_4agent_25cls_hetero4arch_ipc10_guardian_vgg_dense_ep60_lr0p01_fr0p4_kd0p6_t3p0_self2p5/agents/agent_2/checkpoints/expert_model.pt	repeated checkpoint inside tuning output; metrics/packets/logs retained
ipc10_tuning_expert_checkpoint_copy	28123900	outputs/cifar100_4agent_25cls_hetero4arch_ipc10_guardian_vgg_dense_ep60_lr0p01_fr0p4_kd0p6_t3p0_self2p5/agents/agent_3/checkpoints/expert_model.pt	repeated checkpoint inside tuning output; metrics/packets/logs retained
ipc10_tuning_expert_checkpoint_copy	2023046	outputs/cifar100_4agent_25cls_hetero4arch_ipc10_guardian_vgg_dense_ep60_lr0p01_fr0p4_kd0p6_t3p0_self3p0/agents/agent_0/checkpoints/expert_model.pt	repeated checkpoint inside tuning output; metrics/packets/logs retained
ipc10_tuning_expert_checkpoint_copy	4325454	outputs/cifar100_4agent_25cls_hetero4arch_ipc10_guardian_vgg_dense_ep60_lr0p01_fr0p4_kd0p6_t3p0_self3p0/agents/agent_1/checkpoints/expert_model.pt	repeated checkpoint inside tuning output; metrics/packets/logs retained
ipc10_tuning_expert_checkpoint_copy	39239126	outputs/cifar100_4agent_25cls_hetero4arch_ipc10_guardian_vgg_dense_ep60_lr0p01_fr0p4_kd0p6_t3p0_self3p0/agents/agent_2/checkpoints/expert_model.pt	repeated checkpoint inside tuning output; metrics/packets/logs retained
ipc10_tuning_expert_checkpoint_copy	28123900	outputs/cifar100_4agent_25cls_hetero4arch_ipc10_guardian_vgg_dense_ep60_lr0p01_fr0p4_kd0p6_t3p0_self3p0/agents/agent_3/checkpoints/expert_model.pt	repeated checkpoint inside tuning output; metrics/packets/logs retained
ipc10_tuning_expert_checkpoint_copy	2023046	outputs/cifar100_4agent_25cls_hetero4arch_ipc10_guardian_vgg_dense_ep60_lr0p01_fr0p4_kd0p6_t3p0_self4p0/agents/agent_0/checkpoints/expert_model.pt	repeated checkpoint inside tuning output; metrics/packets/logs retained
ipc10_tuning_expert_checkpoint_copy	4325454	outputs/cifar100_4agent_25cls_hetero4arch_ipc10_guardian_vgg_dense_ep60_lr0p01_fr0p4_kd0p6_t3p0_self4p0/agents/agent_1/checkpoints/expert_model.pt	repeated checkpoint inside tuning output; metrics/packets/logs retained
ipc10_tuning_expert_checkpoint_copy	39239126	outputs/cifar100_4agent_25cls_hetero4arch_ipc10_guardian_vgg_dense_ep60_lr0p01_fr0p4_kd0p6_t3p0_self4p0/agents/agent_2/checkpoints/expert_model.pt	repeated checkpoint inside tuning output; metrics/packets/logs retained
ipc10_tuning_expert_checkpoint_copy	28123900	outputs/cifar100_4agent_25cls_hetero4arch_ipc10_guardian_vgg_dense_ep60_lr0p01_fr0p4_kd0p6_t3p0_self4p0/agents/agent_3/checkpoints/expert_model.pt	repeated checkpoint inside tuning output; metrics/packets/logs retained
ipc10_tuning_expert_checkpoint_copy	2023046	outputs/cifar100_4agent_25cls_hetero4arch_ipc10_guardian_vgg_dense_ep60_lr0p01_fr0p4_kd0p6_t4p0_self2p5/agents/agent_0/checkpoints/expert_model.pt	repeated checkpoint inside tuning output; metrics/packets/logs retained
ipc10_tuning_expert_checkpoint_copy	4325454	outputs/cifar100_4agent_25cls_hetero4arch_ipc10_guardian_vgg_dense_ep60_lr0p01_fr0p4_kd0p6_t4p0_self2p5/agents/agent_1/checkpoints/expert_model.pt	repeated checkpoint inside tuning output; metrics/packets/logs retained
ipc10_tuning_expert_checkpoint_copy	39239126	outputs/cifar100_4agent_25cls_hetero4arch_ipc10_guardian_vgg_dense_ep60_lr0p01_fr0p4_kd0p6_t4p0_self2p5/agents/agent_2/checkpoints/expert_model.pt	repeated checkpoint inside tuning output; metrics/packets/logs retained
ipc10_tuning_expert_checkpoint_copy	28123900	outputs/cifar100_4agent_25cls_hetero4arch_ipc10_guardian_vgg_dense_ep60_lr0p01_fr0p4_kd0p6_t4p0_self2p5/agents/agent_3/checkpoints/expert_model.pt	repeated checkpoint inside tuning output; metrics/packets/logs retained
ipc10_tuning_expert_checkpoint_copy	2023046	outputs/cifar100_4agent_25cls_hetero4arch_ipc10_guardian_vgg_dense_ep60_lr0p01_fr0p4_kd0p6_t4p0_self3p0/agents/agent_0/checkpoints/expert_model.pt	repeated checkpoint inside tuning output; metrics/packets/logs retained
ipc10_tuning_expert_checkpoint_copy	4325454	outputs/cifar100_4agent_25cls_hetero4arch_ipc10_guardian_vgg_dense_ep60_lr0p01_fr0p4_kd0p6_t4p0_self3p0/agents/agent_1/checkpoints/expert_model.pt	repeated checkpoint inside tuning output; metrics/packets/logs retained
ipc10_tuning_expert_checkpoint_copy	39239126	outputs/cifar100_4agent_25cls_hetero4arch_ipc10_guardian_vgg_dense_ep60_lr0p01_fr0p4_kd0p6_t4p0_self3p0/agents/agent_2/checkpoints/expert_model.pt	repeated checkpoint inside tuning output; metrics/packets/logs retained
ipc10_tuning_expert_checkpoint_copy	28123900	outputs/cifar100_4agent_25cls_hetero4arch_ipc10_guardian_vgg_dense_ep60_lr0p01_fr0p4_kd0p6_t4p0_self3p0/agents/agent_3/checkpoints/expert_model.pt	repeated checkpoint inside tuning output; metrics/packets/logs retained
ipc10_tuning_expert_checkpoint_copy	2023046	outputs/cifar100_4agent_25cls_hetero4arch_ipc10_guardian_vgg_dense_ep60_lr0p01_fr0p4_kd0p6_t4p0_self4p0/agents/agent_0/checkpoints/expert_model.pt	repeated checkpoint inside tuning output; metrics/packets/logs retained
ipc10_tuning_expert_checkpoint_copy	4325454	outputs/cifar100_4agent_25cls_hetero4arch_ipc10_guardian_vgg_dense_ep60_lr0p01_fr0p4_kd0p6_t4p0_self4p0/agents/agent_1/checkpoints/expert_model.pt	repeated checkpoint inside tuning output; metrics/packets/logs retained
ipc10_tuning_expert_checkpoint_copy	39239126	outputs/cifar100_4agent_25cls_hetero4arch_ipc10_guardian_vgg_dense_ep60_lr0p01_fr0p4_kd0p6_t4p0_self4p0/agents/agent_2/checkpoints/expert_model.pt	repeated checkpoint inside tuning output; metrics/packets/logs retained
ipc10_tuning_expert_checkpoint_copy	28123900	outputs/cifar100_4agent_25cls_hetero4arch_ipc10_guardian_vgg_dense_ep60_lr0p01_fr0p4_kd0p6_t4p0_self4p0/agents/agent_3/checkpoints/expert_model.pt	repeated checkpoint inside tuning output; metrics/packets/logs retained
ipc10_tuning_expert_checkpoint_copy	2023046	outputs/cifar100_4agent_25cls_hetero4arch_ipc10_guardian_vgg_dense_ep75_lr0p01_fr0p25_kd0p3_t3p0_self3p0/agents/agent_0/checkpoints/expert_model.pt	repeated checkpoint inside tuning output; metrics/packets/logs retained
ipc10_tuning_expert_checkpoint_copy	4325454	outputs/cifar100_4agent_25cls_hetero4arch_ipc10_guardian_vgg_dense_ep75_lr0p01_fr0p25_kd0p3_t3p0_self3p0/agents/agent_1/checkpoints/expert_model.pt	repeated checkpoint inside tuning output; metrics/packets/logs retained
ipc10_tuning_expert_checkpoint_copy	39239126	outputs/cifar100_4agent_25cls_hetero4arch_ipc10_guardian_vgg_dense_ep75_lr0p01_fr0p25_kd0p3_t3p0_self3p0/agents/agent_2/checkpoints/expert_model.pt	repeated checkpoint inside tuning output; metrics/packets/logs retained
ipc10_tuning_expert_checkpoint_copy	28123900	outputs/cifar100_4agent_25cls_hetero4arch_ipc10_guardian_vgg_dense_ep75_lr0p01_fr0p25_kd0p3_t3p0_self3p0/agents/agent_3/checkpoints/expert_model.pt	repeated checkpoint inside tuning output; metrics/packets/logs retained
ipc10_tuning_expert_checkpoint_copy	2023046	outputs/cifar100_4agent_25cls_hetero4arch_ipc10_guardian_vgg_dense_ep75_lr0p01_fr0p25_kd0p3_t4p0_self3p0/agents/agent_0/checkpoints/expert_model.pt	repeated checkpoint inside tuning output; metrics/packets/logs retained
ipc10_tuning_expert_checkpoint_copy	4325454	outputs/cifar100_4agent_25cls_hetero4arch_ipc10_guardian_vgg_dense_ep75_lr0p01_fr0p25_kd0p3_t4p0_self3p0/agents/agent_1/checkpoints/expert_model.pt	repeated checkpoint inside tuning output; metrics/packets/logs retained
ipc10_tuning_expert_checkpoint_copy	39239126	outputs/cifar100_4agent_25cls_hetero4arch_ipc10_guardian_vgg_dense_ep75_lr0p01_fr0p25_kd0p3_t4p0_self3p0/agents/agent_2/checkpoints/expert_model.pt	repeated checkpoint inside tuning output; metrics/packets/logs retained
ipc10_tuning_expert_checkpoint_copy	28123900	outputs/cifar100_4agent_25cls_hetero4arch_ipc10_guardian_vgg_dense_ep75_lr0p01_fr0p25_kd0p3_t4p0_self3p0/agents/agent_3/checkpoints/expert_model.pt	repeated checkpoint inside tuning output; metrics/packets/logs retained
ipc10_tuning_expert_checkpoint_copy	2023046	outputs/cifar100_4agent_25cls_hetero4arch_ipc10_guardian_vgg_dense_ep75_lr0p01_fr0p25_kd0p4_t3p0_self3p0/agents/agent_0/checkpoints/expert_model.pt	repeated checkpoint inside tuning output; metrics/packets/logs retained
ipc10_tuning_expert_checkpoint_copy	4325454	outputs/cifar100_4agent_25cls_hetero4arch_ipc10_guardian_vgg_dense_ep75_lr0p01_fr0p25_kd0p4_t3p0_self3p0/agents/agent_1/checkpoints/expert_model.pt	repeated checkpoint inside tuning output; metrics/packets/logs retained
ipc10_tuning_expert_checkpoint_copy	39239126	outputs/cifar100_4agent_25cls_hetero4arch_ipc10_guardian_vgg_dense_ep75_lr0p01_fr0p25_kd0p4_t3p0_self3p0/agents/agent_2/checkpoints/expert_model.pt	repeated checkpoint inside tuning output; metrics/packets/logs retained
ipc10_tuning_expert_checkpoint_copy	28123900	outputs/cifar100_4agent_25cls_hetero4arch_ipc10_guardian_vgg_dense_ep75_lr0p01_fr0p25_kd0p4_t3p0_self3p0/agents/agent_3/checkpoints/expert_model.pt	repeated checkpoint inside tuning output; metrics/packets/logs retained
ipc10_tuning_expert_checkpoint_copy	2023046	outputs/cifar100_4agent_25cls_hetero4arch_ipc10_guardian_vgg_dense_ep75_lr0p01_fr0p25_kd0p4_t4p0_self3p0/agents/agent_0/checkpoints/expert_model.pt	repeated checkpoint inside tuning output; metrics/packets/logs retained
ipc10_tuning_expert_checkpoint_copy	4325454	outputs/cifar100_4agent_25cls_hetero4arch_ipc10_guardian_vgg_dense_ep75_lr0p01_fr0p25_kd0p4_t4p0_self3p0/agents/agent_1/checkpoints/expert_model.pt	repeated checkpoint inside tuning output; metrics/packets/logs retained
ipc10_tuning_expert_checkpoint_copy	39239126	outputs/cifar100_4agent_25cls_hetero4arch_ipc10_guardian_vgg_dense_ep75_lr0p01_fr0p25_kd0p4_t4p0_self3p0/agents/agent_2/checkpoints/expert_model.pt	repeated checkpoint inside tuning output; metrics/packets/logs retained
ipc10_tuning_expert_checkpoint_copy	28123900	outputs/cifar100_4agent_25cls_hetero4arch_ipc10_guardian_vgg_dense_ep75_lr0p01_fr0p25_kd0p4_t4p0_self3p0/agents/agent_3/checkpoints/expert_model.pt	repeated checkpoint inside tuning output; metrics/packets/logs retained
ipc10_tuning_expert_checkpoint_copy	2023046	outputs/cifar100_4agent_25cls_hetero4arch_ipc10_guardian_vgg_dense_ep75_lr0p01_fr0p25_kd0p5_t3p0_self3p0/agents/agent_0/checkpoints/expert_model.pt	repeated checkpoint inside tuning output; metrics/packets/logs retained
ipc10_tuning_expert_checkpoint_copy	4325454	outputs/cifar100_4agent_25cls_hetero4arch_ipc10_guardian_vgg_dense_ep75_lr0p01_fr0p25_kd0p5_t3p0_self3p0/agents/agent_1/checkpoints/expert_model.pt	repeated checkpoint inside tuning output; metrics/packets/logs retained
ipc10_tuning_expert_checkpoint_copy	39239126	outputs/cifar100_4agent_25cls_hetero4arch_ipc10_guardian_vgg_dense_ep75_lr0p01_fr0p25_kd0p5_t3p0_self3p0/agents/agent_2/checkpoints/expert_model.pt	repeated checkpoint inside tuning output; metrics/packets/logs retained
ipc10_tuning_expert_checkpoint_copy	28123900	outputs/cifar100_4agent_25cls_hetero4arch_ipc10_guardian_vgg_dense_ep75_lr0p01_fr0p25_kd0p5_t3p0_self3p0/agents/agent_3/checkpoints/expert_model.pt	repeated checkpoint inside tuning output; metrics/packets/logs retained
ipc10_tuning_expert_checkpoint_copy	2023046	outputs/cifar100_4agent_25cls_hetero4arch_ipc10_guardian_vgg_dense_ep75_lr0p01_fr0p25_kd0p5_t4p0_self3p0/agents/agent_0/checkpoints/expert_model.pt	repeated checkpoint inside tuning output; metrics/packets/logs retained
ipc10_tuning_expert_checkpoint_copy	4325454	outputs/cifar100_4agent_25cls_hetero4arch_ipc10_guardian_vgg_dense_ep75_lr0p01_fr0p25_kd0p5_t4p0_self3p0/agents/agent_1/checkpoints/expert_model.pt	repeated checkpoint inside tuning output; metrics/packets/logs retained
ipc10_tuning_expert_checkpoint_copy	39239126	outputs/cifar100_4agent_25cls_hetero4arch_ipc10_guardian_vgg_dense_ep75_lr0p01_fr0p25_kd0p5_t4p0_self3p0/agents/agent_2/checkpoints/expert_model.pt	repeated checkpoint inside tuning output; metrics/packets/logs retained
ipc10_tuning_expert_checkpoint_copy	28123900	outputs/cifar100_4agent_25cls_hetero4arch_ipc10_guardian_vgg_dense_ep75_lr0p01_fr0p25_kd0p5_t4p0_self3p0/agents/agent_3/checkpoints/expert_model.pt	repeated checkpoint inside tuning output; metrics/packets/logs retained
ipc10_tuning_expert_checkpoint_copy	2023046	outputs/cifar100_4agent_25cls_hetero4arch_ipc10_guardian_vgg_dense_ep75_lr0p01_fr0p25_kd0p6_t3p0_self3p0/agents/agent_0/checkpoints/expert_model.pt	repeated checkpoint inside tuning output; metrics/packets/logs retained
ipc10_tuning_expert_checkpoint_copy	4325454	outputs/cifar100_4agent_25cls_hetero4arch_ipc10_guardian_vgg_dense_ep75_lr0p01_fr0p25_kd0p6_t3p0_self3p0/agents/agent_1/checkpoints/expert_model.pt	repeated checkpoint inside tuning output; metrics/packets/logs retained
ipc10_tuning_expert_checkpoint_copy	39239126	outputs/cifar100_4agent_25cls_hetero4arch_ipc10_guardian_vgg_dense_ep75_lr0p01_fr0p25_kd0p6_t3p0_self3p0/agents/agent_2/checkpoints/expert_model.pt	repeated checkpoint inside tuning output; metrics/packets/logs retained
ipc10_tuning_expert_checkpoint_copy	28123900	outputs/cifar100_4agent_25cls_hetero4arch_ipc10_guardian_vgg_dense_ep75_lr0p01_fr0p25_kd0p6_t3p0_self3p0/agents/agent_3/checkpoints/expert_model.pt	repeated checkpoint inside tuning output; metrics/packets/logs retained
ipc10_tuning_expert_checkpoint_copy	2023046	outputs/cifar100_4agent_25cls_hetero4arch_ipc10_guardian_vgg_dense_ep75_lr0p01_fr0p25_kd0p6_t4p0_self3p0/agents/agent_0/checkpoints/expert_model.pt	repeated checkpoint inside tuning output; metrics/packets/logs retained
ipc10_tuning_expert_checkpoint_copy	4325454	outputs/cifar100_4agent_25cls_hetero4arch_ipc10_guardian_vgg_dense_ep75_lr0p01_fr0p25_kd0p6_t4p0_self3p0/agents/agent_1/checkpoints/expert_model.pt	repeated checkpoint inside tuning output; metrics/packets/logs retained
ipc10_tuning_expert_checkpoint_copy	39239126	outputs/cifar100_4agent_25cls_hetero4arch_ipc10_guardian_vgg_dense_ep75_lr0p01_fr0p25_kd0p6_t4p0_self3p0/agents/agent_2/checkpoints/expert_model.pt	repeated checkpoint inside tuning output; metrics/packets/logs retained
ipc10_tuning_expert_checkpoint_copy	28123900	outputs/cifar100_4agent_25cls_hetero4arch_ipc10_guardian_vgg_dense_ep75_lr0p01_fr0p25_kd0p6_t4p0_self3p0/agents/agent_3/checkpoints/expert_model.pt	repeated checkpoint inside tuning output; metrics/packets/logs retained
ipc10_tuning_expert_checkpoint_copy	2023046	outputs/cifar100_4agent_25cls_hetero4arch_ipc10_guardian_vgg_dense_ep75_lr0p01_fr0p3_kd0p3_t3p0_self3p0/agents/agent_0/checkpoints/expert_model.pt	repeated checkpoint inside tuning output; metrics/packets/logs retained
ipc10_tuning_expert_checkpoint_copy	4325454	outputs/cifar100_4agent_25cls_hetero4arch_ipc10_guardian_vgg_dense_ep75_lr0p01_fr0p3_kd0p3_t3p0_self3p0/agents/agent_1/checkpoints/expert_model.pt	repeated checkpoint inside tuning output; metrics/packets/logs retained
ipc10_tuning_expert_checkpoint_copy	39239126	outputs/cifar100_4agent_25cls_hetero4arch_ipc10_guardian_vgg_dense_ep75_lr0p01_fr0p3_kd0p3_t3p0_self3p0/agents/agent_2/checkpoints/expert_model.pt	repeated checkpoint inside tuning output; metrics/packets/logs retained
ipc10_tuning_expert_checkpoint_copy	28123900	outputs/cifar100_4agent_25cls_hetero4arch_ipc10_guardian_vgg_dense_ep75_lr0p01_fr0p3_kd0p3_t3p0_self3p0/agents/agent_3/checkpoints/expert_model.pt	repeated checkpoint inside tuning output; metrics/packets/logs retained
ipc10_tuning_expert_checkpoint_copy	2023046	outputs/cifar100_4agent_25cls_hetero4arch_ipc10_guardian_vgg_dense_ep75_lr0p01_fr0p3_kd0p3_t4p0_self3p0/agents/agent_0/checkpoints/expert_model.pt	repeated checkpoint inside tuning output; metrics/packets/logs retained
ipc10_tuning_expert_checkpoint_copy	4325454	outputs/cifar100_4agent_25cls_hetero4arch_ipc10_guardian_vgg_dense_ep75_lr0p01_fr0p3_kd0p3_t4p0_self3p0/agents/agent_1/checkpoints/expert_model.pt	repeated checkpoint inside tuning output; metrics/packets/logs retained
ipc10_tuning_expert_checkpoint_copy	39239126	outputs/cifar100_4agent_25cls_hetero4arch_ipc10_guardian_vgg_dense_ep75_lr0p01_fr0p3_kd0p3_t4p0_self3p0/agents/agent_2/checkpoints/expert_model.pt	repeated checkpoint inside tuning output; metrics/packets/logs retained
ipc10_tuning_expert_checkpoint_copy	28123900	outputs/cifar100_4agent_25cls_hetero4arch_ipc10_guardian_vgg_dense_ep75_lr0p01_fr0p3_kd0p3_t4p0_self3p0/agents/agent_3/checkpoints/expert_model.pt	repeated checkpoint inside tuning output; metrics/packets/logs retained
ipc10_tuning_expert_checkpoint_copy	2023046	outputs/cifar100_4agent_25cls_hetero4arch_ipc10_guardian_vgg_dense_ep75_lr0p01_fr0p3_kd0p4_t3p0_self3p0/agents/agent_0/checkpoints/expert_model.pt	repeated checkpoint inside tuning output; metrics/packets/logs retained
ipc10_tuning_expert_checkpoint_copy	4325454	outputs/cifar100_4agent_25cls_hetero4arch_ipc10_guardian_vgg_dense_ep75_lr0p01_fr0p3_kd0p4_t3p0_self3p0/agents/agent_1/checkpoints/expert_model.pt	repeated checkpoint inside tuning output; metrics/packets/logs retained
ipc10_tuning_expert_checkpoint_copy	39239126	outputs/cifar100_4agent_25cls_hetero4arch_ipc10_guardian_vgg_dense_ep75_lr0p01_fr0p3_kd0p4_t3p0_self3p0/agents/agent_2/checkpoints/expert_model.pt	repeated checkpoint inside tuning output; metrics/packets/logs retained
ipc10_tuning_expert_checkpoint_copy	28123900	outputs/cifar100_4agent_25cls_hetero4arch_ipc10_guardian_vgg_dense_ep75_lr0p01_fr0p3_kd0p4_t3p0_self3p0/agents/agent_3/checkpoints/expert_model.pt	repeated checkpoint inside tuning output; metrics/packets/logs retained
ipc10_tuning_expert_checkpoint_copy	2023046	outputs/cifar100_4agent_25cls_hetero4arch_ipc10_guardian_vgg_dense_ep75_lr0p01_fr0p3_kd0p4_t4p0_self3p0/agents/agent_0/checkpoints/expert_model.pt	repeated checkpoint inside tuning output; metrics/packets/logs retained
ipc10_tuning_expert_checkpoint_copy	4325454	outputs/cifar100_4agent_25cls_hetero4arch_ipc10_guardian_vgg_dense_ep75_lr0p01_fr0p3_kd0p4_t4p0_self3p0/agents/agent_1/checkpoints/expert_model.pt	repeated checkpoint inside tuning output; metrics/packets/logs retained
ipc10_tuning_expert_checkpoint_copy	39239126	outputs/cifar100_4agent_25cls_hetero4arch_ipc10_guardian_vgg_dense_ep75_lr0p01_fr0p3_kd0p4_t4p0_self3p0/agents/agent_2/checkpoints/expert_model.pt	repeated checkpoint inside tuning output; metrics/packets/logs retained
ipc10_tuning_expert_checkpoint_copy	28123900	outputs/cifar100_4agent_25cls_hetero4arch_ipc10_guardian_vgg_dense_ep75_lr0p01_fr0p3_kd0p4_t4p0_self3p0/agents/agent_3/checkpoints/expert_model.pt	repeated checkpoint inside tuning output; metrics/packets/logs retained
ipc10_tuning_expert_checkpoint_copy	2023046	outputs/cifar100_4agent_25cls_hetero4arch_ipc10_guardian_vgg_dense_ep75_lr0p01_fr0p3_kd0p5_t3p0_self3p0/agents/agent_0/checkpoints/expert_model.pt	repeated checkpoint inside tuning output; metrics/packets/logs retained
ipc10_tuning_expert_checkpoint_copy	4325454	outputs/cifar100_4agent_25cls_hetero4arch_ipc10_guardian_vgg_dense_ep75_lr0p01_fr0p3_kd0p5_t3p0_self3p0/agents/agent_1/checkpoints/expert_model.pt	repeated checkpoint inside tuning output; metrics/packets/logs retained
ipc10_tuning_expert_checkpoint_copy	39239126	outputs/cifar100_4agent_25cls_hetero4arch_ipc10_guardian_vgg_dense_ep75_lr0p01_fr0p3_kd0p5_t3p0_self3p0/agents/agent_2/checkpoints/expert_model.pt	repeated checkpoint inside tuning output; metrics/packets/logs retained
ipc10_tuning_expert_checkpoint_copy	28123900	outputs/cifar100_4agent_25cls_hetero4arch_ipc10_guardian_vgg_dense_ep75_lr0p01_fr0p3_kd0p5_t3p0_self3p0/agents/agent_3/checkpoints/expert_model.pt	repeated checkpoint inside tuning output; metrics/packets/logs retained
ipc10_tuning_expert_checkpoint_copy	2023046	outputs/cifar100_4agent_25cls_hetero4arch_ipc10_guardian_vgg_dense_ep75_lr0p01_fr0p3_kd0p5_t4p0_self3p0/agents/agent_0/checkpoints/expert_model.pt	repeated checkpoint inside tuning output; metrics/packets/logs retained
ipc10_tuning_expert_checkpoint_copy	4325454	outputs/cifar100_4agent_25cls_hetero4arch_ipc10_guardian_vgg_dense_ep75_lr0p01_fr0p3_kd0p5_t4p0_self3p0/agents/agent_1/checkpoints/expert_model.pt	repeated checkpoint inside tuning output; metrics/packets/logs retained
ipc10_tuning_expert_checkpoint_copy	39239126	outputs/cifar100_4agent_25cls_hetero4arch_ipc10_guardian_vgg_dense_ep75_lr0p01_fr0p3_kd0p5_t4p0_self3p0/agents/agent_2/checkpoints/expert_model.pt	repeated checkpoint inside tuning output; metrics/packets/logs retained
ipc10_tuning_expert_checkpoint_copy	28123900	outputs/cifar100_4agent_25cls_hetero4arch_ipc10_guardian_vgg_dense_ep75_lr0p01_fr0p3_kd0p5_t4p0_self3p0/agents/agent_3/checkpoints/expert_model.pt	repeated checkpoint inside tuning output; metrics/packets/logs retained
ipc10_tuning_expert_checkpoint_copy	2023046	outputs/cifar100_4agent_25cls_hetero4arch_ipc10_guardian_vgg_dense_ep75_lr0p01_fr0p3_kd0p6_t3p0_self3p0/agents/agent_0/checkpoints/expert_model.pt	repeated checkpoint inside tuning output; metrics/packets/logs retained
ipc10_tuning_expert_checkpoint_copy	4325454	outputs/cifar100_4agent_25cls_hetero4arch_ipc10_guardian_vgg_dense_ep75_lr0p01_fr0p3_kd0p6_t3p0_self3p0/agents/agent_1/checkpoints/expert_model.pt	repeated checkpoint inside tuning output; metrics/packets/logs retained
ipc10_tuning_expert_checkpoint_copy	39239126	outputs/cifar100_4agent_25cls_hetero4arch_ipc10_guardian_vgg_dense_ep75_lr0p01_fr0p3_kd0p6_t3p0_self3p0/agents/agent_2/checkpoints/expert_model.pt	repeated checkpoint inside tuning output; metrics/packets/logs retained
ipc10_tuning_expert_checkpoint_copy	28123900	outputs/cifar100_4agent_25cls_hetero4arch_ipc10_guardian_vgg_dense_ep75_lr0p01_fr0p3_kd0p6_t3p0_self3p0/agents/agent_3/checkpoints/expert_model.pt	repeated checkpoint inside tuning output; metrics/packets/logs retained
ipc10_tuning_expert_checkpoint_copy	2023046	outputs/cifar100_4agent_25cls_hetero4arch_ipc10_guardian_vgg_dense_ep75_lr0p01_fr0p3_kd0p6_t4p0_self3p0/agents/agent_0/checkpoints/expert_model.pt	repeated checkpoint inside tuning output; metrics/packets/logs retained
ipc10_tuning_expert_checkpoint_copy	4325454	outputs/cifar100_4agent_25cls_hetero4arch_ipc10_guardian_vgg_dense_ep75_lr0p01_fr0p3_kd0p6_t4p0_self3p0/agents/agent_1/checkpoints/expert_model.pt	repeated checkpoint inside tuning output; metrics/packets/logs retained
ipc10_tuning_expert_checkpoint_copy	39239126	outputs/cifar100_4agent_25cls_hetero4arch_ipc10_guardian_vgg_dense_ep75_lr0p01_fr0p3_kd0p6_t4p0_self3p0/agents/agent_2/checkpoints/expert_model.pt	repeated checkpoint inside tuning output; metrics/packets/logs retained
ipc10_tuning_expert_checkpoint_copy	28123900	outputs/cifar100_4agent_25cls_hetero4arch_ipc10_guardian_vgg_dense_ep75_lr0p01_fr0p3_kd0p6_t4p0_self3p0/agents/agent_3/checkpoints/expert_model.pt	repeated checkpoint inside tuning output; metrics/packets/logs retained
ipc10_tuning_expert_checkpoint_copy	2023046	outputs/cifar100_4agent_25cls_hetero4arch_ipc10_guardian_vgg_g3_ep090_fr025_kd050_t3_sched_self20/agents/agent_0/checkpoints/expert_model.pt	repeated checkpoint inside tuning output; metrics/packets/logs retained
ipc10_tuning_expert_checkpoint_copy	4325454	outputs/cifar100_4agent_25cls_hetero4arch_ipc10_guardian_vgg_g3_ep090_fr025_kd050_t3_sched_self20/agents/agent_1/checkpoints/expert_model.pt	repeated checkpoint inside tuning output; metrics/packets/logs retained
ipc10_tuning_expert_checkpoint_copy	39239126	outputs/cifar100_4agent_25cls_hetero4arch_ipc10_guardian_vgg_g3_ep090_fr025_kd050_t3_sched_self20/agents/agent_2/checkpoints/expert_model.pt	repeated checkpoint inside tuning output; metrics/packets/logs retained
ipc10_tuning_expert_checkpoint_copy	28123900	outputs/cifar100_4agent_25cls_hetero4arch_ipc10_guardian_vgg_g3_ep090_fr025_kd050_t3_sched_self20/agents/agent_3/checkpoints/expert_model.pt	repeated checkpoint inside tuning output; metrics/packets/logs retained
ipc10_tuning_expert_checkpoint_copy	2023046	outputs/cifar100_4agent_25cls_hetero4arch_ipc10_guardian_vgg_g3_ep090_fr030_kd050_t3_sched_self30/agents/agent_0/checkpoints/expert_model.pt	repeated checkpoint inside tuning output; metrics/packets/logs retained
ipc10_tuning_expert_checkpoint_copy	4325454	outputs/cifar100_4agent_25cls_hetero4arch_ipc10_guardian_vgg_g3_ep090_fr030_kd050_t3_sched_self30/agents/agent_1/checkpoints/expert_model.pt	repeated checkpoint inside tuning output; metrics/packets/logs retained
ipc10_tuning_expert_checkpoint_copy	39239126	outputs/cifar100_4agent_25cls_hetero4arch_ipc10_guardian_vgg_g3_ep090_fr030_kd050_t3_sched_self30/agents/agent_2/checkpoints/expert_model.pt	repeated checkpoint inside tuning output; metrics/packets/logs retained
ipc10_tuning_expert_checkpoint_copy	28123900	outputs/cifar100_4agent_25cls_hetero4arch_ipc10_guardian_vgg_g3_ep090_fr030_kd050_t3_sched_self30/agents/agent_3/checkpoints/expert_model.pt	repeated checkpoint inside tuning output; metrics/packets/logs retained
ipc10_tuning_expert_checkpoint_copy	2023046	outputs/cifar100_4agent_25cls_hetero4arch_ipc10_guardian_vgg_g3_fr020_kd040_t4_sched_self30/agents/agent_0/checkpoints/expert_model.pt	repeated checkpoint inside tuning output; metrics/packets/logs retained
ipc10_tuning_expert_checkpoint_copy	4325454	outputs/cifar100_4agent_25cls_hetero4arch_ipc10_guardian_vgg_g3_fr020_kd040_t4_sched_self30/agents/agent_1/checkpoints/expert_model.pt	repeated checkpoint inside tuning output; metrics/packets/logs retained
ipc10_tuning_expert_checkpoint_copy	39239126	outputs/cifar100_4agent_25cls_hetero4arch_ipc10_guardian_vgg_g3_fr020_kd040_t4_sched_self30/agents/agent_2/checkpoints/expert_model.pt	repeated checkpoint inside tuning output; metrics/packets/logs retained
ipc10_tuning_expert_checkpoint_copy	28123900	outputs/cifar100_4agent_25cls_hetero4arch_ipc10_guardian_vgg_g3_fr020_kd040_t4_sched_self30/agents/agent_3/checkpoints/expert_model.pt	repeated checkpoint inside tuning output; metrics/packets/logs retained
ipc10_tuning_expert_checkpoint_copy	2023046	outputs/cifar100_4agent_25cls_hetero4arch_ipc10_guardian_vgg_g3_fr025_kd050_t3_sched_self30/agents/agent_0/checkpoints/expert_model.pt	repeated checkpoint inside tuning output; metrics/packets/logs retained
ipc10_tuning_expert_checkpoint_copy	4325454	outputs/cifar100_4agent_25cls_hetero4arch_ipc10_guardian_vgg_g3_fr025_kd050_t3_sched_self30/agents/agent_1/checkpoints/expert_model.pt	repeated checkpoint inside tuning output; metrics/packets/logs retained
ipc10_tuning_expert_checkpoint_copy	39239126	outputs/cifar100_4agent_25cls_hetero4arch_ipc10_guardian_vgg_g3_fr025_kd050_t3_sched_self30/agents/agent_2/checkpoints/expert_model.pt	repeated checkpoint inside tuning output; metrics/packets/logs retained
ipc10_tuning_expert_checkpoint_copy	28123900	outputs/cifar100_4agent_25cls_hetero4arch_ipc10_guardian_vgg_g3_fr025_kd050_t3_sched_self30/agents/agent_3/checkpoints/expert_model.pt	repeated checkpoint inside tuning output; metrics/packets/logs retained
ipc10_tuning_expert_checkpoint_copy	2023046	outputs/cifar100_4agent_25cls_hetero4arch_ipc10_guardian_vgg_g3_fr030_kd040_t3_sched_self30/agents/agent_0/checkpoints/expert_model.pt	repeated checkpoint inside tuning output; metrics/packets/logs retained
ipc10_tuning_expert_checkpoint_copy	4325454	outputs/cifar100_4agent_25cls_hetero4arch_ipc10_guardian_vgg_g3_fr030_kd040_t3_sched_self30/agents/agent_1/checkpoints/expert_model.pt	repeated checkpoint inside tuning output; metrics/packets/logs retained
ipc10_tuning_expert_checkpoint_copy	39239126	outputs/cifar100_4agent_25cls_hetero4arch_ipc10_guardian_vgg_g3_fr030_kd040_t3_sched_self30/agents/agent_2/checkpoints/expert_model.pt	repeated checkpoint inside tuning output; metrics/packets/logs retained
ipc10_tuning_expert_checkpoint_copy	28123900	outputs/cifar100_4agent_25cls_hetero4arch_ipc10_guardian_vgg_g3_fr030_kd040_t3_sched_self30/agents/agent_3/checkpoints/expert_model.pt	repeated checkpoint inside tuning output; metrics/packets/logs retained
ipc10_tuning_expert_checkpoint_copy	2023046	outputs/cifar100_4agent_25cls_hetero4arch_ipc10_guardian_vgg_g3_fr030_kd050_t3_sched_self30/agents/agent_0/checkpoints/expert_model.pt	repeated checkpoint inside tuning output; metrics/packets/logs retained
ipc10_tuning_expert_checkpoint_copy	4325454	outputs/cifar100_4agent_25cls_hetero4arch_ipc10_guardian_vgg_g3_fr030_kd050_t3_sched_self30/agents/agent_1/checkpoints/expert_model.pt	repeated checkpoint inside tuning output; metrics/packets/logs retained
ipc10_tuning_expert_checkpoint_copy	39239126	outputs/cifar100_4agent_25cls_hetero4arch_ipc10_guardian_vgg_g3_fr030_kd050_t3_sched_self30/agents/agent_2/checkpoints/expert_model.pt	repeated checkpoint inside tuning output; metrics/packets/logs retained
ipc10_tuning_expert_checkpoint_copy	28123900	outputs/cifar100_4agent_25cls_hetero4arch_ipc10_guardian_vgg_g3_fr030_kd050_t3_sched_self30/agents/agent_3/checkpoints/expert_model.pt	repeated checkpoint inside tuning output; metrics/packets/logs retained
ipc10_tuning_expert_checkpoint_copy	2023046	outputs/cifar100_4agent_25cls_hetero4arch_ipc10_guardian_vgg_g3_fr035_kd060_t3_sched_self20/agents/agent_0/checkpoints/expert_model.pt	repeated checkpoint inside tuning output; metrics/packets/logs retained
ipc10_tuning_expert_checkpoint_copy	4325454	outputs/cifar100_4agent_25cls_hetero4arch_ipc10_guardian_vgg_g3_fr035_kd060_t3_sched_self20/agents/agent_1/checkpoints/expert_model.pt	repeated checkpoint inside tuning output; metrics/packets/logs retained
ipc10_tuning_expert_checkpoint_copy	39239126	outputs/cifar100_4agent_25cls_hetero4arch_ipc10_guardian_vgg_g3_fr035_kd060_t3_sched_self20/agents/agent_2/checkpoints/expert_model.pt	repeated checkpoint inside tuning output; metrics/packets/logs retained
ipc10_tuning_expert_checkpoint_copy	28123900	outputs/cifar100_4agent_25cls_hetero4arch_ipc10_guardian_vgg_g3_fr035_kd060_t3_sched_self20/agents/agent_3/checkpoints/expert_model.pt	repeated checkpoint inside tuning output; metrics/packets/logs retained
ipc10_tuning_expert_checkpoint_copy	2023046	outputs/cifar100_4agent_25cls_hetero4arch_ipc10_guardian_vgg_g3_fr040_kd060_t3_sched_self20/agents/agent_0/checkpoints/expert_model.pt	repeated checkpoint inside tuning output; metrics/packets/logs retained
ipc10_tuning_expert_checkpoint_copy	4325454	outputs/cifar100_4agent_25cls_hetero4arch_ipc10_guardian_vgg_g3_fr040_kd060_t3_sched_self20/agents/agent_1/checkpoints/expert_model.pt	repeated checkpoint inside tuning output; metrics/packets/logs retained
ipc10_tuning_expert_checkpoint_copy	39239126	outputs/cifar100_4agent_25cls_hetero4arch_ipc10_guardian_vgg_g3_fr040_kd060_t3_sched_self20/agents/agent_2/checkpoints/expert_model.pt	repeated checkpoint inside tuning output; metrics/packets/logs retained
ipc10_tuning_expert_checkpoint_copy	28123900	outputs/cifar100_4agent_25cls_hetero4arch_ipc10_guardian_vgg_g3_fr040_kd060_t3_sched_self20/agents/agent_3/checkpoints/expert_model.pt	repeated checkpoint inside tuning output; metrics/packets/logs retained
ipc10_tuning_expert_checkpoint_copy	2023046	outputs/cifar100_4agent_25cls_hetero4arch_ipc10_tune2_alex_ep075_fr020_kd060_t3_sched/agents/agent_0/checkpoints/expert_model.pt	repeated checkpoint inside tuning output; metrics/packets/logs retained
ipc10_tuning_expert_checkpoint_copy	4325454	outputs/cifar100_4agent_25cls_hetero4arch_ipc10_tune2_alex_ep075_fr020_kd060_t3_sched/agents/agent_1/checkpoints/expert_model.pt	repeated checkpoint inside tuning output; metrics/packets/logs retained
ipc10_tuning_expert_checkpoint_copy	39239126	outputs/cifar100_4agent_25cls_hetero4arch_ipc10_tune2_alex_ep075_fr020_kd060_t3_sched/agents/agent_2/checkpoints/expert_model.pt	repeated checkpoint inside tuning output; metrics/packets/logs retained
ipc10_tuning_expert_checkpoint_copy	28123900	outputs/cifar100_4agent_25cls_hetero4arch_ipc10_tune2_alex_ep075_fr020_kd060_t3_sched/agents/agent_3/checkpoints/expert_model.pt	repeated checkpoint inside tuning output; metrics/packets/logs retained
ipc10_tuning_expert_checkpoint_copy	2023046	outputs/cifar100_4agent_25cls_hetero4arch_ipc10_tune2_alex_fr020_kd060_t3_sched/agents/agent_0/checkpoints/expert_model.pt	repeated checkpoint inside tuning output; metrics/packets/logs retained
ipc10_tuning_expert_checkpoint_copy	4325454	outputs/cifar100_4agent_25cls_hetero4arch_ipc10_tune2_alex_fr020_kd060_t3_sched/agents/agent_1/checkpoints/expert_model.pt	repeated checkpoint inside tuning output; metrics/packets/logs retained
ipc10_tuning_expert_checkpoint_copy	39239126	outputs/cifar100_4agent_25cls_hetero4arch_ipc10_tune2_alex_fr020_kd060_t3_sched/agents/agent_2/checkpoints/expert_model.pt	repeated checkpoint inside tuning output; metrics/packets/logs retained
ipc10_tuning_expert_checkpoint_copy	28123900	outputs/cifar100_4agent_25cls_hetero4arch_ipc10_tune2_alex_fr020_kd060_t3_sched/agents/agent_3/checkpoints/expert_model.pt	repeated checkpoint inside tuning output; metrics/packets/logs retained
ipc10_tuning_expert_checkpoint_copy	2023046	outputs/cifar100_4agent_25cls_hetero4arch_ipc10_tune2_alex_fr020_kd060_t3_sched_self15/agents/agent_0/checkpoints/expert_model.pt	repeated checkpoint inside tuning output; metrics/packets/logs retained
ipc10_tuning_expert_checkpoint_copy	4325454	outputs/cifar100_4agent_25cls_hetero4arch_ipc10_tune2_alex_fr020_kd060_t3_sched_self15/agents/agent_1/checkpoints/expert_model.pt	repeated checkpoint inside tuning output; metrics/packets/logs retained
ipc10_tuning_expert_checkpoint_copy	39239126	outputs/cifar100_4agent_25cls_hetero4arch_ipc10_tune2_alex_fr020_kd060_t3_sched_self15/agents/agent_2/checkpoints/expert_model.pt	repeated checkpoint inside tuning output; metrics/packets/logs retained
ipc10_tuning_expert_checkpoint_copy	28123900	outputs/cifar100_4agent_25cls_hetero4arch_ipc10_tune2_alex_fr020_kd060_t3_sched_self15/agents/agent_3/checkpoints/expert_model.pt	repeated checkpoint inside tuning output; metrics/packets/logs retained
ipc10_tuning_expert_checkpoint_copy	2023046	outputs/cifar100_4agent_25cls_hetero4arch_ipc10_tune2_alex_fr020_kd060_t4_sched/agents/agent_0/checkpoints/expert_model.pt	repeated checkpoint inside tuning output; metrics/packets/logs retained
ipc10_tuning_expert_checkpoint_copy	4325454	outputs/cifar100_4agent_25cls_hetero4arch_ipc10_tune2_alex_fr020_kd060_t4_sched/agents/agent_1/checkpoints/expert_model.pt	repeated checkpoint inside tuning output; metrics/packets/logs retained
ipc10_tuning_expert_checkpoint_copy	39239126	outputs/cifar100_4agent_25cls_hetero4arch_ipc10_tune2_alex_fr020_kd060_t4_sched/agents/agent_2/checkpoints/expert_model.pt	repeated checkpoint inside tuning output; metrics/packets/logs retained
ipc10_tuning_expert_checkpoint_copy	28123900	outputs/cifar100_4agent_25cls_hetero4arch_ipc10_tune2_alex_fr020_kd060_t4_sched/agents/agent_3/checkpoints/expert_model.pt	repeated checkpoint inside tuning output; metrics/packets/logs retained
ipc10_tuning_expert_checkpoint_copy	2023046	outputs/cifar100_4agent_25cls_hetero4arch_ipc10_tune2_alex_fr020_kd070_t3_sched/agents/agent_0/checkpoints/expert_model.pt	repeated checkpoint inside tuning output; metrics/packets/logs retained
ipc10_tuning_expert_checkpoint_copy	4325454	outputs/cifar100_4agent_25cls_hetero4arch_ipc10_tune2_alex_fr020_kd070_t3_sched/agents/agent_1/checkpoints/expert_model.pt	repeated checkpoint inside tuning output; metrics/packets/logs retained
ipc10_tuning_expert_checkpoint_copy	39239126	outputs/cifar100_4agent_25cls_hetero4arch_ipc10_tune2_alex_fr020_kd070_t3_sched/agents/agent_2/checkpoints/expert_model.pt	repeated checkpoint inside tuning output; metrics/packets/logs retained
ipc10_tuning_expert_checkpoint_copy	28123900	outputs/cifar100_4agent_25cls_hetero4arch_ipc10_tune2_alex_fr020_kd070_t3_sched/agents/agent_3/checkpoints/expert_model.pt	repeated checkpoint inside tuning output; metrics/packets/logs retained
ipc10_tuning_expert_checkpoint_copy	2023046	outputs/cifar100_4agent_25cls_hetero4arch_ipc10_tune2_alex_fr025_kd060_t3_sched/agents/agent_0/checkpoints/expert_model.pt	repeated checkpoint inside tuning output; metrics/packets/logs retained
ipc10_tuning_expert_checkpoint_copy	4325454	outputs/cifar100_4agent_25cls_hetero4arch_ipc10_tune2_alex_fr025_kd060_t3_sched/agents/agent_1/checkpoints/expert_model.pt	repeated checkpoint inside tuning output; metrics/packets/logs retained
ipc10_tuning_expert_checkpoint_copy	39239126	outputs/cifar100_4agent_25cls_hetero4arch_ipc10_tune2_alex_fr025_kd060_t3_sched/agents/agent_2/checkpoints/expert_model.pt	repeated checkpoint inside tuning output; metrics/packets/logs retained
ipc10_tuning_expert_checkpoint_copy	28123900	outputs/cifar100_4agent_25cls_hetero4arch_ipc10_tune2_alex_fr025_kd060_t3_sched/agents/agent_3/checkpoints/expert_model.pt	repeated checkpoint inside tuning output; metrics/packets/logs retained
ipc10_tuning_expert_checkpoint_copy	2023046	outputs/cifar100_4agent_25cls_hetero4arch_ipc10_tune2_vgg_ep075_fr020_kd060_t3_sched_self20/agents/agent_0/checkpoints/expert_model.pt	repeated checkpoint inside tuning output; metrics/packets/logs retained
ipc10_tuning_expert_checkpoint_copy	4325454	outputs/cifar100_4agent_25cls_hetero4arch_ipc10_tune2_vgg_ep075_fr020_kd060_t3_sched_self20/agents/agent_1/checkpoints/expert_model.pt	repeated checkpoint inside tuning output; metrics/packets/logs retained
ipc10_tuning_expert_checkpoint_copy	39239126	outputs/cifar100_4agent_25cls_hetero4arch_ipc10_tune2_vgg_ep075_fr020_kd060_t3_sched_self20/agents/agent_2/checkpoints/expert_model.pt	repeated checkpoint inside tuning output; metrics/packets/logs retained
ipc10_tuning_expert_checkpoint_copy	28123900	outputs/cifar100_4agent_25cls_hetero4arch_ipc10_tune2_vgg_ep075_fr020_kd060_t3_sched_self20/agents/agent_3/checkpoints/expert_model.pt	repeated checkpoint inside tuning output; metrics/packets/logs retained
ipc10_tuning_expert_checkpoint_copy	2023046	outputs/cifar100_4agent_25cls_hetero4arch_ipc10_tune2_vgg_fr020_kd050_t3_sched_self20/agents/agent_0/checkpoints/expert_model.pt	repeated checkpoint inside tuning output; metrics/packets/logs retained
ipc10_tuning_expert_checkpoint_copy	4325454	outputs/cifar100_4agent_25cls_hetero4arch_ipc10_tune2_vgg_fr020_kd050_t3_sched_self20/agents/agent_1/checkpoints/expert_model.pt	repeated checkpoint inside tuning output; metrics/packets/logs retained
ipc10_tuning_expert_checkpoint_copy	39239126	outputs/cifar100_4agent_25cls_hetero4arch_ipc10_tune2_vgg_fr020_kd050_t3_sched_self20/agents/agent_2/checkpoints/expert_model.pt	repeated checkpoint inside tuning output; metrics/packets/logs retained
ipc10_tuning_expert_checkpoint_copy	28123900	outputs/cifar100_4agent_25cls_hetero4arch_ipc10_tune2_vgg_fr020_kd050_t3_sched_self20/agents/agent_3/checkpoints/expert_model.pt	repeated checkpoint inside tuning output; metrics/packets/logs retained
ipc10_tuning_expert_checkpoint_copy	2023046	outputs/cifar100_4agent_25cls_hetero4arch_ipc10_tune2_vgg_fr020_kd060_t3_latefr_self20/agents/agent_0/checkpoints/expert_model.pt	repeated checkpoint inside tuning output; metrics/packets/logs retained
ipc10_tuning_expert_checkpoint_copy	4325454	outputs/cifar100_4agent_25cls_hetero4arch_ipc10_tune2_vgg_fr020_kd060_t3_latefr_self20/agents/agent_1/checkpoints/expert_model.pt	repeated checkpoint inside tuning output; metrics/packets/logs retained
ipc10_tuning_expert_checkpoint_copy	39239126	outputs/cifar100_4agent_25cls_hetero4arch_ipc10_tune2_vgg_fr020_kd060_t3_latefr_self20/agents/agent_2/checkpoints/expert_model.pt	repeated checkpoint inside tuning output; metrics/packets/logs retained
ipc10_tuning_expert_checkpoint_copy	28123900	outputs/cifar100_4agent_25cls_hetero4arch_ipc10_tune2_vgg_fr020_kd060_t3_latefr_self20/agents/agent_3/checkpoints/expert_model.pt	repeated checkpoint inside tuning output; metrics/packets/logs retained
ipc10_tuning_expert_checkpoint_copy	2023046	outputs/cifar100_4agent_25cls_hetero4arch_ipc10_tune2_vgg_fr020_kd060_t3_sched_self20/agents/agent_0/checkpoints/expert_model.pt	repeated checkpoint inside tuning output; metrics/packets/logs retained
ipc10_tuning_expert_checkpoint_copy	4325454	outputs/cifar100_4agent_25cls_hetero4arch_ipc10_tune2_vgg_fr020_kd060_t3_sched_self20/agents/agent_1/checkpoints/expert_model.pt	repeated checkpoint inside tuning output; metrics/packets/logs retained
ipc10_tuning_expert_checkpoint_copy	39239126	outputs/cifar100_4agent_25cls_hetero4arch_ipc10_tune2_vgg_fr020_kd060_t3_sched_self20/agents/agent_2/checkpoints/expert_model.pt	repeated checkpoint inside tuning output; metrics/packets/logs retained
ipc10_tuning_expert_checkpoint_copy	28123900	outputs/cifar100_4agent_25cls_hetero4arch_ipc10_tune2_vgg_fr020_kd060_t3_sched_self20/agents/agent_3/checkpoints/expert_model.pt	repeated checkpoint inside tuning output; metrics/packets/logs retained
ipc10_tuning_expert_checkpoint_copy	2023046	outputs/cifar100_4agent_25cls_hetero4arch_ipc10_tune2_vgg_fr020_kd060_t3_sched_self30/agents/agent_0/checkpoints/expert_model.pt	repeated checkpoint inside tuning output; metrics/packets/logs retained
ipc10_tuning_expert_checkpoint_copy	4325454	outputs/cifar100_4agent_25cls_hetero4arch_ipc10_tune2_vgg_fr020_kd060_t3_sched_self30/agents/agent_1/checkpoints/expert_model.pt	repeated checkpoint inside tuning output; metrics/packets/logs retained
ipc10_tuning_expert_checkpoint_copy	39239126	outputs/cifar100_4agent_25cls_hetero4arch_ipc10_tune2_vgg_fr020_kd060_t3_sched_self30/agents/agent_2/checkpoints/expert_model.pt	repeated checkpoint inside tuning output; metrics/packets/logs retained
ipc10_tuning_expert_checkpoint_copy	28123900	outputs/cifar100_4agent_25cls_hetero4arch_ipc10_tune2_vgg_fr020_kd060_t3_sched_self30/agents/agent_3/checkpoints/expert_model.pt	repeated checkpoint inside tuning output; metrics/packets/logs retained
ipc10_tuning_expert_checkpoint_copy	2023046	outputs/cifar100_4agent_25cls_hetero4arch_ipc10_tune2_vgg_fr020_kd070_t4_sched_self20/agents/agent_0/checkpoints/expert_model.pt	repeated checkpoint inside tuning output; metrics/packets/logs retained
ipc10_tuning_expert_checkpoint_copy	4325454	outputs/cifar100_4agent_25cls_hetero4arch_ipc10_tune2_vgg_fr020_kd070_t4_sched_self20/agents/agent_1/checkpoints/expert_model.pt	repeated checkpoint inside tuning output; metrics/packets/logs retained
ipc10_tuning_expert_checkpoint_copy	39239126	outputs/cifar100_4agent_25cls_hetero4arch_ipc10_tune2_vgg_fr020_kd070_t4_sched_self20/agents/agent_2/checkpoints/expert_model.pt	repeated checkpoint inside tuning output; metrics/packets/logs retained
ipc10_tuning_expert_checkpoint_copy	28123900	outputs/cifar100_4agent_25cls_hetero4arch_ipc10_tune2_vgg_fr020_kd070_t4_sched_self20/agents/agent_3/checkpoints/expert_model.pt	repeated checkpoint inside tuning output; metrics/packets/logs retained
ipc10_tuning_expert_checkpoint_copy	2023046	outputs/cifar100_4agent_25cls_hetero4arch_ipc10_tune2_vgg_fr025_kd060_t3_sched_self20/agents/agent_0/checkpoints/expert_model.pt	repeated checkpoint inside tuning output; metrics/packets/logs retained
ipc10_tuning_expert_checkpoint_copy	4325454	outputs/cifar100_4agent_25cls_hetero4arch_ipc10_tune2_vgg_fr025_kd060_t3_sched_self20/agents/agent_1/checkpoints/expert_model.pt	repeated checkpoint inside tuning output; metrics/packets/logs retained
ipc10_tuning_expert_checkpoint_copy	39239126	outputs/cifar100_4agent_25cls_hetero4arch_ipc10_tune2_vgg_fr025_kd060_t3_sched_self20/agents/agent_2/checkpoints/expert_model.pt	repeated checkpoint inside tuning output; metrics/packets/logs retained
ipc10_tuning_expert_checkpoint_copy	28123900	outputs/cifar100_4agent_25cls_hetero4arch_ipc10_tune2_vgg_fr025_kd060_t3_sched_self20/agents/agent_3/checkpoints/expert_model.pt	repeated checkpoint inside tuning output; metrics/packets/logs retained
ipc10_tuning_expert_checkpoint_copy	2023046	outputs/cifar100_4agent_25cls_hetero4arch_ipc10_tune2_vgg_fr030_kd060_t3_sched_self20/agents/agent_0/checkpoints/expert_model.pt	repeated checkpoint inside tuning output; metrics/packets/logs retained
ipc10_tuning_expert_checkpoint_copy	4325454	outputs/cifar100_4agent_25cls_hetero4arch_ipc10_tune2_vgg_fr030_kd060_t3_sched_self20/agents/agent_1/checkpoints/expert_model.pt	repeated checkpoint inside tuning output; metrics/packets/logs retained
ipc10_tuning_expert_checkpoint_copy	39239126	outputs/cifar100_4agent_25cls_hetero4arch_ipc10_tune2_vgg_fr030_kd060_t3_sched_self20/agents/agent_2/checkpoints/expert_model.pt	repeated checkpoint inside tuning output; metrics/packets/logs retained
ipc10_tuning_expert_checkpoint_copy	28123900	outputs/cifar100_4agent_25cls_hetero4arch_ipc10_tune2_vgg_fr030_kd060_t3_sched_self20/agents/agent_3/checkpoints/expert_model.pt	repeated checkpoint inside tuning output; metrics/packets/logs retained
ipc10_tuning_expert_checkpoint_copy	2023046	outputs/cifar100_4agent_25cls_hetero4arch_ipc10_tune_ep050_fr020_kd050_t2/agents/agent_0/checkpoints/expert_model.pt	repeated checkpoint inside tuning output; metrics/packets/logs retained
ipc10_tuning_expert_checkpoint_copy	4325454	outputs/cifar100_4agent_25cls_hetero4arch_ipc10_tune_ep050_fr020_kd050_t2/agents/agent_1/checkpoints/expert_model.pt	repeated checkpoint inside tuning output; metrics/packets/logs retained
ipc10_tuning_expert_checkpoint_copy	39239126	outputs/cifar100_4agent_25cls_hetero4arch_ipc10_tune_ep050_fr020_kd050_t2/agents/agent_2/checkpoints/expert_model.pt	repeated checkpoint inside tuning output; metrics/packets/logs retained
ipc10_tuning_expert_checkpoint_copy	28123900	outputs/cifar100_4agent_25cls_hetero4arch_ipc10_tune_ep050_fr020_kd050_t2/agents/agent_3/checkpoints/expert_model.pt	repeated checkpoint inside tuning output; metrics/packets/logs retained
ipc10_tuning_expert_checkpoint_copy	2023046	outputs/cifar100_4agent_25cls_hetero4arch_ipc10_tune_ep050_fr020_kd050_t2_partial_20260706_122417/agents/agent_0/checkpoints/expert_model.pt	repeated checkpoint inside tuning output; metrics/packets/logs retained
ipc10_tuning_expert_checkpoint_copy	4325454	outputs/cifar100_4agent_25cls_hetero4arch_ipc10_tune_ep050_fr020_kd050_t2_partial_20260706_122417/agents/agent_1/checkpoints/expert_model.pt	repeated checkpoint inside tuning output; metrics/packets/logs retained
ipc10_tuning_expert_checkpoint_copy	39239126	outputs/cifar100_4agent_25cls_hetero4arch_ipc10_tune_ep050_fr020_kd050_t2_partial_20260706_122417/agents/agent_2/checkpoints/expert_model.pt	repeated checkpoint inside tuning output; metrics/packets/logs retained
ipc10_tuning_expert_checkpoint_copy	28123900	outputs/cifar100_4agent_25cls_hetero4arch_ipc10_tune_ep050_fr020_kd050_t2_partial_20260706_122417/agents/agent_3/checkpoints/expert_model.pt	repeated checkpoint inside tuning output; metrics/packets/logs retained
ipc10_tuning_expert_checkpoint_copy	2023046	outputs/cifar100_4agent_25cls_hetero4arch_ipc10_tune_ep055_fr020_kd060_t2/agents/agent_0/checkpoints/expert_model.pt	repeated checkpoint inside tuning output; metrics/packets/logs retained
ipc10_tuning_expert_checkpoint_copy	4325454	outputs/cifar100_4agent_25cls_hetero4arch_ipc10_tune_ep055_fr020_kd060_t2/agents/agent_1/checkpoints/expert_model.pt	repeated checkpoint inside tuning output; metrics/packets/logs retained
ipc10_tuning_expert_checkpoint_copy	39239126	outputs/cifar100_4agent_25cls_hetero4arch_ipc10_tune_ep055_fr020_kd060_t2/agents/agent_2/checkpoints/expert_model.pt	repeated checkpoint inside tuning output; metrics/packets/logs retained
ipc10_tuning_expert_checkpoint_copy	28123900	outputs/cifar100_4agent_25cls_hetero4arch_ipc10_tune_ep055_fr020_kd060_t2/agents/agent_3/checkpoints/expert_model.pt	repeated checkpoint inside tuning output; metrics/packets/logs retained
ipc10_tuning_expert_checkpoint_copy	2023046	outputs/cifar100_4agent_25cls_hetero4arch_ipc10_tune_ep055_fr020_kd060_t2_partial_20260706_122417/agents/agent_0/checkpoints/expert_model.pt	repeated checkpoint inside tuning output; metrics/packets/logs retained
ipc10_tuning_expert_checkpoint_copy	4325454	outputs/cifar100_4agent_25cls_hetero4arch_ipc10_tune_ep055_fr020_kd060_t2_partial_20260706_122417/agents/agent_1/checkpoints/expert_model.pt	repeated checkpoint inside tuning output; metrics/packets/logs retained
ipc10_tuning_expert_checkpoint_copy	39239126	outputs/cifar100_4agent_25cls_hetero4arch_ipc10_tune_ep055_fr020_kd060_t2_partial_20260706_122417/agents/agent_2/checkpoints/expert_model.pt	repeated checkpoint inside tuning output; metrics/packets/logs retained
ipc10_tuning_expert_checkpoint_copy	28123900	outputs/cifar100_4agent_25cls_hetero4arch_ipc10_tune_ep055_fr020_kd060_t2_partial_20260706_122417/agents/agent_3/checkpoints/expert_model.pt	repeated checkpoint inside tuning output; metrics/packets/logs retained
ipc10_tuning_expert_checkpoint_copy	2023046	outputs/cifar100_4agent_25cls_hetero4arch_ipc10_tune_ep060_fr015_kd050_t2/agents/agent_0/checkpoints/expert_model.pt	repeated checkpoint inside tuning output; metrics/packets/logs retained
ipc10_tuning_expert_checkpoint_copy	4325454	outputs/cifar100_4agent_25cls_hetero4arch_ipc10_tune_ep060_fr015_kd050_t2/agents/agent_1/checkpoints/expert_model.pt	repeated checkpoint inside tuning output; metrics/packets/logs retained
ipc10_tuning_expert_checkpoint_copy	39239126	outputs/cifar100_4agent_25cls_hetero4arch_ipc10_tune_ep060_fr015_kd050_t2/agents/agent_2/checkpoints/expert_model.pt	repeated checkpoint inside tuning output; metrics/packets/logs retained
ipc10_tuning_expert_checkpoint_copy	28123900	outputs/cifar100_4agent_25cls_hetero4arch_ipc10_tune_ep060_fr015_kd050_t2/agents/agent_3/checkpoints/expert_model.pt	repeated checkpoint inside tuning output; metrics/packets/logs retained
ipc10_tuning_expert_checkpoint_copy	2023046	outputs/cifar100_4agent_25cls_hetero4arch_ipc10_tune_ep060_fr020_kd050_t2/agents/agent_0/checkpoints/expert_model.pt	repeated checkpoint inside tuning output; metrics/packets/logs retained
ipc10_tuning_expert_checkpoint_copy	4325454	outputs/cifar100_4agent_25cls_hetero4arch_ipc10_tune_ep060_fr020_kd050_t2/agents/agent_1/checkpoints/expert_model.pt	repeated checkpoint inside tuning output; metrics/packets/logs retained
ipc10_tuning_expert_checkpoint_copy	39239126	outputs/cifar100_4agent_25cls_hetero4arch_ipc10_tune_ep060_fr020_kd050_t2/agents/agent_2/checkpoints/expert_model.pt	repeated checkpoint inside tuning output; metrics/packets/logs retained
ipc10_tuning_expert_checkpoint_copy	28123900	outputs/cifar100_4agent_25cls_hetero4arch_ipc10_tune_ep060_fr020_kd050_t2/agents/agent_3/checkpoints/expert_model.pt	repeated checkpoint inside tuning output; metrics/packets/logs retained
ipc10_tuning_expert_checkpoint_copy	2023046	outputs/cifar100_4agent_25cls_hetero4arch_ipc10_tune_ep060_fr020_kd060_t1/agents/agent_0/checkpoints/expert_model.pt	repeated checkpoint inside tuning output; metrics/packets/logs retained
ipc10_tuning_expert_checkpoint_copy	4325454	outputs/cifar100_4agent_25cls_hetero4arch_ipc10_tune_ep060_fr020_kd060_t1/agents/agent_1/checkpoints/expert_model.pt	repeated checkpoint inside tuning output; metrics/packets/logs retained
ipc10_tuning_expert_checkpoint_copy	39239126	outputs/cifar100_4agent_25cls_hetero4arch_ipc10_tune_ep060_fr020_kd060_t1/agents/agent_2/checkpoints/expert_model.pt	repeated checkpoint inside tuning output; metrics/packets/logs retained
ipc10_tuning_expert_checkpoint_copy	28123900	outputs/cifar100_4agent_25cls_hetero4arch_ipc10_tune_ep060_fr020_kd060_t1/agents/agent_3/checkpoints/expert_model.pt	repeated checkpoint inside tuning output; metrics/packets/logs retained
ipc10_tuning_expert_checkpoint_copy	2023046	outputs/cifar100_4agent_25cls_hetero4arch_ipc10_tune_ep060_fr020_kd060_t2/agents/agent_0/checkpoints/expert_model.pt	repeated checkpoint inside tuning output; metrics/packets/logs retained
ipc10_tuning_expert_checkpoint_copy	4325454	outputs/cifar100_4agent_25cls_hetero4arch_ipc10_tune_ep060_fr020_kd060_t2/agents/agent_1/checkpoints/expert_model.pt	repeated checkpoint inside tuning output; metrics/packets/logs retained
ipc10_tuning_expert_checkpoint_copy	39239126	outputs/cifar100_4agent_25cls_hetero4arch_ipc10_tune_ep060_fr020_kd060_t2/agents/agent_2/checkpoints/expert_model.pt	repeated checkpoint inside tuning output; metrics/packets/logs retained
ipc10_tuning_expert_checkpoint_copy	28123900	outputs/cifar100_4agent_25cls_hetero4arch_ipc10_tune_ep060_fr020_kd060_t2/agents/agent_3/checkpoints/expert_model.pt	repeated checkpoint inside tuning output; metrics/packets/logs retained
ipc10_tuning_expert_checkpoint_copy	2023046	outputs/cifar100_4agent_25cls_hetero4arch_ipc10_tune_ep060_fr020_kd060_t2_latesched/agents/agent_0/checkpoints/expert_model.pt	repeated checkpoint inside tuning output; metrics/packets/logs retained
ipc10_tuning_expert_checkpoint_copy	4325454	outputs/cifar100_4agent_25cls_hetero4arch_ipc10_tune_ep060_fr020_kd060_t2_latesched/agents/agent_1/checkpoints/expert_model.pt	repeated checkpoint inside tuning output; metrics/packets/logs retained
ipc10_tuning_expert_checkpoint_copy	39239126	outputs/cifar100_4agent_25cls_hetero4arch_ipc10_tune_ep060_fr020_kd060_t2_latesched/agents/agent_2/checkpoints/expert_model.pt	repeated checkpoint inside tuning output; metrics/packets/logs retained
ipc10_tuning_expert_checkpoint_copy	28123900	outputs/cifar100_4agent_25cls_hetero4arch_ipc10_tune_ep060_fr020_kd060_t2_latesched/agents/agent_3/checkpoints/expert_model.pt	repeated checkpoint inside tuning output; metrics/packets/logs retained
ipc10_tuning_expert_checkpoint_copy	2023046	outputs/cifar100_4agent_25cls_hetero4arch_ipc10_tune_ep060_fr020_kd060_t2_sched/agents/agent_0/checkpoints/expert_model.pt	repeated checkpoint inside tuning output; metrics/packets/logs retained
ipc10_tuning_expert_checkpoint_copy	4325454	outputs/cifar100_4agent_25cls_hetero4arch_ipc10_tune_ep060_fr020_kd060_t2_sched/agents/agent_1/checkpoints/expert_model.pt	repeated checkpoint inside tuning output; metrics/packets/logs retained
ipc10_tuning_expert_checkpoint_copy	39239126	outputs/cifar100_4agent_25cls_hetero4arch_ipc10_tune_ep060_fr020_kd060_t2_sched/agents/agent_2/checkpoints/expert_model.pt	repeated checkpoint inside tuning output; metrics/packets/logs retained
ipc10_tuning_expert_checkpoint_copy	28123900	outputs/cifar100_4agent_25cls_hetero4arch_ipc10_tune_ep060_fr020_kd060_t2_sched/agents/agent_3/checkpoints/expert_model.pt	repeated checkpoint inside tuning output; metrics/packets/logs retained
ipc10_tuning_expert_checkpoint_copy	2023046	outputs/cifar100_4agent_25cls_hetero4arch_ipc10_tune_ep060_fr020_kd060_t2_sched_latesched/agents/agent_0/checkpoints/expert_model.pt	repeated checkpoint inside tuning output; metrics/packets/logs retained
ipc10_tuning_expert_checkpoint_copy	4325454	outputs/cifar100_4agent_25cls_hetero4arch_ipc10_tune_ep060_fr020_kd060_t2_sched_latesched/agents/agent_1/checkpoints/expert_model.pt	repeated checkpoint inside tuning output; metrics/packets/logs retained
ipc10_tuning_expert_checkpoint_copy	39239126	outputs/cifar100_4agent_25cls_hetero4arch_ipc10_tune_ep060_fr020_kd060_t2_sched_latesched/agents/agent_2/checkpoints/expert_model.pt	repeated checkpoint inside tuning output; metrics/packets/logs retained
ipc10_tuning_expert_checkpoint_copy	28123900	outputs/cifar100_4agent_25cls_hetero4arch_ipc10_tune_ep060_fr020_kd060_t2_sched_latesched/agents/agent_3/checkpoints/expert_model.pt	repeated checkpoint inside tuning output; metrics/packets/logs retained
ipc10_tuning_expert_checkpoint_copy	2023046	outputs/cifar100_4agent_25cls_hetero4arch_ipc10_tune_ep060_fr020_kd060_t2_sched_self15/agents/agent_0/checkpoints/expert_model.pt	repeated checkpoint inside tuning output; metrics/packets/logs retained
ipc10_tuning_expert_checkpoint_copy	4325454	outputs/cifar100_4agent_25cls_hetero4arch_ipc10_tune_ep060_fr020_kd060_t2_sched_self15/agents/agent_1/checkpoints/expert_model.pt	repeated checkpoint inside tuning output; metrics/packets/logs retained
ipc10_tuning_expert_checkpoint_copy	39239126	outputs/cifar100_4agent_25cls_hetero4arch_ipc10_tune_ep060_fr020_kd060_t2_sched_self15/agents/agent_2/checkpoints/expert_model.pt	repeated checkpoint inside tuning output; metrics/packets/logs retained
ipc10_tuning_expert_checkpoint_copy	28123900	outputs/cifar100_4agent_25cls_hetero4arch_ipc10_tune_ep060_fr020_kd060_t2_sched_self15/agents/agent_3/checkpoints/expert_model.pt	repeated checkpoint inside tuning output; metrics/packets/logs retained
ipc10_tuning_expert_checkpoint_copy	2023046	outputs/cifar100_4agent_25cls_hetero4arch_ipc10_tune_ep060_fr020_kd060_t2_self15/agents/agent_0/checkpoints/expert_model.pt	repeated checkpoint inside tuning output; metrics/packets/logs retained
ipc10_tuning_expert_checkpoint_copy	4325454	outputs/cifar100_4agent_25cls_hetero4arch_ipc10_tune_ep060_fr020_kd060_t2_self15/agents/agent_1/checkpoints/expert_model.pt	repeated checkpoint inside tuning output; metrics/packets/logs retained
ipc10_tuning_expert_checkpoint_copy	39239126	outputs/cifar100_4agent_25cls_hetero4arch_ipc10_tune_ep060_fr020_kd060_t2_self15/agents/agent_2/checkpoints/expert_model.pt	repeated checkpoint inside tuning output; metrics/packets/logs retained
ipc10_tuning_expert_checkpoint_copy	28123900	outputs/cifar100_4agent_25cls_hetero4arch_ipc10_tune_ep060_fr020_kd060_t2_self15/agents/agent_3/checkpoints/expert_model.pt	repeated checkpoint inside tuning output; metrics/packets/logs retained
ipc10_tuning_expert_checkpoint_copy	2023046	outputs/cifar100_4agent_25cls_hetero4arch_ipc10_tune_ep060_fr020_kd060_t2_self20/agents/agent_0/checkpoints/expert_model.pt	repeated checkpoint inside tuning output; metrics/packets/logs retained
ipc10_tuning_expert_checkpoint_copy	4325454	outputs/cifar100_4agent_25cls_hetero4arch_ipc10_tune_ep060_fr020_kd060_t2_self20/agents/agent_1/checkpoints/expert_model.pt	repeated checkpoint inside tuning output; metrics/packets/logs retained
ipc10_tuning_expert_checkpoint_copy	39239126	outputs/cifar100_4agent_25cls_hetero4arch_ipc10_tune_ep060_fr020_kd060_t2_self20/agents/agent_2/checkpoints/expert_model.pt	repeated checkpoint inside tuning output; metrics/packets/logs retained
ipc10_tuning_expert_checkpoint_copy	28123900	outputs/cifar100_4agent_25cls_hetero4arch_ipc10_tune_ep060_fr020_kd060_t2_self20/agents/agent_3/checkpoints/expert_model.pt	repeated checkpoint inside tuning output; metrics/packets/logs retained
ipc10_tuning_expert_checkpoint_copy	2023046	outputs/cifar100_4agent_25cls_hetero4arch_ipc10_tune_ep060_fr020_kd060_t3/agents/agent_0/checkpoints/expert_model.pt	repeated checkpoint inside tuning output; metrics/packets/logs retained
ipc10_tuning_expert_checkpoint_copy	4325454	outputs/cifar100_4agent_25cls_hetero4arch_ipc10_tune_ep060_fr020_kd060_t3/agents/agent_1/checkpoints/expert_model.pt	repeated checkpoint inside tuning output; metrics/packets/logs retained
ipc10_tuning_expert_checkpoint_copy	39239126	outputs/cifar100_4agent_25cls_hetero4arch_ipc10_tune_ep060_fr020_kd060_t3/agents/agent_2/checkpoints/expert_model.pt	repeated checkpoint inside tuning output; metrics/packets/logs retained
ipc10_tuning_expert_checkpoint_copy	28123900	outputs/cifar100_4agent_25cls_hetero4arch_ipc10_tune_ep060_fr020_kd060_t3/agents/agent_3/checkpoints/expert_model.pt	repeated checkpoint inside tuning output; metrics/packets/logs retained
ipc10_tuning_expert_checkpoint_copy	2023046	outputs/cifar100_4agent_25cls_hetero4arch_ipc10_tune_ep060_fr020_kd060_t3_sched/agents/agent_0/checkpoints/expert_model.pt	repeated checkpoint inside tuning output; metrics/packets/logs retained
ipc10_tuning_expert_checkpoint_copy	4325454	outputs/cifar100_4agent_25cls_hetero4arch_ipc10_tune_ep060_fr020_kd060_t3_sched/agents/agent_1/checkpoints/expert_model.pt	repeated checkpoint inside tuning output; metrics/packets/logs retained
ipc10_tuning_expert_checkpoint_copy	39239126	outputs/cifar100_4agent_25cls_hetero4arch_ipc10_tune_ep060_fr020_kd060_t3_sched/agents/agent_2/checkpoints/expert_model.pt	repeated checkpoint inside tuning output; metrics/packets/logs retained
ipc10_tuning_expert_checkpoint_copy	28123900	outputs/cifar100_4agent_25cls_hetero4arch_ipc10_tune_ep060_fr020_kd060_t3_sched/agents/agent_3/checkpoints/expert_model.pt	repeated checkpoint inside tuning output; metrics/packets/logs retained
ipc10_tuning_expert_checkpoint_copy	2023046	outputs/cifar100_4agent_25cls_hetero4arch_ipc10_tune_ep060_fr020_kd060_t4/agents/agent_0/checkpoints/expert_model.pt	repeated checkpoint inside tuning output; metrics/packets/logs retained
ipc10_tuning_expert_checkpoint_copy	4325454	outputs/cifar100_4agent_25cls_hetero4arch_ipc10_tune_ep060_fr020_kd060_t4/agents/agent_1/checkpoints/expert_model.pt	repeated checkpoint inside tuning output; metrics/packets/logs retained
ipc10_tuning_expert_checkpoint_copy	39239126	outputs/cifar100_4agent_25cls_hetero4arch_ipc10_tune_ep060_fr020_kd060_t4/agents/agent_2/checkpoints/expert_model.pt	repeated checkpoint inside tuning output; metrics/packets/logs retained
ipc10_tuning_expert_checkpoint_copy	28123900	outputs/cifar100_4agent_25cls_hetero4arch_ipc10_tune_ep060_fr020_kd060_t4/agents/agent_3/checkpoints/expert_model.pt	repeated checkpoint inside tuning output; metrics/packets/logs retained
ipc10_tuning_expert_checkpoint_copy	2023046	outputs/cifar100_4agent_25cls_hetero4arch_ipc10_tune_ep060_fr020_kd070_t3/agents/agent_0/checkpoints/expert_model.pt	repeated checkpoint inside tuning output; metrics/packets/logs retained
ipc10_tuning_expert_checkpoint_copy	4325454	outputs/cifar100_4agent_25cls_hetero4arch_ipc10_tune_ep060_fr020_kd070_t3/agents/agent_1/checkpoints/expert_model.pt	repeated checkpoint inside tuning output; metrics/packets/logs retained
ipc10_tuning_expert_checkpoint_copy	39239126	outputs/cifar100_4agent_25cls_hetero4arch_ipc10_tune_ep060_fr020_kd070_t3/agents/agent_2/checkpoints/expert_model.pt	repeated checkpoint inside tuning output; metrics/packets/logs retained
ipc10_tuning_expert_checkpoint_copy	28123900	outputs/cifar100_4agent_25cls_hetero4arch_ipc10_tune_ep060_fr020_kd070_t3/agents/agent_3/checkpoints/expert_model.pt	repeated checkpoint inside tuning output; metrics/packets/logs retained
ipc10_tuning_expert_checkpoint_copy	2023046	outputs/cifar100_4agent_25cls_hetero4arch_ipc10_tune_ep060_fr025_kd050_t2/agents/agent_0/checkpoints/expert_model.pt	repeated checkpoint inside tuning output; metrics/packets/logs retained
ipc10_tuning_expert_checkpoint_copy	4325454	outputs/cifar100_4agent_25cls_hetero4arch_ipc10_tune_ep060_fr025_kd050_t2/agents/agent_1/checkpoints/expert_model.pt	repeated checkpoint inside tuning output; metrics/packets/logs retained
ipc10_tuning_expert_checkpoint_copy	39239126	outputs/cifar100_4agent_25cls_hetero4arch_ipc10_tune_ep060_fr025_kd050_t2/agents/agent_2/checkpoints/expert_model.pt	repeated checkpoint inside tuning output; metrics/packets/logs retained
ipc10_tuning_expert_checkpoint_copy	28123900	outputs/cifar100_4agent_25cls_hetero4arch_ipc10_tune_ep060_fr025_kd050_t2/agents/agent_3/checkpoints/expert_model.pt	repeated checkpoint inside tuning output; metrics/packets/logs retained
ipc10_tuning_expert_checkpoint_copy	2023046	outputs/cifar100_4agent_25cls_hetero4arch_ipc10_tune_ep060_fr025_kd060_t2/agents/agent_0/checkpoints/expert_model.pt	repeated checkpoint inside tuning output; metrics/packets/logs retained
ipc10_tuning_expert_checkpoint_copy	4325454	outputs/cifar100_4agent_25cls_hetero4arch_ipc10_tune_ep060_fr025_kd060_t2/agents/agent_1/checkpoints/expert_model.pt	repeated checkpoint inside tuning output; metrics/packets/logs retained
ipc10_tuning_expert_checkpoint_copy	39239126	outputs/cifar100_4agent_25cls_hetero4arch_ipc10_tune_ep060_fr025_kd060_t2/agents/agent_2/checkpoints/expert_model.pt	repeated checkpoint inside tuning output; metrics/packets/logs retained
ipc10_tuning_expert_checkpoint_copy	28123900	outputs/cifar100_4agent_25cls_hetero4arch_ipc10_tune_ep060_fr025_kd060_t2/agents/agent_3/checkpoints/expert_model.pt	repeated checkpoint inside tuning output; metrics/packets/logs retained
ipc10_tuning_expert_checkpoint_copy	2023046	outputs/cifar100_4agent_25cls_hetero4arch_ipc10_tune_ep060_fr030_kd060_t2/agents/agent_0/checkpoints/expert_model.pt	repeated checkpoint inside tuning output; metrics/packets/logs retained
ipc10_tuning_expert_checkpoint_copy	4325454	outputs/cifar100_4agent_25cls_hetero4arch_ipc10_tune_ep060_fr030_kd060_t2/agents/agent_1/checkpoints/expert_model.pt	repeated checkpoint inside tuning output; metrics/packets/logs retained
ipc10_tuning_expert_checkpoint_copy	39239126	outputs/cifar100_4agent_25cls_hetero4arch_ipc10_tune_ep060_fr030_kd060_t2/agents/agent_2/checkpoints/expert_model.pt	repeated checkpoint inside tuning output; metrics/packets/logs retained
ipc10_tuning_expert_checkpoint_copy	28123900	outputs/cifar100_4agent_25cls_hetero4arch_ipc10_tune_ep060_fr030_kd060_t2/agents/agent_3/checkpoints/expert_model.pt	repeated checkpoint inside tuning output; metrics/packets/logs retained
ipc10_tuning_expert_checkpoint_copy	2023046	outputs/cifar100_4agent_25cls_hetero4arch_ipc10_tune_ep065_fr020_kd060_t2/agents/agent_0/checkpoints/expert_model.pt	repeated checkpoint inside tuning output; metrics/packets/logs retained
ipc10_tuning_expert_checkpoint_copy	4325454	outputs/cifar100_4agent_25cls_hetero4arch_ipc10_tune_ep065_fr020_kd060_t2/agents/agent_1/checkpoints/expert_model.pt	repeated checkpoint inside tuning output; metrics/packets/logs retained
ipc10_tuning_expert_checkpoint_copy	39239126	outputs/cifar100_4agent_25cls_hetero4arch_ipc10_tune_ep065_fr020_kd060_t2/agents/agent_2/checkpoints/expert_model.pt	repeated checkpoint inside tuning output; metrics/packets/logs retained
ipc10_tuning_expert_checkpoint_copy	28123900	outputs/cifar100_4agent_25cls_hetero4arch_ipc10_tune_ep065_fr020_kd060_t2/agents/agent_3/checkpoints/expert_model.pt	repeated checkpoint inside tuning output; metrics/packets/logs retained
