run_name	path	bytes	reason	status
cifar100_4agent_25cls_hetero4arch_ipc10	outputs/cifar100_4agent_25cls_hetero4arch_ipc10/agents/agent_0/checkpoints/expert_model.pt	2023046	model/checkpoint/packet payload	planned
cifar100_4agent_25cls_hetero4arch_ipc10	outputs/cifar100_4agent_25cls_hetero4arch_ipc10/agents/agent_0/checkpoints/dsdm_pretrained/cifar100_model_0.pth	2023118	model/checkpoint/packet payload	planned
cifar100_4agent_25cls_hetero4arch_ipc10	outputs/cifar100_4agent_25cls_hetero4arch_ipc10/agents/agent_0/checkpoints/dsdm_pretrained/cifar100_model_1.pth	2023118	model/checkpoint/packet payload	planned
cifar100_4agent_25cls_hetero4arch_ipc10	outputs/cifar100_4agent_25cls_hetero4arch_ipc10/agents/agent_0/checkpoints/dsdm_pretrained/cifar100_model_2.pth	2023118	model/checkpoint/packet payload	planned
cifar100_4agent_25cls_hetero4arch_ipc10	outputs/cifar100_4agent_25cls_hetero4arch_ipc10/agents/agent_0/checkpoints/dsdm_pretrained/cifar100_model_3.pth	2023118	model/checkpoint/packet payload	planned
cifar100_4agent_25cls_hetero4arch_ipc10	outputs/cifar100_4agent_25cls_hetero4arch_ipc10/agents/agent_0/checkpoints/dsdm_pretrained/cifar100_model_4.pth	2023118	model/checkpoint/packet payload	planned
cifar100_4agent_25cls_hetero4arch_ipc10	outputs/cifar100_4agent_25cls_hetero4arch_ipc10/agents/agent_0/checkpoints/dsdm_pretrained/cifar100_model_5.pth	2023118	model/checkpoint/packet payload	planned
cifar100_4agent_25cls_hetero4arch_ipc10	outputs/cifar100_4agent_25cls_hetero4arch_ipc10/agents/agent_0/checkpoints/dsdm_pretrained/cifar100_model_6.pth	2023118	model/checkpoint/packet payload	planned
cifar100_4agent_25cls_hetero4arch_ipc10	outputs/cifar100_4agent_25cls_hetero4arch_ipc10/agents/agent_0/checkpoints/dsdm_pretrained/cifar100_model_7.pth	2023118	model/checkpoint/packet payload	planned
cifar100_4agent_25cls_hetero4arch_ipc10	outputs/cifar100_4agent_25cls_hetero4arch_ipc10/agents/agent_0/checkpoints/dsdm_pretrained/cifar100_model_8.pth	2023118	model/checkpoint/packet payload	planned
cifar100_4agent_25cls_hetero4arch_ipc10	outputs/cifar100_4agent_25cls_hetero4arch_ipc10/agents/agent_0/checkpoints/dsdm_pretrained/cifar100_model_9.pth	2023118	model/checkpoint/packet payload	planned
cifar100_4agent_25cls_hetero4arch_ipc10	outputs/cifar100_4agent_25cls_hetero4arch_ipc10/agents/agent_0/packets/dsdm_packet.pt	3126768	model/checkpoint/packet payload	planned
cifar100_4agent_25cls_hetero4arch_ipc10	outputs/cifar100_4agent_25cls_hetero4arch_ipc10/agents/agent_0/packets/heuristic_packet.pt	3089176	model/checkpoint/packet payload	planned
cifar100_4agent_25cls_hetero4arch_ipc10	outputs/cifar100_4agent_25cls_hetero4arch_ipc10/agents/agent_0/packets/full_real_packet.pt	153701774	model/checkpoint/packet payload	planned
cifar100_4agent_25cls_hetero4arch_ipc10	outputs/cifar100_4agent_25cls_hetero4arch_ipc10/agents/agent_0/synthetic/data_best.pt	3075684	model/checkpoint/packet payload	planned
cifar100_4agent_25cls_hetero4arch_ipc10	outputs/cifar100_4agent_25cls_hetero4arch_ipc10/agents/agent_1/checkpoints/expert_model.pt	4325454	model/checkpoint/packet payload	planned
cifar100_4agent_25cls_hetero4arch_ipc10	outputs/cifar100_4agent_25cls_hetero4arch_ipc10/agents/agent_1/checkpoints/dsdm_pretrained/cifar100_model_0.pth	4325542	model/checkpoint/packet payload	planned
cifar100_4agent_25cls_hetero4arch_ipc10	outputs/cifar100_4agent_25cls_hetero4arch_ipc10/agents/agent_1/checkpoints/dsdm_pretrained/cifar100_model_1.pth	4325542	model/checkpoint/packet payload	planned
cifar100_4agent_25cls_hetero4arch_ipc10	outputs/cifar100_4agent_25cls_hetero4arch_ipc10/agents/agent_1/checkpoints/dsdm_pretrained/cifar100_model_2.pth	4325542	model/checkpoint/packet payload	planned
cifar100_4agent_25cls_hetero4arch_ipc10	outputs/cifar100_4agent_25cls_hetero4arch_ipc10/agents/agent_1/checkpoints/dsdm_pretrained/cifar100_model_3.pth	4325542	model/checkpoint/packet payload	planned
cifar100_4agent_25cls_hetero4arch_ipc10	outputs/cifar100_4agent_25cls_hetero4arch_ipc10/agents/agent_1/checkpoints/dsdm_pretrained/cifar100_model_4.pth	4325542	model/checkpoint/packet payload	planned
cifar100_4agent_25cls_hetero4arch_ipc10	outputs/cifar100_4agent_25cls_hetero4arch_ipc10/agents/agent_1/checkpoints/dsdm_pretrained/cifar100_model_5.pth	4325542	model/checkpoint/packet payload	planned
cifar100_4agent_25cls_hetero4arch_ipc10	outputs/cifar100_4agent_25cls_hetero4arch_ipc10/agents/agent_1/checkpoints/dsdm_pretrained/cifar100_model_6.pth	4325542	model/checkpoint/packet payload	planned
cifar100_4agent_25cls_hetero4arch_ipc10	outputs/cifar100_4agent_25cls_hetero4arch_ipc10/agents/agent_1/checkpoints/dsdm_pretrained/cifar100_model_7.pth	4325542	model/checkpoint/packet payload	planned
cifar100_4agent_25cls_hetero4arch_ipc10	outputs/cifar100_4agent_25cls_hetero4arch_ipc10/agents/agent_1/checkpoints/dsdm_pretrained/cifar100_model_8.pth	4325542	model/checkpoint/packet payload	planned
cifar100_4agent_25cls_hetero4arch_ipc10	outputs/cifar100_4agent_25cls_hetero4arch_ipc10/agents/agent_1/checkpoints/dsdm_pretrained/cifar100_model_9.pth	4325542	model/checkpoint/packet payload	planned
cifar100_4agent_25cls_hetero4arch_ipc10	outputs/cifar100_4agent_25cls_hetero4arch_ipc10/agents/agent_1/packets/dsdm_packet.pt	3126768	model/checkpoint/packet payload	planned
cifar100_4agent_25cls_hetero4arch_ipc10	outputs/cifar100_4agent_25cls_hetero4arch_ipc10/agents/agent_1/packets/heuristic_packet.pt	3089176	model/checkpoint/packet payload	planned
cifar100_4agent_25cls_hetero4arch_ipc10	outputs/cifar100_4agent_25cls_hetero4arch_ipc10/agents/agent_1/packets/full_real_packet.pt	153701774	model/checkpoint/packet payload	planned
cifar100_4agent_25cls_hetero4arch_ipc10	outputs/cifar100_4agent_25cls_hetero4arch_ipc10/agents/agent_1/synthetic/data_best.pt	3075684	model/checkpoint/packet payload	planned
cifar100_4agent_25cls_hetero4arch_ipc10	outputs/cifar100_4agent_25cls_hetero4arch_ipc10/agents/agent_2/checkpoints/guide_model_0.pt	39239952	model/checkpoint/packet payload	planned
cifar100_4agent_25cls_hetero4arch_ipc10	outputs/cifar100_4agent_25cls_hetero4arch_ipc10/agents/agent_2/checkpoints/guide_model_1.pt	39239952	model/checkpoint/packet payload	planned
cifar100_4agent_25cls_hetero4arch_ipc10	outputs/cifar100_4agent_25cls_hetero4arch_ipc10/agents/agent_2/checkpoints/guide_model_2.pt	39239952	model/checkpoint/packet payload	planned
cifar100_4agent_25cls_hetero4arch_ipc10	outputs/cifar100_4agent_25cls_hetero4arch_ipc10/agents/agent_2/checkpoints/guide_model_3.pt	39239952	model/checkpoint/packet payload	planned
cifar100_4agent_25cls_hetero4arch_ipc10	outputs/cifar100_4agent_25cls_hetero4arch_ipc10/agents/agent_2/checkpoints/guide_model_4.pt	39239952	model/checkpoint/packet payload	planned
cifar100_4agent_25cls_hetero4arch_ipc10	outputs/cifar100_4agent_25cls_hetero4arch_ipc10/agents/agent_2/checkpoints/guide_model_5.pt	39239952	model/checkpoint/packet payload	planned
cifar100_4agent_25cls_hetero4arch_ipc10	outputs/cifar100_4agent_25cls_hetero4arch_ipc10/agents/agent_2/checkpoints/guide_model_6.pt	39239952	model/checkpoint/packet payload	planned
cifar100_4agent_25cls_hetero4arch_ipc10	outputs/cifar100_4agent_25cls_hetero4arch_ipc10/agents/agent_2/checkpoints/guide_model_7.pt	39239952	model/checkpoint/packet payload	planned
cifar100_4agent_25cls_hetero4arch_ipc10	outputs/cifar100_4agent_25cls_hetero4arch_ipc10/agents/agent_2/checkpoints/guide_model_8.pt	39239952	model/checkpoint/packet payload	planned
cifar100_4agent_25cls_hetero4arch_ipc10	outputs/cifar100_4agent_25cls_hetero4arch_ipc10/agents/agent_2/checkpoints/guide_model_9.pt	39239952	model/checkpoint/packet payload	planned
cifar100_4agent_25cls_hetero4arch_ipc10	outputs/cifar100_4agent_25cls_hetero4arch_ipc10/agents/agent_2/checkpoints/expert_model.pt	39239126	model/checkpoint/packet payload	planned
cifar100_4agent_25cls_hetero4arch_ipc10	outputs/cifar100_4agent_25cls_hetero4arch_ipc10/agents/agent_2/checkpoints/data_best.pt	3075428	model/checkpoint/packet payload	planned
cifar100_4agent_25cls_hetero4arch_ipc10	outputs/cifar100_4agent_25cls_hetero4arch_ipc10/agents/agent_2/checkpoints/dsdm_pretrained/cifar100_model_0.pth	39239358	model/checkpoint/packet payload	planned
cifar100_4agent_25cls_hetero4arch_ipc10	outputs/cifar100_4agent_25cls_hetero4arch_ipc10/agents/agent_2/checkpoints/dsdm_pretrained/cifar100_model_1.pth	39239358	model/checkpoint/packet payload	planned
cifar100_4agent_25cls_hetero4arch_ipc10	outputs/cifar100_4agent_25cls_hetero4arch_ipc10/agents/agent_2/checkpoints/dsdm_pretrained/cifar100_model_2.pth	39239358	model/checkpoint/packet payload	planned
cifar100_4agent_25cls_hetero4arch_ipc10	outputs/cifar100_4agent_25cls_hetero4arch_ipc10/agents/agent_2/checkpoints/dsdm_pretrained/cifar100_model_3.pth	39239358	model/checkpoint/packet payload	planned
cifar100_4agent_25cls_hetero4arch_ipc10	outputs/cifar100_4agent_25cls_hetero4arch_ipc10/agents/agent_2/checkpoints/dsdm_pretrained/cifar100_model_4.pth	39239358	model/checkpoint/packet payload	planned
cifar100_4agent_25cls_hetero4arch_ipc10	outputs/cifar100_4agent_25cls_hetero4arch_ipc10/agents/agent_2/checkpoints/dsdm_pretrained/cifar100_model_5.pth	39239358	model/checkpoint/packet payload	planned
cifar100_4agent_25cls_hetero4arch_ipc10	outputs/cifar100_4agent_25cls_hetero4arch_ipc10/agents/agent_2/checkpoints/dsdm_pretrained/cifar100_model_6.pth	39239358	model/checkpoint/packet payload	planned
cifar100_4agent_25cls_hetero4arch_ipc10	outputs/cifar100_4agent_25cls_hetero4arch_ipc10/agents/agent_2/checkpoints/dsdm_pretrained/cifar100_model_7.pth	39239358	model/checkpoint/packet payload	planned
cifar100_4agent_25cls_hetero4arch_ipc10	outputs/cifar100_4agent_25cls_hetero4arch_ipc10/agents/agent_2/checkpoints/dsdm_pretrained/cifar100_model_8.pth	39239358	model/checkpoint/packet payload	planned
cifar100_4agent_25cls_hetero4arch_ipc10	outputs/cifar100_4agent_25cls_hetero4arch_ipc10/agents/agent_2/checkpoints/dsdm_pretrained/cifar100_model_9.pth	39239358	model/checkpoint/packet payload	planned
cifar100_4agent_25cls_hetero4arch_ipc10	outputs/cifar100_4agent_25cls_hetero4arch_ipc10/agents/agent_2/packets/dsdm_packet.pt	3126768	model/checkpoint/packet payload	planned
cifar100_4agent_25cls_hetero4arch_ipc10	outputs/cifar100_4agent_25cls_hetero4arch_ipc10/agents/agent_2/packets/heuristic_packet.pt	3089176	model/checkpoint/packet payload	planned
cifar100_4agent_25cls_hetero4arch_ipc10	outputs/cifar100_4agent_25cls_hetero4arch_ipc10/agents/agent_2/synthetic/data_best.pt	3075684	model/checkpoint/packet payload	planned
cifar100_4agent_25cls_hetero4arch_ipc10	outputs/cifar100_4agent_25cls_hetero4arch_ipc10/agents/agent_3/checkpoints/guide_model_0.pt	28124457	model/checkpoint/packet payload	planned
cifar100_4agent_25cls_hetero4arch_ipc10	outputs/cifar100_4agent_25cls_hetero4arch_ipc10/agents/agent_3/checkpoints/guide_model_1.pt	28124457	model/checkpoint/packet payload	planned
cifar100_4agent_25cls_hetero4arch_ipc10	outputs/cifar100_4agent_25cls_hetero4arch_ipc10/agents/agent_3/checkpoints/guide_model_2.pt	28124457	model/checkpoint/packet payload	planned
cifar100_4agent_25cls_hetero4arch_ipc10	outputs/cifar100_4agent_25cls_hetero4arch_ipc10/agents/agent_3/checkpoints/guide_model_3.pt	28124457	model/checkpoint/packet payload	planned
cifar100_4agent_25cls_hetero4arch_ipc10	outputs/cifar100_4agent_25cls_hetero4arch_ipc10/agents/agent_3/checkpoints/guide_model_4.pt	28124457	model/checkpoint/packet payload	planned
cifar100_4agent_25cls_hetero4arch_ipc10	outputs/cifar100_4agent_25cls_hetero4arch_ipc10/agents/agent_3/checkpoints/guide_model_5.pt	28124457	model/checkpoint/packet payload	planned
cifar100_4agent_25cls_hetero4arch_ipc10	outputs/cifar100_4agent_25cls_hetero4arch_ipc10/agents/agent_3/checkpoints/guide_model_6.pt	28124457	model/checkpoint/packet payload	planned
cifar100_4agent_25cls_hetero4arch_ipc10	outputs/cifar100_4agent_25cls_hetero4arch_ipc10/agents/agent_3/checkpoints/guide_model_7.pt	28124457	model/checkpoint/packet payload	planned
cifar100_4agent_25cls_hetero4arch_ipc10	outputs/cifar100_4agent_25cls_hetero4arch_ipc10/agents/agent_3/checkpoints/guide_model_8.pt	28124457	model/checkpoint/packet payload	planned
cifar100_4agent_25cls_hetero4arch_ipc10	outputs/cifar100_4agent_25cls_hetero4arch_ipc10/agents/agent_3/checkpoints/guide_model_9.pt	28124457	model/checkpoint/packet payload	planned
cifar100_4agent_25cls_hetero4arch_ipc10	outputs/cifar100_4agent_25cls_hetero4arch_ipc10/agents/agent_3/checkpoints/expert_model.pt	28123900	model/checkpoint/packet payload	planned
cifar100_4agent_25cls_hetero4arch_ipc10	outputs/cifar100_4agent_25cls_hetero4arch_ipc10/agents/agent_3/checkpoints/data_best.pt	3075428	model/checkpoint/packet payload	planned
cifar100_4agent_25cls_hetero4arch_ipc10	outputs/cifar100_4agent_25cls_hetero4arch_ipc10/agents/agent_3/checkpoints/dsdm_pretrained/cifar100_model_0.pth	28124080	model/checkpoint/packet payload	planned
cifar100_4agent_25cls_hetero4arch_ipc10	outputs/cifar100_4agent_25cls_hetero4arch_ipc10/agents/agent_3/checkpoints/dsdm_pretrained/cifar100_model_1.pth	28124080	model/checkpoint/packet payload	planned
cifar100_4agent_25cls_hetero4arch_ipc10	outputs/cifar100_4agent_25cls_hetero4arch_ipc10/agents/agent_3/checkpoints/dsdm_pretrained/cifar100_model_2.pth	28124080	model/checkpoint/packet payload	planned
cifar100_4agent_25cls_hetero4arch_ipc10	outputs/cifar100_4agent_25cls_hetero4arch_ipc10/agents/agent_3/checkpoints/dsdm_pretrained/cifar100_model_3.pth	28124080	model/checkpoint/packet payload	planned
cifar100_4agent_25cls_hetero4arch_ipc10	outputs/cifar100_4agent_25cls_hetero4arch_ipc10/agents/agent_3/checkpoints/dsdm_pretrained/cifar100_model_4.pth	28124080	model/checkpoint/packet payload	planned
cifar100_4agent_25cls_hetero4arch_ipc10	outputs/cifar100_4agent_25cls_hetero4arch_ipc10/agents/agent_3/checkpoints/dsdm_pretrained/cifar100_model_5.pth	28124080	model/checkpoint/packet payload	planned
cifar100_4agent_25cls_hetero4arch_ipc10	outputs/cifar100_4agent_25cls_hetero4arch_ipc10/agents/agent_3/checkpoints/dsdm_pretrained/cifar100_model_6.pth	28124080	model/checkpoint/packet payload	planned
cifar100_4agent_25cls_hetero4arch_ipc10	outputs/cifar100_4agent_25cls_hetero4arch_ipc10/agents/agent_3/checkpoints/dsdm_pretrained/cifar100_model_7.pth	28124080	model/checkpoint/packet payload	planned
cifar100_4agent_25cls_hetero4arch_ipc10	outputs/cifar100_4agent_25cls_hetero4arch_ipc10/agents/agent_3/checkpoints/dsdm_pretrained/cifar100_model_8.pth	28124080	model/checkpoint/packet payload	planned
cifar100_4agent_25cls_hetero4arch_ipc10	outputs/cifar100_4agent_25cls_hetero4arch_ipc10/agents/agent_3/checkpoints/dsdm_pretrained/cifar100_model_9.pth	28124080	model/checkpoint/packet payload	planned
cifar100_4agent_25cls_hetero4arch_ipc10	outputs/cifar100_4agent_25cls_hetero4arch_ipc10/agents/agent_3/packets/dsdm_packet.pt	3126768	model/checkpoint/packet payload	planned
cifar100_4agent_25cls_hetero4arch_ipc10	outputs/cifar100_4agent_25cls_hetero4arch_ipc10/agents/agent_3/packets/heuristic_packet.pt	3089176	model/checkpoint/packet payload	planned
cifar100_4agent_25cls_hetero4arch_ipc10	outputs/cifar100_4agent_25cls_hetero4arch_ipc10/agents/agent_3/synthetic/data_best.pt	3075684	model/checkpoint/packet payload	planned
cifar100_4agent_25cls_hetero4arch_ipc10	outputs/cifar100_4agent_25cls_hetero4arch_ipc10/packet_hub/dsdm/agent_0_dsdm_packet.pt	3126768	model/checkpoint/packet payload	planned
cifar100_4agent_25cls_hetero4arch_ipc10	outputs/cifar100_4agent_25cls_hetero4arch_ipc10/packet_hub/dsdm/agent_1_dsdm_packet.pt	3126768	model/checkpoint/packet payload	planned
cifar100_4agent_25cls_hetero4arch_ipc10	outputs/cifar100_4agent_25cls_hetero4arch_ipc10/packet_hub/dsdm/agent_2_dsdm_packet.pt	3126768	model/checkpoint/packet payload	planned
cifar100_4agent_25cls_hetero4arch_ipc10	outputs/cifar100_4agent_25cls_hetero4arch_ipc10/packet_hub/dsdm/agent_3_dsdm_packet.pt	3126768	model/checkpoint/packet payload	planned
cifar100_4agent_25cls_hetero4arch_ipc10	outputs/cifar100_4agent_25cls_hetero4arch_ipc10/packet_hub/heuristic/agent_0_heuristic_packet.pt	3089176	model/checkpoint/packet payload	planned
cifar100_4agent_25cls_hetero4arch_ipc10	outputs/cifar100_4agent_25cls_hetero4arch_ipc10/packet_hub/heuristic/agent_1_heuristic_packet.pt	3089176	model/checkpoint/packet payload	planned
cifar100_4agent_25cls_hetero4arch_ipc10	outputs/cifar100_4agent_25cls_hetero4arch_ipc10/packet_hub/heuristic/agent_2_heuristic_packet.pt	3089176	model/checkpoint/packet payload	planned
cifar100_4agent_25cls_hetero4arch_ipc10	outputs/cifar100_4agent_25cls_hetero4arch_ipc10/packet_hub/heuristic/agent_3_heuristic_packet.pt	3089176	model/checkpoint/packet payload	planned
cifar100_4agent_25cls_hetero4arch_ipc10	outputs/cifar100_4agent_25cls_hetero4arch_ipc10/metrics/.ipynb_checkpoints/social_results-checkpoint.csv	3375	notebook cache	planned
cifar100_4agent_25cls_hetero4arch_ipc10_guardian_alex_dense_ep60_lr0p01_fr0p25_kd0p5_t3p0	outputs/cifar100_4agent_25cls_hetero4arch_ipc10_guardian_alex_dense_ep60_lr0p01_fr0p25_kd0p5_t3p0/agents/agent_0/packets/dsdm_packet.pt	3126768	model/checkpoint/packet payload	planned
cifar100_4agent_25cls_hetero4arch_ipc10_guardian_alex_dense_ep60_lr0p01_fr0p25_kd0p5_t3p0	outputs/cifar100_4agent_25cls_hetero4arch_ipc10_guardian_alex_dense_ep60_lr0p01_fr0p25_kd0p5_t3p0/agents/agent_0/checkpoints/expert_model.pt	2023046	model/checkpoint/packet payload	planned
cifar100_4agent_25cls_hetero4arch_ipc10_guardian_alex_dense_ep60_lr0p01_fr0p25_kd0p5_t3p0	outputs/cifar100_4agent_25cls_hetero4arch_ipc10_guardian_alex_dense_ep60_lr0p01_fr0p25_kd0p5_t3p0/agents/agent_1/packets/dsdm_packet.pt	3126768	model/checkpoint/packet payload	planned
cifar100_4agent_25cls_hetero4arch_ipc10_guardian_alex_dense_ep60_lr0p01_fr0p25_kd0p5_t3p0	outputs/cifar100_4agent_25cls_hetero4arch_ipc10_guardian_alex_dense_ep60_lr0p01_fr0p25_kd0p5_t3p0/agents/agent_1/checkpoints/expert_model.pt	4325454	model/checkpoint/packet payload	planned
cifar100_4agent_25cls_hetero4arch_ipc10_guardian_alex_dense_ep60_lr0p01_fr0p25_kd0p5_t3p0	outputs/cifar100_4agent_25cls_hetero4arch_ipc10_guardian_alex_dense_ep60_lr0p01_fr0p25_kd0p5_t3p0/agents/agent_2/packets/dsdm_packet.pt	3126768	model/checkpoint/packet payload	planned
cifar100_4agent_25cls_hetero4arch_ipc10_guardian_alex_dense_ep60_lr0p01_fr0p25_kd0p5_t3p0	outputs/cifar100_4agent_25cls_hetero4arch_ipc10_guardian_alex_dense_ep60_lr0p01_fr0p25_kd0p5_t3p0/agents/agent_2/checkpoints/expert_model.pt	39239126	model/checkpoint/packet payload	planned
cifar100_4agent_25cls_hetero4arch_ipc10_guardian_alex_dense_ep60_lr0p01_fr0p25_kd0p5_t3p0	outputs/cifar100_4agent_25cls_hetero4arch_ipc10_guardian_alex_dense_ep60_lr0p01_fr0p25_kd0p5_t3p0/agents/agent_3/packets/dsdm_packet.pt	3126768	model/checkpoint/packet payload	planned
cifar100_4agent_25cls_hetero4arch_ipc10_guardian_alex_dense_ep60_lr0p01_fr0p25_kd0p5_t3p0	outputs/cifar100_4agent_25cls_hetero4arch_ipc10_guardian_alex_dense_ep60_lr0p01_fr0p25_kd0p5_t3p0/agents/agent_3/checkpoints/expert_model.pt	28123900	model/checkpoint/packet payload	planned
cifar100_4agent_25cls_hetero4arch_ipc10_guardian_alex_dense_ep60_lr0p01_fr0p25_kd0p5_t3p0	outputs/cifar100_4agent_25cls_hetero4arch_ipc10_guardian_alex_dense_ep60_lr0p01_fr0p25_kd0p5_t3p0/packet_hub/dsdm/agent_0_dsdm_packet.pt	3126768	model/checkpoint/packet payload	planned
cifar100_4agent_25cls_hetero4arch_ipc10_guardian_alex_dense_ep60_lr0p01_fr0p25_kd0p5_t3p0	outputs/cifar100_4agent_25cls_hetero4arch_ipc10_guardian_alex_dense_ep60_lr0p01_fr0p25_kd0p5_t3p0/packet_hub/dsdm/agent_1_dsdm_packet.pt	3126768	model/checkpoint/packet payload	planned
cifar100_4agent_25cls_hetero4arch_ipc10_guardian_alex_dense_ep60_lr0p01_fr0p25_kd0p5_t3p0	outputs/cifar100_4agent_25cls_hetero4arch_ipc10_guardian_alex_dense_ep60_lr0p01_fr0p25_kd0p5_t3p0/packet_hub/dsdm/agent_2_dsdm_packet.pt	3126768	model/checkpoint/packet payload	planned
cifar100_4agent_25cls_hetero4arch_ipc10_guardian_alex_dense_ep60_lr0p01_fr0p25_kd0p5_t3p0	outputs/cifar100_4agent_25cls_hetero4arch_ipc10_guardian_alex_dense_ep60_lr0p01_fr0p25_kd0p5_t3p0/packet_hub/dsdm/agent_3_dsdm_packet.pt	3126768	model/checkpoint/packet payload	planned
cifar100_4agent_25cls_hetero4arch_ipc10_guardian_alex_dense_ep60_lr0p01_fr0p25_kd0p5_t3p0	outputs/cifar100_4agent_25cls_hetero4arch_ipc10_guardian_alex_dense_ep60_lr0p01_fr0p25_kd0p5_t3p0/social_learning/receiver_agent_3/checkpoints/dsdm_logit_expert/before_social.pt	28124457	model/checkpoint/packet payload	planned
cifar100_4agent_25cls_hetero4arch_ipc10_guardian_alex_dense_ep60_lr0p01_fr0p25_kd0p5_t3p0	outputs/cifar100_4agent_25cls_hetero4arch_ipc10_guardian_alex_dense_ep60_lr0p01_fr0p25_kd0p5_t3p0/social_learning/receiver_agent_3/checkpoints/dsdm_logit_expert/after_social.pt	28124412	model/checkpoint/packet payload	planned
cifar100_4agent_25cls_hetero4arch_ipc10_guardian_alex_dense_ep60_lr0p01_fr0p25_kd0p5_t4p0	outputs/cifar100_4agent_25cls_hetero4arch_ipc10_guardian_alex_dense_ep60_lr0p01_fr0p25_kd0p5_t4p0/agents/agent_0/packets/dsdm_packet.pt	3126768	model/checkpoint/packet payload	planned
cifar100_4agent_25cls_hetero4arch_ipc10_guardian_alex_dense_ep60_lr0p01_fr0p25_kd0p5_t4p0	outputs/cifar100_4agent_25cls_hetero4arch_ipc10_guardian_alex_dense_ep60_lr0p01_fr0p25_kd0p5_t4p0/agents/agent_0/checkpoints/expert_model.pt	2023046	model/checkpoint/packet payload	planned
cifar100_4agent_25cls_hetero4arch_ipc10_guardian_alex_dense_ep60_lr0p01_fr0p25_kd0p5_t4p0	outputs/cifar100_4agent_25cls_hetero4arch_ipc10_guardian_alex_dense_ep60_lr0p01_fr0p25_kd0p5_t4p0/agents/agent_1/packets/dsdm_packet.pt	3126768	model/checkpoint/packet payload	planned
cifar100_4agent_25cls_hetero4arch_ipc10_guardian_alex_dense_ep60_lr0p01_fr0p25_kd0p5_t4p0	outputs/cifar100_4agent_25cls_hetero4arch_ipc10_guardian_alex_dense_ep60_lr0p01_fr0p25_kd0p5_t4p0/agents/agent_1/checkpoints/expert_model.pt	4325454	model/checkpoint/packet payload	planned
cifar100_4agent_25cls_hetero4arch_ipc10_guardian_alex_dense_ep60_lr0p01_fr0p25_kd0p5_t4p0	outputs/cifar100_4agent_25cls_hetero4arch_ipc10_guardian_alex_dense_ep60_lr0p01_fr0p25_kd0p5_t4p0/agents/agent_2/packets/dsdm_packet.pt	3126768	model/checkpoint/packet payload	planned
cifar100_4agent_25cls_hetero4arch_ipc10_guardian_alex_dense_ep60_lr0p01_fr0p25_kd0p5_t4p0	outputs/cifar100_4agent_25cls_hetero4arch_ipc10_guardian_alex_dense_ep60_lr0p01_fr0p25_kd0p5_t4p0/agents/agent_2/checkpoints/expert_model.pt	39239126	model/checkpoint/packet payload	planned
cifar100_4agent_25cls_hetero4arch_ipc10_guardian_alex_dense_ep60_lr0p01_fr0p25_kd0p5_t4p0	outputs/cifar100_4agent_25cls_hetero4arch_ipc10_guardian_alex_dense_ep60_lr0p01_fr0p25_kd0p5_t4p0/agents/agent_3/packets/dsdm_packet.pt	3126768	model/checkpoint/packet payload	planned
cifar100_4agent_25cls_hetero4arch_ipc10_guardian_alex_dense_ep60_lr0p01_fr0p25_kd0p5_t4p0	outputs/cifar100_4agent_25cls_hetero4arch_ipc10_guardian_alex_dense_ep60_lr0p01_fr0p25_kd0p5_t4p0/agents/agent_3/checkpoints/expert_model.pt	28123900	model/checkpoint/packet payload	planned
cifar100_4agent_25cls_hetero4arch_ipc10_guardian_alex_dense_ep60_lr0p01_fr0p25_kd0p5_t4p0	outputs/cifar100_4agent_25cls_hetero4arch_ipc10_guardian_alex_dense_ep60_lr0p01_fr0p25_kd0p5_t4p0/packet_hub/dsdm/agent_0_dsdm_packet.pt	3126768	model/checkpoint/packet payload	planned
cifar100_4agent_25cls_hetero4arch_ipc10_guardian_alex_dense_ep60_lr0p01_fr0p25_kd0p5_t4p0	outputs/cifar100_4agent_25cls_hetero4arch_ipc10_guardian_alex_dense_ep60_lr0p01_fr0p25_kd0p5_t4p0/packet_hub/dsdm/agent_1_dsdm_packet.pt	3126768	model/checkpoint/packet payload	planned
cifar100_4agent_25cls_hetero4arch_ipc10_guardian_alex_dense_ep60_lr0p01_fr0p25_kd0p5_t4p0	outputs/cifar100_4agent_25cls_hetero4arch_ipc10_guardian_alex_dense_ep60_lr0p01_fr0p25_kd0p5_t4p0/packet_hub/dsdm/agent_2_dsdm_packet.pt	3126768	model/checkpoint/packet payload	planned
cifar100_4agent_25cls_hetero4arch_ipc10_guardian_alex_dense_ep60_lr0p01_fr0p25_kd0p5_t4p0	outputs/cifar100_4agent_25cls_hetero4arch_ipc10_guardian_alex_dense_ep60_lr0p01_fr0p25_kd0p5_t4p0/packet_hub/dsdm/agent_3_dsdm_packet.pt	3126768	model/checkpoint/packet payload	planned
cifar100_4agent_25cls_hetero4arch_ipc10_guardian_alex_dense_ep60_lr0p01_fr0p25_kd0p5_t4p0	outputs/cifar100_4agent_25cls_hetero4arch_ipc10_guardian_alex_dense_ep60_lr0p01_fr0p25_kd0p5_t4p0/social_learning/receiver_agent_3/checkpoints/dsdm_logit_expert/before_social.pt	28124457	model/checkpoint/packet payload	planned
cifar100_4agent_25cls_hetero4arch_ipc10_guardian_alex_dense_ep60_lr0p01_fr0p25_kd0p5_t4p0	outputs/cifar100_4agent_25cls_hetero4arch_ipc10_guardian_alex_dense_ep60_lr0p01_fr0p25_kd0p5_t4p0/social_learning/receiver_agent_3/checkpoints/dsdm_logit_expert/after_social.pt	28124412	model/checkpoint/packet payload	planned
cifar100_4agent_25cls_hetero4arch_ipc10_guardian_alex_g3_ep090_fr020_kd060_t3_sched	outputs/cifar100_4agent_25cls_hetero4arch_ipc10_guardian_alex_g3_ep090_fr020_kd060_t3_sched/agents/agent_0/packets/dsdm_packet.pt	3126768	model/checkpoint/packet payload	planned
cifar100_4agent_25cls_hetero4arch_ipc10_guardian_alex_g3_ep090_fr020_kd060_t3_sched	outputs/cifar100_4agent_25cls_hetero4arch_ipc10_guardian_alex_g3_ep090_fr020_kd060_t3_sched/agents/agent_0/checkpoints/expert_model.pt	2023046	model/checkpoint/packet payload	planned
cifar100_4agent_25cls_hetero4arch_ipc10_guardian_alex_g3_ep090_fr020_kd060_t3_sched	outputs/cifar100_4agent_25cls_hetero4arch_ipc10_guardian_alex_g3_ep090_fr020_kd060_t3_sched/agents/agent_1/packets/dsdm_packet.pt	3126768	model/checkpoint/packet payload	planned
cifar100_4agent_25cls_hetero4arch_ipc10_guardian_alex_g3_ep090_fr020_kd060_t3_sched	outputs/cifar100_4agent_25cls_hetero4arch_ipc10_guardian_alex_g3_ep090_fr020_kd060_t3_sched/agents/agent_1/checkpoints/expert_model.pt	4325454	model/checkpoint/packet payload	planned
cifar100_4agent_25cls_hetero4arch_ipc10_guardian_alex_g3_ep090_fr020_kd060_t3_sched	outputs/cifar100_4agent_25cls_hetero4arch_ipc10_guardian_alex_g3_ep090_fr020_kd060_t3_sched/agents/agent_2/packets/dsdm_packet.pt	3126768	model/checkpoint/packet payload	planned
cifar100_4agent_25cls_hetero4arch_ipc10_guardian_alex_g3_ep090_fr020_kd060_t3_sched	outputs/cifar100_4agent_25cls_hetero4arch_ipc10_guardian_alex_g3_ep090_fr020_kd060_t3_sched/agents/agent_2/checkpoints/expert_model.pt	39239126	model/checkpoint/packet payload	planned
cifar100_4agent_25cls_hetero4arch_ipc10_guardian_alex_g3_ep090_fr020_kd060_t3_sched	outputs/cifar100_4agent_25cls_hetero4arch_ipc10_guardian_alex_g3_ep090_fr020_kd060_t3_sched/agents/agent_3/packets/dsdm_packet.pt	3126768	model/checkpoint/packet payload	planned
cifar100_4agent_25cls_hetero4arch_ipc10_guardian_alex_g3_ep090_fr020_kd060_t3_sched	outputs/cifar100_4agent_25cls_hetero4arch_ipc10_guardian_alex_g3_ep090_fr020_kd060_t3_sched/agents/agent_3/checkpoints/expert_model.pt	28123900	model/checkpoint/packet payload	planned
cifar100_4agent_25cls_hetero4arch_ipc10_guardian_alex_g3_ep090_fr020_kd060_t3_sched	outputs/cifar100_4agent_25cls_hetero4arch_ipc10_guardian_alex_g3_ep090_fr020_kd060_t3_sched/packet_hub/dsdm/agent_0_dsdm_packet.pt	3126768	model/checkpoint/packet payload	planned
cifar100_4agent_25cls_hetero4arch_ipc10_guardian_alex_g3_ep090_fr020_kd060_t3_sched	outputs/cifar100_4agent_25cls_hetero4arch_ipc10_guardian_alex_g3_ep090_fr020_kd060_t3_sched/packet_hub/dsdm/agent_1_dsdm_packet.pt	3126768	model/checkpoint/packet payload	planned
cifar100_4agent_25cls_hetero4arch_ipc10_guardian_alex_g3_ep090_fr020_kd060_t3_sched	outputs/cifar100_4agent_25cls_hetero4arch_ipc10_guardian_alex_g3_ep090_fr020_kd060_t3_sched/packet_hub/dsdm/agent_2_dsdm_packet.pt	3126768	model/checkpoint/packet payload	planned
cifar100_4agent_25cls_hetero4arch_ipc10_guardian_alex_g3_ep090_fr020_kd060_t3_sched	outputs/cifar100_4agent_25cls_hetero4arch_ipc10_guardian_alex_g3_ep090_fr020_kd060_t3_sched/packet_hub/dsdm/agent_3_dsdm_packet.pt	3126768	model/checkpoint/packet payload	planned
cifar100_4agent_25cls_hetero4arch_ipc10_guardian_alex_g3_fr020_kd060_t3_sched_self20	outputs/cifar100_4agent_25cls_hetero4arch_ipc10_guardian_alex_g3_fr020_kd060_t3_sched_self20/agents/agent_0/packets/dsdm_packet.pt	3126768	model/checkpoint/packet payload	planned
cifar100_4agent_25cls_hetero4arch_ipc10_guardian_alex_g3_fr020_kd060_t3_sched_self20	outputs/cifar100_4agent_25cls_hetero4arch_ipc10_guardian_alex_g3_fr020_kd060_t3_sched_self20/agents/agent_0/checkpoints/expert_model.pt	2023046	model/checkpoint/packet payload	planned
cifar100_4agent_25cls_hetero4arch_ipc10_guardian_alex_g3_fr020_kd060_t3_sched_self20	outputs/cifar100_4agent_25cls_hetero4arch_ipc10_guardian_alex_g3_fr020_kd060_t3_sched_self20/agents/agent_1/packets/dsdm_packet.pt	3126768	model/checkpoint/packet payload	planned
cifar100_4agent_25cls_hetero4arch_ipc10_guardian_alex_g3_fr020_kd060_t3_sched_self20	outputs/cifar100_4agent_25cls_hetero4arch_ipc10_guardian_alex_g3_fr020_kd060_t3_sched_self20/agents/agent_1/checkpoints/expert_model.pt	4325454	model/checkpoint/packet payload	planned
cifar100_4agent_25cls_hetero4arch_ipc10_guardian_alex_g3_fr020_kd060_t3_sched_self20	outputs/cifar100_4agent_25cls_hetero4arch_ipc10_guardian_alex_g3_fr020_kd060_t3_sched_self20/agents/agent_2/packets/dsdm_packet.pt	3126768	model/checkpoint/packet payload	planned
cifar100_4agent_25cls_hetero4arch_ipc10_guardian_alex_g3_fr020_kd060_t3_sched_self20	outputs/cifar100_4agent_25cls_hetero4arch_ipc10_guardian_alex_g3_fr020_kd060_t3_sched_self20/agents/agent_2/checkpoints/expert_model.pt	39239126	model/checkpoint/packet payload	planned
cifar100_4agent_25cls_hetero4arch_ipc10_guardian_alex_g3_fr020_kd060_t3_sched_self20	outputs/cifar100_4agent_25cls_hetero4arch_ipc10_guardian_alex_g3_fr020_kd060_t3_sched_self20/agents/agent_3/packets/dsdm_packet.pt	3126768	model/checkpoint/packet payload	planned
cifar100_4agent_25cls_hetero4arch_ipc10_guardian_alex_g3_fr020_kd060_t3_sched_self20	outputs/cifar100_4agent_25cls_hetero4arch_ipc10_guardian_alex_g3_fr020_kd060_t3_sched_self20/agents/agent_3/checkpoints/expert_model.pt	28123900	model/checkpoint/packet payload	planned
cifar100_4agent_25cls_hetero4arch_ipc10_guardian_alex_g3_fr020_kd060_t3_sched_self20	outputs/cifar100_4agent_25cls_hetero4arch_ipc10_guardian_alex_g3_fr020_kd060_t3_sched_self20/packet_hub/dsdm/agent_0_dsdm_packet.pt	3126768	model/checkpoint/packet payload	planned
cifar100_4agent_25cls_hetero4arch_ipc10_guardian_alex_g3_fr020_kd060_t3_sched_self20	outputs/cifar100_4agent_25cls_hetero4arch_ipc10_guardian_alex_g3_fr020_kd060_t3_sched_self20/packet_hub/dsdm/agent_1_dsdm_packet.pt	3126768	model/checkpoint/packet payload	planned
cifar100_4agent_25cls_hetero4arch_ipc10_guardian_alex_g3_fr020_kd060_t3_sched_self20	outputs/cifar100_4agent_25cls_hetero4arch_ipc10_guardian_alex_g3_fr020_kd060_t3_sched_self20/packet_hub/dsdm/agent_2_dsdm_packet.pt	3126768	model/checkpoint/packet payload	planned
cifar100_4agent_25cls_hetero4arch_ipc10_guardian_alex_g3_fr020_kd060_t3_sched_self20	outputs/cifar100_4agent_25cls_hetero4arch_ipc10_guardian_alex_g3_fr020_kd060_t3_sched_self20/packet_hub/dsdm/agent_3_dsdm_packet.pt	3126768	model/checkpoint/packet payload	planned
cifar100_4agent_25cls_hetero4arch_ipc10_guardian_alex_g3_fr020_kd070_t4_sched	outputs/cifar100_4agent_25cls_hetero4arch_ipc10_guardian_alex_g3_fr020_kd070_t4_sched/agents/agent_0/packets/dsdm_packet.pt	3126768	model/checkpoint/packet payload	planned
cifar100_4agent_25cls_hetero4arch_ipc10_guardian_alex_g3_fr020_kd070_t4_sched	outputs/cifar100_4agent_25cls_hetero4arch_ipc10_guardian_alex_g3_fr020_kd070_t4_sched/agents/agent_0/checkpoints/expert_model.pt	2023046	model/checkpoint/packet payload	planned
cifar100_4agent_25cls_hetero4arch_ipc10_guardian_alex_g3_fr020_kd070_t4_sched	outputs/cifar100_4agent_25cls_hetero4arch_ipc10_guardian_alex_g3_fr020_kd070_t4_sched/agents/agent_1/packets/dsdm_packet.pt	3126768	model/checkpoint/packet payload	planned
cifar100_4agent_25cls_hetero4arch_ipc10_guardian_alex_g3_fr020_kd070_t4_sched	outputs/cifar100_4agent_25cls_hetero4arch_ipc10_guardian_alex_g3_fr020_kd070_t4_sched/agents/agent_1/checkpoints/expert_model.pt	4325454	model/checkpoint/packet payload	planned
cifar100_4agent_25cls_hetero4arch_ipc10_guardian_alex_g3_fr020_kd070_t4_sched	outputs/cifar100_4agent_25cls_hetero4arch_ipc10_guardian_alex_g3_fr020_kd070_t4_sched/agents/agent_2/packets/dsdm_packet.pt	3126768	model/checkpoint/packet payload	planned
cifar100_4agent_25cls_hetero4arch_ipc10_guardian_alex_g3_fr020_kd070_t4_sched	outputs/cifar100_4agent_25cls_hetero4arch_ipc10_guardian_alex_g3_fr020_kd070_t4_sched/agents/agent_2/checkpoints/expert_model.pt	39239126	model/checkpoint/packet payload	planned
cifar100_4agent_25cls_hetero4arch_ipc10_guardian_alex_g3_fr020_kd070_t4_sched	outputs/cifar100_4agent_25cls_hetero4arch_ipc10_guardian_alex_g3_fr020_kd070_t4_sched/agents/agent_3/packets/dsdm_packet.pt	3126768	model/checkpoint/packet payload	planned
cifar100_4agent_25cls_hetero4arch_ipc10_guardian_alex_g3_fr020_kd070_t4_sched	outputs/cifar100_4agent_25cls_hetero4arch_ipc10_guardian_alex_g3_fr020_kd070_t4_sched/agents/agent_3/checkpoints/expert_model.pt	28123900	model/checkpoint/packet payload	planned
cifar100_4agent_25cls_hetero4arch_ipc10_guardian_alex_g3_fr020_kd070_t4_sched	outputs/cifar100_4agent_25cls_hetero4arch_ipc10_guardian_alex_g3_fr020_kd070_t4_sched/packet_hub/dsdm/agent_0_dsdm_packet.pt	3126768	model/checkpoint/packet payload	planned
cifar100_4agent_25cls_hetero4arch_ipc10_guardian_alex_g3_fr020_kd070_t4_sched	outputs/cifar100_4agent_25cls_hetero4arch_ipc10_guardian_alex_g3_fr020_kd070_t4_sched/packet_hub/dsdm/agent_1_dsdm_packet.pt	3126768	model/checkpoint/packet payload	planned
cifar100_4agent_25cls_hetero4arch_ipc10_guardian_alex_g3_fr020_kd070_t4_sched	outputs/cifar100_4agent_25cls_hetero4arch_ipc10_guardian_alex_g3_fr020_kd070_t4_sched/packet_hub/dsdm/agent_2_dsdm_packet.pt	3126768	model/checkpoint/packet payload	planned
cifar100_4agent_25cls_hetero4arch_ipc10_guardian_alex_g3_fr020_kd070_t4_sched	outputs/cifar100_4agent_25cls_hetero4arch_ipc10_guardian_alex_g3_fr020_kd070_t4_sched/packet_hub/dsdm/agent_3_dsdm_packet.pt	3126768	model/checkpoint/packet payload	planned
cifar100_4agent_25cls_hetero4arch_ipc10_guardian_alex_g3_fr020_kd080_t3_sched	outputs/cifar100_4agent_25cls_hetero4arch_ipc10_guardian_alex_g3_fr020_kd080_t3_sched/agents/agent_0/packets/dsdm_packet.pt	3126768	model/checkpoint/packet payload	planned
cifar100_4agent_25cls_hetero4arch_ipc10_guardian_alex_g3_fr020_kd080_t3_sched	outputs/cifar100_4agent_25cls_hetero4arch_ipc10_guardian_alex_g3_fr020_kd080_t3_sched/agents/agent_0/checkpoints/expert_model.pt	2023046	model/checkpoint/packet payload	planned
cifar100_4agent_25cls_hetero4arch_ipc10_guardian_alex_g3_fr020_kd080_t3_sched	outputs/cifar100_4agent_25cls_hetero4arch_ipc10_guardian_alex_g3_fr020_kd080_t3_sched/agents/agent_1/packets/dsdm_packet.pt	3126768	model/checkpoint/packet payload	planned
cifar100_4agent_25cls_hetero4arch_ipc10_guardian_alex_g3_fr020_kd080_t3_sched	outputs/cifar100_4agent_25cls_hetero4arch_ipc10_guardian_alex_g3_fr020_kd080_t3_sched/agents/agent_1/checkpoints/expert_model.pt	4325454	model/checkpoint/packet payload	planned
cifar100_4agent_25cls_hetero4arch_ipc10_guardian_alex_g3_fr020_kd080_t3_sched	outputs/cifar100_4agent_25cls_hetero4arch_ipc10_guardian_alex_g3_fr020_kd080_t3_sched/agents/agent_2/packets/dsdm_packet.pt	3126768	model/checkpoint/packet payload	planned
cifar100_4agent_25cls_hetero4arch_ipc10_guardian_alex_g3_fr020_kd080_t3_sched	outputs/cifar100_4agent_25cls_hetero4arch_ipc10_guardian_alex_g3_fr020_kd080_t3_sched/agents/agent_2/checkpoints/expert_model.pt	39239126	model/checkpoint/packet payload	planned
cifar100_4agent_25cls_hetero4arch_ipc10_guardian_alex_g3_fr020_kd080_t3_sched	outputs/cifar100_4agent_25cls_hetero4arch_ipc10_guardian_alex_g3_fr020_kd080_t3_sched/agents/agent_3/packets/dsdm_packet.pt	3126768	model/checkpoint/packet payload	planned
cifar100_4agent_25cls_hetero4arch_ipc10_guardian_alex_g3_fr020_kd080_t3_sched	outputs/cifar100_4agent_25cls_hetero4arch_ipc10_guardian_alex_g3_fr020_kd080_t3_sched/agents/agent_3/checkpoints/expert_model.pt	28123900	model/checkpoint/packet payload	planned
cifar100_4agent_25cls_hetero4arch_ipc10_guardian_alex_g3_fr020_kd080_t3_sched	outputs/cifar100_4agent_25cls_hetero4arch_ipc10_guardian_alex_g3_fr020_kd080_t3_sched/packet_hub/dsdm/agent_0_dsdm_packet.pt	3126768	model/checkpoint/packet payload	planned
cifar100_4agent_25cls_hetero4arch_ipc10_guardian_alex_g3_fr020_kd080_t3_sched	outputs/cifar100_4agent_25cls_hetero4arch_ipc10_guardian_alex_g3_fr020_kd080_t3_sched/packet_hub/dsdm/agent_1_dsdm_packet.pt	3126768	model/checkpoint/packet payload	planned
cifar100_4agent_25cls_hetero4arch_ipc10_guardian_alex_g3_fr020_kd080_t3_sched	outputs/cifar100_4agent_25cls_hetero4arch_ipc10_guardian_alex_g3_fr020_kd080_t3_sched/packet_hub/dsdm/agent_2_dsdm_packet.pt	3126768	model/checkpoint/packet payload	planned
cifar100_4agent_25cls_hetero4arch_ipc10_guardian_alex_g3_fr020_kd080_t3_sched	outputs/cifar100_4agent_25cls_hetero4arch_ipc10_guardian_alex_g3_fr020_kd080_t3_sched/packet_hub/dsdm/agent_3_dsdm_packet.pt	3126768	model/checkpoint/packet payload	planned
cifar100_4agent_25cls_hetero4arch_ipc10_guardian_alex_g3_fr025_kd070_t3_sched_self15	outputs/cifar100_4agent_25cls_hetero4arch_ipc10_guardian_alex_g3_fr025_kd070_t3_sched_self15/agents/agent_0/packets/dsdm_packet.pt	3126768	model/checkpoint/packet payload	planned
cifar100_4agent_25cls_hetero4arch_ipc10_guardian_alex_g3_fr025_kd070_t3_sched_self15	outputs/cifar100_4agent_25cls_hetero4arch_ipc10_guardian_alex_g3_fr025_kd070_t3_sched_self15/agents/agent_0/checkpoints/expert_model.pt	2023046	model/checkpoint/packet payload	planned
cifar100_4agent_25cls_hetero4arch_ipc10_guardian_alex_g3_fr025_kd070_t3_sched_self15	outputs/cifar100_4agent_25cls_hetero4arch_ipc10_guardian_alex_g3_fr025_kd070_t3_sched_self15/agents/agent_1/packets/dsdm_packet.pt	3126768	model/checkpoint/packet payload	planned
cifar100_4agent_25cls_hetero4arch_ipc10_guardian_alex_g3_fr025_kd070_t3_sched_self15	outputs/cifar100_4agent_25cls_hetero4arch_ipc10_guardian_alex_g3_fr025_kd070_t3_sched_self15/agents/agent_1/checkpoints/expert_model.pt	4325454	model/checkpoint/packet payload	planned
cifar100_4agent_25cls_hetero4arch_ipc10_guardian_alex_g3_fr025_kd070_t3_sched_self15	outputs/cifar100_4agent_25cls_hetero4arch_ipc10_guardian_alex_g3_fr025_kd070_t3_sched_self15/agents/agent_2/packets/dsdm_packet.pt	3126768	model/checkpoint/packet payload	planned
cifar100_4agent_25cls_hetero4arch_ipc10_guardian_alex_g3_fr025_kd070_t3_sched_self15	outputs/cifar100_4agent_25cls_hetero4arch_ipc10_guardian_alex_g3_fr025_kd070_t3_sched_self15/agents/agent_2/checkpoints/expert_model.pt	39239126	model/checkpoint/packet payload	planned
cifar100_4agent_25cls_hetero4arch_ipc10_guardian_alex_g3_fr025_kd070_t3_sched_self15	outputs/cifar100_4agent_25cls_hetero4arch_ipc10_guardian_alex_g3_fr025_kd070_t3_sched_self15/agents/agent_3/packets/dsdm_packet.pt	3126768	model/checkpoint/packet payload	planned
cifar100_4agent_25cls_hetero4arch_ipc10_guardian_alex_g3_fr025_kd070_t3_sched_self15	outputs/cifar100_4agent_25cls_hetero4arch_ipc10_guardian_alex_g3_fr025_kd070_t3_sched_self15/agents/agent_3/checkpoints/expert_model.pt	28123900	model/checkpoint/packet payload	planned
cifar100_4agent_25cls_hetero4arch_ipc10_guardian_alex_g3_fr025_kd070_t3_sched_self15	outputs/cifar100_4agent_25cls_hetero4arch_ipc10_guardian_alex_g3_fr025_kd070_t3_sched_self15/packet_hub/dsdm/agent_0_dsdm_packet.pt	3126768	model/checkpoint/packet payload	planned
cifar100_4agent_25cls_hetero4arch_ipc10_guardian_alex_g3_fr025_kd070_t3_sched_self15	outputs/cifar100_4agent_25cls_hetero4arch_ipc10_guardian_alex_g3_fr025_kd070_t3_sched_self15/packet_hub/dsdm/agent_1_dsdm_packet.pt	3126768	model/checkpoint/packet payload	planned
cifar100_4agent_25cls_hetero4arch_ipc10_guardian_alex_g3_fr025_kd070_t3_sched_self15	outputs/cifar100_4agent_25cls_hetero4arch_ipc10_guardian_alex_g3_fr025_kd070_t3_sched_self15/packet_hub/dsdm/agent_2_dsdm_packet.pt	3126768	model/checkpoint/packet payload	planned
cifar100_4agent_25cls_hetero4arch_ipc10_guardian_alex_g3_fr025_kd070_t3_sched_self15	outputs/cifar100_4agent_25cls_hetero4arch_ipc10_guardian_alex_g3_fr025_kd070_t3_sched_self15/packet_hub/dsdm/agent_3_dsdm_packet.pt	3126768	model/checkpoint/packet payload	planned
cifar100_4agent_25cls_hetero4arch_ipc10_guardian_alex_g3_fr030_kd060_t3_sched	outputs/cifar100_4agent_25cls_hetero4arch_ipc10_guardian_alex_g3_fr030_kd060_t3_sched/agents/agent_0/packets/dsdm_packet.pt	3126768	model/checkpoint/packet payload	planned
cifar100_4agent_25cls_hetero4arch_ipc10_guardian_alex_g3_fr030_kd060_t3_sched	outputs/cifar100_4agent_25cls_hetero4arch_ipc10_guardian_alex_g3_fr030_kd060_t3_sched/agents/agent_0/checkpoints/expert_model.pt	2023046	model/checkpoint/packet payload	planned
cifar100_4agent_25cls_hetero4arch_ipc10_guardian_alex_g3_fr030_kd060_t3_sched	outputs/cifar100_4agent_25cls_hetero4arch_ipc10_guardian_alex_g3_fr030_kd060_t3_sched/agents/agent_1/packets/dsdm_packet.pt	3126768	model/checkpoint/packet payload	planned
cifar100_4agent_25cls_hetero4arch_ipc10_guardian_alex_g3_fr030_kd060_t3_sched	outputs/cifar100_4agent_25cls_hetero4arch_ipc10_guardian_alex_g3_fr030_kd060_t3_sched/agents/agent_1/checkpoints/expert_model.pt	4325454	model/checkpoint/packet payload	planned
cifar100_4agent_25cls_hetero4arch_ipc10_guardian_alex_g3_fr030_kd060_t3_sched	outputs/cifar100_4agent_25cls_hetero4arch_ipc10_guardian_alex_g3_fr030_kd060_t3_sched/agents/agent_2/packets/dsdm_packet.pt	3126768	model/checkpoint/packet payload	planned
cifar100_4agent_25cls_hetero4arch_ipc10_guardian_alex_g3_fr030_kd060_t3_sched	outputs/cifar100_4agent_25cls_hetero4arch_ipc10_guardian_alex_g3_fr030_kd060_t3_sched/agents/agent_2/checkpoints/expert_model.pt	39239126	model/checkpoint/packet payload	planned
cifar100_4agent_25cls_hetero4arch_ipc10_guardian_alex_g3_fr030_kd060_t3_sched	outputs/cifar100_4agent_25cls_hetero4arch_ipc10_guardian_alex_g3_fr030_kd060_t3_sched/agents/agent_3/packets/dsdm_packet.pt	3126768	model/checkpoint/packet payload	planned
cifar100_4agent_25cls_hetero4arch_ipc10_guardian_alex_g3_fr030_kd060_t3_sched	outputs/cifar100_4agent_25cls_hetero4arch_ipc10_guardian_alex_g3_fr030_kd060_t3_sched/agents/agent_3/checkpoints/expert_model.pt	28123900	model/checkpoint/packet payload	planned
cifar100_4agent_25cls_hetero4arch_ipc10_guardian_alex_g3_fr030_kd060_t3_sched	outputs/cifar100_4agent_25cls_hetero4arch_ipc10_guardian_alex_g3_fr030_kd060_t3_sched/packet_hub/dsdm/agent_0_dsdm_packet.pt	3126768	model/checkpoint/packet payload	planned
cifar100_4agent_25cls_hetero4arch_ipc10_guardian_alex_g3_fr030_kd060_t3_sched	outputs/cifar100_4agent_25cls_hetero4arch_ipc10_guardian_alex_g3_fr030_kd060_t3_sched/packet_hub/dsdm/agent_1_dsdm_packet.pt	3126768	model/checkpoint/packet payload	planned
cifar100_4agent_25cls_hetero4arch_ipc10_guardian_alex_g3_fr030_kd060_t3_sched	outputs/cifar100_4agent_25cls_hetero4arch_ipc10_guardian_alex_g3_fr030_kd060_t3_sched/packet_hub/dsdm/agent_2_dsdm_packet.pt	3126768	model/checkpoint/packet payload	planned
cifar100_4agent_25cls_hetero4arch_ipc10_guardian_alex_g3_fr030_kd060_t3_sched	outputs/cifar100_4agent_25cls_hetero4arch_ipc10_guardian_alex_g3_fr030_kd060_t3_sched/packet_hub/dsdm/agent_3_dsdm_packet.pt	3126768	model/checkpoint/packet payload	planned
cifar100_4agent_25cls_hetero4arch_ipc10_guardian_vgg_dense_ep60_lr0p01_fr0p25_kd0p3_t3p0_self2p5	outputs/cifar100_4agent_25cls_hetero4arch_ipc10_guardian_vgg_dense_ep60_lr0p01_fr0p25_kd0p3_t3p0_self2p5/agents/agent_0/packets/dsdm_packet.pt	3126768	model/checkpoint/packet payload	planned
cifar100_4agent_25cls_hetero4arch_ipc10_guardian_vgg_dense_ep60_lr0p01_fr0p25_kd0p3_t3p0_self2p5	outputs/cifar100_4agent_25cls_hetero4arch_ipc10_guardian_vgg_dense_ep60_lr0p01_fr0p25_kd0p3_t3p0_self2p5/agents/agent_0/checkpoints/expert_model.pt	2023046	model/checkpoint/packet payload	planned
cifar100_4agent_25cls_hetero4arch_ipc10_guardian_vgg_dense_ep60_lr0p01_fr0p25_kd0p3_t3p0_self2p5	outputs/cifar100_4agent_25cls_hetero4arch_ipc10_guardian_vgg_dense_ep60_lr0p01_fr0p25_kd0p3_t3p0_self2p5/agents/agent_1/packets/dsdm_packet.pt	3126768	model/checkpoint/packet payload	planned
cifar100_4agent_25cls_hetero4arch_ipc10_guardian_vgg_dense_ep60_lr0p01_fr0p25_kd0p3_t3p0_self2p5	outputs/cifar100_4agent_25cls_hetero4arch_ipc10_guardian_vgg_dense_ep60_lr0p01_fr0p25_kd0p3_t3p0_self2p5/agents/agent_1/checkpoints/expert_model.pt	4325454	model/checkpoint/packet payload	planned
cifar100_4agent_25cls_hetero4arch_ipc10_guardian_vgg_dense_ep60_lr0p01_fr0p25_kd0p3_t3p0_self2p5	outputs/cifar100_4agent_25cls_hetero4arch_ipc10_guardian_vgg_dense_ep60_lr0p01_fr0p25_kd0p3_t3p0_self2p5/agents/agent_2/packets/dsdm_packet.pt	3126768	model/checkpoint/packet payload	planned
cifar100_4agent_25cls_hetero4arch_ipc10_guardian_vgg_dense_ep60_lr0p01_fr0p25_kd0p3_t3p0_self2p5	outputs/cifar100_4agent_25cls_hetero4arch_ipc10_guardian_vgg_dense_ep60_lr0p01_fr0p25_kd0p3_t3p0_self2p5/agents/agent_2/checkpoints/expert_model.pt	39239126	model/checkpoint/packet payload	planned
cifar100_4agent_25cls_hetero4arch_ipc10_guardian_vgg_dense_ep60_lr0p01_fr0p25_kd0p3_t3p0_self2p5	outputs/cifar100_4agent_25cls_hetero4arch_ipc10_guardian_vgg_dense_ep60_lr0p01_fr0p25_kd0p3_t3p0_self2p5/agents/agent_3/packets/dsdm_packet.pt	3126768	model/checkpoint/packet payload	planned
cifar100_4agent_25cls_hetero4arch_ipc10_guardian_vgg_dense_ep60_lr0p01_fr0p25_kd0p3_t3p0_self2p5	outputs/cifar100_4agent_25cls_hetero4arch_ipc10_guardian_vgg_dense_ep60_lr0p01_fr0p25_kd0p3_t3p0_self2p5/agents/agent_3/checkpoints/expert_model.pt	28123900	model/checkpoint/packet payload	planned
cifar100_4agent_25cls_hetero4arch_ipc10_guardian_vgg_dense_ep60_lr0p01_fr0p25_kd0p3_t3p0_self2p5	outputs/cifar100_4agent_25cls_hetero4arch_ipc10_guardian_vgg_dense_ep60_lr0p01_fr0p25_kd0p3_t3p0_self2p5/packet_hub/dsdm/agent_0_dsdm_packet.pt	3126768	model/checkpoint/packet payload	planned
cifar100_4agent_25cls_hetero4arch_ipc10_guardian_vgg_dense_ep60_lr0p01_fr0p25_kd0p3_t3p0_self2p5	outputs/cifar100_4agent_25cls_hetero4arch_ipc10_guardian_vgg_dense_ep60_lr0p01_fr0p25_kd0p3_t3p0_self2p5/packet_hub/dsdm/agent_1_dsdm_packet.pt	3126768	model/checkpoint/packet payload	planned
cifar100_4agent_25cls_hetero4arch_ipc10_guardian_vgg_dense_ep60_lr0p01_fr0p25_kd0p3_t3p0_self2p5	outputs/cifar100_4agent_25cls_hetero4arch_ipc10_guardian_vgg_dense_ep60_lr0p01_fr0p25_kd0p3_t3p0_self2p5/packet_hub/dsdm/agent_2_dsdm_packet.pt	3126768	model/checkpoint/packet payload	planned
cifar100_4agent_25cls_hetero4arch_ipc10_guardian_vgg_dense_ep60_lr0p01_fr0p25_kd0p3_t3p0_self2p5	outputs/cifar100_4agent_25cls_hetero4arch_ipc10_guardian_vgg_dense_ep60_lr0p01_fr0p25_kd0p3_t3p0_self2p5/packet_hub/dsdm/agent_3_dsdm_packet.pt	3126768	model/checkpoint/packet payload	planned
cifar100_4agent_25cls_hetero4arch_ipc10_guardian_vgg_dense_ep60_lr0p01_fr0p25_kd0p3_t3p0_self3p0	outputs/cifar100_4agent_25cls_hetero4arch_ipc10_guardian_vgg_dense_ep60_lr0p01_fr0p25_kd0p3_t3p0_self3p0/agents/agent_0/packets/dsdm_packet.pt	3126768	model/checkpoint/packet payload	planned
cifar100_4agent_25cls_hetero4arch_ipc10_guardian_vgg_dense_ep60_lr0p01_fr0p25_kd0p3_t3p0_self3p0	outputs/cifar100_4agent_25cls_hetero4arch_ipc10_guardian_vgg_dense_ep60_lr0p01_fr0p25_kd0p3_t3p0_self3p0/agents/agent_0/checkpoints/expert_model.pt	2023046	model/checkpoint/packet payload	planned
cifar100_4agent_25cls_hetero4arch_ipc10_guardian_vgg_dense_ep60_lr0p01_fr0p25_kd0p3_t3p0_self3p0	outputs/cifar100_4agent_25cls_hetero4arch_ipc10_guardian_vgg_dense_ep60_lr0p01_fr0p25_kd0p3_t3p0_self3p0/agents/agent_1/packets/dsdm_packet.pt	3126768	model/checkpoint/packet payload	planned
cifar100_4agent_25cls_hetero4arch_ipc10_guardian_vgg_dense_ep60_lr0p01_fr0p25_kd0p3_t3p0_self3p0	outputs/cifar100_4agent_25cls_hetero4arch_ipc10_guardian_vgg_dense_ep60_lr0p01_fr0p25_kd0p3_t3p0_self3p0/agents/agent_1/checkpoints/expert_model.pt	4325454	model/checkpoint/packet payload	planned
cifar100_4agent_25cls_hetero4arch_ipc10_guardian_vgg_dense_ep60_lr0p01_fr0p25_kd0p3_t3p0_self3p0	outputs/cifar100_4agent_25cls_hetero4arch_ipc10_guardian_vgg_dense_ep60_lr0p01_fr0p25_kd0p3_t3p0_self3p0/agents/agent_2/packets/dsdm_packet.pt	3126768	model/checkpoint/packet payload	planned
cifar100_4agent_25cls_hetero4arch_ipc10_guardian_vgg_dense_ep60_lr0p01_fr0p25_kd0p3_t3p0_self3p0	outputs/cifar100_4agent_25cls_hetero4arch_ipc10_guardian_vgg_dense_ep60_lr0p01_fr0p25_kd0p3_t3p0_self3p0/agents/agent_2/checkpoints/expert_model.pt	39239126	model/checkpoint/packet payload	planned
cifar100_4agent_25cls_hetero4arch_ipc10_guardian_vgg_dense_ep60_lr0p01_fr0p25_kd0p3_t3p0_self3p0	outputs/cifar100_4agent_25cls_hetero4arch_ipc10_guardian_vgg_dense_ep60_lr0p01_fr0p25_kd0p3_t3p0_self3p0/agents/agent_3/packets/dsdm_packet.pt	3126768	model/checkpoint/packet payload	planned
cifar100_4agent_25cls_hetero4arch_ipc10_guardian_vgg_dense_ep60_lr0p01_fr0p25_kd0p3_t3p0_self3p0	outputs/cifar100_4agent_25cls_hetero4arch_ipc10_guardian_vgg_dense_ep60_lr0p01_fr0p25_kd0p3_t3p0_self3p0/agents/agent_3/checkpoints/expert_model.pt	28123900	model/checkpoint/packet payload	planned
cifar100_4agent_25cls_hetero4arch_ipc10_guardian_vgg_dense_ep60_lr0p01_fr0p25_kd0p3_t3p0_self3p0	outputs/cifar100_4agent_25cls_hetero4arch_ipc10_guardian_vgg_dense_ep60_lr0p01_fr0p25_kd0p3_t3p0_self3p0/packet_hub/dsdm/agent_0_dsdm_packet.pt	3126768	model/checkpoint/packet payload	planned
cifar100_4agent_25cls_hetero4arch_ipc10_guardian_vgg_dense_ep60_lr0p01_fr0p25_kd0p3_t3p0_self3p0	outputs/cifar100_4agent_25cls_hetero4arch_ipc10_guardian_vgg_dense_ep60_lr0p01_fr0p25_kd0p3_t3p0_self3p0/packet_hub/dsdm/agent_1_dsdm_packet.pt	3126768	model/checkpoint/packet payload	planned
cifar100_4agent_25cls_hetero4arch_ipc10_guardian_vgg_dense_ep60_lr0p01_fr0p25_kd0p3_t3p0_self3p0	outputs/cifar100_4agent_25cls_hetero4arch_ipc10_guardian_vgg_dense_ep60_lr0p01_fr0p25_kd0p3_t3p0_self3p0/packet_hub/dsdm/agent_2_dsdm_packet.pt	3126768	model/checkpoint/packet payload	planned
cifar100_4agent_25cls_hetero4arch_ipc10_guardian_vgg_dense_ep60_lr0p01_fr0p25_kd0p3_t3p0_self3p0	outputs/cifar100_4agent_25cls_hetero4arch_ipc10_guardian_vgg_dense_ep60_lr0p01_fr0p25_kd0p3_t3p0_self3p0/packet_hub/dsdm/agent_3_dsdm_packet.pt	3126768	model/checkpoint/packet payload	planned
cifar100_4agent_25cls_hetero4arch_ipc10_guardian_vgg_dense_ep60_lr0p01_fr0p25_kd0p3_t3p0_self4p0	outputs/cifar100_4agent_25cls_hetero4arch_ipc10_guardian_vgg_dense_ep60_lr0p01_fr0p25_kd0p3_t3p0_self4p0/agents/agent_0/packets/dsdm_packet.pt	3126768	model/checkpoint/packet payload	planned
cifar100_4agent_25cls_hetero4arch_ipc10_guardian_vgg_dense_ep60_lr0p01_fr0p25_kd0p3_t3p0_self4p0	outputs/cifar100_4agent_25cls_hetero4arch_ipc10_guardian_vgg_dense_ep60_lr0p01_fr0p25_kd0p3_t3p0_self4p0/agents/agent_0/checkpoints/expert_model.pt	2023046	model/checkpoint/packet payload	planned
cifar100_4agent_25cls_hetero4arch_ipc10_guardian_vgg_dense_ep60_lr0p01_fr0p25_kd0p3_t3p0_self4p0	outputs/cifar100_4agent_25cls_hetero4arch_ipc10_guardian_vgg_dense_ep60_lr0p01_fr0p25_kd0p3_t3p0_self4p0/agents/agent_1/packets/dsdm_packet.pt	3126768	model/checkpoint/packet payload	planned
cifar100_4agent_25cls_hetero4arch_ipc10_guardian_vgg_dense_ep60_lr0p01_fr0p25_kd0p3_t3p0_self4p0	outputs/cifar100_4agent_25cls_hetero4arch_ipc10_guardian_vgg_dense_ep60_lr0p01_fr0p25_kd0p3_t3p0_self4p0/agents/agent_1/checkpoints/expert_model.pt	4325454	model/checkpoint/packet payload	planned
cifar100_4agent_25cls_hetero4arch_ipc10_guardian_vgg_dense_ep60_lr0p01_fr0p25_kd0p3_t3p0_self4p0	outputs/cifar100_4agent_25cls_hetero4arch_ipc10_guardian_vgg_dense_ep60_lr0p01_fr0p25_kd0p3_t3p0_self4p0/agents/agent_2/packets/dsdm_packet.pt	3126768	model/checkpoint/packet payload	planned
cifar100_4agent_25cls_hetero4arch_ipc10_guardian_vgg_dense_ep60_lr0p01_fr0p25_kd0p3_t3p0_self4p0	outputs/cifar100_4agent_25cls_hetero4arch_ipc10_guardian_vgg_dense_ep60_lr0p01_fr0p25_kd0p3_t3p0_self4p0/agents/agent_2/checkpoints/expert_model.pt	39239126	model/checkpoint/packet payload	planned
cifar100_4agent_25cls_hetero4arch_ipc10_guardian_vgg_dense_ep60_lr0p01_fr0p25_kd0p3_t3p0_self4p0	outputs/cifar100_4agent_25cls_hetero4arch_ipc10_guardian_vgg_dense_ep60_lr0p01_fr0p25_kd0p3_t3p0_self4p0/agents/agent_3/packets/dsdm_packet.pt	3126768	model/checkpoint/packet payload	planned
cifar100_4agent_25cls_hetero4arch_ipc10_guardian_vgg_dense_ep60_lr0p01_fr0p25_kd0p3_t3p0_self4p0	outputs/cifar100_4agent_25cls_hetero4arch_ipc10_guardian_vgg_dense_ep60_lr0p01_fr0p25_kd0p3_t3p0_self4p0/agents/agent_3/checkpoints/expert_model.pt	28123900	model/checkpoint/packet payload	planned
cifar100_4agent_25cls_hetero4arch_ipc10_guardian_vgg_dense_ep60_lr0p01_fr0p25_kd0p3_t3p0_self4p0	outputs/cifar100_4agent_25cls_hetero4arch_ipc10_guardian_vgg_dense_ep60_lr0p01_fr0p25_kd0p3_t3p0_self4p0/packet_hub/dsdm/agent_0_dsdm_packet.pt	3126768	model/checkpoint/packet payload	planned
cifar100_4agent_25cls_hetero4arch_ipc10_guardian_vgg_dense_ep60_lr0p01_fr0p25_kd0p3_t3p0_self4p0	outputs/cifar100_4agent_25cls_hetero4arch_ipc10_guardian_vgg_dense_ep60_lr0p01_fr0p25_kd0p3_t3p0_self4p0/packet_hub/dsdm/agent_1_dsdm_packet.pt	3126768	model/checkpoint/packet payload	planned
cifar100_4agent_25cls_hetero4arch_ipc10_guardian_vgg_dense_ep60_lr0p01_fr0p25_kd0p3_t3p0_self4p0	outputs/cifar100_4agent_25cls_hetero4arch_ipc10_guardian_vgg_dense_ep60_lr0p01_fr0p25_kd0p3_t3p0_self4p0/packet_hub/dsdm/agent_2_dsdm_packet.pt	3126768	model/checkpoint/packet payload	planned
cifar100_4agent_25cls_hetero4arch_ipc10_guardian_vgg_dense_ep60_lr0p01_fr0p25_kd0p3_t3p0_self4p0	outputs/cifar100_4agent_25cls_hetero4arch_ipc10_guardian_vgg_dense_ep60_lr0p01_fr0p25_kd0p3_t3p0_self4p0/packet_hub/dsdm/agent_3_dsdm_packet.pt	3126768	model/checkpoint/packet payload	planned
cifar100_4agent_25cls_hetero4arch_ipc10_guardian_vgg_dense_ep60_lr0p01_fr0p25_kd0p3_t4p0_self2p5	outputs/cifar100_4agent_25cls_hetero4arch_ipc10_guardian_vgg_dense_ep60_lr0p01_fr0p25_kd0p3_t4p0_self2p5/agents/agent_0/packets/dsdm_packet.pt	3126768	model/checkpoint/packet payload	planned
cifar100_4agent_25cls_hetero4arch_ipc10_guardian_vgg_dense_ep60_lr0p01_fr0p25_kd0p3_t4p0_self2p5	outputs/cifar100_4agent_25cls_hetero4arch_ipc10_guardian_vgg_dense_ep60_lr0p01_fr0p25_kd0p3_t4p0_self2p5/agents/agent_0/checkpoints/expert_model.pt	2023046	model/checkpoint/packet payload	planned
cifar100_4agent_25cls_hetero4arch_ipc10_guardian_vgg_dense_ep60_lr0p01_fr0p25_kd0p3_t4p0_self2p5	outputs/cifar100_4agent_25cls_hetero4arch_ipc10_guardian_vgg_dense_ep60_lr0p01_fr0p25_kd0p3_t4p0_self2p5/agents/agent_1/packets/dsdm_packet.pt	3126768	model/checkpoint/packet payload	planned
cifar100_4agent_25cls_hetero4arch_ipc10_guardian_vgg_dense_ep60_lr0p01_fr0p25_kd0p3_t4p0_self2p5	outputs/cifar100_4agent_25cls_hetero4arch_ipc10_guardian_vgg_dense_ep60_lr0p01_fr0p25_kd0p3_t4p0_self2p5/agents/agent_1/checkpoints/expert_model.pt	4325454	model/checkpoint/packet payload	planned
cifar100_4agent_25cls_hetero4arch_ipc10_guardian_vgg_dense_ep60_lr0p01_fr0p25_kd0p3_t4p0_self2p5	outputs/cifar100_4agent_25cls_hetero4arch_ipc10_guardian_vgg_dense_ep60_lr0p01_fr0p25_kd0p3_t4p0_self2p5/agents/agent_2/packets/dsdm_packet.pt	3126768	model/checkpoint/packet payload	planned
cifar100_4agent_25cls_hetero4arch_ipc10_guardian_vgg_dense_ep60_lr0p01_fr0p25_kd0p3_t4p0_self2p5	outputs/cifar100_4agent_25cls_hetero4arch_ipc10_guardian_vgg_dense_ep60_lr0p01_fr0p25_kd0p3_t4p0_self2p5/agents/agent_2/checkpoints/expert_model.pt	39239126	model/checkpoint/packet payload	planned
cifar100_4agent_25cls_hetero4arch_ipc10_guardian_vgg_dense_ep60_lr0p01_fr0p25_kd0p3_t4p0_self2p5	outputs/cifar100_4agent_25cls_hetero4arch_ipc10_guardian_vgg_dense_ep60_lr0p01_fr0p25_kd0p3_t4p0_self2p5/agents/agent_3/packets/dsdm_packet.pt	3126768	model/checkpoint/packet payload	planned
cifar100_4agent_25cls_hetero4arch_ipc10_guardian_vgg_dense_ep60_lr0p01_fr0p25_kd0p3_t4p0_self2p5	outputs/cifar100_4agent_25cls_hetero4arch_ipc10_guardian_vgg_dense_ep60_lr0p01_fr0p25_kd0p3_t4p0_self2p5/agents/agent_3/checkpoints/expert_model.pt	28123900	model/checkpoint/packet payload	planned
cifar100_4agent_25cls_hetero4arch_ipc10_guardian_vgg_dense_ep60_lr0p01_fr0p25_kd0p3_t4p0_self2p5	outputs/cifar100_4agent_25cls_hetero4arch_ipc10_guardian_vgg_dense_ep60_lr0p01_fr0p25_kd0p3_t4p0_self2p5/packet_hub/dsdm/agent_0_dsdm_packet.pt	3126768	model/checkpoint/packet payload	planned
cifar100_4agent_25cls_hetero4arch_ipc10_guardian_vgg_dense_ep60_lr0p01_fr0p25_kd0p3_t4p0_self2p5	outputs/cifar100_4agent_25cls_hetero4arch_ipc10_guardian_vgg_dense_ep60_lr0p01_fr0p25_kd0p3_t4p0_self2p5/packet_hub/dsdm/agent_1_dsdm_packet.pt	3126768	model/checkpoint/packet payload	planned
cifar100_4agent_25cls_hetero4arch_ipc10_guardian_vgg_dense_ep60_lr0p01_fr0p25_kd0p3_t4p0_self2p5	outputs/cifar100_4agent_25cls_hetero4arch_ipc10_guardian_vgg_dense_ep60_lr0p01_fr0p25_kd0p3_t4p0_self2p5/packet_hub/dsdm/agent_2_dsdm_packet.pt	3126768	model/checkpoint/packet payload	planned
cifar100_4agent_25cls_hetero4arch_ipc10_guardian_vgg_dense_ep60_lr0p01_fr0p25_kd0p3_t4p0_self2p5	outputs/cifar100_4agent_25cls_hetero4arch_ipc10_guardian_vgg_dense_ep60_lr0p01_fr0p25_kd0p3_t4p0_self2p5/packet_hub/dsdm/agent_3_dsdm_packet.pt	3126768	model/checkpoint/packet payload	planned
cifar100_4agent_25cls_hetero4arch_ipc10_guardian_vgg_dense_ep60_lr0p01_fr0p25_kd0p3_t4p0_self3p0	outputs/cifar100_4agent_25cls_hetero4arch_ipc10_guardian_vgg_dense_ep60_lr0p01_fr0p25_kd0p3_t4p0_self3p0/agents/agent_0/packets/dsdm_packet.pt	3126768	model/checkpoint/packet payload	planned
cifar100_4agent_25cls_hetero4arch_ipc10_guardian_vgg_dense_ep60_lr0p01_fr0p25_kd0p3_t4p0_self3p0	outputs/cifar100_4agent_25cls_hetero4arch_ipc10_guardian_vgg_dense_ep60_lr0p01_fr0p25_kd0p3_t4p0_self3p0/agents/agent_0/checkpoints/expert_model.pt	2023046	model/checkpoint/packet payload	planned
cifar100_4agent_25cls_hetero4arch_ipc10_guardian_vgg_dense_ep60_lr0p01_fr0p25_kd0p3_t4p0_self3p0	outputs/cifar100_4agent_25cls_hetero4arch_ipc10_guardian_vgg_dense_ep60_lr0p01_fr0p25_kd0p3_t4p0_self3p0/agents/agent_1/packets/dsdm_packet.pt	3126768	model/checkpoint/packet payload	planned
cifar100_4agent_25cls_hetero4arch_ipc10_guardian_vgg_dense_ep60_lr0p01_fr0p25_kd0p3_t4p0_self3p0	outputs/cifar100_4agent_25cls_hetero4arch_ipc10_guardian_vgg_dense_ep60_lr0p01_fr0p25_kd0p3_t4p0_self3p0/agents/agent_1/checkpoints/expert_model.pt	4325454	model/checkpoint/packet payload	planned
cifar100_4agent_25cls_hetero4arch_ipc10_guardian_vgg_dense_ep60_lr0p01_fr0p25_kd0p3_t4p0_self3p0	outputs/cifar100_4agent_25cls_hetero4arch_ipc10_guardian_vgg_dense_ep60_lr0p01_fr0p25_kd0p3_t4p0_self3p0/agents/agent_2/packets/dsdm_packet.pt	3126768	model/checkpoint/packet payload	planned
cifar100_4agent_25cls_hetero4arch_ipc10_guardian_vgg_dense_ep60_lr0p01_fr0p25_kd0p3_t4p0_self3p0	outputs/cifar100_4agent_25cls_hetero4arch_ipc10_guardian_vgg_dense_ep60_lr0p01_fr0p25_kd0p3_t4p0_self3p0/agents/agent_2/checkpoints/expert_model.pt	39239126	model/checkpoint/packet payload	planned
cifar100_4agent_25cls_hetero4arch_ipc10_guardian_vgg_dense_ep60_lr0p01_fr0p25_kd0p3_t4p0_self3p0	outputs/cifar100_4agent_25cls_hetero4arch_ipc10_guardian_vgg_dense_ep60_lr0p01_fr0p25_kd0p3_t4p0_self3p0/agents/agent_3/packets/dsdm_packet.pt	3126768	model/checkpoint/packet payload	planned
cifar100_4agent_25cls_hetero4arch_ipc10_guardian_vgg_dense_ep60_lr0p01_fr0p25_kd0p3_t4p0_self3p0	outputs/cifar100_4agent_25cls_hetero4arch_ipc10_guardian_vgg_dense_ep60_lr0p01_fr0p25_kd0p3_t4p0_self3p0/agents/agent_3/checkpoints/expert_model.pt	28123900	model/checkpoint/packet payload	planned
cifar100_4agent_25cls_hetero4arch_ipc10_guardian_vgg_dense_ep60_lr0p01_fr0p25_kd0p3_t4p0_self3p0	outputs/cifar100_4agent_25cls_hetero4arch_ipc10_guardian_vgg_dense_ep60_lr0p01_fr0p25_kd0p3_t4p0_self3p0/packet_hub/dsdm/agent_0_dsdm_packet.pt	3126768	model/checkpoint/packet payload	planned
cifar100_4agent_25cls_hetero4arch_ipc10_guardian_vgg_dense_ep60_lr0p01_fr0p25_kd0p3_t4p0_self3p0	outputs/cifar100_4agent_25cls_hetero4arch_ipc10_guardian_vgg_dense_ep60_lr0p01_fr0p25_kd0p3_t4p0_self3p0/packet_hub/dsdm/agent_1_dsdm_packet.pt	3126768	model/checkpoint/packet payload	planned
cifar100_4agent_25cls_hetero4arch_ipc10_guardian_vgg_dense_ep60_lr0p01_fr0p25_kd0p3_t4p0_self3p0	outputs/cifar100_4agent_25cls_hetero4arch_ipc10_guardian_vgg_dense_ep60_lr0p01_fr0p25_kd0p3_t4p0_self3p0/packet_hub/dsdm/agent_2_dsdm_packet.pt	3126768	model/checkpoint/packet payload	planned
cifar100_4agent_25cls_hetero4arch_ipc10_guardian_vgg_dense_ep60_lr0p01_fr0p25_kd0p3_t4p0_self3p0	outputs/cifar100_4agent_25cls_hetero4arch_ipc10_guardian_vgg_dense_ep60_lr0p01_fr0p25_kd0p3_t4p0_self3p0/packet_hub/dsdm/agent_3_dsdm_packet.pt	3126768	model/checkpoint/packet payload	planned
cifar100_4agent_25cls_hetero4arch_ipc10_guardian_vgg_dense_ep60_lr0p01_fr0p25_kd0p3_t4p0_self4p0	outputs/cifar100_4agent_25cls_hetero4arch_ipc10_guardian_vgg_dense_ep60_lr0p01_fr0p25_kd0p3_t4p0_self4p0/agents/agent_0/packets/dsdm_packet.pt	3126768	model/checkpoint/packet payload	planned
cifar100_4agent_25cls_hetero4arch_ipc10_guardian_vgg_dense_ep60_lr0p01_fr0p25_kd0p3_t4p0_self4p0	outputs/cifar100_4agent_25cls_hetero4arch_ipc10_guardian_vgg_dense_ep60_lr0p01_fr0p25_kd0p3_t4p0_self4p0/agents/agent_0/checkpoints/expert_model.pt	2023046	model/checkpoint/packet payload	planned
cifar100_4agent_25cls_hetero4arch_ipc10_guardian_vgg_dense_ep60_lr0p01_fr0p25_kd0p3_t4p0_self4p0	outputs/cifar100_4agent_25cls_hetero4arch_ipc10_guardian_vgg_dense_ep60_lr0p01_fr0p25_kd0p3_t4p0_self4p0/agents/agent_1/packets/dsdm_packet.pt	3126768	model/checkpoint/packet payload	planned
cifar100_4agent_25cls_hetero4arch_ipc10_guardian_vgg_dense_ep60_lr0p01_fr0p25_kd0p3_t4p0_self4p0	outputs/cifar100_4agent_25cls_hetero4arch_ipc10_guardian_vgg_dense_ep60_lr0p01_fr0p25_kd0p3_t4p0_self4p0/agents/agent_1/checkpoints/expert_model.pt	4325454	model/checkpoint/packet payload	planned
cifar100_4agent_25cls_hetero4arch_ipc10_guardian_vgg_dense_ep60_lr0p01_fr0p25_kd0p3_t4p0_self4p0	outputs/cifar100_4agent_25cls_hetero4arch_ipc10_guardian_vgg_dense_ep60_lr0p01_fr0p25_kd0p3_t4p0_self4p0/agents/agent_2/packets/dsdm_packet.pt	3126768	model/checkpoint/packet payload	planned
cifar100_4agent_25cls_hetero4arch_ipc10_guardian_vgg_dense_ep60_lr0p01_fr0p25_kd0p3_t4p0_self4p0	outputs/cifar100_4agent_25cls_hetero4arch_ipc10_guardian_vgg_dense_ep60_lr0p01_fr0p25_kd0p3_t4p0_self4p0/agents/agent_2/checkpoints/expert_model.pt	39239126	model/checkpoint/packet payload	planned
cifar100_4agent_25cls_hetero4arch_ipc10_guardian_vgg_dense_ep60_lr0p01_fr0p25_kd0p3_t4p0_self4p0	outputs/cifar100_4agent_25cls_hetero4arch_ipc10_guardian_vgg_dense_ep60_lr0p01_fr0p25_kd0p3_t4p0_self4p0/agents/agent_3/packets/dsdm_packet.pt	3126768	model/checkpoint/packet payload	planned
cifar100_4agent_25cls_hetero4arch_ipc10_guardian_vgg_dense_ep60_lr0p01_fr0p25_kd0p3_t4p0_self4p0	outputs/cifar100_4agent_25cls_hetero4arch_ipc10_guardian_vgg_dense_ep60_lr0p01_fr0p25_kd0p3_t4p0_self4p0/agents/agent_3/checkpoints/expert_model.pt	28123900	model/checkpoint/packet payload	planned
cifar100_4agent_25cls_hetero4arch_ipc10_guardian_vgg_dense_ep60_lr0p01_fr0p25_kd0p3_t4p0_self4p0	outputs/cifar100_4agent_25cls_hetero4arch_ipc10_guardian_vgg_dense_ep60_lr0p01_fr0p25_kd0p3_t4p0_self4p0/packet_hub/dsdm/agent_0_dsdm_packet.pt	3126768	model/checkpoint/packet payload	planned
cifar100_4agent_25cls_hetero4arch_ipc10_guardian_vgg_dense_ep60_lr0p01_fr0p25_kd0p3_t4p0_self4p0	outputs/cifar100_4agent_25cls_hetero4arch_ipc10_guardian_vgg_dense_ep60_lr0p01_fr0p25_kd0p3_t4p0_self4p0/packet_hub/dsdm/agent_1_dsdm_packet.pt	3126768	model/checkpoint/packet payload	planned
cifar100_4agent_25cls_hetero4arch_ipc10_guardian_vgg_dense_ep60_lr0p01_fr0p25_kd0p3_t4p0_self4p0	outputs/cifar100_4agent_25cls_hetero4arch_ipc10_guardian_vgg_dense_ep60_lr0p01_fr0p25_kd0p3_t4p0_self4p0/packet_hub/dsdm/agent_2_dsdm_packet.pt	3126768	model/checkpoint/packet payload	planned
cifar100_4agent_25cls_hetero4arch_ipc10_guardian_vgg_dense_ep60_lr0p01_fr0p25_kd0p3_t4p0_self4p0	outputs/cifar100_4agent_25cls_hetero4arch_ipc10_guardian_vgg_dense_ep60_lr0p01_fr0p25_kd0p3_t4p0_self4p0/packet_hub/dsdm/agent_3_dsdm_packet.pt	3126768	model/checkpoint/packet payload	planned
cifar100_4agent_25cls_hetero4arch_ipc10_guardian_vgg_dense_ep60_lr0p01_fr0p25_kd0p4_t3p0_self2p5	outputs/cifar100_4agent_25cls_hetero4arch_ipc10_guardian_vgg_dense_ep60_lr0p01_fr0p25_kd0p4_t3p0_self2p5/agents/agent_0/packets/dsdm_packet.pt	3126768	model/checkpoint/packet payload	planned
cifar100_4agent_25cls_hetero4arch_ipc10_guardian_vgg_dense_ep60_lr0p01_fr0p25_kd0p4_t3p0_self2p5	outputs/cifar100_4agent_25cls_hetero4arch_ipc10_guardian_vgg_dense_ep60_lr0p01_fr0p25_kd0p4_t3p0_self2p5/agents/agent_0/checkpoints/expert_model.pt	2023046	model/checkpoint/packet payload	planned
cifar100_4agent_25cls_hetero4arch_ipc10_guardian_vgg_dense_ep60_lr0p01_fr0p25_kd0p4_t3p0_self2p5	outputs/cifar100_4agent_25cls_hetero4arch_ipc10_guardian_vgg_dense_ep60_lr0p01_fr0p25_kd0p4_t3p0_self2p5/agents/agent_1/packets/dsdm_packet.pt	3126768	model/checkpoint/packet payload	planned
cifar100_4agent_25cls_hetero4arch_ipc10_guardian_vgg_dense_ep60_lr0p01_fr0p25_kd0p4_t3p0_self2p5	outputs/cifar100_4agent_25cls_hetero4arch_ipc10_guardian_vgg_dense_ep60_lr0p01_fr0p25_kd0p4_t3p0_self2p5/agents/agent_1/checkpoints/expert_model.pt	4325454	model/checkpoint/packet payload	planned
cifar100_4agent_25cls_hetero4arch_ipc10_guardian_vgg_dense_ep60_lr0p01_fr0p25_kd0p4_t3p0_self2p5	outputs/cifar100_4agent_25cls_hetero4arch_ipc10_guardian_vgg_dense_ep60_lr0p01_fr0p25_kd0p4_t3p0_self2p5/agents/agent_2/packets/dsdm_packet.pt	3126768	model/checkpoint/packet payload	planned
cifar100_4agent_25cls_hetero4arch_ipc10_guardian_vgg_dense_ep60_lr0p01_fr0p25_kd0p4_t3p0_self2p5	outputs/cifar100_4agent_25cls_hetero4arch_ipc10_guardian_vgg_dense_ep60_lr0p01_fr0p25_kd0p4_t3p0_self2p5/agents/agent_2/checkpoints/expert_model.pt	39239126	model/checkpoint/packet payload	planned
cifar100_4agent_25cls_hetero4arch_ipc10_guardian_vgg_dense_ep60_lr0p01_fr0p25_kd0p4_t3p0_self2p5	outputs/cifar100_4agent_25cls_hetero4arch_ipc10_guardian_vgg_dense_ep60_lr0p01_fr0p25_kd0p4_t3p0_self2p5/agents/agent_3/packets/dsdm_packet.pt	3126768	model/checkpoint/packet payload	planned
cifar100_4agent_25cls_hetero4arch_ipc10_guardian_vgg_dense_ep60_lr0p01_fr0p25_kd0p4_t3p0_self2p5	outputs/cifar100_4agent_25cls_hetero4arch_ipc10_guardian_vgg_dense_ep60_lr0p01_fr0p25_kd0p4_t3p0_self2p5/agents/agent_3/checkpoints/expert_model.pt	28123900	model/checkpoint/packet payload	planned
cifar100_4agent_25cls_hetero4arch_ipc10_guardian_vgg_dense_ep60_lr0p01_fr0p25_kd0p4_t3p0_self2p5	outputs/cifar100_4agent_25cls_hetero4arch_ipc10_guardian_vgg_dense_ep60_lr0p01_fr0p25_kd0p4_t3p0_self2p5/packet_hub/dsdm/agent_0_dsdm_packet.pt	3126768	model/checkpoint/packet payload	planned
cifar100_4agent_25cls_hetero4arch_ipc10_guardian_vgg_dense_ep60_lr0p01_fr0p25_kd0p4_t3p0_self2p5	outputs/cifar100_4agent_25cls_hetero4arch_ipc10_guardian_vgg_dense_ep60_lr0p01_fr0p25_kd0p4_t3p0_self2p5/packet_hub/dsdm/agent_1_dsdm_packet.pt	3126768	model/checkpoint/packet payload	planned
cifar100_4agent_25cls_hetero4arch_ipc10_guardian_vgg_dense_ep60_lr0p01_fr0p25_kd0p4_t3p0_self2p5	outputs/cifar100_4agent_25cls_hetero4arch_ipc10_guardian_vgg_dense_ep60_lr0p01_fr0p25_kd0p4_t3p0_self2p5/packet_hub/dsdm/agent_2_dsdm_packet.pt	3126768	model/checkpoint/packet payload	planned
cifar100_4agent_25cls_hetero4arch_ipc10_guardian_vgg_dense_ep60_lr0p01_fr0p25_kd0p4_t3p0_self2p5	outputs/cifar100_4agent_25cls_hetero4arch_ipc10_guardian_vgg_dense_ep60_lr0p01_fr0p25_kd0p4_t3p0_self2p5/packet_hub/dsdm/agent_3_dsdm_packet.pt	3126768	model/checkpoint/packet payload	planned
cifar100_4agent_25cls_hetero4arch_ipc10_guardian_vgg_dense_ep60_lr0p01_fr0p25_kd0p4_t3p0_self3p0	outputs/cifar100_4agent_25cls_hetero4arch_ipc10_guardian_vgg_dense_ep60_lr0p01_fr0p25_kd0p4_t3p0_self3p0/agents/agent_0/packets/dsdm_packet.pt	3126768	model/checkpoint/packet payload	planned
cifar100_4agent_25cls_hetero4arch_ipc10_guardian_vgg_dense_ep60_lr0p01_fr0p25_kd0p4_t3p0_self3p0	outputs/cifar100_4agent_25cls_hetero4arch_ipc10_guardian_vgg_dense_ep60_lr0p01_fr0p25_kd0p4_t3p0_self3p0/agents/agent_0/checkpoints/expert_model.pt	2023046	model/checkpoint/packet payload	planned
cifar100_4agent_25cls_hetero4arch_ipc10_guardian_vgg_dense_ep60_lr0p01_fr0p25_kd0p4_t3p0_self3p0	outputs/cifar100_4agent_25cls_hetero4arch_ipc10_guardian_vgg_dense_ep60_lr0p01_fr0p25_kd0p4_t3p0_self3p0/agents/agent_1/packets/dsdm_packet.pt	3126768	model/checkpoint/packet payload	planned
cifar100_4agent_25cls_hetero4arch_ipc10_guardian_vgg_dense_ep60_lr0p01_fr0p25_kd0p4_t3p0_self3p0	outputs/cifar100_4agent_25cls_hetero4arch_ipc10_guardian_vgg_dense_ep60_lr0p01_fr0p25_kd0p4_t3p0_self3p0/agents/agent_1/checkpoints/expert_model.pt	4325454	model/checkpoint/packet payload	planned
cifar100_4agent_25cls_hetero4arch_ipc10_guardian_vgg_dense_ep60_lr0p01_fr0p25_kd0p4_t3p0_self3p0	outputs/cifar100_4agent_25cls_hetero4arch_ipc10_guardian_vgg_dense_ep60_lr0p01_fr0p25_kd0p4_t3p0_self3p0/agents/agent_2/packets/dsdm_packet.pt	3126768	model/checkpoint/packet payload	planned
cifar100_4agent_25cls_hetero4arch_ipc10_guardian_vgg_dense_ep60_lr0p01_fr0p25_kd0p4_t3p0_self3p0	outputs/cifar100_4agent_25cls_hetero4arch_ipc10_guardian_vgg_dense_ep60_lr0p01_fr0p25_kd0p4_t3p0_self3p0/agents/agent_2/checkpoints/expert_model.pt	39239126	model/checkpoint/packet payload	planned
cifar100_4agent_25cls_hetero4arch_ipc10_guardian_vgg_dense_ep60_lr0p01_fr0p25_kd0p4_t3p0_self3p0	outputs/cifar100_4agent_25cls_hetero4arch_ipc10_guardian_vgg_dense_ep60_lr0p01_fr0p25_kd0p4_t3p0_self3p0/agents/agent_3/packets/dsdm_packet.pt	3126768	model/checkpoint/packet payload	planned
cifar100_4agent_25cls_hetero4arch_ipc10_guardian_vgg_dense_ep60_lr0p01_fr0p25_kd0p4_t3p0_self3p0	outputs/cifar100_4agent_25cls_hetero4arch_ipc10_guardian_vgg_dense_ep60_lr0p01_fr0p25_kd0p4_t3p0_self3p0/agents/agent_3/checkpoints/expert_model.pt	28123900	model/checkpoint/packet payload	planned
cifar100_4agent_25cls_hetero4arch_ipc10_guardian_vgg_dense_ep60_lr0p01_fr0p25_kd0p4_t3p0_self3p0	outputs/cifar100_4agent_25cls_hetero4arch_ipc10_guardian_vgg_dense_ep60_lr0p01_fr0p25_kd0p4_t3p0_self3p0/packet_hub/dsdm/agent_0_dsdm_packet.pt	3126768	model/checkpoint/packet payload	planned
cifar100_4agent_25cls_hetero4arch_ipc10_guardian_vgg_dense_ep60_lr0p01_fr0p25_kd0p4_t3p0_self3p0	outputs/cifar100_4agent_25cls_hetero4arch_ipc10_guardian_vgg_dense_ep60_lr0p01_fr0p25_kd0p4_t3p0_self3p0/packet_hub/dsdm/agent_1_dsdm_packet.pt	3126768	model/checkpoint/packet payload	planned
cifar100_4agent_25cls_hetero4arch_ipc10_guardian_vgg_dense_ep60_lr0p01_fr0p25_kd0p4_t3p0_self3p0	outputs/cifar100_4agent_25cls_hetero4arch_ipc10_guardian_vgg_dense_ep60_lr0p01_fr0p25_kd0p4_t3p0_self3p0/packet_hub/dsdm/agent_2_dsdm_packet.pt	3126768	model/checkpoint/packet payload	planned
cifar100_4agent_25cls_hetero4arch_ipc10_guardian_vgg_dense_ep60_lr0p01_fr0p25_kd0p4_t3p0_self3p0	outputs/cifar100_4agent_25cls_hetero4arch_ipc10_guardian_vgg_dense_ep60_lr0p01_fr0p25_kd0p4_t3p0_self3p0/packet_hub/dsdm/agent_3_dsdm_packet.pt	3126768	model/checkpoint/packet payload	planned
cifar100_4agent_25cls_hetero4arch_ipc10_guardian_vgg_dense_ep60_lr0p01_fr0p25_kd0p4_t3p0_self4p0	outputs/cifar100_4agent_25cls_hetero4arch_ipc10_guardian_vgg_dense_ep60_lr0p01_fr0p25_kd0p4_t3p0_self4p0/agents/agent_0/packets/dsdm_packet.pt	3126768	model/checkpoint/packet payload	planned
cifar100_4agent_25cls_hetero4arch_ipc10_guardian_vgg_dense_ep60_lr0p01_fr0p25_kd0p4_t3p0_self4p0	outputs/cifar100_4agent_25cls_hetero4arch_ipc10_guardian_vgg_dense_ep60_lr0p01_fr0p25_kd0p4_t3p0_self4p0/agents/agent_0/checkpoints/expert_model.pt	2023046	model/checkpoint/packet payload	planned
cifar100_4agent_25cls_hetero4arch_ipc10_guardian_vgg_dense_ep60_lr0p01_fr0p25_kd0p4_t3p0_self4p0	outputs/cifar100_4agent_25cls_hetero4arch_ipc10_guardian_vgg_dense_ep60_lr0p01_fr0p25_kd0p4_t3p0_self4p0/agents/agent_1/packets/dsdm_packet.pt	3126768	model/checkpoint/packet payload	planned
cifar100_4agent_25cls_hetero4arch_ipc10_guardian_vgg_dense_ep60_lr0p01_fr0p25_kd0p4_t3p0_self4p0	outputs/cifar100_4agent_25cls_hetero4arch_ipc10_guardian_vgg_dense_ep60_lr0p01_fr0p25_kd0p4_t3p0_self4p0/agents/agent_1/checkpoints/expert_model.pt	4325454	model/checkpoint/packet payload	planned
cifar100_4agent_25cls_hetero4arch_ipc10_guardian_vgg_dense_ep60_lr0p01_fr0p25_kd0p4_t3p0_self4p0	outputs/cifar100_4agent_25cls_hetero4arch_ipc10_guardian_vgg_dense_ep60_lr0p01_fr0p25_kd0p4_t3p0_self4p0/agents/agent_2/packets/dsdm_packet.pt	3126768	model/checkpoint/packet payload	planned
cifar100_4agent_25cls_hetero4arch_ipc10_guardian_vgg_dense_ep60_lr0p01_fr0p25_kd0p4_t3p0_self4p0	outputs/cifar100_4agent_25cls_hetero4arch_ipc10_guardian_vgg_dense_ep60_lr0p01_fr0p25_kd0p4_t3p0_self4p0/agents/agent_2/checkpoints/expert_model.pt	39239126	model/checkpoint/packet payload	planned
cifar100_4agent_25cls_hetero4arch_ipc10_guardian_vgg_dense_ep60_lr0p01_fr0p25_kd0p4_t3p0_self4p0	outputs/cifar100_4agent_25cls_hetero4arch_ipc10_guardian_vgg_dense_ep60_lr0p01_fr0p25_kd0p4_t3p0_self4p0/agents/agent_3/packets/dsdm_packet.pt	3126768	model/checkpoint/packet payload	planned
cifar100_4agent_25cls_hetero4arch_ipc10_guardian_vgg_dense_ep60_lr0p01_fr0p25_kd0p4_t3p0_self4p0	outputs/cifar100_4agent_25cls_hetero4arch_ipc10_guardian_vgg_dense_ep60_lr0p01_fr0p25_kd0p4_t3p0_self4p0/agents/agent_3/checkpoints/expert_model.pt	28123900	model/checkpoint/packet payload	planned
cifar100_4agent_25cls_hetero4arch_ipc10_guardian_vgg_dense_ep60_lr0p01_fr0p25_kd0p4_t3p0_self4p0	outputs/cifar100_4agent_25cls_hetero4arch_ipc10_guardian_vgg_dense_ep60_lr0p01_fr0p25_kd0p4_t3p0_self4p0/packet_hub/dsdm/agent_0_dsdm_packet.pt	3126768	model/checkpoint/packet payload	planned
cifar100_4agent_25cls_hetero4arch_ipc10_guardian_vgg_dense_ep60_lr0p01_fr0p25_kd0p4_t3p0_self4p0	outputs/cifar100_4agent_25cls_hetero4arch_ipc10_guardian_vgg_dense_ep60_lr0p01_fr0p25_kd0p4_t3p0_self4p0/packet_hub/dsdm/agent_1_dsdm_packet.pt	3126768	model/checkpoint/packet payload	planned
cifar100_4agent_25cls_hetero4arch_ipc10_guardian_vgg_dense_ep60_lr0p01_fr0p25_kd0p4_t3p0_self4p0	outputs/cifar100_4agent_25cls_hetero4arch_ipc10_guardian_vgg_dense_ep60_lr0p01_fr0p25_kd0p4_t3p0_self4p0/packet_hub/dsdm/agent_2_dsdm_packet.pt	3126768	model/checkpoint/packet payload	planned
cifar100_4agent_25cls_hetero4arch_ipc10_guardian_vgg_dense_ep60_lr0p01_fr0p25_kd0p4_t3p0_self4p0	outputs/cifar100_4agent_25cls_hetero4arch_ipc10_guardian_vgg_dense_ep60_lr0p01_fr0p25_kd0p4_t3p0_self4p0/packet_hub/dsdm/agent_3_dsdm_packet.pt	3126768	model/checkpoint/packet payload	planned
cifar100_4agent_25cls_hetero4arch_ipc10_guardian_vgg_dense_ep60_lr0p01_fr0p25_kd0p4_t4p0_self2p5	outputs/cifar100_4agent_25cls_hetero4arch_ipc10_guardian_vgg_dense_ep60_lr0p01_fr0p25_kd0p4_t4p0_self2p5/agents/agent_0/packets/dsdm_packet.pt	3126768	model/checkpoint/packet payload	planned
cifar100_4agent_25cls_hetero4arch_ipc10_guardian_vgg_dense_ep60_lr0p01_fr0p25_kd0p4_t4p0_self2p5	outputs/cifar100_4agent_25cls_hetero4arch_ipc10_guardian_vgg_dense_ep60_lr0p01_fr0p25_kd0p4_t4p0_self2p5/agents/agent_0/checkpoints/expert_model.pt	2023046	model/checkpoint/packet payload	planned
cifar100_4agent_25cls_hetero4arch_ipc10_guardian_vgg_dense_ep60_lr0p01_fr0p25_kd0p4_t4p0_self2p5	outputs/cifar100_4agent_25cls_hetero4arch_ipc10_guardian_vgg_dense_ep60_lr0p01_fr0p25_kd0p4_t4p0_self2p5/agents/agent_1/packets/dsdm_packet.pt	3126768	model/checkpoint/packet payload	planned
cifar100_4agent_25cls_hetero4arch_ipc10_guardian_vgg_dense_ep60_lr0p01_fr0p25_kd0p4_t4p0_self2p5	outputs/cifar100_4agent_25cls_hetero4arch_ipc10_guardian_vgg_dense_ep60_lr0p01_fr0p25_kd0p4_t4p0_self2p5/agents/agent_1/checkpoints/expert_model.pt	4325454	model/checkpoint/packet payload	planned
cifar100_4agent_25cls_hetero4arch_ipc10_guardian_vgg_dense_ep60_lr0p01_fr0p25_kd0p4_t4p0_self2p5	outputs/cifar100_4agent_25cls_hetero4arch_ipc10_guardian_vgg_dense_ep60_lr0p01_fr0p25_kd0p4_t4p0_self2p5/agents/agent_2/packets/dsdm_packet.pt	3126768	model/checkpoint/packet payload	planned
cifar100_4agent_25cls_hetero4arch_ipc10_guardian_vgg_dense_ep60_lr0p01_fr0p25_kd0p4_t4p0_self2p5	outputs/cifar100_4agent_25cls_hetero4arch_ipc10_guardian_vgg_dense_ep60_lr0p01_fr0p25_kd0p4_t4p0_self2p5/agents/agent_2/checkpoints/expert_model.pt	39239126	model/checkpoint/packet payload	planned
cifar100_4agent_25cls_hetero4arch_ipc10_guardian_vgg_dense_ep60_lr0p01_fr0p25_kd0p4_t4p0_self2p5	outputs/cifar100_4agent_25cls_hetero4arch_ipc10_guardian_vgg_dense_ep60_lr0p01_fr0p25_kd0p4_t4p0_self2p5/agents/agent_3/packets/dsdm_packet.pt	3126768	model/checkpoint/packet payload	planned
cifar100_4agent_25cls_hetero4arch_ipc10_guardian_vgg_dense_ep60_lr0p01_fr0p25_kd0p4_t4p0_self2p5	outputs/cifar100_4agent_25cls_hetero4arch_ipc10_guardian_vgg_dense_ep60_lr0p01_fr0p25_kd0p4_t4p0_self2p5/agents/agent_3/checkpoints/expert_model.pt	28123900	model/checkpoint/packet payload	planned
cifar100_4agent_25cls_hetero4arch_ipc10_guardian_vgg_dense_ep60_lr0p01_fr0p25_kd0p4_t4p0_self2p5	outputs/cifar100_4agent_25cls_hetero4arch_ipc10_guardian_vgg_dense_ep60_lr0p01_fr0p25_kd0p4_t4p0_self2p5/packet_hub/dsdm/agent_0_dsdm_packet.pt	3126768	model/checkpoint/packet payload	planned
cifar100_4agent_25cls_hetero4arch_ipc10_guardian_vgg_dense_ep60_lr0p01_fr0p25_kd0p4_t4p0_self2p5	outputs/cifar100_4agent_25cls_hetero4arch_ipc10_guardian_vgg_dense_ep60_lr0p01_fr0p25_kd0p4_t4p0_self2p5/packet_hub/dsdm/agent_1_dsdm_packet.pt	3126768	model/checkpoint/packet payload	planned
cifar100_4agent_25cls_hetero4arch_ipc10_guardian_vgg_dense_ep60_lr0p01_fr0p25_kd0p4_t4p0_self2p5	outputs/cifar100_4agent_25cls_hetero4arch_ipc10_guardian_vgg_dense_ep60_lr0p01_fr0p25_kd0p4_t4p0_self2p5/packet_hub/dsdm/agent_2_dsdm_packet.pt	3126768	model/checkpoint/packet payload	planned
cifar100_4agent_25cls_hetero4arch_ipc10_guardian_vgg_dense_ep60_lr0p01_fr0p25_kd0p4_t4p0_self2p5	outputs/cifar100_4agent_25cls_hetero4arch_ipc10_guardian_vgg_dense_ep60_lr0p01_fr0p25_kd0p4_t4p0_self2p5/packet_hub/dsdm/agent_3_dsdm_packet.pt	3126768	model/checkpoint/packet payload	planned
cifar100_4agent_25cls_hetero4arch_ipc10_guardian_vgg_dense_ep60_lr0p01_fr0p25_kd0p4_t4p0_self3p0	outputs/cifar100_4agent_25cls_hetero4arch_ipc10_guardian_vgg_dense_ep60_lr0p01_fr0p25_kd0p4_t4p0_self3p0/agents/agent_0/packets/dsdm_packet.pt	3126768	model/checkpoint/packet payload	planned
cifar100_4agent_25cls_hetero4arch_ipc10_guardian_vgg_dense_ep60_lr0p01_fr0p25_kd0p4_t4p0_self3p0	outputs/cifar100_4agent_25cls_hetero4arch_ipc10_guardian_vgg_dense_ep60_lr0p01_fr0p25_kd0p4_t4p0_self3p0/agents/agent_0/checkpoints/expert_model.pt	2023046	model/checkpoint/packet payload	planned
cifar100_4agent_25cls_hetero4arch_ipc10_guardian_vgg_dense_ep60_lr0p01_fr0p25_kd0p4_t4p0_self3p0	outputs/cifar100_4agent_25cls_hetero4arch_ipc10_guardian_vgg_dense_ep60_lr0p01_fr0p25_kd0p4_t4p0_self3p0/agents/agent_1/packets/dsdm_packet.pt	3126768	model/checkpoint/packet payload	planned
cifar100_4agent_25cls_hetero4arch_ipc10_guardian_vgg_dense_ep60_lr0p01_fr0p25_kd0p4_t4p0_self3p0	outputs/cifar100_4agent_25cls_hetero4arch_ipc10_guardian_vgg_dense_ep60_lr0p01_fr0p25_kd0p4_t4p0_self3p0/agents/agent_1/checkpoints/expert_model.pt	4325454	model/checkpoint/packet payload	planned
cifar100_4agent_25cls_hetero4arch_ipc10_guardian_vgg_dense_ep60_lr0p01_fr0p25_kd0p4_t4p0_self3p0	outputs/cifar100_4agent_25cls_hetero4arch_ipc10_guardian_vgg_dense_ep60_lr0p01_fr0p25_kd0p4_t4p0_self3p0/agents/agent_2/packets/dsdm_packet.pt	3126768	model/checkpoint/packet payload	planned
cifar100_4agent_25cls_hetero4arch_ipc10_guardian_vgg_dense_ep60_lr0p01_fr0p25_kd0p4_t4p0_self3p0	outputs/cifar100_4agent_25cls_hetero4arch_ipc10_guardian_vgg_dense_ep60_lr0p01_fr0p25_kd0p4_t4p0_self3p0/agents/agent_2/checkpoints/expert_model.pt	39239126	model/checkpoint/packet payload	planned
cifar100_4agent_25cls_hetero4arch_ipc10_guardian_vgg_dense_ep60_lr0p01_fr0p25_kd0p4_t4p0_self3p0	outputs/cifar100_4agent_25cls_hetero4arch_ipc10_guardian_vgg_dense_ep60_lr0p01_fr0p25_kd0p4_t4p0_self3p0/agents/agent_3/packets/dsdm_packet.pt	3126768	model/checkpoint/packet payload	planned
cifar100_4agent_25cls_hetero4arch_ipc10_guardian_vgg_dense_ep60_lr0p01_fr0p25_kd0p4_t4p0_self3p0	outputs/cifar100_4agent_25cls_hetero4arch_ipc10_guardian_vgg_dense_ep60_lr0p01_fr0p25_kd0p4_t4p0_self3p0/agents/agent_3/checkpoints/expert_model.pt	28123900	model/checkpoint/packet payload	planned
cifar100_4agent_25cls_hetero4arch_ipc10_guardian_vgg_dense_ep60_lr0p01_fr0p25_kd0p4_t4p0_self3p0	outputs/cifar100_4agent_25cls_hetero4arch_ipc10_guardian_vgg_dense_ep60_lr0p01_fr0p25_kd0p4_t4p0_self3p0/packet_hub/dsdm/agent_0_dsdm_packet.pt	3126768	model/checkpoint/packet payload	planned
cifar100_4agent_25cls_hetero4arch_ipc10_guardian_vgg_dense_ep60_lr0p01_fr0p25_kd0p4_t4p0_self3p0	outputs/cifar100_4agent_25cls_hetero4arch_ipc10_guardian_vgg_dense_ep60_lr0p01_fr0p25_kd0p4_t4p0_self3p0/packet_hub/dsdm/agent_1_dsdm_packet.pt	3126768	model/checkpoint/packet payload	planned
cifar100_4agent_25cls_hetero4arch_ipc10_guardian_vgg_dense_ep60_lr0p01_fr0p25_kd0p4_t4p0_self3p0	outputs/cifar100_4agent_25cls_hetero4arch_ipc10_guardian_vgg_dense_ep60_lr0p01_fr0p25_kd0p4_t4p0_self3p0/packet_hub/dsdm/agent_2_dsdm_packet.pt	3126768	model/checkpoint/packet payload	planned
cifar100_4agent_25cls_hetero4arch_ipc10_guardian_vgg_dense_ep60_lr0p01_fr0p25_kd0p4_t4p0_self3p0	outputs/cifar100_4agent_25cls_hetero4arch_ipc10_guardian_vgg_dense_ep60_lr0p01_fr0p25_kd0p4_t4p0_self3p0/packet_hub/dsdm/agent_3_dsdm_packet.pt	3126768	model/checkpoint/packet payload	planned
cifar100_4agent_25cls_hetero4arch_ipc10_guardian_vgg_dense_ep60_lr0p01_fr0p25_kd0p4_t4p0_self4p0	outputs/cifar100_4agent_25cls_hetero4arch_ipc10_guardian_vgg_dense_ep60_lr0p01_fr0p25_kd0p4_t4p0_self4p0/agents/agent_0/packets/dsdm_packet.pt	3126768	model/checkpoint/packet payload	planned
cifar100_4agent_25cls_hetero4arch_ipc10_guardian_vgg_dense_ep60_lr0p01_fr0p25_kd0p4_t4p0_self4p0	outputs/cifar100_4agent_25cls_hetero4arch_ipc10_guardian_vgg_dense_ep60_lr0p01_fr0p25_kd0p4_t4p0_self4p0/agents/agent_0/checkpoints/expert_model.pt	2023046	model/checkpoint/packet payload	planned
cifar100_4agent_25cls_hetero4arch_ipc10_guardian_vgg_dense_ep60_lr0p01_fr0p25_kd0p4_t4p0_self4p0	outputs/cifar100_4agent_25cls_hetero4arch_ipc10_guardian_vgg_dense_ep60_lr0p01_fr0p25_kd0p4_t4p0_self4p0/agents/agent_1/packets/dsdm_packet.pt	3126768	model/checkpoint/packet payload	planned
cifar100_4agent_25cls_hetero4arch_ipc10_guardian_vgg_dense_ep60_lr0p01_fr0p25_kd0p4_t4p0_self4p0	outputs/cifar100_4agent_25cls_hetero4arch_ipc10_guardian_vgg_dense_ep60_lr0p01_fr0p25_kd0p4_t4p0_self4p0/agents/agent_1/checkpoints/expert_model.pt	4325454	model/checkpoint/packet payload	planned
cifar100_4agent_25cls_hetero4arch_ipc10_guardian_vgg_dense_ep60_lr0p01_fr0p25_kd0p4_t4p0_self4p0	outputs/cifar100_4agent_25cls_hetero4arch_ipc10_guardian_vgg_dense_ep60_lr0p01_fr0p25_kd0p4_t4p0_self4p0/agents/agent_2/packets/dsdm_packet.pt	3126768	model/checkpoint/packet payload	planned
cifar100_4agent_25cls_hetero4arch_ipc10_guardian_vgg_dense_ep60_lr0p01_fr0p25_kd0p4_t4p0_self4p0	outputs/cifar100_4agent_25cls_hetero4arch_ipc10_guardian_vgg_dense_ep60_lr0p01_fr0p25_kd0p4_t4p0_self4p0/agents/agent_2/checkpoints/expert_model.pt	39239126	model/checkpoint/packet payload	planned
cifar100_4agent_25cls_hetero4arch_ipc10_guardian_vgg_dense_ep60_lr0p01_fr0p25_kd0p4_t4p0_self4p0	outputs/cifar100_4agent_25cls_hetero4arch_ipc10_guardian_vgg_dense_ep60_lr0p01_fr0p25_kd0p4_t4p0_self4p0/agents/agent_3/packets/dsdm_packet.pt	3126768	model/checkpoint/packet payload	planned
cifar100_4agent_25cls_hetero4arch_ipc10_guardian_vgg_dense_ep60_lr0p01_fr0p25_kd0p4_t4p0_self4p0	outputs/cifar100_4agent_25cls_hetero4arch_ipc10_guardian_vgg_dense_ep60_lr0p01_fr0p25_kd0p4_t4p0_self4p0/agents/agent_3/checkpoints/expert_model.pt	28123900	model/checkpoint/packet payload	planned
cifar100_4agent_25cls_hetero4arch_ipc10_guardian_vgg_dense_ep60_lr0p01_fr0p25_kd0p4_t4p0_self4p0	outputs/cifar100_4agent_25cls_hetero4arch_ipc10_guardian_vgg_dense_ep60_lr0p01_fr0p25_kd0p4_t4p0_self4p0/packet_hub/dsdm/agent_0_dsdm_packet.pt	3126768	model/checkpoint/packet payload	planned
cifar100_4agent_25cls_hetero4arch_ipc10_guardian_vgg_dense_ep60_lr0p01_fr0p25_kd0p4_t4p0_self4p0	outputs/cifar100_4agent_25cls_hetero4arch_ipc10_guardian_vgg_dense_ep60_lr0p01_fr0p25_kd0p4_t4p0_self4p0/packet_hub/dsdm/agent_1_dsdm_packet.pt	3126768	model/checkpoint/packet payload	planned
cifar100_4agent_25cls_hetero4arch_ipc10_guardian_vgg_dense_ep60_lr0p01_fr0p25_kd0p4_t4p0_self4p0	outputs/cifar100_4agent_25cls_hetero4arch_ipc10_guardian_vgg_dense_ep60_lr0p01_fr0p25_kd0p4_t4p0_self4p0/packet_hub/dsdm/agent_2_dsdm_packet.pt	3126768	model/checkpoint/packet payload	planned
cifar100_4agent_25cls_hetero4arch_ipc10_guardian_vgg_dense_ep60_lr0p01_fr0p25_kd0p4_t4p0_self4p0	outputs/cifar100_4agent_25cls_hetero4arch_ipc10_guardian_vgg_dense_ep60_lr0p01_fr0p25_kd0p4_t4p0_self4p0/packet_hub/dsdm/agent_3_dsdm_packet.pt	3126768	model/checkpoint/packet payload	planned
cifar100_4agent_25cls_hetero4arch_ipc10_guardian_vgg_dense_ep60_lr0p01_fr0p25_kd0p5_t3p0_self2p5	outputs/cifar100_4agent_25cls_hetero4arch_ipc10_guardian_vgg_dense_ep60_lr0p01_fr0p25_kd0p5_t3p0_self2p5/agents/agent_0/packets/dsdm_packet.pt	3126768	model/checkpoint/packet payload	planned
cifar100_4agent_25cls_hetero4arch_ipc10_guardian_vgg_dense_ep60_lr0p01_fr0p25_kd0p5_t3p0_self2p5	outputs/cifar100_4agent_25cls_hetero4arch_ipc10_guardian_vgg_dense_ep60_lr0p01_fr0p25_kd0p5_t3p0_self2p5/agents/agent_0/checkpoints/expert_model.pt	2023046	model/checkpoint/packet payload	planned
cifar100_4agent_25cls_hetero4arch_ipc10_guardian_vgg_dense_ep60_lr0p01_fr0p25_kd0p5_t3p0_self2p5	outputs/cifar100_4agent_25cls_hetero4arch_ipc10_guardian_vgg_dense_ep60_lr0p01_fr0p25_kd0p5_t3p0_self2p5/agents/agent_1/packets/dsdm_packet.pt	3126768	model/checkpoint/packet payload	planned
cifar100_4agent_25cls_hetero4arch_ipc10_guardian_vgg_dense_ep60_lr0p01_fr0p25_kd0p5_t3p0_self2p5	outputs/cifar100_4agent_25cls_hetero4arch_ipc10_guardian_vgg_dense_ep60_lr0p01_fr0p25_kd0p5_t3p0_self2p5/agents/agent_1/checkpoints/expert_model.pt	4325454	model/checkpoint/packet payload	planned
cifar100_4agent_25cls_hetero4arch_ipc10_guardian_vgg_dense_ep60_lr0p01_fr0p25_kd0p5_t3p0_self2p5	outputs/cifar100_4agent_25cls_hetero4arch_ipc10_guardian_vgg_dense_ep60_lr0p01_fr0p25_kd0p5_t3p0_self2p5/agents/agent_2/packets/dsdm_packet.pt	3126768	model/checkpoint/packet payload	planned
cifar100_4agent_25cls_hetero4arch_ipc10_guardian_vgg_dense_ep60_lr0p01_fr0p25_kd0p5_t3p0_self2p5	outputs/cifar100_4agent_25cls_hetero4arch_ipc10_guardian_vgg_dense_ep60_lr0p01_fr0p25_kd0p5_t3p0_self2p5/agents/agent_2/checkpoints/expert_model.pt	39239126	model/checkpoint/packet payload	planned
cifar100_4agent_25cls_hetero4arch_ipc10_guardian_vgg_dense_ep60_lr0p01_fr0p25_kd0p5_t3p0_self2p5	outputs/cifar100_4agent_25cls_hetero4arch_ipc10_guardian_vgg_dense_ep60_lr0p01_fr0p25_kd0p5_t3p0_self2p5/agents/agent_3/packets/dsdm_packet.pt	3126768	model/checkpoint/packet payload	planned
cifar100_4agent_25cls_hetero4arch_ipc10_guardian_vgg_dense_ep60_lr0p01_fr0p25_kd0p5_t3p0_self2p5	outputs/cifar100_4agent_25cls_hetero4arch_ipc10_guardian_vgg_dense_ep60_lr0p01_fr0p25_kd0p5_t3p0_self2p5/agents/agent_3/checkpoints/expert_model.pt	28123900	model/checkpoint/packet payload	planned
cifar100_4agent_25cls_hetero4arch_ipc10_guardian_vgg_dense_ep60_lr0p01_fr0p25_kd0p5_t3p0_self2p5	outputs/cifar100_4agent_25cls_hetero4arch_ipc10_guardian_vgg_dense_ep60_lr0p01_fr0p25_kd0p5_t3p0_self2p5/packet_hub/dsdm/agent_0_dsdm_packet.pt	3126768	model/checkpoint/packet payload	planned
cifar100_4agent_25cls_hetero4arch_ipc10_guardian_vgg_dense_ep60_lr0p01_fr0p25_kd0p5_t3p0_self2p5	outputs/cifar100_4agent_25cls_hetero4arch_ipc10_guardian_vgg_dense_ep60_lr0p01_fr0p25_kd0p5_t3p0_self2p5/packet_hub/dsdm/agent_1_dsdm_packet.pt	3126768	model/checkpoint/packet payload	planned
cifar100_4agent_25cls_hetero4arch_ipc10_guardian_vgg_dense_ep60_lr0p01_fr0p25_kd0p5_t3p0_self2p5	outputs/cifar100_4agent_25cls_hetero4arch_ipc10_guardian_vgg_dense_ep60_lr0p01_fr0p25_kd0p5_t3p0_self2p5/packet_hub/dsdm/agent_2_dsdm_packet.pt	3126768	model/checkpoint/packet payload	planned
cifar100_4agent_25cls_hetero4arch_ipc10_guardian_vgg_dense_ep60_lr0p01_fr0p25_kd0p5_t3p0_self2p5	outputs/cifar100_4agent_25cls_hetero4arch_ipc10_guardian_vgg_dense_ep60_lr0p01_fr0p25_kd0p5_t3p0_self2p5/packet_hub/dsdm/agent_3_dsdm_packet.pt	3126768	model/checkpoint/packet payload	planned
cifar100_4agent_25cls_hetero4arch_ipc10_guardian_vgg_dense_ep60_lr0p01_fr0p25_kd0p5_t3p0_self3p0	outputs/cifar100_4agent_25cls_hetero4arch_ipc10_guardian_vgg_dense_ep60_lr0p01_fr0p25_kd0p5_t3p0_self3p0/agents/agent_0/packets/dsdm_packet.pt	3126768	model/checkpoint/packet payload	planned
cifar100_4agent_25cls_hetero4arch_ipc10_guardian_vgg_dense_ep60_lr0p01_fr0p25_kd0p5_t3p0_self3p0	outputs/cifar100_4agent_25cls_hetero4arch_ipc10_guardian_vgg_dense_ep60_lr0p01_fr0p25_kd0p5_t3p0_self3p0/agents/agent_0/checkpoints/expert_model.pt	2023046	model/checkpoint/packet payload	planned
cifar100_4agent_25cls_hetero4arch_ipc10_guardian_vgg_dense_ep60_lr0p01_fr0p25_kd0p5_t3p0_self3p0	outputs/cifar100_4agent_25cls_hetero4arch_ipc10_guardian_vgg_dense_ep60_lr0p01_fr0p25_kd0p5_t3p0_self3p0/agents/agent_1/packets/dsdm_packet.pt	3126768	model/checkpoint/packet payload	planned
cifar100_4agent_25cls_hetero4arch_ipc10_guardian_vgg_dense_ep60_lr0p01_fr0p25_kd0p5_t3p0_self3p0	outputs/cifar100_4agent_25cls_hetero4arch_ipc10_guardian_vgg_dense_ep60_lr0p01_fr0p25_kd0p5_t3p0_self3p0/agents/agent_1/checkpoints/expert_model.pt	4325454	model/checkpoint/packet payload	planned
cifar100_4agent_25cls_hetero4arch_ipc10_guardian_vgg_dense_ep60_lr0p01_fr0p25_kd0p5_t3p0_self3p0	outputs/cifar100_4agent_25cls_hetero4arch_ipc10_guardian_vgg_dense_ep60_lr0p01_fr0p25_kd0p5_t3p0_self3p0/agents/agent_2/packets/dsdm_packet.pt	3126768	model/checkpoint/packet payload	planned
cifar100_4agent_25cls_hetero4arch_ipc10_guardian_vgg_dense_ep60_lr0p01_fr0p25_kd0p5_t3p0_self3p0	outputs/cifar100_4agent_25cls_hetero4arch_ipc10_guardian_vgg_dense_ep60_lr0p01_fr0p25_kd0p5_t3p0_self3p0/agents/agent_2/checkpoints/expert_model.pt	39239126	model/checkpoint/packet payload	planned
cifar100_4agent_25cls_hetero4arch_ipc10_guardian_vgg_dense_ep60_lr0p01_fr0p25_kd0p5_t3p0_self3p0	outputs/cifar100_4agent_25cls_hetero4arch_ipc10_guardian_vgg_dense_ep60_lr0p01_fr0p25_kd0p5_t3p0_self3p0/agents/agent_3/packets/dsdm_packet.pt	3126768	model/checkpoint/packet payload	planned
cifar100_4agent_25cls_hetero4arch_ipc10_guardian_vgg_dense_ep60_lr0p01_fr0p25_kd0p5_t3p0_self3p0	outputs/cifar100_4agent_25cls_hetero4arch_ipc10_guardian_vgg_dense_ep60_lr0p01_fr0p25_kd0p5_t3p0_self3p0/agents/agent_3/checkpoints/expert_model.pt	28123900	model/checkpoint/packet payload	planned
cifar100_4agent_25cls_hetero4arch_ipc10_guardian_vgg_dense_ep60_lr0p01_fr0p25_kd0p5_t3p0_self3p0	outputs/cifar100_4agent_25cls_hetero4arch_ipc10_guardian_vgg_dense_ep60_lr0p01_fr0p25_kd0p5_t3p0_self3p0/packet_hub/dsdm/agent_0_dsdm_packet.pt	3126768	model/checkpoint/packet payload	planned
cifar100_4agent_25cls_hetero4arch_ipc10_guardian_vgg_dense_ep60_lr0p01_fr0p25_kd0p5_t3p0_self3p0	outputs/cifar100_4agent_25cls_hetero4arch_ipc10_guardian_vgg_dense_ep60_lr0p01_fr0p25_kd0p5_t3p0_self3p0/packet_hub/dsdm/agent_1_dsdm_packet.pt	3126768	model/checkpoint/packet payload	planned
cifar100_4agent_25cls_hetero4arch_ipc10_guardian_vgg_dense_ep60_lr0p01_fr0p25_kd0p5_t3p0_self3p0	outputs/cifar100_4agent_25cls_hetero4arch_ipc10_guardian_vgg_dense_ep60_lr0p01_fr0p25_kd0p5_t3p0_self3p0/packet_hub/dsdm/agent_2_dsdm_packet.pt	3126768	model/checkpoint/packet payload	planned
cifar100_4agent_25cls_hetero4arch_ipc10_guardian_vgg_dense_ep60_lr0p01_fr0p25_kd0p5_t3p0_self3p0	outputs/cifar100_4agent_25cls_hetero4arch_ipc10_guardian_vgg_dense_ep60_lr0p01_fr0p25_kd0p5_t3p0_self3p0/packet_hub/dsdm/agent_3_dsdm_packet.pt	3126768	model/checkpoint/packet payload	planned
cifar100_4agent_25cls_hetero4arch_ipc10_guardian_vgg_dense_ep60_lr0p01_fr0p25_kd0p5_t3p0_self4p0	outputs/cifar100_4agent_25cls_hetero4arch_ipc10_guardian_vgg_dense_ep60_lr0p01_fr0p25_kd0p5_t3p0_self4p0/agents/agent_0/packets/dsdm_packet.pt	3126768	model/checkpoint/packet payload	planned
cifar100_4agent_25cls_hetero4arch_ipc10_guardian_vgg_dense_ep60_lr0p01_fr0p25_kd0p5_t3p0_self4p0	outputs/cifar100_4agent_25cls_hetero4arch_ipc10_guardian_vgg_dense_ep60_lr0p01_fr0p25_kd0p5_t3p0_self4p0/agents/agent_0/checkpoints/expert_model.pt	2023046	model/checkpoint/packet payload	planned
cifar100_4agent_25cls_hetero4arch_ipc10_guardian_vgg_dense_ep60_lr0p01_fr0p25_kd0p5_t3p0_self4p0	outputs/cifar100_4agent_25cls_hetero4arch_ipc10_guardian_vgg_dense_ep60_lr0p01_fr0p25_kd0p5_t3p0_self4p0/agents/agent_1/packets/dsdm_packet.pt	3126768	model/checkpoint/packet payload	planned
cifar100_4agent_25cls_hetero4arch_ipc10_guardian_vgg_dense_ep60_lr0p01_fr0p25_kd0p5_t3p0_self4p0	outputs/cifar100_4agent_25cls_hetero4arch_ipc10_guardian_vgg_dense_ep60_lr0p01_fr0p25_kd0p5_t3p0_self4p0/agents/agent_1/checkpoints/expert_model.pt	4325454	model/checkpoint/packet payload	planned
cifar100_4agent_25cls_hetero4arch_ipc10_guardian_vgg_dense_ep60_lr0p01_fr0p25_kd0p5_t3p0_self4p0	outputs/cifar100_4agent_25cls_hetero4arch_ipc10_guardian_vgg_dense_ep60_lr0p01_fr0p25_kd0p5_t3p0_self4p0/agents/agent_2/packets/dsdm_packet.pt	3126768	model/checkpoint/packet payload	planned
cifar100_4agent_25cls_hetero4arch_ipc10_guardian_vgg_dense_ep60_lr0p01_fr0p25_kd0p5_t3p0_self4p0	outputs/cifar100_4agent_25cls_hetero4arch_ipc10_guardian_vgg_dense_ep60_lr0p01_fr0p25_kd0p5_t3p0_self4p0/agents/agent_2/checkpoints/expert_model.pt	39239126	model/checkpoint/packet payload	planned
cifar100_4agent_25cls_hetero4arch_ipc10_guardian_vgg_dense_ep60_lr0p01_fr0p25_kd0p5_t3p0_self4p0	outputs/cifar100_4agent_25cls_hetero4arch_ipc10_guardian_vgg_dense_ep60_lr0p01_fr0p25_kd0p5_t3p0_self4p0/agents/agent_3/packets/dsdm_packet.pt	3126768	model/checkpoint/packet payload	planned
cifar100_4agent_25cls_hetero4arch_ipc10_guardian_vgg_dense_ep60_lr0p01_fr0p25_kd0p5_t3p0_self4p0	outputs/cifar100_4agent_25cls_hetero4arch_ipc10_guardian_vgg_dense_ep60_lr0p01_fr0p25_kd0p5_t3p0_self4p0/agents/agent_3/checkpoints/expert_model.pt	28123900	model/checkpoint/packet payload	planned
cifar100_4agent_25cls_hetero4arch_ipc10_guardian_vgg_dense_ep60_lr0p01_fr0p25_kd0p5_t3p0_self4p0	outputs/cifar100_4agent_25cls_hetero4arch_ipc10_guardian_vgg_dense_ep60_lr0p01_fr0p25_kd0p5_t3p0_self4p0/packet_hub/dsdm/agent_0_dsdm_packet.pt	3126768	model/checkpoint/packet payload	planned
cifar100_4agent_25cls_hetero4arch_ipc10_guardian_vgg_dense_ep60_lr0p01_fr0p25_kd0p5_t3p0_self4p0	outputs/cifar100_4agent_25cls_hetero4arch_ipc10_guardian_vgg_dense_ep60_lr0p01_fr0p25_kd0p5_t3p0_self4p0/packet_hub/dsdm/agent_1_dsdm_packet.pt	3126768	model/checkpoint/packet payload	planned
cifar100_4agent_25cls_hetero4arch_ipc10_guardian_vgg_dense_ep60_lr0p01_fr0p25_kd0p5_t3p0_self4p0	outputs/cifar100_4agent_25cls_hetero4arch_ipc10_guardian_vgg_dense_ep60_lr0p01_fr0p25_kd0p5_t3p0_self4p0/packet_hub/dsdm/agent_2_dsdm_packet.pt	3126768	model/checkpoint/packet payload	planned
cifar100_4agent_25cls_hetero4arch_ipc10_guardian_vgg_dense_ep60_lr0p01_fr0p25_kd0p5_t3p0_self4p0	outputs/cifar100_4agent_25cls_hetero4arch_ipc10_guardian_vgg_dense_ep60_lr0p01_fr0p25_kd0p5_t3p0_self4p0/packet_hub/dsdm/agent_3_dsdm_packet.pt	3126768	model/checkpoint/packet payload	planned
cifar100_4agent_25cls_hetero4arch_ipc10_guardian_vgg_dense_ep60_lr0p01_fr0p25_kd0p5_t4p0_self2p5	outputs/cifar100_4agent_25cls_hetero4arch_ipc10_guardian_vgg_dense_ep60_lr0p01_fr0p25_kd0p5_t4p0_self2p5/agents/agent_0/packets/dsdm_packet.pt	3126768	model/checkpoint/packet payload	planned
cifar100_4agent_25cls_hetero4arch_ipc10_guardian_vgg_dense_ep60_lr0p01_fr0p25_kd0p5_t4p0_self2p5	outputs/cifar100_4agent_25cls_hetero4arch_ipc10_guardian_vgg_dense_ep60_lr0p01_fr0p25_kd0p5_t4p0_self2p5/agents/agent_0/checkpoints/expert_model.pt	2023046	model/checkpoint/packet payload	planned
cifar100_4agent_25cls_hetero4arch_ipc10_guardian_vgg_dense_ep60_lr0p01_fr0p25_kd0p5_t4p0_self2p5	outputs/cifar100_4agent_25cls_hetero4arch_ipc10_guardian_vgg_dense_ep60_lr0p01_fr0p25_kd0p5_t4p0_self2p5/agents/agent_1/packets/dsdm_packet.pt	3126768	model/checkpoint/packet payload	planned
cifar100_4agent_25cls_hetero4arch_ipc10_guardian_vgg_dense_ep60_lr0p01_fr0p25_kd0p5_t4p0_self2p5	outputs/cifar100_4agent_25cls_hetero4arch_ipc10_guardian_vgg_dense_ep60_lr0p01_fr0p25_kd0p5_t4p0_self2p5/agents/agent_1/checkpoints/expert_model.pt	4325454	model/checkpoint/packet payload	planned
cifar100_4agent_25cls_hetero4arch_ipc10_guardian_vgg_dense_ep60_lr0p01_fr0p25_kd0p5_t4p0_self2p5	outputs/cifar100_4agent_25cls_hetero4arch_ipc10_guardian_vgg_dense_ep60_lr0p01_fr0p25_kd0p5_t4p0_self2p5/agents/agent_2/packets/dsdm_packet.pt	3126768	model/checkpoint/packet payload	planned
cifar100_4agent_25cls_hetero4arch_ipc10_guardian_vgg_dense_ep60_lr0p01_fr0p25_kd0p5_t4p0_self2p5	outputs/cifar100_4agent_25cls_hetero4arch_ipc10_guardian_vgg_dense_ep60_lr0p01_fr0p25_kd0p5_t4p0_self2p5/agents/agent_2/checkpoints/expert_model.pt	39239126	model/checkpoint/packet payload	planned
cifar100_4agent_25cls_hetero4arch_ipc10_guardian_vgg_dense_ep60_lr0p01_fr0p25_kd0p5_t4p0_self2p5	outputs/cifar100_4agent_25cls_hetero4arch_ipc10_guardian_vgg_dense_ep60_lr0p01_fr0p25_kd0p5_t4p0_self2p5/agents/agent_3/packets/dsdm_packet.pt	3126768	model/checkpoint/packet payload	planned
cifar100_4agent_25cls_hetero4arch_ipc10_guardian_vgg_dense_ep60_lr0p01_fr0p25_kd0p5_t4p0_self2p5	outputs/cifar100_4agent_25cls_hetero4arch_ipc10_guardian_vgg_dense_ep60_lr0p01_fr0p25_kd0p5_t4p0_self2p5/agents/agent_3/checkpoints/expert_model.pt	28123900	model/checkpoint/packet payload	planned
cifar100_4agent_25cls_hetero4arch_ipc10_guardian_vgg_dense_ep60_lr0p01_fr0p25_kd0p5_t4p0_self2p5	outputs/cifar100_4agent_25cls_hetero4arch_ipc10_guardian_vgg_dense_ep60_lr0p01_fr0p25_kd0p5_t4p0_self2p5/packet_hub/dsdm/agent_0_dsdm_packet.pt	3126768	model/checkpoint/packet payload	planned
cifar100_4agent_25cls_hetero4arch_ipc10_guardian_vgg_dense_ep60_lr0p01_fr0p25_kd0p5_t4p0_self2p5	outputs/cifar100_4agent_25cls_hetero4arch_ipc10_guardian_vgg_dense_ep60_lr0p01_fr0p25_kd0p5_t4p0_self2p5/packet_hub/dsdm/agent_1_dsdm_packet.pt	3126768	model/checkpoint/packet payload	planned
cifar100_4agent_25cls_hetero4arch_ipc10_guardian_vgg_dense_ep60_lr0p01_fr0p25_kd0p5_t4p0_self2p5	outputs/cifar100_4agent_25cls_hetero4arch_ipc10_guardian_vgg_dense_ep60_lr0p01_fr0p25_kd0p5_t4p0_self2p5/packet_hub/dsdm/agent_2_dsdm_packet.pt	3126768	model/checkpoint/packet payload	planned
cifar100_4agent_25cls_hetero4arch_ipc10_guardian_vgg_dense_ep60_lr0p01_fr0p25_kd0p5_t4p0_self2p5	outputs/cifar100_4agent_25cls_hetero4arch_ipc10_guardian_vgg_dense_ep60_lr0p01_fr0p25_kd0p5_t4p0_self2p5/packet_hub/dsdm/agent_3_dsdm_packet.pt	3126768	model/checkpoint/packet payload	planned
cifar100_4agent_25cls_hetero4arch_ipc10_guardian_vgg_dense_ep60_lr0p01_fr0p25_kd0p5_t4p0_self3p0	outputs/cifar100_4agent_25cls_hetero4arch_ipc10_guardian_vgg_dense_ep60_lr0p01_fr0p25_kd0p5_t4p0_self3p0/agents/agent_0/packets/dsdm_packet.pt	3126768	model/checkpoint/packet payload	planned
cifar100_4agent_25cls_hetero4arch_ipc10_guardian_vgg_dense_ep60_lr0p01_fr0p25_kd0p5_t4p0_self3p0	outputs/cifar100_4agent_25cls_hetero4arch_ipc10_guardian_vgg_dense_ep60_lr0p01_fr0p25_kd0p5_t4p0_self3p0/agents/agent_0/checkpoints/expert_model.pt	2023046	model/checkpoint/packet payload	planned
cifar100_4agent_25cls_hetero4arch_ipc10_guardian_vgg_dense_ep60_lr0p01_fr0p25_kd0p5_t4p0_self3p0	outputs/cifar100_4agent_25cls_hetero4arch_ipc10_guardian_vgg_dense_ep60_lr0p01_fr0p25_kd0p5_t4p0_self3p0/agents/agent_1/packets/dsdm_packet.pt	3126768	model/checkpoint/packet payload	planned
cifar100_4agent_25cls_hetero4arch_ipc10_guardian_vgg_dense_ep60_lr0p01_fr0p25_kd0p5_t4p0_self3p0	outputs/cifar100_4agent_25cls_hetero4arch_ipc10_guardian_vgg_dense_ep60_lr0p01_fr0p25_kd0p5_t4p0_self3p0/agents/agent_1/checkpoints/expert_model.pt	4325454	model/checkpoint/packet payload	planned
cifar100_4agent_25cls_hetero4arch_ipc10_guardian_vgg_dense_ep60_lr0p01_fr0p25_kd0p5_t4p0_self3p0	outputs/cifar100_4agent_25cls_hetero4arch_ipc10_guardian_vgg_dense_ep60_lr0p01_fr0p25_kd0p5_t4p0_self3p0/agents/agent_2/packets/dsdm_packet.pt	3126768	model/checkpoint/packet payload	planned
cifar100_4agent_25cls_hetero4arch_ipc10_guardian_vgg_dense_ep60_lr0p01_fr0p25_kd0p5_t4p0_self3p0	outputs/cifar100_4agent_25cls_hetero4arch_ipc10_guardian_vgg_dense_ep60_lr0p01_fr0p25_kd0p5_t4p0_self3p0/agents/agent_2/checkpoints/expert_model.pt	39239126	model/checkpoint/packet payload	planned
cifar100_4agent_25cls_hetero4arch_ipc10_guardian_vgg_dense_ep60_lr0p01_fr0p25_kd0p5_t4p0_self3p0	outputs/cifar100_4agent_25cls_hetero4arch_ipc10_guardian_vgg_dense_ep60_lr0p01_fr0p25_kd0p5_t4p0_self3p0/agents/agent_3/packets/dsdm_packet.pt	3126768	model/checkpoint/packet payload	planned
cifar100_4agent_25cls_hetero4arch_ipc10_guardian_vgg_dense_ep60_lr0p01_fr0p25_kd0p5_t4p0_self3p0	outputs/cifar100_4agent_25cls_hetero4arch_ipc10_guardian_vgg_dense_ep60_lr0p01_fr0p25_kd0p5_t4p0_self3p0/agents/agent_3/checkpoints/expert_model.pt	28123900	model/checkpoint/packet payload	planned
cifar100_4agent_25cls_hetero4arch_ipc10_guardian_vgg_dense_ep60_lr0p01_fr0p25_kd0p5_t4p0_self3p0	outputs/cifar100_4agent_25cls_hetero4arch_ipc10_guardian_vgg_dense_ep60_lr0p01_fr0p25_kd0p5_t4p0_self3p0/packet_hub/dsdm/agent_0_dsdm_packet.pt	3126768	model/checkpoint/packet payload	planned
cifar100_4agent_25cls_hetero4arch_ipc10_guardian_vgg_dense_ep60_lr0p01_fr0p25_kd0p5_t4p0_self3p0	outputs/cifar100_4agent_25cls_hetero4arch_ipc10_guardian_vgg_dense_ep60_lr0p01_fr0p25_kd0p5_t4p0_self3p0/packet_hub/dsdm/agent_1_dsdm_packet.pt	3126768	model/checkpoint/packet payload	planned
cifar100_4agent_25cls_hetero4arch_ipc10_guardian_vgg_dense_ep60_lr0p01_fr0p25_kd0p5_t4p0_self3p0	outputs/cifar100_4agent_25cls_hetero4arch_ipc10_guardian_vgg_dense_ep60_lr0p01_fr0p25_kd0p5_t4p0_self3p0/packet_hub/dsdm/agent_2_dsdm_packet.pt	3126768	model/checkpoint/packet payload	planned
cifar100_4agent_25cls_hetero4arch_ipc10_guardian_vgg_dense_ep60_lr0p01_fr0p25_kd0p5_t4p0_self3p0	outputs/cifar100_4agent_25cls_hetero4arch_ipc10_guardian_vgg_dense_ep60_lr0p01_fr0p25_kd0p5_t4p0_self3p0/packet_hub/dsdm/agent_3_dsdm_packet.pt	3126768	model/checkpoint/packet payload	planned
cifar100_4agent_25cls_hetero4arch_ipc10_guardian_vgg_dense_ep60_lr0p01_fr0p25_kd0p5_t4p0_self4p0	outputs/cifar100_4agent_25cls_hetero4arch_ipc10_guardian_vgg_dense_ep60_lr0p01_fr0p25_kd0p5_t4p0_self4p0/agents/agent_0/packets/dsdm_packet.pt	3126768	model/checkpoint/packet payload	planned
cifar100_4agent_25cls_hetero4arch_ipc10_guardian_vgg_dense_ep60_lr0p01_fr0p25_kd0p5_t4p0_self4p0	outputs/cifar100_4agent_25cls_hetero4arch_ipc10_guardian_vgg_dense_ep60_lr0p01_fr0p25_kd0p5_t4p0_self4p0/agents/agent_0/checkpoints/expert_model.pt	2023046	model/checkpoint/packet payload	planned
cifar100_4agent_25cls_hetero4arch_ipc10_guardian_vgg_dense_ep60_lr0p01_fr0p25_kd0p5_t4p0_self4p0	outputs/cifar100_4agent_25cls_hetero4arch_ipc10_guardian_vgg_dense_ep60_lr0p01_fr0p25_kd0p5_t4p0_self4p0/agents/agent_1/packets/dsdm_packet.pt	3126768	model/checkpoint/packet payload	planned
cifar100_4agent_25cls_hetero4arch_ipc10_guardian_vgg_dense_ep60_lr0p01_fr0p25_kd0p5_t4p0_self4p0	outputs/cifar100_4agent_25cls_hetero4arch_ipc10_guardian_vgg_dense_ep60_lr0p01_fr0p25_kd0p5_t4p0_self4p0/agents/agent_1/checkpoints/expert_model.pt	4325454	model/checkpoint/packet payload	planned
cifar100_4agent_25cls_hetero4arch_ipc10_guardian_vgg_dense_ep60_lr0p01_fr0p25_kd0p5_t4p0_self4p0	outputs/cifar100_4agent_25cls_hetero4arch_ipc10_guardian_vgg_dense_ep60_lr0p01_fr0p25_kd0p5_t4p0_self4p0/agents/agent_2/packets/dsdm_packet.pt	3126768	model/checkpoint/packet payload	planned
cifar100_4agent_25cls_hetero4arch_ipc10_guardian_vgg_dense_ep60_lr0p01_fr0p25_kd0p5_t4p0_self4p0	outputs/cifar100_4agent_25cls_hetero4arch_ipc10_guardian_vgg_dense_ep60_lr0p01_fr0p25_kd0p5_t4p0_self4p0/agents/agent_2/checkpoints/expert_model.pt	39239126	model/checkpoint/packet payload	planned
cifar100_4agent_25cls_hetero4arch_ipc10_guardian_vgg_dense_ep60_lr0p01_fr0p25_kd0p5_t4p0_self4p0	outputs/cifar100_4agent_25cls_hetero4arch_ipc10_guardian_vgg_dense_ep60_lr0p01_fr0p25_kd0p5_t4p0_self4p0/agents/agent_3/packets/dsdm_packet.pt	3126768	model/checkpoint/packet payload	planned
cifar100_4agent_25cls_hetero4arch_ipc10_guardian_vgg_dense_ep60_lr0p01_fr0p25_kd0p5_t4p0_self4p0	outputs/cifar100_4agent_25cls_hetero4arch_ipc10_guardian_vgg_dense_ep60_lr0p01_fr0p25_kd0p5_t4p0_self4p0/agents/agent_3/checkpoints/expert_model.pt	28123900	model/checkpoint/packet payload	planned
cifar100_4agent_25cls_hetero4arch_ipc10_guardian_vgg_dense_ep60_lr0p01_fr0p25_kd0p5_t4p0_self4p0	outputs/cifar100_4agent_25cls_hetero4arch_ipc10_guardian_vgg_dense_ep60_lr0p01_fr0p25_kd0p5_t4p0_self4p0/packet_hub/dsdm/agent_0_dsdm_packet.pt	3126768	model/checkpoint/packet payload	planned
cifar100_4agent_25cls_hetero4arch_ipc10_guardian_vgg_dense_ep60_lr0p01_fr0p25_kd0p5_t4p0_self4p0	outputs/cifar100_4agent_25cls_hetero4arch_ipc10_guardian_vgg_dense_ep60_lr0p01_fr0p25_kd0p5_t4p0_self4p0/packet_hub/dsdm/agent_1_dsdm_packet.pt	3126768	model/checkpoint/packet payload	planned
cifar100_4agent_25cls_hetero4arch_ipc10_guardian_vgg_dense_ep60_lr0p01_fr0p25_kd0p5_t4p0_self4p0	outputs/cifar100_4agent_25cls_hetero4arch_ipc10_guardian_vgg_dense_ep60_lr0p01_fr0p25_kd0p5_t4p0_self4p0/packet_hub/dsdm/agent_2_dsdm_packet.pt	3126768	model/checkpoint/packet payload	planned
cifar100_4agent_25cls_hetero4arch_ipc10_guardian_vgg_dense_ep60_lr0p01_fr0p25_kd0p5_t4p0_self4p0	outputs/cifar100_4agent_25cls_hetero4arch_ipc10_guardian_vgg_dense_ep60_lr0p01_fr0p25_kd0p5_t4p0_self4p0/packet_hub/dsdm/agent_3_dsdm_packet.pt	3126768	model/checkpoint/packet payload	planned
cifar100_4agent_25cls_hetero4arch_ipc10_guardian_vgg_dense_ep60_lr0p01_fr0p25_kd0p6_t3p0_self2p5	outputs/cifar100_4agent_25cls_hetero4arch_ipc10_guardian_vgg_dense_ep60_lr0p01_fr0p25_kd0p6_t3p0_self2p5/agents/agent_0/packets/dsdm_packet.pt	3126768	model/checkpoint/packet payload	planned
cifar100_4agent_25cls_hetero4arch_ipc10_guardian_vgg_dense_ep60_lr0p01_fr0p25_kd0p6_t3p0_self2p5	outputs/cifar100_4agent_25cls_hetero4arch_ipc10_guardian_vgg_dense_ep60_lr0p01_fr0p25_kd0p6_t3p0_self2p5/agents/agent_0/checkpoints/expert_model.pt	2023046	model/checkpoint/packet payload	planned
cifar100_4agent_25cls_hetero4arch_ipc10_guardian_vgg_dense_ep60_lr0p01_fr0p25_kd0p6_t3p0_self2p5	outputs/cifar100_4agent_25cls_hetero4arch_ipc10_guardian_vgg_dense_ep60_lr0p01_fr0p25_kd0p6_t3p0_self2p5/agents/agent_1/packets/dsdm_packet.pt	3126768	model/checkpoint/packet payload	planned
cifar100_4agent_25cls_hetero4arch_ipc10_guardian_vgg_dense_ep60_lr0p01_fr0p25_kd0p6_t3p0_self2p5	outputs/cifar100_4agent_25cls_hetero4arch_ipc10_guardian_vgg_dense_ep60_lr0p01_fr0p25_kd0p6_t3p0_self2p5/agents/agent_1/checkpoints/expert_model.pt	4325454	model/checkpoint/packet payload	planned
cifar100_4agent_25cls_hetero4arch_ipc10_guardian_vgg_dense_ep60_lr0p01_fr0p25_kd0p6_t3p0_self2p5	outputs/cifar100_4agent_25cls_hetero4arch_ipc10_guardian_vgg_dense_ep60_lr0p01_fr0p25_kd0p6_t3p0_self2p5/agents/agent_2/packets/dsdm_packet.pt	3126768	model/checkpoint/packet payload	planned
cifar100_4agent_25cls_hetero4arch_ipc10_guardian_vgg_dense_ep60_lr0p01_fr0p25_kd0p6_t3p0_self2p5	outputs/cifar100_4agent_25cls_hetero4arch_ipc10_guardian_vgg_dense_ep60_lr0p01_fr0p25_kd0p6_t3p0_self2p5/agents/agent_2/checkpoints/expert_model.pt	39239126	model/checkpoint/packet payload	planned
cifar100_4agent_25cls_hetero4arch_ipc10_guardian_vgg_dense_ep60_lr0p01_fr0p25_kd0p6_t3p0_self2p5	outputs/cifar100_4agent_25cls_hetero4arch_ipc10_guardian_vgg_dense_ep60_lr0p01_fr0p25_kd0p6_t3p0_self2p5/agents/agent_3/packets/dsdm_packet.pt	3126768	model/checkpoint/packet payload	planned
cifar100_4agent_25cls_hetero4arch_ipc10_guardian_vgg_dense_ep60_lr0p01_fr0p25_kd0p6_t3p0_self2p5	outputs/cifar100_4agent_25cls_hetero4arch_ipc10_guardian_vgg_dense_ep60_lr0p01_fr0p25_kd0p6_t3p0_self2p5/agents/agent_3/checkpoints/expert_model.pt	28123900	model/checkpoint/packet payload	planned
cifar100_4agent_25cls_hetero4arch_ipc10_guardian_vgg_dense_ep60_lr0p01_fr0p25_kd0p6_t3p0_self2p5	outputs/cifar100_4agent_25cls_hetero4arch_ipc10_guardian_vgg_dense_ep60_lr0p01_fr0p25_kd0p6_t3p0_self2p5/packet_hub/dsdm/agent_0_dsdm_packet.pt	3126768	model/checkpoint/packet payload	planned
cifar100_4agent_25cls_hetero4arch_ipc10_guardian_vgg_dense_ep60_lr0p01_fr0p25_kd0p6_t3p0_self2p5	outputs/cifar100_4agent_25cls_hetero4arch_ipc10_guardian_vgg_dense_ep60_lr0p01_fr0p25_kd0p6_t3p0_self2p5/packet_hub/dsdm/agent_1_dsdm_packet.pt	3126768	model/checkpoint/packet payload	planned
cifar100_4agent_25cls_hetero4arch_ipc10_guardian_vgg_dense_ep60_lr0p01_fr0p25_kd0p6_t3p0_self2p5	outputs/cifar100_4agent_25cls_hetero4arch_ipc10_guardian_vgg_dense_ep60_lr0p01_fr0p25_kd0p6_t3p0_self2p5/packet_hub/dsdm/agent_2_dsdm_packet.pt	3126768	model/checkpoint/packet payload	planned
cifar100_4agent_25cls_hetero4arch_ipc10_guardian_vgg_dense_ep60_lr0p01_fr0p25_kd0p6_t3p0_self2p5	outputs/cifar100_4agent_25cls_hetero4arch_ipc10_guardian_vgg_dense_ep60_lr0p01_fr0p25_kd0p6_t3p0_self2p5/packet_hub/dsdm/agent_3_dsdm_packet.pt	3126768	model/checkpoint/packet payload	planned
cifar100_4agent_25cls_hetero4arch_ipc10_guardian_vgg_dense_ep60_lr0p01_fr0p25_kd0p6_t3p0_self3p0	outputs/cifar100_4agent_25cls_hetero4arch_ipc10_guardian_vgg_dense_ep60_lr0p01_fr0p25_kd0p6_t3p0_self3p0/agents/agent_0/packets/dsdm_packet.pt	3126768	model/checkpoint/packet payload	planned
cifar100_4agent_25cls_hetero4arch_ipc10_guardian_vgg_dense_ep60_lr0p01_fr0p25_kd0p6_t3p0_self3p0	outputs/cifar100_4agent_25cls_hetero4arch_ipc10_guardian_vgg_dense_ep60_lr0p01_fr0p25_kd0p6_t3p0_self3p0/agents/agent_0/checkpoints/expert_model.pt	2023046	model/checkpoint/packet payload	planned
cifar100_4agent_25cls_hetero4arch_ipc10_guardian_vgg_dense_ep60_lr0p01_fr0p25_kd0p6_t3p0_self3p0	outputs/cifar100_4agent_25cls_hetero4arch_ipc10_guardian_vgg_dense_ep60_lr0p01_fr0p25_kd0p6_t3p0_self3p0/agents/agent_1/packets/dsdm_packet.pt	3126768	model/checkpoint/packet payload	planned
cifar100_4agent_25cls_hetero4arch_ipc10_guardian_vgg_dense_ep60_lr0p01_fr0p25_kd0p6_t3p0_self3p0	outputs/cifar100_4agent_25cls_hetero4arch_ipc10_guardian_vgg_dense_ep60_lr0p01_fr0p25_kd0p6_t3p0_self3p0/agents/agent_1/checkpoints/expert_model.pt	4325454	model/checkpoint/packet payload	planned
cifar100_4agent_25cls_hetero4arch_ipc10_guardian_vgg_dense_ep60_lr0p01_fr0p25_kd0p6_t3p0_self3p0	outputs/cifar100_4agent_25cls_hetero4arch_ipc10_guardian_vgg_dense_ep60_lr0p01_fr0p25_kd0p6_t3p0_self3p0/agents/agent_2/packets/dsdm_packet.pt	3126768	model/checkpoint/packet payload	planned
cifar100_4agent_25cls_hetero4arch_ipc10_guardian_vgg_dense_ep60_lr0p01_fr0p25_kd0p6_t3p0_self3p0	outputs/cifar100_4agent_25cls_hetero4arch_ipc10_guardian_vgg_dense_ep60_lr0p01_fr0p25_kd0p6_t3p0_self3p0/agents/agent_2/checkpoints/expert_model.pt	39239126	model/checkpoint/packet payload	planned
cifar100_4agent_25cls_hetero4arch_ipc10_guardian_vgg_dense_ep60_lr0p01_fr0p25_kd0p6_t3p0_self3p0	outputs/cifar100_4agent_25cls_hetero4arch_ipc10_guardian_vgg_dense_ep60_lr0p01_fr0p25_kd0p6_t3p0_self3p0/agents/agent_3/packets/dsdm_packet.pt	3126768	model/checkpoint/packet payload	planned
cifar100_4agent_25cls_hetero4arch_ipc10_guardian_vgg_dense_ep60_lr0p01_fr0p25_kd0p6_t3p0_self3p0	outputs/cifar100_4agent_25cls_hetero4arch_ipc10_guardian_vgg_dense_ep60_lr0p01_fr0p25_kd0p6_t3p0_self3p0/agents/agent_3/checkpoints/expert_model.pt	28123900	model/checkpoint/packet payload	planned
cifar100_4agent_25cls_hetero4arch_ipc10_guardian_vgg_dense_ep60_lr0p01_fr0p25_kd0p6_t3p0_self3p0	outputs/cifar100_4agent_25cls_hetero4arch_ipc10_guardian_vgg_dense_ep60_lr0p01_fr0p25_kd0p6_t3p0_self3p0/packet_hub/dsdm/agent_0_dsdm_packet.pt	3126768	model/checkpoint/packet payload	planned
cifar100_4agent_25cls_hetero4arch_ipc10_guardian_vgg_dense_ep60_lr0p01_fr0p25_kd0p6_t3p0_self3p0	outputs/cifar100_4agent_25cls_hetero4arch_ipc10_guardian_vgg_dense_ep60_lr0p01_fr0p25_kd0p6_t3p0_self3p0/packet_hub/dsdm/agent_1_dsdm_packet.pt	3126768	model/checkpoint/packet payload	planned
cifar100_4agent_25cls_hetero4arch_ipc10_guardian_vgg_dense_ep60_lr0p01_fr0p25_kd0p6_t3p0_self3p0	outputs/cifar100_4agent_25cls_hetero4arch_ipc10_guardian_vgg_dense_ep60_lr0p01_fr0p25_kd0p6_t3p0_self3p0/packet_hub/dsdm/agent_2_dsdm_packet.pt	3126768	model/checkpoint/packet payload	planned
cifar100_4agent_25cls_hetero4arch_ipc10_guardian_vgg_dense_ep60_lr0p01_fr0p25_kd0p6_t3p0_self3p0	outputs/cifar100_4agent_25cls_hetero4arch_ipc10_guardian_vgg_dense_ep60_lr0p01_fr0p25_kd0p6_t3p0_self3p0/packet_hub/dsdm/agent_3_dsdm_packet.pt	3126768	model/checkpoint/packet payload	planned
cifar100_4agent_25cls_hetero4arch_ipc10_guardian_vgg_dense_ep60_lr0p01_fr0p25_kd0p6_t3p0_self4p0	outputs/cifar100_4agent_25cls_hetero4arch_ipc10_guardian_vgg_dense_ep60_lr0p01_fr0p25_kd0p6_t3p0_self4p0/agents/agent_0/packets/dsdm_packet.pt	3126768	model/checkpoint/packet payload	planned
cifar100_4agent_25cls_hetero4arch_ipc10_guardian_vgg_dense_ep60_lr0p01_fr0p25_kd0p6_t3p0_self4p0	outputs/cifar100_4agent_25cls_hetero4arch_ipc10_guardian_vgg_dense_ep60_lr0p01_fr0p25_kd0p6_t3p0_self4p0/agents/agent_0/checkpoints/expert_model.pt	2023046	model/checkpoint/packet payload	planned
cifar100_4agent_25cls_hetero4arch_ipc10_guardian_vgg_dense_ep60_lr0p01_fr0p25_kd0p6_t3p0_self4p0	outputs/cifar100_4agent_25cls_hetero4arch_ipc10_guardian_vgg_dense_ep60_lr0p01_fr0p25_kd0p6_t3p0_self4p0/agents/agent_1/packets/dsdm_packet.pt	3126768	model/checkpoint/packet payload	planned
cifar100_4agent_25cls_hetero4arch_ipc10_guardian_vgg_dense_ep60_lr0p01_fr0p25_kd0p6_t3p0_self4p0	outputs/cifar100_4agent_25cls_hetero4arch_ipc10_guardian_vgg_dense_ep60_lr0p01_fr0p25_kd0p6_t3p0_self4p0/agents/agent_1/checkpoints/expert_model.pt	4325454	model/checkpoint/packet payload	planned
cifar100_4agent_25cls_hetero4arch_ipc10_guardian_vgg_dense_ep60_lr0p01_fr0p25_kd0p6_t3p0_self4p0	outputs/cifar100_4agent_25cls_hetero4arch_ipc10_guardian_vgg_dense_ep60_lr0p01_fr0p25_kd0p6_t3p0_self4p0/agents/agent_2/packets/dsdm_packet.pt	3126768	model/checkpoint/packet payload	planned
cifar100_4agent_25cls_hetero4arch_ipc10_guardian_vgg_dense_ep60_lr0p01_fr0p25_kd0p6_t3p0_self4p0	outputs/cifar100_4agent_25cls_hetero4arch_ipc10_guardian_vgg_dense_ep60_lr0p01_fr0p25_kd0p6_t3p0_self4p0/agents/agent_2/checkpoints/expert_model.pt	39239126	model/checkpoint/packet payload	planned
cifar100_4agent_25cls_hetero4arch_ipc10_guardian_vgg_dense_ep60_lr0p01_fr0p25_kd0p6_t3p0_self4p0	outputs/cifar100_4agent_25cls_hetero4arch_ipc10_guardian_vgg_dense_ep60_lr0p01_fr0p25_kd0p6_t3p0_self4p0/agents/agent_3/packets/dsdm_packet.pt	3126768	model/checkpoint/packet payload	planned
cifar100_4agent_25cls_hetero4arch_ipc10_guardian_vgg_dense_ep60_lr0p01_fr0p25_kd0p6_t3p0_self4p0	outputs/cifar100_4agent_25cls_hetero4arch_ipc10_guardian_vgg_dense_ep60_lr0p01_fr0p25_kd0p6_t3p0_self4p0/agents/agent_3/checkpoints/expert_model.pt	28123900	model/checkpoint/packet payload	planned
cifar100_4agent_25cls_hetero4arch_ipc10_guardian_vgg_dense_ep60_lr0p01_fr0p25_kd0p6_t3p0_self4p0	outputs/cifar100_4agent_25cls_hetero4arch_ipc10_guardian_vgg_dense_ep60_lr0p01_fr0p25_kd0p6_t3p0_self4p0/packet_hub/dsdm/agent_0_dsdm_packet.pt	3126768	model/checkpoint/packet payload	planned
cifar100_4agent_25cls_hetero4arch_ipc10_guardian_vgg_dense_ep60_lr0p01_fr0p25_kd0p6_t3p0_self4p0	outputs/cifar100_4agent_25cls_hetero4arch_ipc10_guardian_vgg_dense_ep60_lr0p01_fr0p25_kd0p6_t3p0_self4p0/packet_hub/dsdm/agent_1_dsdm_packet.pt	3126768	model/checkpoint/packet payload	planned
cifar100_4agent_25cls_hetero4arch_ipc10_guardian_vgg_dense_ep60_lr0p01_fr0p25_kd0p6_t3p0_self4p0	outputs/cifar100_4agent_25cls_hetero4arch_ipc10_guardian_vgg_dense_ep60_lr0p01_fr0p25_kd0p6_t3p0_self4p0/packet_hub/dsdm/agent_2_dsdm_packet.pt	3126768	model/checkpoint/packet payload	planned
cifar100_4agent_25cls_hetero4arch_ipc10_guardian_vgg_dense_ep60_lr0p01_fr0p25_kd0p6_t3p0_self4p0	outputs/cifar100_4agent_25cls_hetero4arch_ipc10_guardian_vgg_dense_ep60_lr0p01_fr0p25_kd0p6_t3p0_self4p0/packet_hub/dsdm/agent_3_dsdm_packet.pt	3126768	model/checkpoint/packet payload	planned
cifar100_4agent_25cls_hetero4arch_ipc10_guardian_vgg_dense_ep60_lr0p01_fr0p25_kd0p6_t4p0_self2p5	outputs/cifar100_4agent_25cls_hetero4arch_ipc10_guardian_vgg_dense_ep60_lr0p01_fr0p25_kd0p6_t4p0_self2p5/agents/agent_0/packets/dsdm_packet.pt	3126768	model/checkpoint/packet payload	planned
cifar100_4agent_25cls_hetero4arch_ipc10_guardian_vgg_dense_ep60_lr0p01_fr0p25_kd0p6_t4p0_self2p5	outputs/cifar100_4agent_25cls_hetero4arch_ipc10_guardian_vgg_dense_ep60_lr0p01_fr0p25_kd0p6_t4p0_self2p5/agents/agent_0/checkpoints/expert_model.pt	2023046	model/checkpoint/packet payload	planned
cifar100_4agent_25cls_hetero4arch_ipc10_guardian_vgg_dense_ep60_lr0p01_fr0p25_kd0p6_t4p0_self2p5	outputs/cifar100_4agent_25cls_hetero4arch_ipc10_guardian_vgg_dense_ep60_lr0p01_fr0p25_kd0p6_t4p0_self2p5/agents/agent_1/packets/dsdm_packet.pt	3126768	model/checkpoint/packet payload	planned
cifar100_4agent_25cls_hetero4arch_ipc10_guardian_vgg_dense_ep60_lr0p01_fr0p25_kd0p6_t4p0_self2p5	outputs/cifar100_4agent_25cls_hetero4arch_ipc10_guardian_vgg_dense_ep60_lr0p01_fr0p25_kd0p6_t4p0_self2p5/agents/agent_1/checkpoints/expert_model.pt	4325454	model/checkpoint/packet payload	planned
cifar100_4agent_25cls_hetero4arch_ipc10_guardian_vgg_dense_ep60_lr0p01_fr0p25_kd0p6_t4p0_self2p5	outputs/cifar100_4agent_25cls_hetero4arch_ipc10_guardian_vgg_dense_ep60_lr0p01_fr0p25_kd0p6_t4p0_self2p5/agents/agent_2/packets/dsdm_packet.pt	3126768	model/checkpoint/packet payload	planned
cifar100_4agent_25cls_hetero4arch_ipc10_guardian_vgg_dense_ep60_lr0p01_fr0p25_kd0p6_t4p0_self2p5	outputs/cifar100_4agent_25cls_hetero4arch_ipc10_guardian_vgg_dense_ep60_lr0p01_fr0p25_kd0p6_t4p0_self2p5/agents/agent_2/checkpoints/expert_model.pt	39239126	model/checkpoint/packet payload	planned
cifar100_4agent_25cls_hetero4arch_ipc10_guardian_vgg_dense_ep60_lr0p01_fr0p25_kd0p6_t4p0_self2p5	outputs/cifar100_4agent_25cls_hetero4arch_ipc10_guardian_vgg_dense_ep60_lr0p01_fr0p25_kd0p6_t4p0_self2p5/agents/agent_3/packets/dsdm_packet.pt	3126768	model/checkpoint/packet payload	planned
cifar100_4agent_25cls_hetero4arch_ipc10_guardian_vgg_dense_ep60_lr0p01_fr0p25_kd0p6_t4p0_self2p5	outputs/cifar100_4agent_25cls_hetero4arch_ipc10_guardian_vgg_dense_ep60_lr0p01_fr0p25_kd0p6_t4p0_self2p5/agents/agent_3/checkpoints/expert_model.pt	28123900	model/checkpoint/packet payload	planned
cifar100_4agent_25cls_hetero4arch_ipc10_guardian_vgg_dense_ep60_lr0p01_fr0p25_kd0p6_t4p0_self2p5	outputs/cifar100_4agent_25cls_hetero4arch_ipc10_guardian_vgg_dense_ep60_lr0p01_fr0p25_kd0p6_t4p0_self2p5/packet_hub/dsdm/agent_0_dsdm_packet.pt	3126768	model/checkpoint/packet payload	planned
cifar100_4agent_25cls_hetero4arch_ipc10_guardian_vgg_dense_ep60_lr0p01_fr0p25_kd0p6_t4p0_self2p5	outputs/cifar100_4agent_25cls_hetero4arch_ipc10_guardian_vgg_dense_ep60_lr0p01_fr0p25_kd0p6_t4p0_self2p5/packet_hub/dsdm/agent_1_dsdm_packet.pt	3126768	model/checkpoint/packet payload	planned
cifar100_4agent_25cls_hetero4arch_ipc10_guardian_vgg_dense_ep60_lr0p01_fr0p25_kd0p6_t4p0_self2p5	outputs/cifar100_4agent_25cls_hetero4arch_ipc10_guardian_vgg_dense_ep60_lr0p01_fr0p25_kd0p6_t4p0_self2p5/packet_hub/dsdm/agent_2_dsdm_packet.pt	3126768	model/checkpoint/packet payload	planned
cifar100_4agent_25cls_hetero4arch_ipc10_guardian_vgg_dense_ep60_lr0p01_fr0p25_kd0p6_t4p0_self2p5	outputs/cifar100_4agent_25cls_hetero4arch_ipc10_guardian_vgg_dense_ep60_lr0p01_fr0p25_kd0p6_t4p0_self2p5/packet_hub/dsdm/agent_3_dsdm_packet.pt	3126768	model/checkpoint/packet payload	planned
cifar100_4agent_25cls_hetero4arch_ipc10_guardian_vgg_dense_ep60_lr0p01_fr0p25_kd0p6_t4p0_self3p0	outputs/cifar100_4agent_25cls_hetero4arch_ipc10_guardian_vgg_dense_ep60_lr0p01_fr0p25_kd0p6_t4p0_self3p0/agents/agent_0/packets/dsdm_packet.pt	3126768	model/checkpoint/packet payload	planned
cifar100_4agent_25cls_hetero4arch_ipc10_guardian_vgg_dense_ep60_lr0p01_fr0p25_kd0p6_t4p0_self3p0	outputs/cifar100_4agent_25cls_hetero4arch_ipc10_guardian_vgg_dense_ep60_lr0p01_fr0p25_kd0p6_t4p0_self3p0/agents/agent_0/checkpoints/expert_model.pt	2023046	model/checkpoint/packet payload	planned
cifar100_4agent_25cls_hetero4arch_ipc10_guardian_vgg_dense_ep60_lr0p01_fr0p25_kd0p6_t4p0_self3p0	outputs/cifar100_4agent_25cls_hetero4arch_ipc10_guardian_vgg_dense_ep60_lr0p01_fr0p25_kd0p6_t4p0_self3p0/agents/agent_1/packets/dsdm_packet.pt	3126768	model/checkpoint/packet payload	planned
cifar100_4agent_25cls_hetero4arch_ipc10_guardian_vgg_dense_ep60_lr0p01_fr0p25_kd0p6_t4p0_self3p0	outputs/cifar100_4agent_25cls_hetero4arch_ipc10_guardian_vgg_dense_ep60_lr0p01_fr0p25_kd0p6_t4p0_self3p0/agents/agent_1/checkpoints/expert_model.pt	4325454	model/checkpoint/packet payload	planned
cifar100_4agent_25cls_hetero4arch_ipc10_guardian_vgg_dense_ep60_lr0p01_fr0p25_kd0p6_t4p0_self3p0	outputs/cifar100_4agent_25cls_hetero4arch_ipc10_guardian_vgg_dense_ep60_lr0p01_fr0p25_kd0p6_t4p0_self3p0/agents/agent_2/packets/dsdm_packet.pt	3126768	model/checkpoint/packet payload	planned
cifar100_4agent_25cls_hetero4arch_ipc10_guardian_vgg_dense_ep60_lr0p01_fr0p25_kd0p6_t4p0_self3p0	outputs/cifar100_4agent_25cls_hetero4arch_ipc10_guardian_vgg_dense_ep60_lr0p01_fr0p25_kd0p6_t4p0_self3p0/agents/agent_2/checkpoints/expert_model.pt	39239126	model/checkpoint/packet payload	planned
cifar100_4agent_25cls_hetero4arch_ipc10_guardian_vgg_dense_ep60_lr0p01_fr0p25_kd0p6_t4p0_self3p0	outputs/cifar100_4agent_25cls_hetero4arch_ipc10_guardian_vgg_dense_ep60_lr0p01_fr0p25_kd0p6_t4p0_self3p0/agents/agent_3/packets/dsdm_packet.pt	3126768	model/checkpoint/packet payload	planned
cifar100_4agent_25cls_hetero4arch_ipc10_guardian_vgg_dense_ep60_lr0p01_fr0p25_kd0p6_t4p0_self3p0	outputs/cifar100_4agent_25cls_hetero4arch_ipc10_guardian_vgg_dense_ep60_lr0p01_fr0p25_kd0p6_t4p0_self3p0/agents/agent_3/checkpoints/expert_model.pt	28123900	model/checkpoint/packet payload	planned
cifar100_4agent_25cls_hetero4arch_ipc10_guardian_vgg_dense_ep60_lr0p01_fr0p25_kd0p6_t4p0_self3p0	outputs/cifar100_4agent_25cls_hetero4arch_ipc10_guardian_vgg_dense_ep60_lr0p01_fr0p25_kd0p6_t4p0_self3p0/packet_hub/dsdm/agent_0_dsdm_packet.pt	3126768	model/checkpoint/packet payload	planned
cifar100_4agent_25cls_hetero4arch_ipc10_guardian_vgg_dense_ep60_lr0p01_fr0p25_kd0p6_t4p0_self3p0	outputs/cifar100_4agent_25cls_hetero4arch_ipc10_guardian_vgg_dense_ep60_lr0p01_fr0p25_kd0p6_t4p0_self3p0/packet_hub/dsdm/agent_1_dsdm_packet.pt	3126768	model/checkpoint/packet payload	planned
cifar100_4agent_25cls_hetero4arch_ipc10_guardian_vgg_dense_ep60_lr0p01_fr0p25_kd0p6_t4p0_self3p0	outputs/cifar100_4agent_25cls_hetero4arch_ipc10_guardian_vgg_dense_ep60_lr0p01_fr0p25_kd0p6_t4p0_self3p0/packet_hub/dsdm/agent_2_dsdm_packet.pt	3126768	model/checkpoint/packet payload	planned
cifar100_4agent_25cls_hetero4arch_ipc10_guardian_vgg_dense_ep60_lr0p01_fr0p25_kd0p6_t4p0_self3p0	outputs/cifar100_4agent_25cls_hetero4arch_ipc10_guardian_vgg_dense_ep60_lr0p01_fr0p25_kd0p6_t4p0_self3p0/packet_hub/dsdm/agent_3_dsdm_packet.pt	3126768	model/checkpoint/packet payload	planned
cifar100_4agent_25cls_hetero4arch_ipc10_guardian_vgg_dense_ep60_lr0p01_fr0p25_kd0p6_t4p0_self4p0	outputs/cifar100_4agent_25cls_hetero4arch_ipc10_guardian_vgg_dense_ep60_lr0p01_fr0p25_kd0p6_t4p0_self4p0/agents/agent_0/packets/dsdm_packet.pt	3126768	model/checkpoint/packet payload	planned
cifar100_4agent_25cls_hetero4arch_ipc10_guardian_vgg_dense_ep60_lr0p01_fr0p25_kd0p6_t4p0_self4p0	outputs/cifar100_4agent_25cls_hetero4arch_ipc10_guardian_vgg_dense_ep60_lr0p01_fr0p25_kd0p6_t4p0_self4p0/agents/agent_0/checkpoints/expert_model.pt	2023046	model/checkpoint/packet payload	planned
cifar100_4agent_25cls_hetero4arch_ipc10_guardian_vgg_dense_ep60_lr0p01_fr0p25_kd0p6_t4p0_self4p0	outputs/cifar100_4agent_25cls_hetero4arch_ipc10_guardian_vgg_dense_ep60_lr0p01_fr0p25_kd0p6_t4p0_self4p0/agents/agent_1/packets/dsdm_packet.pt	3126768	model/checkpoint/packet payload	planned
cifar100_4agent_25cls_hetero4arch_ipc10_guardian_vgg_dense_ep60_lr0p01_fr0p25_kd0p6_t4p0_self4p0	outputs/cifar100_4agent_25cls_hetero4arch_ipc10_guardian_vgg_dense_ep60_lr0p01_fr0p25_kd0p6_t4p0_self4p0/agents/agent_1/checkpoints/expert_model.pt	4325454	model/checkpoint/packet payload	planned
cifar100_4agent_25cls_hetero4arch_ipc10_guardian_vgg_dense_ep60_lr0p01_fr0p25_kd0p6_t4p0_self4p0	outputs/cifar100_4agent_25cls_hetero4arch_ipc10_guardian_vgg_dense_ep60_lr0p01_fr0p25_kd0p6_t4p0_self4p0/agents/agent_2/packets/dsdm_packet.pt	3126768	model/checkpoint/packet payload	planned
cifar100_4agent_25cls_hetero4arch_ipc10_guardian_vgg_dense_ep60_lr0p01_fr0p25_kd0p6_t4p0_self4p0	outputs/cifar100_4agent_25cls_hetero4arch_ipc10_guardian_vgg_dense_ep60_lr0p01_fr0p25_kd0p6_t4p0_self4p0/agents/agent_2/checkpoints/expert_model.pt	39239126	model/checkpoint/packet payload	planned
cifar100_4agent_25cls_hetero4arch_ipc10_guardian_vgg_dense_ep60_lr0p01_fr0p25_kd0p6_t4p0_self4p0	outputs/cifar100_4agent_25cls_hetero4arch_ipc10_guardian_vgg_dense_ep60_lr0p01_fr0p25_kd0p6_t4p0_self4p0/agents/agent_3/packets/dsdm_packet.pt	3126768	model/checkpoint/packet payload	planned
cifar100_4agent_25cls_hetero4arch_ipc10_guardian_vgg_dense_ep60_lr0p01_fr0p25_kd0p6_t4p0_self4p0	outputs/cifar100_4agent_25cls_hetero4arch_ipc10_guardian_vgg_dense_ep60_lr0p01_fr0p25_kd0p6_t4p0_self4p0/agents/agent_3/checkpoints/expert_model.pt	28123900	model/checkpoint/packet payload	planned
cifar100_4agent_25cls_hetero4arch_ipc10_guardian_vgg_dense_ep60_lr0p01_fr0p25_kd0p6_t4p0_self4p0	outputs/cifar100_4agent_25cls_hetero4arch_ipc10_guardian_vgg_dense_ep60_lr0p01_fr0p25_kd0p6_t4p0_self4p0/packet_hub/dsdm/agent_0_dsdm_packet.pt	3126768	model/checkpoint/packet payload	planned
cifar100_4agent_25cls_hetero4arch_ipc10_guardian_vgg_dense_ep60_lr0p01_fr0p25_kd0p6_t4p0_self4p0	outputs/cifar100_4agent_25cls_hetero4arch_ipc10_guardian_vgg_dense_ep60_lr0p01_fr0p25_kd0p6_t4p0_self4p0/packet_hub/dsdm/agent_1_dsdm_packet.pt	3126768	model/checkpoint/packet payload	planned
cifar100_4agent_25cls_hetero4arch_ipc10_guardian_vgg_dense_ep60_lr0p01_fr0p25_kd0p6_t4p0_self4p0	outputs/cifar100_4agent_25cls_hetero4arch_ipc10_guardian_vgg_dense_ep60_lr0p01_fr0p25_kd0p6_t4p0_self4p0/packet_hub/dsdm/agent_2_dsdm_packet.pt	3126768	model/checkpoint/packet payload	planned
cifar100_4agent_25cls_hetero4arch_ipc10_guardian_vgg_dense_ep60_lr0p01_fr0p25_kd0p6_t4p0_self4p0	outputs/cifar100_4agent_25cls_hetero4arch_ipc10_guardian_vgg_dense_ep60_lr0p01_fr0p25_kd0p6_t4p0_self4p0/packet_hub/dsdm/agent_3_dsdm_packet.pt	3126768	model/checkpoint/packet payload	planned
cifar100_4agent_25cls_hetero4arch_ipc10_guardian_vgg_dense_ep60_lr0p01_fr0p35_kd0p3_t3p0_self2p5	outputs/cifar100_4agent_25cls_hetero4arch_ipc10_guardian_vgg_dense_ep60_lr0p01_fr0p35_kd0p3_t3p0_self2p5/agents/agent_0/packets/dsdm_packet.pt	3126768	model/checkpoint/packet payload	planned
cifar100_4agent_25cls_hetero4arch_ipc10_guardian_vgg_dense_ep60_lr0p01_fr0p35_kd0p3_t3p0_self2p5	outputs/cifar100_4agent_25cls_hetero4arch_ipc10_guardian_vgg_dense_ep60_lr0p01_fr0p35_kd0p3_t3p0_self2p5/agents/agent_0/checkpoints/expert_model.pt	2023046	model/checkpoint/packet payload	planned
cifar100_4agent_25cls_hetero4arch_ipc10_guardian_vgg_dense_ep60_lr0p01_fr0p35_kd0p3_t3p0_self2p5	outputs/cifar100_4agent_25cls_hetero4arch_ipc10_guardian_vgg_dense_ep60_lr0p01_fr0p35_kd0p3_t3p0_self2p5/agents/agent_1/packets/dsdm_packet.pt	3126768	model/checkpoint/packet payload	planned
cifar100_4agent_25cls_hetero4arch_ipc10_guardian_vgg_dense_ep60_lr0p01_fr0p35_kd0p3_t3p0_self2p5	outputs/cifar100_4agent_25cls_hetero4arch_ipc10_guardian_vgg_dense_ep60_lr0p01_fr0p35_kd0p3_t3p0_self2p5/agents/agent_1/checkpoints/expert_model.pt	4325454	model/checkpoint/packet payload	planned
cifar100_4agent_25cls_hetero4arch_ipc10_guardian_vgg_dense_ep60_lr0p01_fr0p35_kd0p3_t3p0_self2p5	outputs/cifar100_4agent_25cls_hetero4arch_ipc10_guardian_vgg_dense_ep60_lr0p01_fr0p35_kd0p3_t3p0_self2p5/agents/agent_2/packets/dsdm_packet.pt	3126768	model/checkpoint/packet payload	planned
cifar100_4agent_25cls_hetero4arch_ipc10_guardian_vgg_dense_ep60_lr0p01_fr0p35_kd0p3_t3p0_self2p5	outputs/cifar100_4agent_25cls_hetero4arch_ipc10_guardian_vgg_dense_ep60_lr0p01_fr0p35_kd0p3_t3p0_self2p5/agents/agent_2/checkpoints/expert_model.pt	39239126	model/checkpoint/packet payload	planned
cifar100_4agent_25cls_hetero4arch_ipc10_guardian_vgg_dense_ep60_lr0p01_fr0p35_kd0p3_t3p0_self2p5	outputs/cifar100_4agent_25cls_hetero4arch_ipc10_guardian_vgg_dense_ep60_lr0p01_fr0p35_kd0p3_t3p0_self2p5/agents/agent_3/packets/dsdm_packet.pt	3126768	model/checkpoint/packet payload	planned
cifar100_4agent_25cls_hetero4arch_ipc10_guardian_vgg_dense_ep60_lr0p01_fr0p35_kd0p3_t3p0_self2p5	outputs/cifar100_4agent_25cls_hetero4arch_ipc10_guardian_vgg_dense_ep60_lr0p01_fr0p35_kd0p3_t3p0_self2p5/agents/agent_3/checkpoints/expert_model.pt	28123900	model/checkpoint/packet payload	planned
cifar100_4agent_25cls_hetero4arch_ipc10_guardian_vgg_dense_ep60_lr0p01_fr0p35_kd0p3_t3p0_self2p5	outputs/cifar100_4agent_25cls_hetero4arch_ipc10_guardian_vgg_dense_ep60_lr0p01_fr0p35_kd0p3_t3p0_self2p5/packet_hub/dsdm/agent_0_dsdm_packet.pt	3126768	model/checkpoint/packet payload	planned
cifar100_4agent_25cls_hetero4arch_ipc10_guardian_vgg_dense_ep60_lr0p01_fr0p35_kd0p3_t3p0_self2p5	outputs/cifar100_4agent_25cls_hetero4arch_ipc10_guardian_vgg_dense_ep60_lr0p01_fr0p35_kd0p3_t3p0_self2p5/packet_hub/dsdm/agent_1_dsdm_packet.pt	3126768	model/checkpoint/packet payload	planned
cifar100_4agent_25cls_hetero4arch_ipc10_guardian_vgg_dense_ep60_lr0p01_fr0p35_kd0p3_t3p0_self2p5	outputs/cifar100_4agent_25cls_hetero4arch_ipc10_guardian_vgg_dense_ep60_lr0p01_fr0p35_kd0p3_t3p0_self2p5/packet_hub/dsdm/agent_2_dsdm_packet.pt	3126768	model/checkpoint/packet payload	planned
cifar100_4agent_25cls_hetero4arch_ipc10_guardian_vgg_dense_ep60_lr0p01_fr0p35_kd0p3_t3p0_self2p5	outputs/cifar100_4agent_25cls_hetero4arch_ipc10_guardian_vgg_dense_ep60_lr0p01_fr0p35_kd0p3_t3p0_self2p5/packet_hub/dsdm/agent_3_dsdm_packet.pt	3126768	model/checkpoint/packet payload	planned
cifar100_4agent_25cls_hetero4arch_ipc10_guardian_vgg_dense_ep60_lr0p01_fr0p35_kd0p3_t3p0_self3p0	outputs/cifar100_4agent_25cls_hetero4arch_ipc10_guardian_vgg_dense_ep60_lr0p01_fr0p35_kd0p3_t3p0_self3p0/agents/agent_0/packets/dsdm_packet.pt	3126768	model/checkpoint/packet payload	planned
cifar100_4agent_25cls_hetero4arch_ipc10_guardian_vgg_dense_ep60_lr0p01_fr0p35_kd0p3_t3p0_self3p0	outputs/cifar100_4agent_25cls_hetero4arch_ipc10_guardian_vgg_dense_ep60_lr0p01_fr0p35_kd0p3_t3p0_self3p0/agents/agent_0/checkpoints/expert_model.pt	2023046	model/checkpoint/packet payload	planned
cifar100_4agent_25cls_hetero4arch_ipc10_guardian_vgg_dense_ep60_lr0p01_fr0p35_kd0p3_t3p0_self3p0	outputs/cifar100_4agent_25cls_hetero4arch_ipc10_guardian_vgg_dense_ep60_lr0p01_fr0p35_kd0p3_t3p0_self3p0/agents/agent_1/packets/dsdm_packet.pt	3126768	model/checkpoint/packet payload	planned
cifar100_4agent_25cls_hetero4arch_ipc10_guardian_vgg_dense_ep60_lr0p01_fr0p35_kd0p3_t3p0_self3p0	outputs/cifar100_4agent_25cls_hetero4arch_ipc10_guardian_vgg_dense_ep60_lr0p01_fr0p35_kd0p3_t3p0_self3p0/agents/agent_1/checkpoints/expert_model.pt	4325454	model/checkpoint/packet payload	planned
cifar100_4agent_25cls_hetero4arch_ipc10_guardian_vgg_dense_ep60_lr0p01_fr0p35_kd0p3_t3p0_self3p0	outputs/cifar100_4agent_25cls_hetero4arch_ipc10_guardian_vgg_dense_ep60_lr0p01_fr0p35_kd0p3_t3p0_self3p0/agents/agent_2/packets/dsdm_packet.pt	3126768	model/checkpoint/packet payload	planned
cifar100_4agent_25cls_hetero4arch_ipc10_guardian_vgg_dense_ep60_lr0p01_fr0p35_kd0p3_t3p0_self3p0	outputs/cifar100_4agent_25cls_hetero4arch_ipc10_guardian_vgg_dense_ep60_lr0p01_fr0p35_kd0p3_t3p0_self3p0/agents/agent_2/checkpoints/expert_model.pt	39239126	model/checkpoint/packet payload	planned
cifar100_4agent_25cls_hetero4arch_ipc10_guardian_vgg_dense_ep60_lr0p01_fr0p35_kd0p3_t3p0_self3p0	outputs/cifar100_4agent_25cls_hetero4arch_ipc10_guardian_vgg_dense_ep60_lr0p01_fr0p35_kd0p3_t3p0_self3p0/agents/agent_3/packets/dsdm_packet.pt	3126768	model/checkpoint/packet payload	planned
cifar100_4agent_25cls_hetero4arch_ipc10_guardian_vgg_dense_ep60_lr0p01_fr0p35_kd0p3_t3p0_self3p0	outputs/cifar100_4agent_25cls_hetero4arch_ipc10_guardian_vgg_dense_ep60_lr0p01_fr0p35_kd0p3_t3p0_self3p0/agents/agent_3/checkpoints/expert_model.pt	28123900	model/checkpoint/packet payload	planned
cifar100_4agent_25cls_hetero4arch_ipc10_guardian_vgg_dense_ep60_lr0p01_fr0p35_kd0p3_t3p0_self3p0	outputs/cifar100_4agent_25cls_hetero4arch_ipc10_guardian_vgg_dense_ep60_lr0p01_fr0p35_kd0p3_t3p0_self3p0/packet_hub/dsdm/agent_0_dsdm_packet.pt	3126768	model/checkpoint/packet payload	planned
cifar100_4agent_25cls_hetero4arch_ipc10_guardian_vgg_dense_ep60_lr0p01_fr0p35_kd0p3_t3p0_self3p0	outputs/cifar100_4agent_25cls_hetero4arch_ipc10_guardian_vgg_dense_ep60_lr0p01_fr0p35_kd0p3_t3p0_self3p0/packet_hub/dsdm/agent_1_dsdm_packet.pt	3126768	model/checkpoint/packet payload	planned
cifar100_4agent_25cls_hetero4arch_ipc10_guardian_vgg_dense_ep60_lr0p01_fr0p35_kd0p3_t3p0_self3p0	outputs/cifar100_4agent_25cls_hetero4arch_ipc10_guardian_vgg_dense_ep60_lr0p01_fr0p35_kd0p3_t3p0_self3p0/packet_hub/dsdm/agent_2_dsdm_packet.pt	3126768	model/checkpoint/packet payload	planned
cifar100_4agent_25cls_hetero4arch_ipc10_guardian_vgg_dense_ep60_lr0p01_fr0p35_kd0p3_t3p0_self3p0	outputs/cifar100_4agent_25cls_hetero4arch_ipc10_guardian_vgg_dense_ep60_lr0p01_fr0p35_kd0p3_t3p0_self3p0/packet_hub/dsdm/agent_3_dsdm_packet.pt	3126768	model/checkpoint/packet payload	planned
cifar100_4agent_25cls_hetero4arch_ipc10_guardian_vgg_dense_ep60_lr0p01_fr0p35_kd0p3_t3p0_self4p0	outputs/cifar100_4agent_25cls_hetero4arch_ipc10_guardian_vgg_dense_ep60_lr0p01_fr0p35_kd0p3_t3p0_self4p0/agents/agent_0/packets/dsdm_packet.pt	3126768	model/checkpoint/packet payload	planned
cifar100_4agent_25cls_hetero4arch_ipc10_guardian_vgg_dense_ep60_lr0p01_fr0p35_kd0p3_t3p0_self4p0	outputs/cifar100_4agent_25cls_hetero4arch_ipc10_guardian_vgg_dense_ep60_lr0p01_fr0p35_kd0p3_t3p0_self4p0/agents/agent_0/checkpoints/expert_model.pt	2023046	model/checkpoint/packet payload	planned
cifar100_4agent_25cls_hetero4arch_ipc10_guardian_vgg_dense_ep60_lr0p01_fr0p35_kd0p3_t3p0_self4p0	outputs/cifar100_4agent_25cls_hetero4arch_ipc10_guardian_vgg_dense_ep60_lr0p01_fr0p35_kd0p3_t3p0_self4p0/agents/agent_1/packets/dsdm_packet.pt	3126768	model/checkpoint/packet payload	planned
cifar100_4agent_25cls_hetero4arch_ipc10_guardian_vgg_dense_ep60_lr0p01_fr0p35_kd0p3_t3p0_self4p0	outputs/cifar100_4agent_25cls_hetero4arch_ipc10_guardian_vgg_dense_ep60_lr0p01_fr0p35_kd0p3_t3p0_self4p0/agents/agent_1/checkpoints/expert_model.pt	4325454	model/checkpoint/packet payload	planned
cifar100_4agent_25cls_hetero4arch_ipc10_guardian_vgg_dense_ep60_lr0p01_fr0p35_kd0p3_t3p0_self4p0	outputs/cifar100_4agent_25cls_hetero4arch_ipc10_guardian_vgg_dense_ep60_lr0p01_fr0p35_kd0p3_t3p0_self4p0/agents/agent_2/packets/dsdm_packet.pt	3126768	model/checkpoint/packet payload	planned
cifar100_4agent_25cls_hetero4arch_ipc10_guardian_vgg_dense_ep60_lr0p01_fr0p35_kd0p3_t3p0_self4p0	outputs/cifar100_4agent_25cls_hetero4arch_ipc10_guardian_vgg_dense_ep60_lr0p01_fr0p35_kd0p3_t3p0_self4p0/agents/agent_2/checkpoints/expert_model.pt	39239126	model/checkpoint/packet payload	planned
cifar100_4agent_25cls_hetero4arch_ipc10_guardian_vgg_dense_ep60_lr0p01_fr0p35_kd0p3_t3p0_self4p0	outputs/cifar100_4agent_25cls_hetero4arch_ipc10_guardian_vgg_dense_ep60_lr0p01_fr0p35_kd0p3_t3p0_self4p0/agents/agent_3/packets/dsdm_packet.pt	3126768	model/checkpoint/packet payload	planned
cifar100_4agent_25cls_hetero4arch_ipc10_guardian_vgg_dense_ep60_lr0p01_fr0p35_kd0p3_t3p0_self4p0	outputs/cifar100_4agent_25cls_hetero4arch_ipc10_guardian_vgg_dense_ep60_lr0p01_fr0p35_kd0p3_t3p0_self4p0/agents/agent_3/checkpoints/expert_model.pt	28123900	model/checkpoint/packet payload	planned
cifar100_4agent_25cls_hetero4arch_ipc10_guardian_vgg_dense_ep60_lr0p01_fr0p35_kd0p3_t3p0_self4p0	outputs/cifar100_4agent_25cls_hetero4arch_ipc10_guardian_vgg_dense_ep60_lr0p01_fr0p35_kd0p3_t3p0_self4p0/packet_hub/dsdm/agent_0_dsdm_packet.pt	3126768	model/checkpoint/packet payload	planned
cifar100_4agent_25cls_hetero4arch_ipc10_guardian_vgg_dense_ep60_lr0p01_fr0p35_kd0p3_t3p0_self4p0	outputs/cifar100_4agent_25cls_hetero4arch_ipc10_guardian_vgg_dense_ep60_lr0p01_fr0p35_kd0p3_t3p0_self4p0/packet_hub/dsdm/agent_1_dsdm_packet.pt	3126768	model/checkpoint/packet payload	planned
cifar100_4agent_25cls_hetero4arch_ipc10_guardian_vgg_dense_ep60_lr0p01_fr0p35_kd0p3_t3p0_self4p0	outputs/cifar100_4agent_25cls_hetero4arch_ipc10_guardian_vgg_dense_ep60_lr0p01_fr0p35_kd0p3_t3p0_self4p0/packet_hub/dsdm/agent_2_dsdm_packet.pt	3126768	model/checkpoint/packet payload	planned
cifar100_4agent_25cls_hetero4arch_ipc10_guardian_vgg_dense_ep60_lr0p01_fr0p35_kd0p3_t3p0_self4p0	outputs/cifar100_4agent_25cls_hetero4arch_ipc10_guardian_vgg_dense_ep60_lr0p01_fr0p35_kd0p3_t3p0_self4p0/packet_hub/dsdm/agent_3_dsdm_packet.pt	3126768	model/checkpoint/packet payload	planned
cifar100_4agent_25cls_hetero4arch_ipc10_guardian_vgg_dense_ep60_lr0p01_fr0p35_kd0p3_t4p0_self2p5	outputs/cifar100_4agent_25cls_hetero4arch_ipc10_guardian_vgg_dense_ep60_lr0p01_fr0p35_kd0p3_t4p0_self2p5/agents/agent_0/packets/dsdm_packet.pt	3126768	model/checkpoint/packet payload	planned
cifar100_4agent_25cls_hetero4arch_ipc10_guardian_vgg_dense_ep60_lr0p01_fr0p35_kd0p3_t4p0_self2p5	outputs/cifar100_4agent_25cls_hetero4arch_ipc10_guardian_vgg_dense_ep60_lr0p01_fr0p35_kd0p3_t4p0_self2p5/agents/agent_0/checkpoints/expert_model.pt	2023046	model/checkpoint/packet payload	planned
cifar100_4agent_25cls_hetero4arch_ipc10_guardian_vgg_dense_ep60_lr0p01_fr0p35_kd0p3_t4p0_self2p5	outputs/cifar100_4agent_25cls_hetero4arch_ipc10_guardian_vgg_dense_ep60_lr0p01_fr0p35_kd0p3_t4p0_self2p5/agents/agent_1/packets/dsdm_packet.pt	3126768	model/checkpoint/packet payload	planned
cifar100_4agent_25cls_hetero4arch_ipc10_guardian_vgg_dense_ep60_lr0p01_fr0p35_kd0p3_t4p0_self2p5	outputs/cifar100_4agent_25cls_hetero4arch_ipc10_guardian_vgg_dense_ep60_lr0p01_fr0p35_kd0p3_t4p0_self2p5/agents/agent_1/checkpoints/expert_model.pt	4325454	model/checkpoint/packet payload	planned
cifar100_4agent_25cls_hetero4arch_ipc10_guardian_vgg_dense_ep60_lr0p01_fr0p35_kd0p3_t4p0_self2p5	outputs/cifar100_4agent_25cls_hetero4arch_ipc10_guardian_vgg_dense_ep60_lr0p01_fr0p35_kd0p3_t4p0_self2p5/agents/agent_2/packets/dsdm_packet.pt	3126768	model/checkpoint/packet payload	planned
cifar100_4agent_25cls_hetero4arch_ipc10_guardian_vgg_dense_ep60_lr0p01_fr0p35_kd0p3_t4p0_self2p5	outputs/cifar100_4agent_25cls_hetero4arch_ipc10_guardian_vgg_dense_ep60_lr0p01_fr0p35_kd0p3_t4p0_self2p5/agents/agent_2/checkpoints/expert_model.pt	39239126	model/checkpoint/packet payload	planned
cifar100_4agent_25cls_hetero4arch_ipc10_guardian_vgg_dense_ep60_lr0p01_fr0p35_kd0p3_t4p0_self2p5	outputs/cifar100_4agent_25cls_hetero4arch_ipc10_guardian_vgg_dense_ep60_lr0p01_fr0p35_kd0p3_t4p0_self2p5/agents/agent_3/packets/dsdm_packet.pt	3126768	model/checkpoint/packet payload	planned
cifar100_4agent_25cls_hetero4arch_ipc10_guardian_vgg_dense_ep60_lr0p01_fr0p35_kd0p3_t4p0_self2p5	outputs/cifar100_4agent_25cls_hetero4arch_ipc10_guardian_vgg_dense_ep60_lr0p01_fr0p35_kd0p3_t4p0_self2p5/agents/agent_3/checkpoints/expert_model.pt	28123900	model/checkpoint/packet payload	planned
cifar100_4agent_25cls_hetero4arch_ipc10_guardian_vgg_dense_ep60_lr0p01_fr0p35_kd0p3_t4p0_self2p5	outputs/cifar100_4agent_25cls_hetero4arch_ipc10_guardian_vgg_dense_ep60_lr0p01_fr0p35_kd0p3_t4p0_self2p5/packet_hub/dsdm/agent_0_dsdm_packet.pt	3126768	model/checkpoint/packet payload	planned
cifar100_4agent_25cls_hetero4arch_ipc10_guardian_vgg_dense_ep60_lr0p01_fr0p35_kd0p3_t4p0_self2p5	outputs/cifar100_4agent_25cls_hetero4arch_ipc10_guardian_vgg_dense_ep60_lr0p01_fr0p35_kd0p3_t4p0_self2p5/packet_hub/dsdm/agent_1_dsdm_packet.pt	3126768	model/checkpoint/packet payload	planned
cifar100_4agent_25cls_hetero4arch_ipc10_guardian_vgg_dense_ep60_lr0p01_fr0p35_kd0p3_t4p0_self2p5	outputs/cifar100_4agent_25cls_hetero4arch_ipc10_guardian_vgg_dense_ep60_lr0p01_fr0p35_kd0p3_t4p0_self2p5/packet_hub/dsdm/agent_2_dsdm_packet.pt	3126768	model/checkpoint/packet payload	planned
cifar100_4agent_25cls_hetero4arch_ipc10_guardian_vgg_dense_ep60_lr0p01_fr0p35_kd0p3_t4p0_self2p5	outputs/cifar100_4agent_25cls_hetero4arch_ipc10_guardian_vgg_dense_ep60_lr0p01_fr0p35_kd0p3_t4p0_self2p5/packet_hub/dsdm/agent_3_dsdm_packet.pt	3126768	model/checkpoint/packet payload	planned
cifar100_4agent_25cls_hetero4arch_ipc10_guardian_vgg_dense_ep60_lr0p01_fr0p35_kd0p3_t4p0_self3p0	outputs/cifar100_4agent_25cls_hetero4arch_ipc10_guardian_vgg_dense_ep60_lr0p01_fr0p35_kd0p3_t4p0_self3p0/agents/agent_0/packets/dsdm_packet.pt	3126768	model/checkpoint/packet payload	planned
cifar100_4agent_25cls_hetero4arch_ipc10_guardian_vgg_dense_ep60_lr0p01_fr0p35_kd0p3_t4p0_self3p0	outputs/cifar100_4agent_25cls_hetero4arch_ipc10_guardian_vgg_dense_ep60_lr0p01_fr0p35_kd0p3_t4p0_self3p0/agents/agent_0/checkpoints/expert_model.pt	2023046	model/checkpoint/packet payload	planned
cifar100_4agent_25cls_hetero4arch_ipc10_guardian_vgg_dense_ep60_lr0p01_fr0p35_kd0p3_t4p0_self3p0	outputs/cifar100_4agent_25cls_hetero4arch_ipc10_guardian_vgg_dense_ep60_lr0p01_fr0p35_kd0p3_t4p0_self3p0/agents/agent_1/packets/dsdm_packet.pt	3126768	model/checkpoint/packet payload	planned
cifar100_4agent_25cls_hetero4arch_ipc10_guardian_vgg_dense_ep60_lr0p01_fr0p35_kd0p3_t4p0_self3p0	outputs/cifar100_4agent_25cls_hetero4arch_ipc10_guardian_vgg_dense_ep60_lr0p01_fr0p35_kd0p3_t4p0_self3p0/agents/agent_1/checkpoints/expert_model.pt	4325454	model/checkpoint/packet payload	planned
cifar100_4agent_25cls_hetero4arch_ipc10_guardian_vgg_dense_ep60_lr0p01_fr0p35_kd0p3_t4p0_self3p0	outputs/cifar100_4agent_25cls_hetero4arch_ipc10_guardian_vgg_dense_ep60_lr0p01_fr0p35_kd0p3_t4p0_self3p0/agents/agent_2/packets/dsdm_packet.pt	3126768	model/checkpoint/packet payload	planned
cifar100_4agent_25cls_hetero4arch_ipc10_guardian_vgg_dense_ep60_lr0p01_fr0p35_kd0p3_t4p0_self3p0	outputs/cifar100_4agent_25cls_hetero4arch_ipc10_guardian_vgg_dense_ep60_lr0p01_fr0p35_kd0p3_t4p0_self3p0/agents/agent_2/checkpoints/expert_model.pt	39239126	model/checkpoint/packet payload	planned
cifar100_4agent_25cls_hetero4arch_ipc10_guardian_vgg_dense_ep60_lr0p01_fr0p35_kd0p3_t4p0_self3p0	outputs/cifar100_4agent_25cls_hetero4arch_ipc10_guardian_vgg_dense_ep60_lr0p01_fr0p35_kd0p3_t4p0_self3p0/agents/agent_3/packets/dsdm_packet.pt	3126768	model/checkpoint/packet payload	planned
cifar100_4agent_25cls_hetero4arch_ipc10_guardian_vgg_dense_ep60_lr0p01_fr0p35_kd0p3_t4p0_self3p0	outputs/cifar100_4agent_25cls_hetero4arch_ipc10_guardian_vgg_dense_ep60_lr0p01_fr0p35_kd0p3_t4p0_self3p0/agents/agent_3/checkpoints/expert_model.pt	28123900	model/checkpoint/packet payload	planned
cifar100_4agent_25cls_hetero4arch_ipc10_guardian_vgg_dense_ep60_lr0p01_fr0p35_kd0p3_t4p0_self3p0	outputs/cifar100_4agent_25cls_hetero4arch_ipc10_guardian_vgg_dense_ep60_lr0p01_fr0p35_kd0p3_t4p0_self3p0/packet_hub/dsdm/agent_0_dsdm_packet.pt	3126768	model/checkpoint/packet payload	planned
cifar100_4agent_25cls_hetero4arch_ipc10_guardian_vgg_dense_ep60_lr0p01_fr0p35_kd0p3_t4p0_self3p0	outputs/cifar100_4agent_25cls_hetero4arch_ipc10_guardian_vgg_dense_ep60_lr0p01_fr0p35_kd0p3_t4p0_self3p0/packet_hub/dsdm/agent_1_dsdm_packet.pt	3126768	model/checkpoint/packet payload	planned
cifar100_4agent_25cls_hetero4arch_ipc10_guardian_vgg_dense_ep60_lr0p01_fr0p35_kd0p3_t4p0_self3p0	outputs/cifar100_4agent_25cls_hetero4arch_ipc10_guardian_vgg_dense_ep60_lr0p01_fr0p35_kd0p3_t4p0_self3p0/packet_hub/dsdm/agent_2_dsdm_packet.pt	3126768	model/checkpoint/packet payload	planned
cifar100_4agent_25cls_hetero4arch_ipc10_guardian_vgg_dense_ep60_lr0p01_fr0p35_kd0p3_t4p0_self3p0	outputs/cifar100_4agent_25cls_hetero4arch_ipc10_guardian_vgg_dense_ep60_lr0p01_fr0p35_kd0p3_t4p0_self3p0/packet_hub/dsdm/agent_3_dsdm_packet.pt	3126768	model/checkpoint/packet payload	planned
cifar100_4agent_25cls_hetero4arch_ipc10_guardian_vgg_dense_ep60_lr0p01_fr0p35_kd0p3_t4p0_self4p0	outputs/cifar100_4agent_25cls_hetero4arch_ipc10_guardian_vgg_dense_ep60_lr0p01_fr0p35_kd0p3_t4p0_self4p0/agents/agent_0/packets/dsdm_packet.pt	3126768	model/checkpoint/packet payload	planned
cifar100_4agent_25cls_hetero4arch_ipc10_guardian_vgg_dense_ep60_lr0p01_fr0p35_kd0p3_t4p0_self4p0	outputs/cifar100_4agent_25cls_hetero4arch_ipc10_guardian_vgg_dense_ep60_lr0p01_fr0p35_kd0p3_t4p0_self4p0/agents/agent_0/checkpoints/expert_model.pt	2023046	model/checkpoint/packet payload	planned
cifar100_4agent_25cls_hetero4arch_ipc10_guardian_vgg_dense_ep60_lr0p01_fr0p35_kd0p3_t4p0_self4p0	outputs/cifar100_4agent_25cls_hetero4arch_ipc10_guardian_vgg_dense_ep60_lr0p01_fr0p35_kd0p3_t4p0_self4p0/agents/agent_1/packets/dsdm_packet.pt	3126768	model/checkpoint/packet payload	planned
cifar100_4agent_25cls_hetero4arch_ipc10_guardian_vgg_dense_ep60_lr0p01_fr0p35_kd0p3_t4p0_self4p0	outputs/cifar100_4agent_25cls_hetero4arch_ipc10_guardian_vgg_dense_ep60_lr0p01_fr0p35_kd0p3_t4p0_self4p0/agents/agent_1/checkpoints/expert_model.pt	4325454	model/checkpoint/packet payload	planned
cifar100_4agent_25cls_hetero4arch_ipc10_guardian_vgg_dense_ep60_lr0p01_fr0p35_kd0p3_t4p0_self4p0	outputs/cifar100_4agent_25cls_hetero4arch_ipc10_guardian_vgg_dense_ep60_lr0p01_fr0p35_kd0p3_t4p0_self4p0/agents/agent_2/packets/dsdm_packet.pt	3126768	model/checkpoint/packet payload	planned
cifar100_4agent_25cls_hetero4arch_ipc10_guardian_vgg_dense_ep60_lr0p01_fr0p35_kd0p3_t4p0_self4p0	outputs/cifar100_4agent_25cls_hetero4arch_ipc10_guardian_vgg_dense_ep60_lr0p01_fr0p35_kd0p3_t4p0_self4p0/agents/agent_2/checkpoints/expert_model.pt	39239126	model/checkpoint/packet payload	planned
cifar100_4agent_25cls_hetero4arch_ipc10_guardian_vgg_dense_ep60_lr0p01_fr0p35_kd0p3_t4p0_self4p0	outputs/cifar100_4agent_25cls_hetero4arch_ipc10_guardian_vgg_dense_ep60_lr0p01_fr0p35_kd0p3_t4p0_self4p0/agents/agent_3/packets/dsdm_packet.pt	3126768	model/checkpoint/packet payload	planned
cifar100_4agent_25cls_hetero4arch_ipc10_guardian_vgg_dense_ep60_lr0p01_fr0p35_kd0p3_t4p0_self4p0	outputs/cifar100_4agent_25cls_hetero4arch_ipc10_guardian_vgg_dense_ep60_lr0p01_fr0p35_kd0p3_t4p0_self4p0/agents/agent_3/checkpoints/expert_model.pt	28123900	model/checkpoint/packet payload	planned
cifar100_4agent_25cls_hetero4arch_ipc10_guardian_vgg_dense_ep60_lr0p01_fr0p35_kd0p3_t4p0_self4p0	outputs/cifar100_4agent_25cls_hetero4arch_ipc10_guardian_vgg_dense_ep60_lr0p01_fr0p35_kd0p3_t4p0_self4p0/packet_hub/dsdm/agent_0_dsdm_packet.pt	3126768	model/checkpoint/packet payload	planned
cifar100_4agent_25cls_hetero4arch_ipc10_guardian_vgg_dense_ep60_lr0p01_fr0p35_kd0p3_t4p0_self4p0	outputs/cifar100_4agent_25cls_hetero4arch_ipc10_guardian_vgg_dense_ep60_lr0p01_fr0p35_kd0p3_t4p0_self4p0/packet_hub/dsdm/agent_1_dsdm_packet.pt	3126768	model/checkpoint/packet payload	planned
cifar100_4agent_25cls_hetero4arch_ipc10_guardian_vgg_dense_ep60_lr0p01_fr0p35_kd0p3_t4p0_self4p0	outputs/cifar100_4agent_25cls_hetero4arch_ipc10_guardian_vgg_dense_ep60_lr0p01_fr0p35_kd0p3_t4p0_self4p0/packet_hub/dsdm/agent_2_dsdm_packet.pt	3126768	model/checkpoint/packet payload	planned
cifar100_4agent_25cls_hetero4arch_ipc10_guardian_vgg_dense_ep60_lr0p01_fr0p35_kd0p3_t4p0_self4p0	outputs/cifar100_4agent_25cls_hetero4arch_ipc10_guardian_vgg_dense_ep60_lr0p01_fr0p35_kd0p3_t4p0_self4p0/packet_hub/dsdm/agent_3_dsdm_packet.pt	3126768	model/checkpoint/packet payload	planned
cifar100_4agent_25cls_hetero4arch_ipc10_guardian_vgg_dense_ep60_lr0p01_fr0p35_kd0p4_t3p0_self2p5	outputs/cifar100_4agent_25cls_hetero4arch_ipc10_guardian_vgg_dense_ep60_lr0p01_fr0p35_kd0p4_t3p0_self2p5/agents/agent_0/packets/dsdm_packet.pt	3126768	model/checkpoint/packet payload	planned
cifar100_4agent_25cls_hetero4arch_ipc10_guardian_vgg_dense_ep60_lr0p01_fr0p35_kd0p4_t3p0_self2p5	outputs/cifar100_4agent_25cls_hetero4arch_ipc10_guardian_vgg_dense_ep60_lr0p01_fr0p35_kd0p4_t3p0_self2p5/agents/agent_0/checkpoints/expert_model.pt	2023046	model/checkpoint/packet payload	planned
cifar100_4agent_25cls_hetero4arch_ipc10_guardian_vgg_dense_ep60_lr0p01_fr0p35_kd0p4_t3p0_self2p5	outputs/cifar100_4agent_25cls_hetero4arch_ipc10_guardian_vgg_dense_ep60_lr0p01_fr0p35_kd0p4_t3p0_self2p5/agents/agent_1/packets/dsdm_packet.pt	3126768	model/checkpoint/packet payload	planned
cifar100_4agent_25cls_hetero4arch_ipc10_guardian_vgg_dense_ep60_lr0p01_fr0p35_kd0p4_t3p0_self2p5	outputs/cifar100_4agent_25cls_hetero4arch_ipc10_guardian_vgg_dense_ep60_lr0p01_fr0p35_kd0p4_t3p0_self2p5/agents/agent_1/checkpoints/expert_model.pt	4325454	model/checkpoint/packet payload	planned
cifar100_4agent_25cls_hetero4arch_ipc10_guardian_vgg_dense_ep60_lr0p01_fr0p35_kd0p4_t3p0_self2p5	outputs/cifar100_4agent_25cls_hetero4arch_ipc10_guardian_vgg_dense_ep60_lr0p01_fr0p35_kd0p4_t3p0_self2p5/agents/agent_2/packets/dsdm_packet.pt	3126768	model/checkpoint/packet payload	planned
cifar100_4agent_25cls_hetero4arch_ipc10_guardian_vgg_dense_ep60_lr0p01_fr0p35_kd0p4_t3p0_self2p5	outputs/cifar100_4agent_25cls_hetero4arch_ipc10_guardian_vgg_dense_ep60_lr0p01_fr0p35_kd0p4_t3p0_self2p5/agents/agent_2/checkpoints/expert_model.pt	39239126	model/checkpoint/packet payload	planned
cifar100_4agent_25cls_hetero4arch_ipc10_guardian_vgg_dense_ep60_lr0p01_fr0p35_kd0p4_t3p0_self2p5	outputs/cifar100_4agent_25cls_hetero4arch_ipc10_guardian_vgg_dense_ep60_lr0p01_fr0p35_kd0p4_t3p0_self2p5/agents/agent_3/packets/dsdm_packet.pt	3126768	model/checkpoint/packet payload	planned
cifar100_4agent_25cls_hetero4arch_ipc10_guardian_vgg_dense_ep60_lr0p01_fr0p35_kd0p4_t3p0_self2p5	outputs/cifar100_4agent_25cls_hetero4arch_ipc10_guardian_vgg_dense_ep60_lr0p01_fr0p35_kd0p4_t3p0_self2p5/agents/agent_3/checkpoints/expert_model.pt	28123900	model/checkpoint/packet payload	planned
cifar100_4agent_25cls_hetero4arch_ipc10_guardian_vgg_dense_ep60_lr0p01_fr0p35_kd0p4_t3p0_self2p5	outputs/cifar100_4agent_25cls_hetero4arch_ipc10_guardian_vgg_dense_ep60_lr0p01_fr0p35_kd0p4_t3p0_self2p5/packet_hub/dsdm/agent_0_dsdm_packet.pt	3126768	model/checkpoint/packet payload	planned
cifar100_4agent_25cls_hetero4arch_ipc10_guardian_vgg_dense_ep60_lr0p01_fr0p35_kd0p4_t3p0_self2p5	outputs/cifar100_4agent_25cls_hetero4arch_ipc10_guardian_vgg_dense_ep60_lr0p01_fr0p35_kd0p4_t3p0_self2p5/packet_hub/dsdm/agent_1_dsdm_packet.pt	3126768	model/checkpoint/packet payload	planned
cifar100_4agent_25cls_hetero4arch_ipc10_guardian_vgg_dense_ep60_lr0p01_fr0p35_kd0p4_t3p0_self2p5	outputs/cifar100_4agent_25cls_hetero4arch_ipc10_guardian_vgg_dense_ep60_lr0p01_fr0p35_kd0p4_t3p0_self2p5/packet_hub/dsdm/agent_2_dsdm_packet.pt	3126768	model/checkpoint/packet payload	planned
cifar100_4agent_25cls_hetero4arch_ipc10_guardian_vgg_dense_ep60_lr0p01_fr0p35_kd0p4_t3p0_self2p5	outputs/cifar100_4agent_25cls_hetero4arch_ipc10_guardian_vgg_dense_ep60_lr0p01_fr0p35_kd0p4_t3p0_self2p5/packet_hub/dsdm/agent_3_dsdm_packet.pt	3126768	model/checkpoint/packet payload	planned
cifar100_4agent_25cls_hetero4arch_ipc10_guardian_vgg_dense_ep60_lr0p01_fr0p35_kd0p4_t3p0_self3p0	outputs/cifar100_4agent_25cls_hetero4arch_ipc10_guardian_vgg_dense_ep60_lr0p01_fr0p35_kd0p4_t3p0_self3p0/agents/agent_0/packets/dsdm_packet.pt	3126768	model/checkpoint/packet payload	planned
cifar100_4agent_25cls_hetero4arch_ipc10_guardian_vgg_dense_ep60_lr0p01_fr0p35_kd0p4_t3p0_self3p0	outputs/cifar100_4agent_25cls_hetero4arch_ipc10_guardian_vgg_dense_ep60_lr0p01_fr0p35_kd0p4_t3p0_self3p0/agents/agent_0/checkpoints/expert_model.pt	2023046	model/checkpoint/packet payload	planned
cifar100_4agent_25cls_hetero4arch_ipc10_guardian_vgg_dense_ep60_lr0p01_fr0p35_kd0p4_t3p0_self3p0	outputs/cifar100_4agent_25cls_hetero4arch_ipc10_guardian_vgg_dense_ep60_lr0p01_fr0p35_kd0p4_t3p0_self3p0/agents/agent_1/packets/dsdm_packet.pt	3126768	model/checkpoint/packet payload	planned
cifar100_4agent_25cls_hetero4arch_ipc10_guardian_vgg_dense_ep60_lr0p01_fr0p35_kd0p4_t3p0_self3p0	outputs/cifar100_4agent_25cls_hetero4arch_ipc10_guardian_vgg_dense_ep60_lr0p01_fr0p35_kd0p4_t3p0_self3p0/agents/agent_1/checkpoints/expert_model.pt	4325454	model/checkpoint/packet payload	planned
cifar100_4agent_25cls_hetero4arch_ipc10_guardian_vgg_dense_ep60_lr0p01_fr0p35_kd0p4_t3p0_self3p0	outputs/cifar100_4agent_25cls_hetero4arch_ipc10_guardian_vgg_dense_ep60_lr0p01_fr0p35_kd0p4_t3p0_self3p0/agents/agent_2/packets/dsdm_packet.pt	3126768	model/checkpoint/packet payload	planned
cifar100_4agent_25cls_hetero4arch_ipc10_guardian_vgg_dense_ep60_lr0p01_fr0p35_kd0p4_t3p0_self3p0	outputs/cifar100_4agent_25cls_hetero4arch_ipc10_guardian_vgg_dense_ep60_lr0p01_fr0p35_kd0p4_t3p0_self3p0/agents/agent_2/checkpoints/expert_model.pt	39239126	model/checkpoint/packet payload	planned
cifar100_4agent_25cls_hetero4arch_ipc10_guardian_vgg_dense_ep60_lr0p01_fr0p35_kd0p4_t3p0_self3p0	outputs/cifar100_4agent_25cls_hetero4arch_ipc10_guardian_vgg_dense_ep60_lr0p01_fr0p35_kd0p4_t3p0_self3p0/agents/agent_3/packets/dsdm_packet.pt	3126768	model/checkpoint/packet payload	planned
cifar100_4agent_25cls_hetero4arch_ipc10_guardian_vgg_dense_ep60_lr0p01_fr0p35_kd0p4_t3p0_self3p0	outputs/cifar100_4agent_25cls_hetero4arch_ipc10_guardian_vgg_dense_ep60_lr0p01_fr0p35_kd0p4_t3p0_self3p0/agents/agent_3/checkpoints/expert_model.pt	28123900	model/checkpoint/packet payload	planned
cifar100_4agent_25cls_hetero4arch_ipc10_guardian_vgg_dense_ep60_lr0p01_fr0p35_kd0p4_t3p0_self3p0	outputs/cifar100_4agent_25cls_hetero4arch_ipc10_guardian_vgg_dense_ep60_lr0p01_fr0p35_kd0p4_t3p0_self3p0/packet_hub/dsdm/agent_0_dsdm_packet.pt	3126768	model/checkpoint/packet payload	planned
cifar100_4agent_25cls_hetero4arch_ipc10_guardian_vgg_dense_ep60_lr0p01_fr0p35_kd0p4_t3p0_self3p0	outputs/cifar100_4agent_25cls_hetero4arch_ipc10_guardian_vgg_dense_ep60_lr0p01_fr0p35_kd0p4_t3p0_self3p0/packet_hub/dsdm/agent_1_dsdm_packet.pt	3126768	model/checkpoint/packet payload	planned
cifar100_4agent_25cls_hetero4arch_ipc10_guardian_vgg_dense_ep60_lr0p01_fr0p35_kd0p4_t3p0_self3p0	outputs/cifar100_4agent_25cls_hetero4arch_ipc10_guardian_vgg_dense_ep60_lr0p01_fr0p35_kd0p4_t3p0_self3p0/packet_hub/dsdm/agent_2_dsdm_packet.pt	3126768	model/checkpoint/packet payload	planned
cifar100_4agent_25cls_hetero4arch_ipc10_guardian_vgg_dense_ep60_lr0p01_fr0p35_kd0p4_t3p0_self3p0	outputs/cifar100_4agent_25cls_hetero4arch_ipc10_guardian_vgg_dense_ep60_lr0p01_fr0p35_kd0p4_t3p0_self3p0/packet_hub/dsdm/agent_3_dsdm_packet.pt	3126768	model/checkpoint/packet payload	planned
cifar100_4agent_25cls_hetero4arch_ipc10_guardian_vgg_dense_ep60_lr0p01_fr0p35_kd0p4_t3p0_self4p0	outputs/cifar100_4agent_25cls_hetero4arch_ipc10_guardian_vgg_dense_ep60_lr0p01_fr0p35_kd0p4_t3p0_self4p0/agents/agent_0/packets/dsdm_packet.pt	3126768	model/checkpoint/packet payload	planned
cifar100_4agent_25cls_hetero4arch_ipc10_guardian_vgg_dense_ep60_lr0p01_fr0p35_kd0p4_t3p0_self4p0	outputs/cifar100_4agent_25cls_hetero4arch_ipc10_guardian_vgg_dense_ep60_lr0p01_fr0p35_kd0p4_t3p0_self4p0/agents/agent_0/checkpoints/expert_model.pt	2023046	model/checkpoint/packet payload	planned
cifar100_4agent_25cls_hetero4arch_ipc10_guardian_vgg_dense_ep60_lr0p01_fr0p35_kd0p4_t3p0_self4p0	outputs/cifar100_4agent_25cls_hetero4arch_ipc10_guardian_vgg_dense_ep60_lr0p01_fr0p35_kd0p4_t3p0_self4p0/agents/agent_1/packets/dsdm_packet.pt	3126768	model/checkpoint/packet payload	planned
cifar100_4agent_25cls_hetero4arch_ipc10_guardian_vgg_dense_ep60_lr0p01_fr0p35_kd0p4_t3p0_self4p0	outputs/cifar100_4agent_25cls_hetero4arch_ipc10_guardian_vgg_dense_ep60_lr0p01_fr0p35_kd0p4_t3p0_self4p0/agents/agent_1/checkpoints/expert_model.pt	4325454	model/checkpoint/packet payload	planned
cifar100_4agent_25cls_hetero4arch_ipc10_guardian_vgg_dense_ep60_lr0p01_fr0p35_kd0p4_t3p0_self4p0	outputs/cifar100_4agent_25cls_hetero4arch_ipc10_guardian_vgg_dense_ep60_lr0p01_fr0p35_kd0p4_t3p0_self4p0/agents/agent_2/packets/dsdm_packet.pt	3126768	model/checkpoint/packet payload	planned
cifar100_4agent_25cls_hetero4arch_ipc10_guardian_vgg_dense_ep60_lr0p01_fr0p35_kd0p4_t3p0_self4p0	outputs/cifar100_4agent_25cls_hetero4arch_ipc10_guardian_vgg_dense_ep60_lr0p01_fr0p35_kd0p4_t3p0_self4p0/agents/agent_2/checkpoints/expert_model.pt	39239126	model/checkpoint/packet payload	planned
cifar100_4agent_25cls_hetero4arch_ipc10_guardian_vgg_dense_ep60_lr0p01_fr0p35_kd0p4_t3p0_self4p0	outputs/cifar100_4agent_25cls_hetero4arch_ipc10_guardian_vgg_dense_ep60_lr0p01_fr0p35_kd0p4_t3p0_self4p0/agents/agent_3/packets/dsdm_packet.pt	3126768	model/checkpoint/packet payload	planned
cifar100_4agent_25cls_hetero4arch_ipc10_guardian_vgg_dense_ep60_lr0p01_fr0p35_kd0p4_t3p0_self4p0	outputs/cifar100_4agent_25cls_hetero4arch_ipc10_guardian_vgg_dense_ep60_lr0p01_fr0p35_kd0p4_t3p0_self4p0/agents/agent_3/checkpoints/expert_model.pt	28123900	model/checkpoint/packet payload	planned
cifar100_4agent_25cls_hetero4arch_ipc10_guardian_vgg_dense_ep60_lr0p01_fr0p35_kd0p4_t3p0_self4p0	outputs/cifar100_4agent_25cls_hetero4arch_ipc10_guardian_vgg_dense_ep60_lr0p01_fr0p35_kd0p4_t3p0_self4p0/packet_hub/dsdm/agent_0_dsdm_packet.pt	3126768	model/checkpoint/packet payload	planned
cifar100_4agent_25cls_hetero4arch_ipc10_guardian_vgg_dense_ep60_lr0p01_fr0p35_kd0p4_t3p0_self4p0	outputs/cifar100_4agent_25cls_hetero4arch_ipc10_guardian_vgg_dense_ep60_lr0p01_fr0p35_kd0p4_t3p0_self4p0/packet_hub/dsdm/agent_1_dsdm_packet.pt	3126768	model/checkpoint/packet payload	planned
cifar100_4agent_25cls_hetero4arch_ipc10_guardian_vgg_dense_ep60_lr0p01_fr0p35_kd0p4_t3p0_self4p0	outputs/cifar100_4agent_25cls_hetero4arch_ipc10_guardian_vgg_dense_ep60_lr0p01_fr0p35_kd0p4_t3p0_self4p0/packet_hub/dsdm/agent_2_dsdm_packet.pt	3126768	model/checkpoint/packet payload	planned
cifar100_4agent_25cls_hetero4arch_ipc10_guardian_vgg_dense_ep60_lr0p01_fr0p35_kd0p4_t3p0_self4p0	outputs/cifar100_4agent_25cls_hetero4arch_ipc10_guardian_vgg_dense_ep60_lr0p01_fr0p35_kd0p4_t3p0_self4p0/packet_hub/dsdm/agent_3_dsdm_packet.pt	3126768	model/checkpoint/packet payload	planned
cifar100_4agent_25cls_hetero4arch_ipc10_guardian_vgg_dense_ep60_lr0p01_fr0p35_kd0p4_t4p0_self2p5	outputs/cifar100_4agent_25cls_hetero4arch_ipc10_guardian_vgg_dense_ep60_lr0p01_fr0p35_kd0p4_t4p0_self2p5/agents/agent_0/packets/dsdm_packet.pt	3126768	model/checkpoint/packet payload	planned
cifar100_4agent_25cls_hetero4arch_ipc10_guardian_vgg_dense_ep60_lr0p01_fr0p35_kd0p4_t4p0_self2p5	outputs/cifar100_4agent_25cls_hetero4arch_ipc10_guardian_vgg_dense_ep60_lr0p01_fr0p35_kd0p4_t4p0_self2p5/agents/agent_0/checkpoints/expert_model.pt	2023046	model/checkpoint/packet payload	planned
cifar100_4agent_25cls_hetero4arch_ipc10_guardian_vgg_dense_ep60_lr0p01_fr0p35_kd0p4_t4p0_self2p5	outputs/cifar100_4agent_25cls_hetero4arch_ipc10_guardian_vgg_dense_ep60_lr0p01_fr0p35_kd0p4_t4p0_self2p5/agents/agent_1/packets/dsdm_packet.pt	3126768	model/checkpoint/packet payload	planned
cifar100_4agent_25cls_hetero4arch_ipc10_guardian_vgg_dense_ep60_lr0p01_fr0p35_kd0p4_t4p0_self2p5	outputs/cifar100_4agent_25cls_hetero4arch_ipc10_guardian_vgg_dense_ep60_lr0p01_fr0p35_kd0p4_t4p0_self2p5/agents/agent_1/checkpoints/expert_model.pt	4325454	model/checkpoint/packet payload	planned
cifar100_4agent_25cls_hetero4arch_ipc10_guardian_vgg_dense_ep60_lr0p01_fr0p35_kd0p4_t4p0_self2p5	outputs/cifar100_4agent_25cls_hetero4arch_ipc10_guardian_vgg_dense_ep60_lr0p01_fr0p35_kd0p4_t4p0_self2p5/agents/agent_2/packets/dsdm_packet.pt	3126768	model/checkpoint/packet payload	planned
cifar100_4agent_25cls_hetero4arch_ipc10_guardian_vgg_dense_ep60_lr0p01_fr0p35_kd0p4_t4p0_self2p5	outputs/cifar100_4agent_25cls_hetero4arch_ipc10_guardian_vgg_dense_ep60_lr0p01_fr0p35_kd0p4_t4p0_self2p5/agents/agent_2/checkpoints/expert_model.pt	39239126	model/checkpoint/packet payload	planned
cifar100_4agent_25cls_hetero4arch_ipc10_guardian_vgg_dense_ep60_lr0p01_fr0p35_kd0p4_t4p0_self2p5	outputs/cifar100_4agent_25cls_hetero4arch_ipc10_guardian_vgg_dense_ep60_lr0p01_fr0p35_kd0p4_t4p0_self2p5/agents/agent_3/packets/dsdm_packet.pt	3126768	model/checkpoint/packet payload	planned
cifar100_4agent_25cls_hetero4arch_ipc10_guardian_vgg_dense_ep60_lr0p01_fr0p35_kd0p4_t4p0_self2p5	outputs/cifar100_4agent_25cls_hetero4arch_ipc10_guardian_vgg_dense_ep60_lr0p01_fr0p35_kd0p4_t4p0_self2p5/agents/agent_3/checkpoints/expert_model.pt	28123900	model/checkpoint/packet payload	planned
cifar100_4agent_25cls_hetero4arch_ipc10_guardian_vgg_dense_ep60_lr0p01_fr0p35_kd0p4_t4p0_self2p5	outputs/cifar100_4agent_25cls_hetero4arch_ipc10_guardian_vgg_dense_ep60_lr0p01_fr0p35_kd0p4_t4p0_self2p5/packet_hub/dsdm/agent_0_dsdm_packet.pt	3126768	model/checkpoint/packet payload	planned
cifar100_4agent_25cls_hetero4arch_ipc10_guardian_vgg_dense_ep60_lr0p01_fr0p35_kd0p4_t4p0_self2p5	outputs/cifar100_4agent_25cls_hetero4arch_ipc10_guardian_vgg_dense_ep60_lr0p01_fr0p35_kd0p4_t4p0_self2p5/packet_hub/dsdm/agent_1_dsdm_packet.pt	3126768	model/checkpoint/packet payload	planned
cifar100_4agent_25cls_hetero4arch_ipc10_guardian_vgg_dense_ep60_lr0p01_fr0p35_kd0p4_t4p0_self2p5	outputs/cifar100_4agent_25cls_hetero4arch_ipc10_guardian_vgg_dense_ep60_lr0p01_fr0p35_kd0p4_t4p0_self2p5/packet_hub/dsdm/agent_2_dsdm_packet.pt	3126768	model/checkpoint/packet payload	planned
cifar100_4agent_25cls_hetero4arch_ipc10_guardian_vgg_dense_ep60_lr0p01_fr0p35_kd0p4_t4p0_self2p5	outputs/cifar100_4agent_25cls_hetero4arch_ipc10_guardian_vgg_dense_ep60_lr0p01_fr0p35_kd0p4_t4p0_self2p5/packet_hub/dsdm/agent_3_dsdm_packet.pt	3126768	model/checkpoint/packet payload	planned
cifar100_4agent_25cls_hetero4arch_ipc10_guardian_vgg_dense_ep60_lr0p01_fr0p35_kd0p4_t4p0_self3p0	outputs/cifar100_4agent_25cls_hetero4arch_ipc10_guardian_vgg_dense_ep60_lr0p01_fr0p35_kd0p4_t4p0_self3p0/agents/agent_0/packets/dsdm_packet.pt	3126768	model/checkpoint/packet payload	planned
cifar100_4agent_25cls_hetero4arch_ipc10_guardian_vgg_dense_ep60_lr0p01_fr0p35_kd0p4_t4p0_self3p0	outputs/cifar100_4agent_25cls_hetero4arch_ipc10_guardian_vgg_dense_ep60_lr0p01_fr0p35_kd0p4_t4p0_self3p0/agents/agent_0/checkpoints/expert_model.pt	2023046	model/checkpoint/packet payload	planned
cifar100_4agent_25cls_hetero4arch_ipc10_guardian_vgg_dense_ep60_lr0p01_fr0p35_kd0p4_t4p0_self3p0	outputs/cifar100_4agent_25cls_hetero4arch_ipc10_guardian_vgg_dense_ep60_lr0p01_fr0p35_kd0p4_t4p0_self3p0/agents/agent_1/packets/dsdm_packet.pt	3126768	model/checkpoint/packet payload	planned
cifar100_4agent_25cls_hetero4arch_ipc10_guardian_vgg_dense_ep60_lr0p01_fr0p35_kd0p4_t4p0_self3p0	outputs/cifar100_4agent_25cls_hetero4arch_ipc10_guardian_vgg_dense_ep60_lr0p01_fr0p35_kd0p4_t4p0_self3p0/agents/agent_1/checkpoints/expert_model.pt	4325454	model/checkpoint/packet payload	planned
cifar100_4agent_25cls_hetero4arch_ipc10_guardian_vgg_dense_ep60_lr0p01_fr0p35_kd0p4_t4p0_self3p0	outputs/cifar100_4agent_25cls_hetero4arch_ipc10_guardian_vgg_dense_ep60_lr0p01_fr0p35_kd0p4_t4p0_self3p0/agents/agent_2/packets/dsdm_packet.pt	3126768	model/checkpoint/packet payload	planned
cifar100_4agent_25cls_hetero4arch_ipc10_guardian_vgg_dense_ep60_lr0p01_fr0p35_kd0p4_t4p0_self3p0	outputs/cifar100_4agent_25cls_hetero4arch_ipc10_guardian_vgg_dense_ep60_lr0p01_fr0p35_kd0p4_t4p0_self3p0/agents/agent_2/checkpoints/expert_model.pt	39239126	model/checkpoint/packet payload	planned
cifar100_4agent_25cls_hetero4arch_ipc10_guardian_vgg_dense_ep60_lr0p01_fr0p35_kd0p4_t4p0_self3p0	outputs/cifar100_4agent_25cls_hetero4arch_ipc10_guardian_vgg_dense_ep60_lr0p01_fr0p35_kd0p4_t4p0_self3p0/agents/agent_3/packets/dsdm_packet.pt	3126768	model/checkpoint/packet payload	planned
cifar100_4agent_25cls_hetero4arch_ipc10_guardian_vgg_dense_ep60_lr0p01_fr0p35_kd0p4_t4p0_self3p0	outputs/cifar100_4agent_25cls_hetero4arch_ipc10_guardian_vgg_dense_ep60_lr0p01_fr0p35_kd0p4_t4p0_self3p0/agents/agent_3/checkpoints/expert_model.pt	28123900	model/checkpoint/packet payload	planned
cifar100_4agent_25cls_hetero4arch_ipc10_guardian_vgg_dense_ep60_lr0p01_fr0p35_kd0p4_t4p0_self3p0	outputs/cifar100_4agent_25cls_hetero4arch_ipc10_guardian_vgg_dense_ep60_lr0p01_fr0p35_kd0p4_t4p0_self3p0/packet_hub/dsdm/agent_0_dsdm_packet.pt	3126768	model/checkpoint/packet payload	planned
cifar100_4agent_25cls_hetero4arch_ipc10_guardian_vgg_dense_ep60_lr0p01_fr0p35_kd0p4_t4p0_self3p0	outputs/cifar100_4agent_25cls_hetero4arch_ipc10_guardian_vgg_dense_ep60_lr0p01_fr0p35_kd0p4_t4p0_self3p0/packet_hub/dsdm/agent_1_dsdm_packet.pt	3126768	model/checkpoint/packet payload	planned
cifar100_4agent_25cls_hetero4arch_ipc10_guardian_vgg_dense_ep60_lr0p01_fr0p35_kd0p4_t4p0_self3p0	outputs/cifar100_4agent_25cls_hetero4arch_ipc10_guardian_vgg_dense_ep60_lr0p01_fr0p35_kd0p4_t4p0_self3p0/packet_hub/dsdm/agent_2_dsdm_packet.pt	3126768	model/checkpoint/packet payload	planned
cifar100_4agent_25cls_hetero4arch_ipc10_guardian_vgg_dense_ep60_lr0p01_fr0p35_kd0p4_t4p0_self3p0	outputs/cifar100_4agent_25cls_hetero4arch_ipc10_guardian_vgg_dense_ep60_lr0p01_fr0p35_kd0p4_t4p0_self3p0/packet_hub/dsdm/agent_3_dsdm_packet.pt	3126768	model/checkpoint/packet payload	planned
cifar100_4agent_25cls_hetero4arch_ipc10_guardian_vgg_dense_ep60_lr0p01_fr0p35_kd0p4_t4p0_self4p0	outputs/cifar100_4agent_25cls_hetero4arch_ipc10_guardian_vgg_dense_ep60_lr0p01_fr0p35_kd0p4_t4p0_self4p0/agents/agent_0/packets/dsdm_packet.pt	3126768	model/checkpoint/packet payload	planned
cifar100_4agent_25cls_hetero4arch_ipc10_guardian_vgg_dense_ep60_lr0p01_fr0p35_kd0p4_t4p0_self4p0	outputs/cifar100_4agent_25cls_hetero4arch_ipc10_guardian_vgg_dense_ep60_lr0p01_fr0p35_kd0p4_t4p0_self4p0/agents/agent_0/checkpoints/expert_model.pt	2023046	model/checkpoint/packet payload	planned
cifar100_4agent_25cls_hetero4arch_ipc10_guardian_vgg_dense_ep60_lr0p01_fr0p35_kd0p4_t4p0_self4p0	outputs/cifar100_4agent_25cls_hetero4arch_ipc10_guardian_vgg_dense_ep60_lr0p01_fr0p35_kd0p4_t4p0_self4p0/agents/agent_1/packets/dsdm_packet.pt	3126768	model/checkpoint/packet payload	planned
cifar100_4agent_25cls_hetero4arch_ipc10_guardian_vgg_dense_ep60_lr0p01_fr0p35_kd0p4_t4p0_self4p0	outputs/cifar100_4agent_25cls_hetero4arch_ipc10_guardian_vgg_dense_ep60_lr0p01_fr0p35_kd0p4_t4p0_self4p0/agents/agent_1/checkpoints/expert_model.pt	4325454	model/checkpoint/packet payload	planned
cifar100_4agent_25cls_hetero4arch_ipc10_guardian_vgg_dense_ep60_lr0p01_fr0p35_kd0p4_t4p0_self4p0	outputs/cifar100_4agent_25cls_hetero4arch_ipc10_guardian_vgg_dense_ep60_lr0p01_fr0p35_kd0p4_t4p0_self4p0/agents/agent_2/packets/dsdm_packet.pt	3126768	model/checkpoint/packet payload	planned
cifar100_4agent_25cls_hetero4arch_ipc10_guardian_vgg_dense_ep60_lr0p01_fr0p35_kd0p4_t4p0_self4p0	outputs/cifar100_4agent_25cls_hetero4arch_ipc10_guardian_vgg_dense_ep60_lr0p01_fr0p35_kd0p4_t4p0_self4p0/agents/agent_2/checkpoints/expert_model.pt	39239126	model/checkpoint/packet payload	planned
cifar100_4agent_25cls_hetero4arch_ipc10_guardian_vgg_dense_ep60_lr0p01_fr0p35_kd0p4_t4p0_self4p0	outputs/cifar100_4agent_25cls_hetero4arch_ipc10_guardian_vgg_dense_ep60_lr0p01_fr0p35_kd0p4_t4p0_self4p0/agents/agent_3/packets/dsdm_packet.pt	3126768	model/checkpoint/packet payload	planned
cifar100_4agent_25cls_hetero4arch_ipc10_guardian_vgg_dense_ep60_lr0p01_fr0p35_kd0p4_t4p0_self4p0	outputs/cifar100_4agent_25cls_hetero4arch_ipc10_guardian_vgg_dense_ep60_lr0p01_fr0p35_kd0p4_t4p0_self4p0/agents/agent_3/checkpoints/expert_model.pt	28123900	model/checkpoint/packet payload	planned
cifar100_4agent_25cls_hetero4arch_ipc10_guardian_vgg_dense_ep60_lr0p01_fr0p35_kd0p4_t4p0_self4p0	outputs/cifar100_4agent_25cls_hetero4arch_ipc10_guardian_vgg_dense_ep60_lr0p01_fr0p35_kd0p4_t4p0_self4p0/packet_hub/dsdm/agent_0_dsdm_packet.pt	3126768	model/checkpoint/packet payload	planned
cifar100_4agent_25cls_hetero4arch_ipc10_guardian_vgg_dense_ep60_lr0p01_fr0p35_kd0p4_t4p0_self4p0	outputs/cifar100_4agent_25cls_hetero4arch_ipc10_guardian_vgg_dense_ep60_lr0p01_fr0p35_kd0p4_t4p0_self4p0/packet_hub/dsdm/agent_1_dsdm_packet.pt	3126768	model/checkpoint/packet payload	planned
cifar100_4agent_25cls_hetero4arch_ipc10_guardian_vgg_dense_ep60_lr0p01_fr0p35_kd0p4_t4p0_self4p0	outputs/cifar100_4agent_25cls_hetero4arch_ipc10_guardian_vgg_dense_ep60_lr0p01_fr0p35_kd0p4_t4p0_self4p0/packet_hub/dsdm/agent_2_dsdm_packet.pt	3126768	model/checkpoint/packet payload	planned
cifar100_4agent_25cls_hetero4arch_ipc10_guardian_vgg_dense_ep60_lr0p01_fr0p35_kd0p4_t4p0_self4p0	outputs/cifar100_4agent_25cls_hetero4arch_ipc10_guardian_vgg_dense_ep60_lr0p01_fr0p35_kd0p4_t4p0_self4p0/packet_hub/dsdm/agent_3_dsdm_packet.pt	3126768	model/checkpoint/packet payload	planned
cifar100_4agent_25cls_hetero4arch_ipc10_guardian_vgg_dense_ep60_lr0p01_fr0p35_kd0p5_t3p0_self2p5	outputs/cifar100_4agent_25cls_hetero4arch_ipc10_guardian_vgg_dense_ep60_lr0p01_fr0p35_kd0p5_t3p0_self2p5/agents/agent_0/packets/dsdm_packet.pt	3126768	model/checkpoint/packet payload	planned
cifar100_4agent_25cls_hetero4arch_ipc10_guardian_vgg_dense_ep60_lr0p01_fr0p35_kd0p5_t3p0_self2p5	outputs/cifar100_4agent_25cls_hetero4arch_ipc10_guardian_vgg_dense_ep60_lr0p01_fr0p35_kd0p5_t3p0_self2p5/agents/agent_0/checkpoints/expert_model.pt	2023046	model/checkpoint/packet payload	planned
cifar100_4agent_25cls_hetero4arch_ipc10_guardian_vgg_dense_ep60_lr0p01_fr0p35_kd0p5_t3p0_self2p5	outputs/cifar100_4agent_25cls_hetero4arch_ipc10_guardian_vgg_dense_ep60_lr0p01_fr0p35_kd0p5_t3p0_self2p5/agents/agent_1/packets/dsdm_packet.pt	3126768	model/checkpoint/packet payload	planned
cifar100_4agent_25cls_hetero4arch_ipc10_guardian_vgg_dense_ep60_lr0p01_fr0p35_kd0p5_t3p0_self2p5	outputs/cifar100_4agent_25cls_hetero4arch_ipc10_guardian_vgg_dense_ep60_lr0p01_fr0p35_kd0p5_t3p0_self2p5/agents/agent_1/checkpoints/expert_model.pt	4325454	model/checkpoint/packet payload	planned
cifar100_4agent_25cls_hetero4arch_ipc10_guardian_vgg_dense_ep60_lr0p01_fr0p35_kd0p5_t3p0_self2p5	outputs/cifar100_4agent_25cls_hetero4arch_ipc10_guardian_vgg_dense_ep60_lr0p01_fr0p35_kd0p5_t3p0_self2p5/agents/agent_2/packets/dsdm_packet.pt	3126768	model/checkpoint/packet payload	planned
cifar100_4agent_25cls_hetero4arch_ipc10_guardian_vgg_dense_ep60_lr0p01_fr0p35_kd0p5_t3p0_self2p5	outputs/cifar100_4agent_25cls_hetero4arch_ipc10_guardian_vgg_dense_ep60_lr0p01_fr0p35_kd0p5_t3p0_self2p5/agents/agent_2/checkpoints/expert_model.pt	39239126	model/checkpoint/packet payload	planned
cifar100_4agent_25cls_hetero4arch_ipc10_guardian_vgg_dense_ep60_lr0p01_fr0p35_kd0p5_t3p0_self2p5	outputs/cifar100_4agent_25cls_hetero4arch_ipc10_guardian_vgg_dense_ep60_lr0p01_fr0p35_kd0p5_t3p0_self2p5/agents/agent_3/packets/dsdm_packet.pt	3126768	model/checkpoint/packet payload	planned
cifar100_4agent_25cls_hetero4arch_ipc10_guardian_vgg_dense_ep60_lr0p01_fr0p35_kd0p5_t3p0_self2p5	outputs/cifar100_4agent_25cls_hetero4arch_ipc10_guardian_vgg_dense_ep60_lr0p01_fr0p35_kd0p5_t3p0_self2p5/agents/agent_3/checkpoints/expert_model.pt	28123900	model/checkpoint/packet payload	planned
cifar100_4agent_25cls_hetero4arch_ipc10_guardian_vgg_dense_ep60_lr0p01_fr0p35_kd0p5_t3p0_self2p5	outputs/cifar100_4agent_25cls_hetero4arch_ipc10_guardian_vgg_dense_ep60_lr0p01_fr0p35_kd0p5_t3p0_self2p5/packet_hub/dsdm/agent_0_dsdm_packet.pt	3126768	model/checkpoint/packet payload	planned
cifar100_4agent_25cls_hetero4arch_ipc10_guardian_vgg_dense_ep60_lr0p01_fr0p35_kd0p5_t3p0_self2p5	outputs/cifar100_4agent_25cls_hetero4arch_ipc10_guardian_vgg_dense_ep60_lr0p01_fr0p35_kd0p5_t3p0_self2p5/packet_hub/dsdm/agent_1_dsdm_packet.pt	3126768	model/checkpoint/packet payload	planned
cifar100_4agent_25cls_hetero4arch_ipc10_guardian_vgg_dense_ep60_lr0p01_fr0p35_kd0p5_t3p0_self2p5	outputs/cifar100_4agent_25cls_hetero4arch_ipc10_guardian_vgg_dense_ep60_lr0p01_fr0p35_kd0p5_t3p0_self2p5/packet_hub/dsdm/agent_2_dsdm_packet.pt	3126768	model/checkpoint/packet payload	planned
cifar100_4agent_25cls_hetero4arch_ipc10_guardian_vgg_dense_ep60_lr0p01_fr0p35_kd0p5_t3p0_self2p5	outputs/cifar100_4agent_25cls_hetero4arch_ipc10_guardian_vgg_dense_ep60_lr0p01_fr0p35_kd0p5_t3p0_self2p5/packet_hub/dsdm/agent_3_dsdm_packet.pt	3126768	model/checkpoint/packet payload	planned
cifar100_4agent_25cls_hetero4arch_ipc10_guardian_vgg_dense_ep60_lr0p01_fr0p35_kd0p5_t3p0_self3p0	outputs/cifar100_4agent_25cls_hetero4arch_ipc10_guardian_vgg_dense_ep60_lr0p01_fr0p35_kd0p5_t3p0_self3p0/agents/agent_0/packets/dsdm_packet.pt	3126768	model/checkpoint/packet payload	planned
cifar100_4agent_25cls_hetero4arch_ipc10_guardian_vgg_dense_ep60_lr0p01_fr0p35_kd0p5_t3p0_self3p0	outputs/cifar100_4agent_25cls_hetero4arch_ipc10_guardian_vgg_dense_ep60_lr0p01_fr0p35_kd0p5_t3p0_self3p0/agents/agent_0/checkpoints/expert_model.pt	2023046	model/checkpoint/packet payload	planned
cifar100_4agent_25cls_hetero4arch_ipc10_guardian_vgg_dense_ep60_lr0p01_fr0p35_kd0p5_t3p0_self3p0	outputs/cifar100_4agent_25cls_hetero4arch_ipc10_guardian_vgg_dense_ep60_lr0p01_fr0p35_kd0p5_t3p0_self3p0/agents/agent_1/packets/dsdm_packet.pt	3126768	model/checkpoint/packet payload	planned
cifar100_4agent_25cls_hetero4arch_ipc10_guardian_vgg_dense_ep60_lr0p01_fr0p35_kd0p5_t3p0_self3p0	outputs/cifar100_4agent_25cls_hetero4arch_ipc10_guardian_vgg_dense_ep60_lr0p01_fr0p35_kd0p5_t3p0_self3p0/agents/agent_1/checkpoints/expert_model.pt	4325454	model/checkpoint/packet payload	planned
cifar100_4agent_25cls_hetero4arch_ipc10_guardian_vgg_dense_ep60_lr0p01_fr0p35_kd0p5_t3p0_self3p0	outputs/cifar100_4agent_25cls_hetero4arch_ipc10_guardian_vgg_dense_ep60_lr0p01_fr0p35_kd0p5_t3p0_self3p0/agents/agent_2/packets/dsdm_packet.pt	3126768	model/checkpoint/packet payload	planned
cifar100_4agent_25cls_hetero4arch_ipc10_guardian_vgg_dense_ep60_lr0p01_fr0p35_kd0p5_t3p0_self3p0	outputs/cifar100_4agent_25cls_hetero4arch_ipc10_guardian_vgg_dense_ep60_lr0p01_fr0p35_kd0p5_t3p0_self3p0/agents/agent_2/checkpoints/expert_model.pt	39239126	model/checkpoint/packet payload	planned
cifar100_4agent_25cls_hetero4arch_ipc10_guardian_vgg_dense_ep60_lr0p01_fr0p35_kd0p5_t3p0_self3p0	outputs/cifar100_4agent_25cls_hetero4arch_ipc10_guardian_vgg_dense_ep60_lr0p01_fr0p35_kd0p5_t3p0_self3p0/agents/agent_3/packets/dsdm_packet.pt	3126768	model/checkpoint/packet payload	planned
cifar100_4agent_25cls_hetero4arch_ipc10_guardian_vgg_dense_ep60_lr0p01_fr0p35_kd0p5_t3p0_self3p0	outputs/cifar100_4agent_25cls_hetero4arch_ipc10_guardian_vgg_dense_ep60_lr0p01_fr0p35_kd0p5_t3p0_self3p0/agents/agent_3/checkpoints/expert_model.pt	28123900	model/checkpoint/packet payload	planned
cifar100_4agent_25cls_hetero4arch_ipc10_guardian_vgg_dense_ep60_lr0p01_fr0p35_kd0p5_t3p0_self3p0	outputs/cifar100_4agent_25cls_hetero4arch_ipc10_guardian_vgg_dense_ep60_lr0p01_fr0p35_kd0p5_t3p0_self3p0/packet_hub/dsdm/agent_0_dsdm_packet.pt	3126768	model/checkpoint/packet payload	planned
cifar100_4agent_25cls_hetero4arch_ipc10_guardian_vgg_dense_ep60_lr0p01_fr0p35_kd0p5_t3p0_self3p0	outputs/cifar100_4agent_25cls_hetero4arch_ipc10_guardian_vgg_dense_ep60_lr0p01_fr0p35_kd0p5_t3p0_self3p0/packet_hub/dsdm/agent_1_dsdm_packet.pt	3126768	model/checkpoint/packet payload	planned
cifar100_4agent_25cls_hetero4arch_ipc10_guardian_vgg_dense_ep60_lr0p01_fr0p35_kd0p5_t3p0_self3p0	outputs/cifar100_4agent_25cls_hetero4arch_ipc10_guardian_vgg_dense_ep60_lr0p01_fr0p35_kd0p5_t3p0_self3p0/packet_hub/dsdm/agent_2_dsdm_packet.pt	3126768	model/checkpoint/packet payload	planned
cifar100_4agent_25cls_hetero4arch_ipc10_guardian_vgg_dense_ep60_lr0p01_fr0p35_kd0p5_t3p0_self3p0	outputs/cifar100_4agent_25cls_hetero4arch_ipc10_guardian_vgg_dense_ep60_lr0p01_fr0p35_kd0p5_t3p0_self3p0/packet_hub/dsdm/agent_3_dsdm_packet.pt	3126768	model/checkpoint/packet payload	planned
cifar100_4agent_25cls_hetero4arch_ipc10_guardian_vgg_dense_ep60_lr0p01_fr0p35_kd0p5_t3p0_self4p0	outputs/cifar100_4agent_25cls_hetero4arch_ipc10_guardian_vgg_dense_ep60_lr0p01_fr0p35_kd0p5_t3p0_self4p0/agents/agent_0/packets/dsdm_packet.pt	3126768	model/checkpoint/packet payload	planned
cifar100_4agent_25cls_hetero4arch_ipc10_guardian_vgg_dense_ep60_lr0p01_fr0p35_kd0p5_t3p0_self4p0	outputs/cifar100_4agent_25cls_hetero4arch_ipc10_guardian_vgg_dense_ep60_lr0p01_fr0p35_kd0p5_t3p0_self4p0/agents/agent_0/checkpoints/expert_model.pt	2023046	model/checkpoint/packet payload	planned
cifar100_4agent_25cls_hetero4arch_ipc10_guardian_vgg_dense_ep60_lr0p01_fr0p35_kd0p5_t3p0_self4p0	outputs/cifar100_4agent_25cls_hetero4arch_ipc10_guardian_vgg_dense_ep60_lr0p01_fr0p35_kd0p5_t3p0_self4p0/agents/agent_1/packets/dsdm_packet.pt	3126768	model/checkpoint/packet payload	planned
cifar100_4agent_25cls_hetero4arch_ipc10_guardian_vgg_dense_ep60_lr0p01_fr0p35_kd0p5_t3p0_self4p0	outputs/cifar100_4agent_25cls_hetero4arch_ipc10_guardian_vgg_dense_ep60_lr0p01_fr0p35_kd0p5_t3p0_self4p0/agents/agent_1/checkpoints/expert_model.pt	4325454	model/checkpoint/packet payload	planned
cifar100_4agent_25cls_hetero4arch_ipc10_guardian_vgg_dense_ep60_lr0p01_fr0p35_kd0p5_t3p0_self4p0	outputs/cifar100_4agent_25cls_hetero4arch_ipc10_guardian_vgg_dense_ep60_lr0p01_fr0p35_kd0p5_t3p0_self4p0/agents/agent_2/packets/dsdm_packet.pt	3126768	model/checkpoint/packet payload	planned
cifar100_4agent_25cls_hetero4arch_ipc10_guardian_vgg_dense_ep60_lr0p01_fr0p35_kd0p5_t3p0_self4p0	outputs/cifar100_4agent_25cls_hetero4arch_ipc10_guardian_vgg_dense_ep60_lr0p01_fr0p35_kd0p5_t3p0_self4p0/agents/agent_2/checkpoints/expert_model.pt	39239126	model/checkpoint/packet payload	planned
cifar100_4agent_25cls_hetero4arch_ipc10_guardian_vgg_dense_ep60_lr0p01_fr0p35_kd0p5_t3p0_self4p0	outputs/cifar100_4agent_25cls_hetero4arch_ipc10_guardian_vgg_dense_ep60_lr0p01_fr0p35_kd0p5_t3p0_self4p0/agents/agent_3/packets/dsdm_packet.pt	3126768	model/checkpoint/packet payload	planned
cifar100_4agent_25cls_hetero4arch_ipc10_guardian_vgg_dense_ep60_lr0p01_fr0p35_kd0p5_t3p0_self4p0	outputs/cifar100_4agent_25cls_hetero4arch_ipc10_guardian_vgg_dense_ep60_lr0p01_fr0p35_kd0p5_t3p0_self4p0/agents/agent_3/checkpoints/expert_model.pt	28123900	model/checkpoint/packet payload	planned
cifar100_4agent_25cls_hetero4arch_ipc10_guardian_vgg_dense_ep60_lr0p01_fr0p35_kd0p5_t3p0_self4p0	outputs/cifar100_4agent_25cls_hetero4arch_ipc10_guardian_vgg_dense_ep60_lr0p01_fr0p35_kd0p5_t3p0_self4p0/packet_hub/dsdm/agent_0_dsdm_packet.pt	3126768	model/checkpoint/packet payload	planned
cifar100_4agent_25cls_hetero4arch_ipc10_guardian_vgg_dense_ep60_lr0p01_fr0p35_kd0p5_t3p0_self4p0	outputs/cifar100_4agent_25cls_hetero4arch_ipc10_guardian_vgg_dense_ep60_lr0p01_fr0p35_kd0p5_t3p0_self4p0/packet_hub/dsdm/agent_1_dsdm_packet.pt	3126768	model/checkpoint/packet payload	planned
cifar100_4agent_25cls_hetero4arch_ipc10_guardian_vgg_dense_ep60_lr0p01_fr0p35_kd0p5_t3p0_self4p0	outputs/cifar100_4agent_25cls_hetero4arch_ipc10_guardian_vgg_dense_ep60_lr0p01_fr0p35_kd0p5_t3p0_self4p0/packet_hub/dsdm/agent_2_dsdm_packet.pt	3126768	model/checkpoint/packet payload	planned
cifar100_4agent_25cls_hetero4arch_ipc10_guardian_vgg_dense_ep60_lr0p01_fr0p35_kd0p5_t3p0_self4p0	outputs/cifar100_4agent_25cls_hetero4arch_ipc10_guardian_vgg_dense_ep60_lr0p01_fr0p35_kd0p5_t3p0_self4p0/packet_hub/dsdm/agent_3_dsdm_packet.pt	3126768	model/checkpoint/packet payload	planned
cifar100_4agent_25cls_hetero4arch_ipc10_guardian_vgg_dense_ep60_lr0p01_fr0p35_kd0p5_t4p0_self2p5	outputs/cifar100_4agent_25cls_hetero4arch_ipc10_guardian_vgg_dense_ep60_lr0p01_fr0p35_kd0p5_t4p0_self2p5/agents/agent_0/packets/dsdm_packet.pt	3126768	model/checkpoint/packet payload	planned
cifar100_4agent_25cls_hetero4arch_ipc10_guardian_vgg_dense_ep60_lr0p01_fr0p35_kd0p5_t4p0_self2p5	outputs/cifar100_4agent_25cls_hetero4arch_ipc10_guardian_vgg_dense_ep60_lr0p01_fr0p35_kd0p5_t4p0_self2p5/agents/agent_0/checkpoints/expert_model.pt	2023046	model/checkpoint/packet payload	planned
cifar100_4agent_25cls_hetero4arch_ipc10_guardian_vgg_dense_ep60_lr0p01_fr0p35_kd0p5_t4p0_self2p5	outputs/cifar100_4agent_25cls_hetero4arch_ipc10_guardian_vgg_dense_ep60_lr0p01_fr0p35_kd0p5_t4p0_self2p5/agents/agent_1/packets/dsdm_packet.pt	3126768	model/checkpoint/packet payload	planned
cifar100_4agent_25cls_hetero4arch_ipc10_guardian_vgg_dense_ep60_lr0p01_fr0p35_kd0p5_t4p0_self2p5	outputs/cifar100_4agent_25cls_hetero4arch_ipc10_guardian_vgg_dense_ep60_lr0p01_fr0p35_kd0p5_t4p0_self2p5/agents/agent_1/checkpoints/expert_model.pt	4325454	model/checkpoint/packet payload	planned
cifar100_4agent_25cls_hetero4arch_ipc10_guardian_vgg_dense_ep60_lr0p01_fr0p35_kd0p5_t4p0_self2p5	outputs/cifar100_4agent_25cls_hetero4arch_ipc10_guardian_vgg_dense_ep60_lr0p01_fr0p35_kd0p5_t4p0_self2p5/agents/agent_2/packets/dsdm_packet.pt	3126768	model/checkpoint/packet payload	planned
cifar100_4agent_25cls_hetero4arch_ipc10_guardian_vgg_dense_ep60_lr0p01_fr0p35_kd0p5_t4p0_self2p5	outputs/cifar100_4agent_25cls_hetero4arch_ipc10_guardian_vgg_dense_ep60_lr0p01_fr0p35_kd0p5_t4p0_self2p5/agents/agent_2/checkpoints/expert_model.pt	39239126	model/checkpoint/packet payload	planned
cifar100_4agent_25cls_hetero4arch_ipc10_guardian_vgg_dense_ep60_lr0p01_fr0p35_kd0p5_t4p0_self2p5	outputs/cifar100_4agent_25cls_hetero4arch_ipc10_guardian_vgg_dense_ep60_lr0p01_fr0p35_kd0p5_t4p0_self2p5/agents/agent_3/packets/dsdm_packet.pt	3126768	model/checkpoint/packet payload	planned
cifar100_4agent_25cls_hetero4arch_ipc10_guardian_vgg_dense_ep60_lr0p01_fr0p35_kd0p5_t4p0_self2p5	outputs/cifar100_4agent_25cls_hetero4arch_ipc10_guardian_vgg_dense_ep60_lr0p01_fr0p35_kd0p5_t4p0_self2p5/agents/agent_3/checkpoints/expert_model.pt	28123900	model/checkpoint/packet payload	planned
cifar100_4agent_25cls_hetero4arch_ipc10_guardian_vgg_dense_ep60_lr0p01_fr0p35_kd0p5_t4p0_self2p5	outputs/cifar100_4agent_25cls_hetero4arch_ipc10_guardian_vgg_dense_ep60_lr0p01_fr0p35_kd0p5_t4p0_self2p5/packet_hub/dsdm/agent_0_dsdm_packet.pt	3126768	model/checkpoint/packet payload	planned
cifar100_4agent_25cls_hetero4arch_ipc10_guardian_vgg_dense_ep60_lr0p01_fr0p35_kd0p5_t4p0_self2p5	outputs/cifar100_4agent_25cls_hetero4arch_ipc10_guardian_vgg_dense_ep60_lr0p01_fr0p35_kd0p5_t4p0_self2p5/packet_hub/dsdm/agent_1_dsdm_packet.pt	3126768	model/checkpoint/packet payload	planned
cifar100_4agent_25cls_hetero4arch_ipc10_guardian_vgg_dense_ep60_lr0p01_fr0p35_kd0p5_t4p0_self2p5	outputs/cifar100_4agent_25cls_hetero4arch_ipc10_guardian_vgg_dense_ep60_lr0p01_fr0p35_kd0p5_t4p0_self2p5/packet_hub/dsdm/agent_2_dsdm_packet.pt	3126768	model/checkpoint/packet payload	planned
cifar100_4agent_25cls_hetero4arch_ipc10_guardian_vgg_dense_ep60_lr0p01_fr0p35_kd0p5_t4p0_self2p5	outputs/cifar100_4agent_25cls_hetero4arch_ipc10_guardian_vgg_dense_ep60_lr0p01_fr0p35_kd0p5_t4p0_self2p5/packet_hub/dsdm/agent_3_dsdm_packet.pt	3126768	model/checkpoint/packet payload	planned
cifar100_4agent_25cls_hetero4arch_ipc10_guardian_vgg_dense_ep60_lr0p01_fr0p35_kd0p5_t4p0_self3p0	outputs/cifar100_4agent_25cls_hetero4arch_ipc10_guardian_vgg_dense_ep60_lr0p01_fr0p35_kd0p5_t4p0_self3p0/agents/agent_0/packets/dsdm_packet.pt	3126768	model/checkpoint/packet payload	planned
cifar100_4agent_25cls_hetero4arch_ipc10_guardian_vgg_dense_ep60_lr0p01_fr0p35_kd0p5_t4p0_self3p0	outputs/cifar100_4agent_25cls_hetero4arch_ipc10_guardian_vgg_dense_ep60_lr0p01_fr0p35_kd0p5_t4p0_self3p0/agents/agent_0/checkpoints/expert_model.pt	2023046	model/checkpoint/packet payload	planned
cifar100_4agent_25cls_hetero4arch_ipc10_guardian_vgg_dense_ep60_lr0p01_fr0p35_kd0p5_t4p0_self3p0	outputs/cifar100_4agent_25cls_hetero4arch_ipc10_guardian_vgg_dense_ep60_lr0p01_fr0p35_kd0p5_t4p0_self3p0/agents/agent_1/packets/dsdm_packet.pt	3126768	model/checkpoint/packet payload	planned
cifar100_4agent_25cls_hetero4arch_ipc10_guardian_vgg_dense_ep60_lr0p01_fr0p35_kd0p5_t4p0_self3p0	outputs/cifar100_4agent_25cls_hetero4arch_ipc10_guardian_vgg_dense_ep60_lr0p01_fr0p35_kd0p5_t4p0_self3p0/agents/agent_1/checkpoints/expert_model.pt	4325454	model/checkpoint/packet payload	planned
cifar100_4agent_25cls_hetero4arch_ipc10_guardian_vgg_dense_ep60_lr0p01_fr0p35_kd0p5_t4p0_self3p0	outputs/cifar100_4agent_25cls_hetero4arch_ipc10_guardian_vgg_dense_ep60_lr0p01_fr0p35_kd0p5_t4p0_self3p0/agents/agent_2/packets/dsdm_packet.pt	3126768	model/checkpoint/packet payload	planned
cifar100_4agent_25cls_hetero4arch_ipc10_guardian_vgg_dense_ep60_lr0p01_fr0p35_kd0p5_t4p0_self3p0	outputs/cifar100_4agent_25cls_hetero4arch_ipc10_guardian_vgg_dense_ep60_lr0p01_fr0p35_kd0p5_t4p0_self3p0/agents/agent_2/checkpoints/expert_model.pt	39239126	model/checkpoint/packet payload	planned
cifar100_4agent_25cls_hetero4arch_ipc10_guardian_vgg_dense_ep60_lr0p01_fr0p35_kd0p5_t4p0_self3p0	outputs/cifar100_4agent_25cls_hetero4arch_ipc10_guardian_vgg_dense_ep60_lr0p01_fr0p35_kd0p5_t4p0_self3p0/agents/agent_3/packets/dsdm_packet.pt	3126768	model/checkpoint/packet payload	planned
cifar100_4agent_25cls_hetero4arch_ipc10_guardian_vgg_dense_ep60_lr0p01_fr0p35_kd0p5_t4p0_self3p0	outputs/cifar100_4agent_25cls_hetero4arch_ipc10_guardian_vgg_dense_ep60_lr0p01_fr0p35_kd0p5_t4p0_self3p0/agents/agent_3/checkpoints/expert_model.pt	28123900	model/checkpoint/packet payload	planned
cifar100_4agent_25cls_hetero4arch_ipc10_guardian_vgg_dense_ep60_lr0p01_fr0p35_kd0p5_t4p0_self3p0	outputs/cifar100_4agent_25cls_hetero4arch_ipc10_guardian_vgg_dense_ep60_lr0p01_fr0p35_kd0p5_t4p0_self3p0/packet_hub/dsdm/agent_0_dsdm_packet.pt	3126768	model/checkpoint/packet payload	planned
cifar100_4agent_25cls_hetero4arch_ipc10_guardian_vgg_dense_ep60_lr0p01_fr0p35_kd0p5_t4p0_self3p0	outputs/cifar100_4agent_25cls_hetero4arch_ipc10_guardian_vgg_dense_ep60_lr0p01_fr0p35_kd0p5_t4p0_self3p0/packet_hub/dsdm/agent_1_dsdm_packet.pt	3126768	model/checkpoint/packet payload	planned
cifar100_4agent_25cls_hetero4arch_ipc10_guardian_vgg_dense_ep60_lr0p01_fr0p35_kd0p5_t4p0_self3p0	outputs/cifar100_4agent_25cls_hetero4arch_ipc10_guardian_vgg_dense_ep60_lr0p01_fr0p35_kd0p5_t4p0_self3p0/packet_hub/dsdm/agent_2_dsdm_packet.pt	3126768	model/checkpoint/packet payload	planned
cifar100_4agent_25cls_hetero4arch_ipc10_guardian_vgg_dense_ep60_lr0p01_fr0p35_kd0p5_t4p0_self3p0	outputs/cifar100_4agent_25cls_hetero4arch_ipc10_guardian_vgg_dense_ep60_lr0p01_fr0p35_kd0p5_t4p0_self3p0/packet_hub/dsdm/agent_3_dsdm_packet.pt	3126768	model/checkpoint/packet payload	planned
cifar100_4agent_25cls_hetero4arch_ipc10_guardian_vgg_dense_ep60_lr0p01_fr0p35_kd0p5_t4p0_self4p0	outputs/cifar100_4agent_25cls_hetero4arch_ipc10_guardian_vgg_dense_ep60_lr0p01_fr0p35_kd0p5_t4p0_self4p0/agents/agent_0/packets/dsdm_packet.pt	3126768	model/checkpoint/packet payload	planned
cifar100_4agent_25cls_hetero4arch_ipc10_guardian_vgg_dense_ep60_lr0p01_fr0p35_kd0p5_t4p0_self4p0	outputs/cifar100_4agent_25cls_hetero4arch_ipc10_guardian_vgg_dense_ep60_lr0p01_fr0p35_kd0p5_t4p0_self4p0/agents/agent_0/checkpoints/expert_model.pt	2023046	model/checkpoint/packet payload	planned
cifar100_4agent_25cls_hetero4arch_ipc10_guardian_vgg_dense_ep60_lr0p01_fr0p35_kd0p5_t4p0_self4p0	outputs/cifar100_4agent_25cls_hetero4arch_ipc10_guardian_vgg_dense_ep60_lr0p01_fr0p35_kd0p5_t4p0_self4p0/agents/agent_1/packets/dsdm_packet.pt	3126768	model/checkpoint/packet payload	planned
cifar100_4agent_25cls_hetero4arch_ipc10_guardian_vgg_dense_ep60_lr0p01_fr0p35_kd0p5_t4p0_self4p0	outputs/cifar100_4agent_25cls_hetero4arch_ipc10_guardian_vgg_dense_ep60_lr0p01_fr0p35_kd0p5_t4p0_self4p0/agents/agent_1/checkpoints/expert_model.pt	4325454	model/checkpoint/packet payload	planned
cifar100_4agent_25cls_hetero4arch_ipc10_guardian_vgg_dense_ep60_lr0p01_fr0p35_kd0p5_t4p0_self4p0	outputs/cifar100_4agent_25cls_hetero4arch_ipc10_guardian_vgg_dense_ep60_lr0p01_fr0p35_kd0p5_t4p0_self4p0/agents/agent_2/packets/dsdm_packet.pt	3126768	model/checkpoint/packet payload	planned
cifar100_4agent_25cls_hetero4arch_ipc10_guardian_vgg_dense_ep60_lr0p01_fr0p35_kd0p5_t4p0_self4p0	outputs/cifar100_4agent_25cls_hetero4arch_ipc10_guardian_vgg_dense_ep60_lr0p01_fr0p35_kd0p5_t4p0_self4p0/agents/agent_2/checkpoints/expert_model.pt	39239126	model/checkpoint/packet payload	planned
cifar100_4agent_25cls_hetero4arch_ipc10_guardian_vgg_dense_ep60_lr0p01_fr0p35_kd0p5_t4p0_self4p0	outputs/cifar100_4agent_25cls_hetero4arch_ipc10_guardian_vgg_dense_ep60_lr0p01_fr0p35_kd0p5_t4p0_self4p0/agents/agent_3/packets/dsdm_packet.pt	3126768	model/checkpoint/packet payload	planned
cifar100_4agent_25cls_hetero4arch_ipc10_guardian_vgg_dense_ep60_lr0p01_fr0p35_kd0p5_t4p0_self4p0	outputs/cifar100_4agent_25cls_hetero4arch_ipc10_guardian_vgg_dense_ep60_lr0p01_fr0p35_kd0p5_t4p0_self4p0/agents/agent_3/checkpoints/expert_model.pt	28123900	model/checkpoint/packet payload	planned
cifar100_4agent_25cls_hetero4arch_ipc10_guardian_vgg_dense_ep60_lr0p01_fr0p35_kd0p5_t4p0_self4p0	outputs/cifar100_4agent_25cls_hetero4arch_ipc10_guardian_vgg_dense_ep60_lr0p01_fr0p35_kd0p5_t4p0_self4p0/packet_hub/dsdm/agent_0_dsdm_packet.pt	3126768	model/checkpoint/packet payload	planned
cifar100_4agent_25cls_hetero4arch_ipc10_guardian_vgg_dense_ep60_lr0p01_fr0p35_kd0p5_t4p0_self4p0	outputs/cifar100_4agent_25cls_hetero4arch_ipc10_guardian_vgg_dense_ep60_lr0p01_fr0p35_kd0p5_t4p0_self4p0/packet_hub/dsdm/agent_1_dsdm_packet.pt	3126768	model/checkpoint/packet payload	planned
cifar100_4agent_25cls_hetero4arch_ipc10_guardian_vgg_dense_ep60_lr0p01_fr0p35_kd0p5_t4p0_self4p0	outputs/cifar100_4agent_25cls_hetero4arch_ipc10_guardian_vgg_dense_ep60_lr0p01_fr0p35_kd0p5_t4p0_self4p0/packet_hub/dsdm/agent_2_dsdm_packet.pt	3126768	model/checkpoint/packet payload	planned
cifar100_4agent_25cls_hetero4arch_ipc10_guardian_vgg_dense_ep60_lr0p01_fr0p35_kd0p5_t4p0_self4p0	outputs/cifar100_4agent_25cls_hetero4arch_ipc10_guardian_vgg_dense_ep60_lr0p01_fr0p35_kd0p5_t4p0_self4p0/packet_hub/dsdm/agent_3_dsdm_packet.pt	3126768	model/checkpoint/packet payload	planned
cifar100_4agent_25cls_hetero4arch_ipc10_guardian_vgg_dense_ep60_lr0p01_fr0p35_kd0p6_t3p0_self2p5	outputs/cifar100_4agent_25cls_hetero4arch_ipc10_guardian_vgg_dense_ep60_lr0p01_fr0p35_kd0p6_t3p0_self2p5/agents/agent_0/packets/dsdm_packet.pt	3126768	model/checkpoint/packet payload	planned
cifar100_4agent_25cls_hetero4arch_ipc10_guardian_vgg_dense_ep60_lr0p01_fr0p35_kd0p6_t3p0_self2p5	outputs/cifar100_4agent_25cls_hetero4arch_ipc10_guardian_vgg_dense_ep60_lr0p01_fr0p35_kd0p6_t3p0_self2p5/agents/agent_0/checkpoints/expert_model.pt	2023046	model/checkpoint/packet payload	planned
cifar100_4agent_25cls_hetero4arch_ipc10_guardian_vgg_dense_ep60_lr0p01_fr0p35_kd0p6_t3p0_self2p5	outputs/cifar100_4agent_25cls_hetero4arch_ipc10_guardian_vgg_dense_ep60_lr0p01_fr0p35_kd0p6_t3p0_self2p5/agents/agent_1/packets/dsdm_packet.pt	3126768	model/checkpoint/packet payload	planned
cifar100_4agent_25cls_hetero4arch_ipc10_guardian_vgg_dense_ep60_lr0p01_fr0p35_kd0p6_t3p0_self2p5	outputs/cifar100_4agent_25cls_hetero4arch_ipc10_guardian_vgg_dense_ep60_lr0p01_fr0p35_kd0p6_t3p0_self2p5/agents/agent_1/checkpoints/expert_model.pt	4325454	model/checkpoint/packet payload	planned
cifar100_4agent_25cls_hetero4arch_ipc10_guardian_vgg_dense_ep60_lr0p01_fr0p35_kd0p6_t3p0_self2p5	outputs/cifar100_4agent_25cls_hetero4arch_ipc10_guardian_vgg_dense_ep60_lr0p01_fr0p35_kd0p6_t3p0_self2p5/agents/agent_2/packets/dsdm_packet.pt	3126768	model/checkpoint/packet payload	planned
cifar100_4agent_25cls_hetero4arch_ipc10_guardian_vgg_dense_ep60_lr0p01_fr0p35_kd0p6_t3p0_self2p5	outputs/cifar100_4agent_25cls_hetero4arch_ipc10_guardian_vgg_dense_ep60_lr0p01_fr0p35_kd0p6_t3p0_self2p5/agents/agent_2/checkpoints/expert_model.pt	39239126	model/checkpoint/packet payload	planned
cifar100_4agent_25cls_hetero4arch_ipc10_guardian_vgg_dense_ep60_lr0p01_fr0p35_kd0p6_t3p0_self2p5	outputs/cifar100_4agent_25cls_hetero4arch_ipc10_guardian_vgg_dense_ep60_lr0p01_fr0p35_kd0p6_t3p0_self2p5/agents/agent_3/packets/dsdm_packet.pt	3126768	model/checkpoint/packet payload	planned
cifar100_4agent_25cls_hetero4arch_ipc10_guardian_vgg_dense_ep60_lr0p01_fr0p35_kd0p6_t3p0_self2p5	outputs/cifar100_4agent_25cls_hetero4arch_ipc10_guardian_vgg_dense_ep60_lr0p01_fr0p35_kd0p6_t3p0_self2p5/agents/agent_3/checkpoints/expert_model.pt	28123900	model/checkpoint/packet payload	planned
cifar100_4agent_25cls_hetero4arch_ipc10_guardian_vgg_dense_ep60_lr0p01_fr0p35_kd0p6_t3p0_self2p5	outputs/cifar100_4agent_25cls_hetero4arch_ipc10_guardian_vgg_dense_ep60_lr0p01_fr0p35_kd0p6_t3p0_self2p5/packet_hub/dsdm/agent_0_dsdm_packet.pt	3126768	model/checkpoint/packet payload	planned
cifar100_4agent_25cls_hetero4arch_ipc10_guardian_vgg_dense_ep60_lr0p01_fr0p35_kd0p6_t3p0_self2p5	outputs/cifar100_4agent_25cls_hetero4arch_ipc10_guardian_vgg_dense_ep60_lr0p01_fr0p35_kd0p6_t3p0_self2p5/packet_hub/dsdm/agent_1_dsdm_packet.pt	3126768	model/checkpoint/packet payload	planned
cifar100_4agent_25cls_hetero4arch_ipc10_guardian_vgg_dense_ep60_lr0p01_fr0p35_kd0p6_t3p0_self2p5	outputs/cifar100_4agent_25cls_hetero4arch_ipc10_guardian_vgg_dense_ep60_lr0p01_fr0p35_kd0p6_t3p0_self2p5/packet_hub/dsdm/agent_2_dsdm_packet.pt	3126768	model/checkpoint/packet payload	planned
cifar100_4agent_25cls_hetero4arch_ipc10_guardian_vgg_dense_ep60_lr0p01_fr0p35_kd0p6_t3p0_self2p5	outputs/cifar100_4agent_25cls_hetero4arch_ipc10_guardian_vgg_dense_ep60_lr0p01_fr0p35_kd0p6_t3p0_self2p5/packet_hub/dsdm/agent_3_dsdm_packet.pt	3126768	model/checkpoint/packet payload	planned
cifar100_4agent_25cls_hetero4arch_ipc10_guardian_vgg_dense_ep60_lr0p01_fr0p35_kd0p6_t3p0_self3p0	outputs/cifar100_4agent_25cls_hetero4arch_ipc10_guardian_vgg_dense_ep60_lr0p01_fr0p35_kd0p6_t3p0_self3p0/agents/agent_0/packets/dsdm_packet.pt	3126768	model/checkpoint/packet payload	planned
cifar100_4agent_25cls_hetero4arch_ipc10_guardian_vgg_dense_ep60_lr0p01_fr0p35_kd0p6_t3p0_self3p0	outputs/cifar100_4agent_25cls_hetero4arch_ipc10_guardian_vgg_dense_ep60_lr0p01_fr0p35_kd0p6_t3p0_self3p0/agents/agent_0/checkpoints/expert_model.pt	2023046	model/checkpoint/packet payload	planned
cifar100_4agent_25cls_hetero4arch_ipc10_guardian_vgg_dense_ep60_lr0p01_fr0p35_kd0p6_t3p0_self3p0	outputs/cifar100_4agent_25cls_hetero4arch_ipc10_guardian_vgg_dense_ep60_lr0p01_fr0p35_kd0p6_t3p0_self3p0/agents/agent_1/packets/dsdm_packet.pt	3126768	model/checkpoint/packet payload	planned
cifar100_4agent_25cls_hetero4arch_ipc10_guardian_vgg_dense_ep60_lr0p01_fr0p35_kd0p6_t3p0_self3p0	outputs/cifar100_4agent_25cls_hetero4arch_ipc10_guardian_vgg_dense_ep60_lr0p01_fr0p35_kd0p6_t3p0_self3p0/agents/agent_1/checkpoints/expert_model.pt	4325454	model/checkpoint/packet payload	planned
cifar100_4agent_25cls_hetero4arch_ipc10_guardian_vgg_dense_ep60_lr0p01_fr0p35_kd0p6_t3p0_self3p0	outputs/cifar100_4agent_25cls_hetero4arch_ipc10_guardian_vgg_dense_ep60_lr0p01_fr0p35_kd0p6_t3p0_self3p0/agents/agent_2/packets/dsdm_packet.pt	3126768	model/checkpoint/packet payload	planned
cifar100_4agent_25cls_hetero4arch_ipc10_guardian_vgg_dense_ep60_lr0p01_fr0p35_kd0p6_t3p0_self3p0	outputs/cifar100_4agent_25cls_hetero4arch_ipc10_guardian_vgg_dense_ep60_lr0p01_fr0p35_kd0p6_t3p0_self3p0/agents/agent_2/checkpoints/expert_model.pt	39239126	model/checkpoint/packet payload	planned
cifar100_4agent_25cls_hetero4arch_ipc10_guardian_vgg_dense_ep60_lr0p01_fr0p35_kd0p6_t3p0_self3p0	outputs/cifar100_4agent_25cls_hetero4arch_ipc10_guardian_vgg_dense_ep60_lr0p01_fr0p35_kd0p6_t3p0_self3p0/agents/agent_3/packets/dsdm_packet.pt	3126768	model/checkpoint/packet payload	planned
cifar100_4agent_25cls_hetero4arch_ipc10_guardian_vgg_dense_ep60_lr0p01_fr0p35_kd0p6_t3p0_self3p0	outputs/cifar100_4agent_25cls_hetero4arch_ipc10_guardian_vgg_dense_ep60_lr0p01_fr0p35_kd0p6_t3p0_self3p0/agents/agent_3/checkpoints/expert_model.pt	28123900	model/checkpoint/packet payload	planned
cifar100_4agent_25cls_hetero4arch_ipc10_guardian_vgg_dense_ep60_lr0p01_fr0p35_kd0p6_t3p0_self3p0	outputs/cifar100_4agent_25cls_hetero4arch_ipc10_guardian_vgg_dense_ep60_lr0p01_fr0p35_kd0p6_t3p0_self3p0/packet_hub/dsdm/agent_0_dsdm_packet.pt	3126768	model/checkpoint/packet payload	planned
cifar100_4agent_25cls_hetero4arch_ipc10_guardian_vgg_dense_ep60_lr0p01_fr0p35_kd0p6_t3p0_self3p0	outputs/cifar100_4agent_25cls_hetero4arch_ipc10_guardian_vgg_dense_ep60_lr0p01_fr0p35_kd0p6_t3p0_self3p0/packet_hub/dsdm/agent_1_dsdm_packet.pt	3126768	model/checkpoint/packet payload	planned
cifar100_4agent_25cls_hetero4arch_ipc10_guardian_vgg_dense_ep60_lr0p01_fr0p35_kd0p6_t3p0_self3p0	outputs/cifar100_4agent_25cls_hetero4arch_ipc10_guardian_vgg_dense_ep60_lr0p01_fr0p35_kd0p6_t3p0_self3p0/packet_hub/dsdm/agent_2_dsdm_packet.pt	3126768	model/checkpoint/packet payload	planned
cifar100_4agent_25cls_hetero4arch_ipc10_guardian_vgg_dense_ep60_lr0p01_fr0p35_kd0p6_t3p0_self3p0	outputs/cifar100_4agent_25cls_hetero4arch_ipc10_guardian_vgg_dense_ep60_lr0p01_fr0p35_kd0p6_t3p0_self3p0/packet_hub/dsdm/agent_3_dsdm_packet.pt	3126768	model/checkpoint/packet payload	planned
cifar100_4agent_25cls_hetero4arch_ipc10_guardian_vgg_dense_ep60_lr0p01_fr0p35_kd0p6_t3p0_self4p0	outputs/cifar100_4agent_25cls_hetero4arch_ipc10_guardian_vgg_dense_ep60_lr0p01_fr0p35_kd0p6_t3p0_self4p0/agents/agent_0/packets/dsdm_packet.pt	3126768	model/checkpoint/packet payload	planned
cifar100_4agent_25cls_hetero4arch_ipc10_guardian_vgg_dense_ep60_lr0p01_fr0p35_kd0p6_t3p0_self4p0	outputs/cifar100_4agent_25cls_hetero4arch_ipc10_guardian_vgg_dense_ep60_lr0p01_fr0p35_kd0p6_t3p0_self4p0/agents/agent_0/checkpoints/expert_model.pt	2023046	model/checkpoint/packet payload	planned
cifar100_4agent_25cls_hetero4arch_ipc10_guardian_vgg_dense_ep60_lr0p01_fr0p35_kd0p6_t3p0_self4p0	outputs/cifar100_4agent_25cls_hetero4arch_ipc10_guardian_vgg_dense_ep60_lr0p01_fr0p35_kd0p6_t3p0_self4p0/agents/agent_1/packets/dsdm_packet.pt	3126768	model/checkpoint/packet payload	planned
cifar100_4agent_25cls_hetero4arch_ipc10_guardian_vgg_dense_ep60_lr0p01_fr0p35_kd0p6_t3p0_self4p0	outputs/cifar100_4agent_25cls_hetero4arch_ipc10_guardian_vgg_dense_ep60_lr0p01_fr0p35_kd0p6_t3p0_self4p0/agents/agent_1/checkpoints/expert_model.pt	4325454	model/checkpoint/packet payload	planned
cifar100_4agent_25cls_hetero4arch_ipc10_guardian_vgg_dense_ep60_lr0p01_fr0p35_kd0p6_t3p0_self4p0	outputs/cifar100_4agent_25cls_hetero4arch_ipc10_guardian_vgg_dense_ep60_lr0p01_fr0p35_kd0p6_t3p0_self4p0/agents/agent_2/packets/dsdm_packet.pt	3126768	model/checkpoint/packet payload	planned
cifar100_4agent_25cls_hetero4arch_ipc10_guardian_vgg_dense_ep60_lr0p01_fr0p35_kd0p6_t3p0_self4p0	outputs/cifar100_4agent_25cls_hetero4arch_ipc10_guardian_vgg_dense_ep60_lr0p01_fr0p35_kd0p6_t3p0_self4p0/agents/agent_2/checkpoints/expert_model.pt	39239126	model/checkpoint/packet payload	planned
cifar100_4agent_25cls_hetero4arch_ipc10_guardian_vgg_dense_ep60_lr0p01_fr0p35_kd0p6_t3p0_self4p0	outputs/cifar100_4agent_25cls_hetero4arch_ipc10_guardian_vgg_dense_ep60_lr0p01_fr0p35_kd0p6_t3p0_self4p0/agents/agent_3/packets/dsdm_packet.pt	3126768	model/checkpoint/packet payload	planned
cifar100_4agent_25cls_hetero4arch_ipc10_guardian_vgg_dense_ep60_lr0p01_fr0p35_kd0p6_t3p0_self4p0	outputs/cifar100_4agent_25cls_hetero4arch_ipc10_guardian_vgg_dense_ep60_lr0p01_fr0p35_kd0p6_t3p0_self4p0/agents/agent_3/checkpoints/expert_model.pt	28123900	model/checkpoint/packet payload	planned
cifar100_4agent_25cls_hetero4arch_ipc10_guardian_vgg_dense_ep60_lr0p01_fr0p35_kd0p6_t3p0_self4p0	outputs/cifar100_4agent_25cls_hetero4arch_ipc10_guardian_vgg_dense_ep60_lr0p01_fr0p35_kd0p6_t3p0_self4p0/packet_hub/dsdm/agent_0_dsdm_packet.pt	3126768	model/checkpoint/packet payload	planned
cifar100_4agent_25cls_hetero4arch_ipc10_guardian_vgg_dense_ep60_lr0p01_fr0p35_kd0p6_t3p0_self4p0	outputs/cifar100_4agent_25cls_hetero4arch_ipc10_guardian_vgg_dense_ep60_lr0p01_fr0p35_kd0p6_t3p0_self4p0/packet_hub/dsdm/agent_1_dsdm_packet.pt	3126768	model/checkpoint/packet payload	planned
cifar100_4agent_25cls_hetero4arch_ipc10_guardian_vgg_dense_ep60_lr0p01_fr0p35_kd0p6_t3p0_self4p0	outputs/cifar100_4agent_25cls_hetero4arch_ipc10_guardian_vgg_dense_ep60_lr0p01_fr0p35_kd0p6_t3p0_self4p0/packet_hub/dsdm/agent_2_dsdm_packet.pt	3126768	model/checkpoint/packet payload	planned
cifar100_4agent_25cls_hetero4arch_ipc10_guardian_vgg_dense_ep60_lr0p01_fr0p35_kd0p6_t3p0_self4p0	outputs/cifar100_4agent_25cls_hetero4arch_ipc10_guardian_vgg_dense_ep60_lr0p01_fr0p35_kd0p6_t3p0_self4p0/packet_hub/dsdm/agent_3_dsdm_packet.pt	3126768	model/checkpoint/packet payload	planned
cifar100_4agent_25cls_hetero4arch_ipc10_guardian_vgg_dense_ep60_lr0p01_fr0p35_kd0p6_t4p0_self2p5	outputs/cifar100_4agent_25cls_hetero4arch_ipc10_guardian_vgg_dense_ep60_lr0p01_fr0p35_kd0p6_t4p0_self2p5/agents/agent_0/packets/dsdm_packet.pt	3126768	model/checkpoint/packet payload	planned
cifar100_4agent_25cls_hetero4arch_ipc10_guardian_vgg_dense_ep60_lr0p01_fr0p35_kd0p6_t4p0_self2p5	outputs/cifar100_4agent_25cls_hetero4arch_ipc10_guardian_vgg_dense_ep60_lr0p01_fr0p35_kd0p6_t4p0_self2p5/agents/agent_0/checkpoints/expert_model.pt	2023046	model/checkpoint/packet payload	planned
cifar100_4agent_25cls_hetero4arch_ipc10_guardian_vgg_dense_ep60_lr0p01_fr0p35_kd0p6_t4p0_self2p5	outputs/cifar100_4agent_25cls_hetero4arch_ipc10_guardian_vgg_dense_ep60_lr0p01_fr0p35_kd0p6_t4p0_self2p5/agents/agent_1/packets/dsdm_packet.pt	3126768	model/checkpoint/packet payload	planned
cifar100_4agent_25cls_hetero4arch_ipc10_guardian_vgg_dense_ep60_lr0p01_fr0p35_kd0p6_t4p0_self2p5	outputs/cifar100_4agent_25cls_hetero4arch_ipc10_guardian_vgg_dense_ep60_lr0p01_fr0p35_kd0p6_t4p0_self2p5/agents/agent_1/checkpoints/expert_model.pt	4325454	model/checkpoint/packet payload	planned
cifar100_4agent_25cls_hetero4arch_ipc10_guardian_vgg_dense_ep60_lr0p01_fr0p35_kd0p6_t4p0_self2p5	outputs/cifar100_4agent_25cls_hetero4arch_ipc10_guardian_vgg_dense_ep60_lr0p01_fr0p35_kd0p6_t4p0_self2p5/agents/agent_2/packets/dsdm_packet.pt	3126768	model/checkpoint/packet payload	planned
cifar100_4agent_25cls_hetero4arch_ipc10_guardian_vgg_dense_ep60_lr0p01_fr0p35_kd0p6_t4p0_self2p5	outputs/cifar100_4agent_25cls_hetero4arch_ipc10_guardian_vgg_dense_ep60_lr0p01_fr0p35_kd0p6_t4p0_self2p5/agents/agent_2/checkpoints/expert_model.pt	39239126	model/checkpoint/packet payload	planned
cifar100_4agent_25cls_hetero4arch_ipc10_guardian_vgg_dense_ep60_lr0p01_fr0p35_kd0p6_t4p0_self2p5	outputs/cifar100_4agent_25cls_hetero4arch_ipc10_guardian_vgg_dense_ep60_lr0p01_fr0p35_kd0p6_t4p0_self2p5/agents/agent_3/packets/dsdm_packet.pt	3126768	model/checkpoint/packet payload	planned
cifar100_4agent_25cls_hetero4arch_ipc10_guardian_vgg_dense_ep60_lr0p01_fr0p35_kd0p6_t4p0_self2p5	outputs/cifar100_4agent_25cls_hetero4arch_ipc10_guardian_vgg_dense_ep60_lr0p01_fr0p35_kd0p6_t4p0_self2p5/agents/agent_3/checkpoints/expert_model.pt	28123900	model/checkpoint/packet payload	planned
cifar100_4agent_25cls_hetero4arch_ipc10_guardian_vgg_dense_ep60_lr0p01_fr0p35_kd0p6_t4p0_self2p5	outputs/cifar100_4agent_25cls_hetero4arch_ipc10_guardian_vgg_dense_ep60_lr0p01_fr0p35_kd0p6_t4p0_self2p5/packet_hub/dsdm/agent_0_dsdm_packet.pt	3126768	model/checkpoint/packet payload	planned
cifar100_4agent_25cls_hetero4arch_ipc10_guardian_vgg_dense_ep60_lr0p01_fr0p35_kd0p6_t4p0_self2p5	outputs/cifar100_4agent_25cls_hetero4arch_ipc10_guardian_vgg_dense_ep60_lr0p01_fr0p35_kd0p6_t4p0_self2p5/packet_hub/dsdm/agent_1_dsdm_packet.pt	3126768	model/checkpoint/packet payload	planned
cifar100_4agent_25cls_hetero4arch_ipc10_guardian_vgg_dense_ep60_lr0p01_fr0p35_kd0p6_t4p0_self2p5	outputs/cifar100_4agent_25cls_hetero4arch_ipc10_guardian_vgg_dense_ep60_lr0p01_fr0p35_kd0p6_t4p0_self2p5/packet_hub/dsdm/agent_2_dsdm_packet.pt	3126768	model/checkpoint/packet payload	planned
cifar100_4agent_25cls_hetero4arch_ipc10_guardian_vgg_dense_ep60_lr0p01_fr0p35_kd0p6_t4p0_self2p5	outputs/cifar100_4agent_25cls_hetero4arch_ipc10_guardian_vgg_dense_ep60_lr0p01_fr0p35_kd0p6_t4p0_self2p5/packet_hub/dsdm/agent_3_dsdm_packet.pt	3126768	model/checkpoint/packet payload	planned
cifar100_4agent_25cls_hetero4arch_ipc10_guardian_vgg_dense_ep60_lr0p01_fr0p35_kd0p6_t4p0_self3p0	outputs/cifar100_4agent_25cls_hetero4arch_ipc10_guardian_vgg_dense_ep60_lr0p01_fr0p35_kd0p6_t4p0_self3p0/agents/agent_0/packets/dsdm_packet.pt	3126768	model/checkpoint/packet payload	planned
cifar100_4agent_25cls_hetero4arch_ipc10_guardian_vgg_dense_ep60_lr0p01_fr0p35_kd0p6_t4p0_self3p0	outputs/cifar100_4agent_25cls_hetero4arch_ipc10_guardian_vgg_dense_ep60_lr0p01_fr0p35_kd0p6_t4p0_self3p0/agents/agent_0/checkpoints/expert_model.pt	2023046	model/checkpoint/packet payload	planned
cifar100_4agent_25cls_hetero4arch_ipc10_guardian_vgg_dense_ep60_lr0p01_fr0p35_kd0p6_t4p0_self3p0	outputs/cifar100_4agent_25cls_hetero4arch_ipc10_guardian_vgg_dense_ep60_lr0p01_fr0p35_kd0p6_t4p0_self3p0/agents/agent_1/packets/dsdm_packet.pt	3126768	model/checkpoint/packet payload	planned
cifar100_4agent_25cls_hetero4arch_ipc10_guardian_vgg_dense_ep60_lr0p01_fr0p35_kd0p6_t4p0_self3p0	outputs/cifar100_4agent_25cls_hetero4arch_ipc10_guardian_vgg_dense_ep60_lr0p01_fr0p35_kd0p6_t4p0_self3p0/agents/agent_1/checkpoints/expert_model.pt	4325454	model/checkpoint/packet payload	planned
cifar100_4agent_25cls_hetero4arch_ipc10_guardian_vgg_dense_ep60_lr0p01_fr0p35_kd0p6_t4p0_self3p0	outputs/cifar100_4agent_25cls_hetero4arch_ipc10_guardian_vgg_dense_ep60_lr0p01_fr0p35_kd0p6_t4p0_self3p0/agents/agent_2/packets/dsdm_packet.pt	3126768	model/checkpoint/packet payload	planned
cifar100_4agent_25cls_hetero4arch_ipc10_guardian_vgg_dense_ep60_lr0p01_fr0p35_kd0p6_t4p0_self3p0	outputs/cifar100_4agent_25cls_hetero4arch_ipc10_guardian_vgg_dense_ep60_lr0p01_fr0p35_kd0p6_t4p0_self3p0/agents/agent_2/checkpoints/expert_model.pt	39239126	model/checkpoint/packet payload	planned
cifar100_4agent_25cls_hetero4arch_ipc10_guardian_vgg_dense_ep60_lr0p01_fr0p35_kd0p6_t4p0_self3p0	outputs/cifar100_4agent_25cls_hetero4arch_ipc10_guardian_vgg_dense_ep60_lr0p01_fr0p35_kd0p6_t4p0_self3p0/agents/agent_3/packets/dsdm_packet.pt	3126768	model/checkpoint/packet payload	planned
cifar100_4agent_25cls_hetero4arch_ipc10_guardian_vgg_dense_ep60_lr0p01_fr0p35_kd0p6_t4p0_self3p0	outputs/cifar100_4agent_25cls_hetero4arch_ipc10_guardian_vgg_dense_ep60_lr0p01_fr0p35_kd0p6_t4p0_self3p0/agents/agent_3/checkpoints/expert_model.pt	28123900	model/checkpoint/packet payload	planned
cifar100_4agent_25cls_hetero4arch_ipc10_guardian_vgg_dense_ep60_lr0p01_fr0p35_kd0p6_t4p0_self3p0	outputs/cifar100_4agent_25cls_hetero4arch_ipc10_guardian_vgg_dense_ep60_lr0p01_fr0p35_kd0p6_t4p0_self3p0/packet_hub/dsdm/agent_0_dsdm_packet.pt	3126768	model/checkpoint/packet payload	planned
cifar100_4agent_25cls_hetero4arch_ipc10_guardian_vgg_dense_ep60_lr0p01_fr0p35_kd0p6_t4p0_self3p0	outputs/cifar100_4agent_25cls_hetero4arch_ipc10_guardian_vgg_dense_ep60_lr0p01_fr0p35_kd0p6_t4p0_self3p0/packet_hub/dsdm/agent_1_dsdm_packet.pt	3126768	model/checkpoint/packet payload	planned
cifar100_4agent_25cls_hetero4arch_ipc10_guardian_vgg_dense_ep60_lr0p01_fr0p35_kd0p6_t4p0_self3p0	outputs/cifar100_4agent_25cls_hetero4arch_ipc10_guardian_vgg_dense_ep60_lr0p01_fr0p35_kd0p6_t4p0_self3p0/packet_hub/dsdm/agent_2_dsdm_packet.pt	3126768	model/checkpoint/packet payload	planned
cifar100_4agent_25cls_hetero4arch_ipc10_guardian_vgg_dense_ep60_lr0p01_fr0p35_kd0p6_t4p0_self3p0	outputs/cifar100_4agent_25cls_hetero4arch_ipc10_guardian_vgg_dense_ep60_lr0p01_fr0p35_kd0p6_t4p0_self3p0/packet_hub/dsdm/agent_3_dsdm_packet.pt	3126768	model/checkpoint/packet payload	planned
cifar100_4agent_25cls_hetero4arch_ipc10_guardian_vgg_dense_ep60_lr0p01_fr0p35_kd0p6_t4p0_self4p0	outputs/cifar100_4agent_25cls_hetero4arch_ipc10_guardian_vgg_dense_ep60_lr0p01_fr0p35_kd0p6_t4p0_self4p0/agents/agent_0/packets/dsdm_packet.pt	3126768	model/checkpoint/packet payload	planned
cifar100_4agent_25cls_hetero4arch_ipc10_guardian_vgg_dense_ep60_lr0p01_fr0p35_kd0p6_t4p0_self4p0	outputs/cifar100_4agent_25cls_hetero4arch_ipc10_guardian_vgg_dense_ep60_lr0p01_fr0p35_kd0p6_t4p0_self4p0/agents/agent_0/checkpoints/expert_model.pt	2023046	model/checkpoint/packet payload	planned
cifar100_4agent_25cls_hetero4arch_ipc10_guardian_vgg_dense_ep60_lr0p01_fr0p35_kd0p6_t4p0_self4p0	outputs/cifar100_4agent_25cls_hetero4arch_ipc10_guardian_vgg_dense_ep60_lr0p01_fr0p35_kd0p6_t4p0_self4p0/agents/agent_1/packets/dsdm_packet.pt	3126768	model/checkpoint/packet payload	planned
cifar100_4agent_25cls_hetero4arch_ipc10_guardian_vgg_dense_ep60_lr0p01_fr0p35_kd0p6_t4p0_self4p0	outputs/cifar100_4agent_25cls_hetero4arch_ipc10_guardian_vgg_dense_ep60_lr0p01_fr0p35_kd0p6_t4p0_self4p0/agents/agent_1/checkpoints/expert_model.pt	4325454	model/checkpoint/packet payload	planned
cifar100_4agent_25cls_hetero4arch_ipc10_guardian_vgg_dense_ep60_lr0p01_fr0p35_kd0p6_t4p0_self4p0	outputs/cifar100_4agent_25cls_hetero4arch_ipc10_guardian_vgg_dense_ep60_lr0p01_fr0p35_kd0p6_t4p0_self4p0/agents/agent_2/packets/dsdm_packet.pt	3126768	model/checkpoint/packet payload	planned
cifar100_4agent_25cls_hetero4arch_ipc10_guardian_vgg_dense_ep60_lr0p01_fr0p35_kd0p6_t4p0_self4p0	outputs/cifar100_4agent_25cls_hetero4arch_ipc10_guardian_vgg_dense_ep60_lr0p01_fr0p35_kd0p6_t4p0_self4p0/agents/agent_2/checkpoints/expert_model.pt	39239126	model/checkpoint/packet payload	planned
cifar100_4agent_25cls_hetero4arch_ipc10_guardian_vgg_dense_ep60_lr0p01_fr0p35_kd0p6_t4p0_self4p0	outputs/cifar100_4agent_25cls_hetero4arch_ipc10_guardian_vgg_dense_ep60_lr0p01_fr0p35_kd0p6_t4p0_self4p0/agents/agent_3/packets/dsdm_packet.pt	3126768	model/checkpoint/packet payload	planned
cifar100_4agent_25cls_hetero4arch_ipc10_guardian_vgg_dense_ep60_lr0p01_fr0p35_kd0p6_t4p0_self4p0	outputs/cifar100_4agent_25cls_hetero4arch_ipc10_guardian_vgg_dense_ep60_lr0p01_fr0p35_kd0p6_t4p0_self4p0/agents/agent_3/checkpoints/expert_model.pt	28123900	model/checkpoint/packet payload	planned
cifar100_4agent_25cls_hetero4arch_ipc10_guardian_vgg_dense_ep60_lr0p01_fr0p35_kd0p6_t4p0_self4p0	outputs/cifar100_4agent_25cls_hetero4arch_ipc10_guardian_vgg_dense_ep60_lr0p01_fr0p35_kd0p6_t4p0_self4p0/packet_hub/dsdm/agent_0_dsdm_packet.pt	3126768	model/checkpoint/packet payload	planned
cifar100_4agent_25cls_hetero4arch_ipc10_guardian_vgg_dense_ep60_lr0p01_fr0p35_kd0p6_t4p0_self4p0	outputs/cifar100_4agent_25cls_hetero4arch_ipc10_guardian_vgg_dense_ep60_lr0p01_fr0p35_kd0p6_t4p0_self4p0/packet_hub/dsdm/agent_1_dsdm_packet.pt	3126768	model/checkpoint/packet payload	planned
cifar100_4agent_25cls_hetero4arch_ipc10_guardian_vgg_dense_ep60_lr0p01_fr0p35_kd0p6_t4p0_self4p0	outputs/cifar100_4agent_25cls_hetero4arch_ipc10_guardian_vgg_dense_ep60_lr0p01_fr0p35_kd0p6_t4p0_self4p0/packet_hub/dsdm/agent_2_dsdm_packet.pt	3126768	model/checkpoint/packet payload	planned
cifar100_4agent_25cls_hetero4arch_ipc10_guardian_vgg_dense_ep60_lr0p01_fr0p35_kd0p6_t4p0_self4p0	outputs/cifar100_4agent_25cls_hetero4arch_ipc10_guardian_vgg_dense_ep60_lr0p01_fr0p35_kd0p6_t4p0_self4p0/packet_hub/dsdm/agent_3_dsdm_packet.pt	3126768	model/checkpoint/packet payload	planned
cifar100_4agent_25cls_hetero4arch_ipc10_guardian_vgg_dense_ep60_lr0p01_fr0p3_kd0p3_t3p0_self2p5	outputs/cifar100_4agent_25cls_hetero4arch_ipc10_guardian_vgg_dense_ep60_lr0p01_fr0p3_kd0p3_t3p0_self2p5/agents/agent_0/packets/dsdm_packet.pt	3126768	model/checkpoint/packet payload	planned
cifar100_4agent_25cls_hetero4arch_ipc10_guardian_vgg_dense_ep60_lr0p01_fr0p3_kd0p3_t3p0_self2p5	outputs/cifar100_4agent_25cls_hetero4arch_ipc10_guardian_vgg_dense_ep60_lr0p01_fr0p3_kd0p3_t3p0_self2p5/agents/agent_0/checkpoints/expert_model.pt	2023046	model/checkpoint/packet payload	planned
cifar100_4agent_25cls_hetero4arch_ipc10_guardian_vgg_dense_ep60_lr0p01_fr0p3_kd0p3_t3p0_self2p5	outputs/cifar100_4agent_25cls_hetero4arch_ipc10_guardian_vgg_dense_ep60_lr0p01_fr0p3_kd0p3_t3p0_self2p5/agents/agent_1/packets/dsdm_packet.pt	3126768	model/checkpoint/packet payload	planned
cifar100_4agent_25cls_hetero4arch_ipc10_guardian_vgg_dense_ep60_lr0p01_fr0p3_kd0p3_t3p0_self2p5	outputs/cifar100_4agent_25cls_hetero4arch_ipc10_guardian_vgg_dense_ep60_lr0p01_fr0p3_kd0p3_t3p0_self2p5/agents/agent_1/checkpoints/expert_model.pt	4325454	model/checkpoint/packet payload	planned
cifar100_4agent_25cls_hetero4arch_ipc10_guardian_vgg_dense_ep60_lr0p01_fr0p3_kd0p3_t3p0_self2p5	outputs/cifar100_4agent_25cls_hetero4arch_ipc10_guardian_vgg_dense_ep60_lr0p01_fr0p3_kd0p3_t3p0_self2p5/agents/agent_2/packets/dsdm_packet.pt	3126768	model/checkpoint/packet payload	planned
cifar100_4agent_25cls_hetero4arch_ipc10_guardian_vgg_dense_ep60_lr0p01_fr0p3_kd0p3_t3p0_self2p5	outputs/cifar100_4agent_25cls_hetero4arch_ipc10_guardian_vgg_dense_ep60_lr0p01_fr0p3_kd0p3_t3p0_self2p5/agents/agent_2/checkpoints/expert_model.pt	39239126	model/checkpoint/packet payload	planned
cifar100_4agent_25cls_hetero4arch_ipc10_guardian_vgg_dense_ep60_lr0p01_fr0p3_kd0p3_t3p0_self2p5	outputs/cifar100_4agent_25cls_hetero4arch_ipc10_guardian_vgg_dense_ep60_lr0p01_fr0p3_kd0p3_t3p0_self2p5/agents/agent_3/packets/dsdm_packet.pt	3126768	model/checkpoint/packet payload	planned
cifar100_4agent_25cls_hetero4arch_ipc10_guardian_vgg_dense_ep60_lr0p01_fr0p3_kd0p3_t3p0_self2p5	outputs/cifar100_4agent_25cls_hetero4arch_ipc10_guardian_vgg_dense_ep60_lr0p01_fr0p3_kd0p3_t3p0_self2p5/agents/agent_3/checkpoints/expert_model.pt	28123900	model/checkpoint/packet payload	planned
cifar100_4agent_25cls_hetero4arch_ipc10_guardian_vgg_dense_ep60_lr0p01_fr0p3_kd0p3_t3p0_self2p5	outputs/cifar100_4agent_25cls_hetero4arch_ipc10_guardian_vgg_dense_ep60_lr0p01_fr0p3_kd0p3_t3p0_self2p5/packet_hub/dsdm/agent_0_dsdm_packet.pt	3126768	model/checkpoint/packet payload	planned
cifar100_4agent_25cls_hetero4arch_ipc10_guardian_vgg_dense_ep60_lr0p01_fr0p3_kd0p3_t3p0_self2p5	outputs/cifar100_4agent_25cls_hetero4arch_ipc10_guardian_vgg_dense_ep60_lr0p01_fr0p3_kd0p3_t3p0_self2p5/packet_hub/dsdm/agent_1_dsdm_packet.pt	3126768	model/checkpoint/packet payload	planned
cifar100_4agent_25cls_hetero4arch_ipc10_guardian_vgg_dense_ep60_lr0p01_fr0p3_kd0p3_t3p0_self2p5	outputs/cifar100_4agent_25cls_hetero4arch_ipc10_guardian_vgg_dense_ep60_lr0p01_fr0p3_kd0p3_t3p0_self2p5/packet_hub/dsdm/agent_2_dsdm_packet.pt	3126768	model/checkpoint/packet payload	planned
cifar100_4agent_25cls_hetero4arch_ipc10_guardian_vgg_dense_ep60_lr0p01_fr0p3_kd0p3_t3p0_self2p5	outputs/cifar100_4agent_25cls_hetero4arch_ipc10_guardian_vgg_dense_ep60_lr0p01_fr0p3_kd0p3_t3p0_self2p5/packet_hub/dsdm/agent_3_dsdm_packet.pt	3126768	model/checkpoint/packet payload	planned
cifar100_4agent_25cls_hetero4arch_ipc10_guardian_vgg_dense_ep60_lr0p01_fr0p3_kd0p3_t3p0_self3p0	outputs/cifar100_4agent_25cls_hetero4arch_ipc10_guardian_vgg_dense_ep60_lr0p01_fr0p3_kd0p3_t3p0_self3p0/agents/agent_0/packets/dsdm_packet.pt	3126768	model/checkpoint/packet payload	planned
cifar100_4agent_25cls_hetero4arch_ipc10_guardian_vgg_dense_ep60_lr0p01_fr0p3_kd0p3_t3p0_self3p0	outputs/cifar100_4agent_25cls_hetero4arch_ipc10_guardian_vgg_dense_ep60_lr0p01_fr0p3_kd0p3_t3p0_self3p0/agents/agent_0/checkpoints/expert_model.pt	2023046	model/checkpoint/packet payload	planned
cifar100_4agent_25cls_hetero4arch_ipc10_guardian_vgg_dense_ep60_lr0p01_fr0p3_kd0p3_t3p0_self3p0	outputs/cifar100_4agent_25cls_hetero4arch_ipc10_guardian_vgg_dense_ep60_lr0p01_fr0p3_kd0p3_t3p0_self3p0/agents/agent_1/packets/dsdm_packet.pt	3126768	model/checkpoint/packet payload	planned
cifar100_4agent_25cls_hetero4arch_ipc10_guardian_vgg_dense_ep60_lr0p01_fr0p3_kd0p3_t3p0_self3p0	outputs/cifar100_4agent_25cls_hetero4arch_ipc10_guardian_vgg_dense_ep60_lr0p01_fr0p3_kd0p3_t3p0_self3p0/agents/agent_1/checkpoints/expert_model.pt	4325454	model/checkpoint/packet payload	planned
cifar100_4agent_25cls_hetero4arch_ipc10_guardian_vgg_dense_ep60_lr0p01_fr0p3_kd0p3_t3p0_self3p0	outputs/cifar100_4agent_25cls_hetero4arch_ipc10_guardian_vgg_dense_ep60_lr0p01_fr0p3_kd0p3_t3p0_self3p0/agents/agent_2/packets/dsdm_packet.pt	3126768	model/checkpoint/packet payload	planned
cifar100_4agent_25cls_hetero4arch_ipc10_guardian_vgg_dense_ep60_lr0p01_fr0p3_kd0p3_t3p0_self3p0	outputs/cifar100_4agent_25cls_hetero4arch_ipc10_guardian_vgg_dense_ep60_lr0p01_fr0p3_kd0p3_t3p0_self3p0/agents/agent_2/checkpoints/expert_model.pt	39239126	model/checkpoint/packet payload	planned
cifar100_4agent_25cls_hetero4arch_ipc10_guardian_vgg_dense_ep60_lr0p01_fr0p3_kd0p3_t3p0_self3p0	outputs/cifar100_4agent_25cls_hetero4arch_ipc10_guardian_vgg_dense_ep60_lr0p01_fr0p3_kd0p3_t3p0_self3p0/agents/agent_3/packets/dsdm_packet.pt	3126768	model/checkpoint/packet payload	planned
cifar100_4agent_25cls_hetero4arch_ipc10_guardian_vgg_dense_ep60_lr0p01_fr0p3_kd0p3_t3p0_self3p0	outputs/cifar100_4agent_25cls_hetero4arch_ipc10_guardian_vgg_dense_ep60_lr0p01_fr0p3_kd0p3_t3p0_self3p0/agents/agent_3/checkpoints/expert_model.pt	28123900	model/checkpoint/packet payload	planned
cifar100_4agent_25cls_hetero4arch_ipc10_guardian_vgg_dense_ep60_lr0p01_fr0p3_kd0p3_t3p0_self3p0	outputs/cifar100_4agent_25cls_hetero4arch_ipc10_guardian_vgg_dense_ep60_lr0p01_fr0p3_kd0p3_t3p0_self3p0/packet_hub/dsdm/agent_0_dsdm_packet.pt	3126768	model/checkpoint/packet payload	planned
cifar100_4agent_25cls_hetero4arch_ipc10_guardian_vgg_dense_ep60_lr0p01_fr0p3_kd0p3_t3p0_self3p0	outputs/cifar100_4agent_25cls_hetero4arch_ipc10_guardian_vgg_dense_ep60_lr0p01_fr0p3_kd0p3_t3p0_self3p0/packet_hub/dsdm/agent_1_dsdm_packet.pt	3126768	model/checkpoint/packet payload	planned
cifar100_4agent_25cls_hetero4arch_ipc10_guardian_vgg_dense_ep60_lr0p01_fr0p3_kd0p3_t3p0_self3p0	outputs/cifar100_4agent_25cls_hetero4arch_ipc10_guardian_vgg_dense_ep60_lr0p01_fr0p3_kd0p3_t3p0_self3p0/packet_hub/dsdm/agent_2_dsdm_packet.pt	3126768	model/checkpoint/packet payload	planned
cifar100_4agent_25cls_hetero4arch_ipc10_guardian_vgg_dense_ep60_lr0p01_fr0p3_kd0p3_t3p0_self3p0	outputs/cifar100_4agent_25cls_hetero4arch_ipc10_guardian_vgg_dense_ep60_lr0p01_fr0p3_kd0p3_t3p0_self3p0/packet_hub/dsdm/agent_3_dsdm_packet.pt	3126768	model/checkpoint/packet payload	planned
cifar100_4agent_25cls_hetero4arch_ipc10_guardian_vgg_dense_ep60_lr0p01_fr0p3_kd0p3_t3p0_self4p0	outputs/cifar100_4agent_25cls_hetero4arch_ipc10_guardian_vgg_dense_ep60_lr0p01_fr0p3_kd0p3_t3p0_self4p0/agents/agent_0/packets/dsdm_packet.pt	3126768	model/checkpoint/packet payload	planned
cifar100_4agent_25cls_hetero4arch_ipc10_guardian_vgg_dense_ep60_lr0p01_fr0p3_kd0p3_t3p0_self4p0	outputs/cifar100_4agent_25cls_hetero4arch_ipc10_guardian_vgg_dense_ep60_lr0p01_fr0p3_kd0p3_t3p0_self4p0/agents/agent_0/checkpoints/expert_model.pt	2023046	model/checkpoint/packet payload	planned
cifar100_4agent_25cls_hetero4arch_ipc10_guardian_vgg_dense_ep60_lr0p01_fr0p3_kd0p3_t3p0_self4p0	outputs/cifar100_4agent_25cls_hetero4arch_ipc10_guardian_vgg_dense_ep60_lr0p01_fr0p3_kd0p3_t3p0_self4p0/agents/agent_1/packets/dsdm_packet.pt	3126768	model/checkpoint/packet payload	planned
cifar100_4agent_25cls_hetero4arch_ipc10_guardian_vgg_dense_ep60_lr0p01_fr0p3_kd0p3_t3p0_self4p0	outputs/cifar100_4agent_25cls_hetero4arch_ipc10_guardian_vgg_dense_ep60_lr0p01_fr0p3_kd0p3_t3p0_self4p0/agents/agent_1/checkpoints/expert_model.pt	4325454	model/checkpoint/packet payload	planned
cifar100_4agent_25cls_hetero4arch_ipc10_guardian_vgg_dense_ep60_lr0p01_fr0p3_kd0p3_t3p0_self4p0	outputs/cifar100_4agent_25cls_hetero4arch_ipc10_guardian_vgg_dense_ep60_lr0p01_fr0p3_kd0p3_t3p0_self4p0/agents/agent_2/packets/dsdm_packet.pt	3126768	model/checkpoint/packet payload	planned
cifar100_4agent_25cls_hetero4arch_ipc10_guardian_vgg_dense_ep60_lr0p01_fr0p3_kd0p3_t3p0_self4p0	outputs/cifar100_4agent_25cls_hetero4arch_ipc10_guardian_vgg_dense_ep60_lr0p01_fr0p3_kd0p3_t3p0_self4p0/agents/agent_2/checkpoints/expert_model.pt	39239126	model/checkpoint/packet payload	planned
cifar100_4agent_25cls_hetero4arch_ipc10_guardian_vgg_dense_ep60_lr0p01_fr0p3_kd0p3_t3p0_self4p0	outputs/cifar100_4agent_25cls_hetero4arch_ipc10_guardian_vgg_dense_ep60_lr0p01_fr0p3_kd0p3_t3p0_self4p0/agents/agent_3/packets/dsdm_packet.pt	3126768	model/checkpoint/packet payload	planned
cifar100_4agent_25cls_hetero4arch_ipc10_guardian_vgg_dense_ep60_lr0p01_fr0p3_kd0p3_t3p0_self4p0	outputs/cifar100_4agent_25cls_hetero4arch_ipc10_guardian_vgg_dense_ep60_lr0p01_fr0p3_kd0p3_t3p0_self4p0/agents/agent_3/checkpoints/expert_model.pt	28123900	model/checkpoint/packet payload	planned
cifar100_4agent_25cls_hetero4arch_ipc10_guardian_vgg_dense_ep60_lr0p01_fr0p3_kd0p3_t3p0_self4p0	outputs/cifar100_4agent_25cls_hetero4arch_ipc10_guardian_vgg_dense_ep60_lr0p01_fr0p3_kd0p3_t3p0_self4p0/packet_hub/dsdm/agent_0_dsdm_packet.pt	3126768	model/checkpoint/packet payload	planned
cifar100_4agent_25cls_hetero4arch_ipc10_guardian_vgg_dense_ep60_lr0p01_fr0p3_kd0p3_t3p0_self4p0	outputs/cifar100_4agent_25cls_hetero4arch_ipc10_guardian_vgg_dense_ep60_lr0p01_fr0p3_kd0p3_t3p0_self4p0/packet_hub/dsdm/agent_1_dsdm_packet.pt	3126768	model/checkpoint/packet payload	planned
cifar100_4agent_25cls_hetero4arch_ipc10_guardian_vgg_dense_ep60_lr0p01_fr0p3_kd0p3_t3p0_self4p0	outputs/cifar100_4agent_25cls_hetero4arch_ipc10_guardian_vgg_dense_ep60_lr0p01_fr0p3_kd0p3_t3p0_self4p0/packet_hub/dsdm/agent_2_dsdm_packet.pt	3126768	model/checkpoint/packet payload	planned
cifar100_4agent_25cls_hetero4arch_ipc10_guardian_vgg_dense_ep60_lr0p01_fr0p3_kd0p3_t3p0_self4p0	outputs/cifar100_4agent_25cls_hetero4arch_ipc10_guardian_vgg_dense_ep60_lr0p01_fr0p3_kd0p3_t3p0_self4p0/packet_hub/dsdm/agent_3_dsdm_packet.pt	3126768	model/checkpoint/packet payload	planned
cifar100_4agent_25cls_hetero4arch_ipc10_guardian_vgg_dense_ep60_lr0p01_fr0p3_kd0p3_t4p0_self2p5	outputs/cifar100_4agent_25cls_hetero4arch_ipc10_guardian_vgg_dense_ep60_lr0p01_fr0p3_kd0p3_t4p0_self2p5/agents/agent_0/packets/dsdm_packet.pt	3126768	model/checkpoint/packet payload	planned
cifar100_4agent_25cls_hetero4arch_ipc10_guardian_vgg_dense_ep60_lr0p01_fr0p3_kd0p3_t4p0_self2p5	outputs/cifar100_4agent_25cls_hetero4arch_ipc10_guardian_vgg_dense_ep60_lr0p01_fr0p3_kd0p3_t4p0_self2p5/agents/agent_0/checkpoints/expert_model.pt	2023046	model/checkpoint/packet payload	planned
cifar100_4agent_25cls_hetero4arch_ipc10_guardian_vgg_dense_ep60_lr0p01_fr0p3_kd0p3_t4p0_self2p5	outputs/cifar100_4agent_25cls_hetero4arch_ipc10_guardian_vgg_dense_ep60_lr0p01_fr0p3_kd0p3_t4p0_self2p5/agents/agent_1/packets/dsdm_packet.pt	3126768	model/checkpoint/packet payload	planned
cifar100_4agent_25cls_hetero4arch_ipc10_guardian_vgg_dense_ep60_lr0p01_fr0p3_kd0p3_t4p0_self2p5	outputs/cifar100_4agent_25cls_hetero4arch_ipc10_guardian_vgg_dense_ep60_lr0p01_fr0p3_kd0p3_t4p0_self2p5/agents/agent_1/checkpoints/expert_model.pt	4325454	model/checkpoint/packet payload	planned
cifar100_4agent_25cls_hetero4arch_ipc10_guardian_vgg_dense_ep60_lr0p01_fr0p3_kd0p3_t4p0_self2p5	outputs/cifar100_4agent_25cls_hetero4arch_ipc10_guardian_vgg_dense_ep60_lr0p01_fr0p3_kd0p3_t4p0_self2p5/agents/agent_2/packets/dsdm_packet.pt	3126768	model/checkpoint/packet payload	planned
cifar100_4agent_25cls_hetero4arch_ipc10_guardian_vgg_dense_ep60_lr0p01_fr0p3_kd0p3_t4p0_self2p5	outputs/cifar100_4agent_25cls_hetero4arch_ipc10_guardian_vgg_dense_ep60_lr0p01_fr0p3_kd0p3_t4p0_self2p5/agents/agent_2/checkpoints/expert_model.pt	39239126	model/checkpoint/packet payload	planned
cifar100_4agent_25cls_hetero4arch_ipc10_guardian_vgg_dense_ep60_lr0p01_fr0p3_kd0p3_t4p0_self2p5	outputs/cifar100_4agent_25cls_hetero4arch_ipc10_guardian_vgg_dense_ep60_lr0p01_fr0p3_kd0p3_t4p0_self2p5/agents/agent_3/packets/dsdm_packet.pt	3126768	model/checkpoint/packet payload	planned
cifar100_4agent_25cls_hetero4arch_ipc10_guardian_vgg_dense_ep60_lr0p01_fr0p3_kd0p3_t4p0_self2p5	outputs/cifar100_4agent_25cls_hetero4arch_ipc10_guardian_vgg_dense_ep60_lr0p01_fr0p3_kd0p3_t4p0_self2p5/agents/agent_3/checkpoints/expert_model.pt	28123900	model/checkpoint/packet payload	planned
cifar100_4agent_25cls_hetero4arch_ipc10_guardian_vgg_dense_ep60_lr0p01_fr0p3_kd0p3_t4p0_self2p5	outputs/cifar100_4agent_25cls_hetero4arch_ipc10_guardian_vgg_dense_ep60_lr0p01_fr0p3_kd0p3_t4p0_self2p5/packet_hub/dsdm/agent_0_dsdm_packet.pt	3126768	model/checkpoint/packet payload	planned
cifar100_4agent_25cls_hetero4arch_ipc10_guardian_vgg_dense_ep60_lr0p01_fr0p3_kd0p3_t4p0_self2p5	outputs/cifar100_4agent_25cls_hetero4arch_ipc10_guardian_vgg_dense_ep60_lr0p01_fr0p3_kd0p3_t4p0_self2p5/packet_hub/dsdm/agent_1_dsdm_packet.pt	3126768	model/checkpoint/packet payload	planned
cifar100_4agent_25cls_hetero4arch_ipc10_guardian_vgg_dense_ep60_lr0p01_fr0p3_kd0p3_t4p0_self2p5	outputs/cifar100_4agent_25cls_hetero4arch_ipc10_guardian_vgg_dense_ep60_lr0p01_fr0p3_kd0p3_t4p0_self2p5/packet_hub/dsdm/agent_2_dsdm_packet.pt	3126768	model/checkpoint/packet payload	planned
cifar100_4agent_25cls_hetero4arch_ipc10_guardian_vgg_dense_ep60_lr0p01_fr0p3_kd0p3_t4p0_self2p5	outputs/cifar100_4agent_25cls_hetero4arch_ipc10_guardian_vgg_dense_ep60_lr0p01_fr0p3_kd0p3_t4p0_self2p5/packet_hub/dsdm/agent_3_dsdm_packet.pt	3126768	model/checkpoint/packet payload	planned
cifar100_4agent_25cls_hetero4arch_ipc10_guardian_vgg_dense_ep60_lr0p01_fr0p3_kd0p3_t4p0_self3p0	outputs/cifar100_4agent_25cls_hetero4arch_ipc10_guardian_vgg_dense_ep60_lr0p01_fr0p3_kd0p3_t4p0_self3p0/agents/agent_0/packets/dsdm_packet.pt	3126768	model/checkpoint/packet payload	planned
cifar100_4agent_25cls_hetero4arch_ipc10_guardian_vgg_dense_ep60_lr0p01_fr0p3_kd0p3_t4p0_self3p0	outputs/cifar100_4agent_25cls_hetero4arch_ipc10_guardian_vgg_dense_ep60_lr0p01_fr0p3_kd0p3_t4p0_self3p0/agents/agent_0/checkpoints/expert_model.pt	2023046	model/checkpoint/packet payload	planned
cifar100_4agent_25cls_hetero4arch_ipc10_guardian_vgg_dense_ep60_lr0p01_fr0p3_kd0p3_t4p0_self3p0	outputs/cifar100_4agent_25cls_hetero4arch_ipc10_guardian_vgg_dense_ep60_lr0p01_fr0p3_kd0p3_t4p0_self3p0/agents/agent_1/packets/dsdm_packet.pt	3126768	model/checkpoint/packet payload	planned
cifar100_4agent_25cls_hetero4arch_ipc10_guardian_vgg_dense_ep60_lr0p01_fr0p3_kd0p3_t4p0_self3p0	outputs/cifar100_4agent_25cls_hetero4arch_ipc10_guardian_vgg_dense_ep60_lr0p01_fr0p3_kd0p3_t4p0_self3p0/agents/agent_1/checkpoints/expert_model.pt	4325454	model/checkpoint/packet payload	planned
cifar100_4agent_25cls_hetero4arch_ipc10_guardian_vgg_dense_ep60_lr0p01_fr0p3_kd0p3_t4p0_self3p0	outputs/cifar100_4agent_25cls_hetero4arch_ipc10_guardian_vgg_dense_ep60_lr0p01_fr0p3_kd0p3_t4p0_self3p0/agents/agent_2/packets/dsdm_packet.pt	3126768	model/checkpoint/packet payload	planned
cifar100_4agent_25cls_hetero4arch_ipc10_guardian_vgg_dense_ep60_lr0p01_fr0p3_kd0p3_t4p0_self3p0	outputs/cifar100_4agent_25cls_hetero4arch_ipc10_guardian_vgg_dense_ep60_lr0p01_fr0p3_kd0p3_t4p0_self3p0/agents/agent_2/checkpoints/expert_model.pt	39239126	model/checkpoint/packet payload	planned
cifar100_4agent_25cls_hetero4arch_ipc10_guardian_vgg_dense_ep60_lr0p01_fr0p3_kd0p3_t4p0_self3p0	outputs/cifar100_4agent_25cls_hetero4arch_ipc10_guardian_vgg_dense_ep60_lr0p01_fr0p3_kd0p3_t4p0_self3p0/agents/agent_3/packets/dsdm_packet.pt	3126768	model/checkpoint/packet payload	planned
cifar100_4agent_25cls_hetero4arch_ipc10_guardian_vgg_dense_ep60_lr0p01_fr0p3_kd0p3_t4p0_self3p0	outputs/cifar100_4agent_25cls_hetero4arch_ipc10_guardian_vgg_dense_ep60_lr0p01_fr0p3_kd0p3_t4p0_self3p0/agents/agent_3/checkpoints/expert_model.pt	28123900	model/checkpoint/packet payload	planned
cifar100_4agent_25cls_hetero4arch_ipc10_guardian_vgg_dense_ep60_lr0p01_fr0p3_kd0p3_t4p0_self3p0	outputs/cifar100_4agent_25cls_hetero4arch_ipc10_guardian_vgg_dense_ep60_lr0p01_fr0p3_kd0p3_t4p0_self3p0/packet_hub/dsdm/agent_0_dsdm_packet.pt	3126768	model/checkpoint/packet payload	planned
cifar100_4agent_25cls_hetero4arch_ipc10_guardian_vgg_dense_ep60_lr0p01_fr0p3_kd0p3_t4p0_self3p0	outputs/cifar100_4agent_25cls_hetero4arch_ipc10_guardian_vgg_dense_ep60_lr0p01_fr0p3_kd0p3_t4p0_self3p0/packet_hub/dsdm/agent_1_dsdm_packet.pt	3126768	model/checkpoint/packet payload	planned
cifar100_4agent_25cls_hetero4arch_ipc10_guardian_vgg_dense_ep60_lr0p01_fr0p3_kd0p3_t4p0_self3p0	outputs/cifar100_4agent_25cls_hetero4arch_ipc10_guardian_vgg_dense_ep60_lr0p01_fr0p3_kd0p3_t4p0_self3p0/packet_hub/dsdm/agent_2_dsdm_packet.pt	3126768	model/checkpoint/packet payload	planned
cifar100_4agent_25cls_hetero4arch_ipc10_guardian_vgg_dense_ep60_lr0p01_fr0p3_kd0p3_t4p0_self3p0	outputs/cifar100_4agent_25cls_hetero4arch_ipc10_guardian_vgg_dense_ep60_lr0p01_fr0p3_kd0p3_t4p0_self3p0/packet_hub/dsdm/agent_3_dsdm_packet.pt	3126768	model/checkpoint/packet payload	planned
cifar100_4agent_25cls_hetero4arch_ipc10_guardian_vgg_dense_ep60_lr0p01_fr0p3_kd0p3_t4p0_self4p0	outputs/cifar100_4agent_25cls_hetero4arch_ipc10_guardian_vgg_dense_ep60_lr0p01_fr0p3_kd0p3_t4p0_self4p0/agents/agent_0/packets/dsdm_packet.pt	3126768	model/checkpoint/packet payload	planned
cifar100_4agent_25cls_hetero4arch_ipc10_guardian_vgg_dense_ep60_lr0p01_fr0p3_kd0p3_t4p0_self4p0	outputs/cifar100_4agent_25cls_hetero4arch_ipc10_guardian_vgg_dense_ep60_lr0p01_fr0p3_kd0p3_t4p0_self4p0/agents/agent_0/checkpoints/expert_model.pt	2023046	model/checkpoint/packet payload	planned
cifar100_4agent_25cls_hetero4arch_ipc10_guardian_vgg_dense_ep60_lr0p01_fr0p3_kd0p3_t4p0_self4p0	outputs/cifar100_4agent_25cls_hetero4arch_ipc10_guardian_vgg_dense_ep60_lr0p01_fr0p3_kd0p3_t4p0_self4p0/agents/agent_1/packets/dsdm_packet.pt	3126768	model/checkpoint/packet payload	planned
cifar100_4agent_25cls_hetero4arch_ipc10_guardian_vgg_dense_ep60_lr0p01_fr0p3_kd0p3_t4p0_self4p0	outputs/cifar100_4agent_25cls_hetero4arch_ipc10_guardian_vgg_dense_ep60_lr0p01_fr0p3_kd0p3_t4p0_self4p0/agents/agent_1/checkpoints/expert_model.pt	4325454	model/checkpoint/packet payload	planned
cifar100_4agent_25cls_hetero4arch_ipc10_guardian_vgg_dense_ep60_lr0p01_fr0p3_kd0p3_t4p0_self4p0	outputs/cifar100_4agent_25cls_hetero4arch_ipc10_guardian_vgg_dense_ep60_lr0p01_fr0p3_kd0p3_t4p0_self4p0/agents/agent_2/packets/dsdm_packet.pt	3126768	model/checkpoint/packet payload	planned
cifar100_4agent_25cls_hetero4arch_ipc10_guardian_vgg_dense_ep60_lr0p01_fr0p3_kd0p3_t4p0_self4p0	outputs/cifar100_4agent_25cls_hetero4arch_ipc10_guardian_vgg_dense_ep60_lr0p01_fr0p3_kd0p3_t4p0_self4p0/agents/agent_2/checkpoints/expert_model.pt	39239126	model/checkpoint/packet payload	planned
cifar100_4agent_25cls_hetero4arch_ipc10_guardian_vgg_dense_ep60_lr0p01_fr0p3_kd0p3_t4p0_self4p0	outputs/cifar100_4agent_25cls_hetero4arch_ipc10_guardian_vgg_dense_ep60_lr0p01_fr0p3_kd0p3_t4p0_self4p0/agents/agent_3/packets/dsdm_packet.pt	3126768	model/checkpoint/packet payload	planned
cifar100_4agent_25cls_hetero4arch_ipc10_guardian_vgg_dense_ep60_lr0p01_fr0p3_kd0p3_t4p0_self4p0	outputs/cifar100_4agent_25cls_hetero4arch_ipc10_guardian_vgg_dense_ep60_lr0p01_fr0p3_kd0p3_t4p0_self4p0/agents/agent_3/checkpoints/expert_model.pt	28123900	model/checkpoint/packet payload	planned
cifar100_4agent_25cls_hetero4arch_ipc10_guardian_vgg_dense_ep60_lr0p01_fr0p3_kd0p3_t4p0_self4p0	outputs/cifar100_4agent_25cls_hetero4arch_ipc10_guardian_vgg_dense_ep60_lr0p01_fr0p3_kd0p3_t4p0_self4p0/packet_hub/dsdm/agent_0_dsdm_packet.pt	3126768	model/checkpoint/packet payload	planned
cifar100_4agent_25cls_hetero4arch_ipc10_guardian_vgg_dense_ep60_lr0p01_fr0p3_kd0p3_t4p0_self4p0	outputs/cifar100_4agent_25cls_hetero4arch_ipc10_guardian_vgg_dense_ep60_lr0p01_fr0p3_kd0p3_t4p0_self4p0/packet_hub/dsdm/agent_1_dsdm_packet.pt	3126768	model/checkpoint/packet payload	planned
cifar100_4agent_25cls_hetero4arch_ipc10_guardian_vgg_dense_ep60_lr0p01_fr0p3_kd0p3_t4p0_self4p0	outputs/cifar100_4agent_25cls_hetero4arch_ipc10_guardian_vgg_dense_ep60_lr0p01_fr0p3_kd0p3_t4p0_self4p0/packet_hub/dsdm/agent_2_dsdm_packet.pt	3126768	model/checkpoint/packet payload	planned
cifar100_4agent_25cls_hetero4arch_ipc10_guardian_vgg_dense_ep60_lr0p01_fr0p3_kd0p3_t4p0_self4p0	outputs/cifar100_4agent_25cls_hetero4arch_ipc10_guardian_vgg_dense_ep60_lr0p01_fr0p3_kd0p3_t4p0_self4p0/packet_hub/dsdm/agent_3_dsdm_packet.pt	3126768	model/checkpoint/packet payload	planned
cifar100_4agent_25cls_hetero4arch_ipc10_guardian_vgg_dense_ep60_lr0p01_fr0p3_kd0p4_t3p0_self2p5	outputs/cifar100_4agent_25cls_hetero4arch_ipc10_guardian_vgg_dense_ep60_lr0p01_fr0p3_kd0p4_t3p0_self2p5/agents/agent_0/packets/dsdm_packet.pt	3126768	model/checkpoint/packet payload	planned
cifar100_4agent_25cls_hetero4arch_ipc10_guardian_vgg_dense_ep60_lr0p01_fr0p3_kd0p4_t3p0_self2p5	outputs/cifar100_4agent_25cls_hetero4arch_ipc10_guardian_vgg_dense_ep60_lr0p01_fr0p3_kd0p4_t3p0_self2p5/agents/agent_0/checkpoints/expert_model.pt	2023046	model/checkpoint/packet payload	planned
cifar100_4agent_25cls_hetero4arch_ipc10_guardian_vgg_dense_ep60_lr0p01_fr0p3_kd0p4_t3p0_self2p5	outputs/cifar100_4agent_25cls_hetero4arch_ipc10_guardian_vgg_dense_ep60_lr0p01_fr0p3_kd0p4_t3p0_self2p5/agents/agent_1/packets/dsdm_packet.pt	3126768	model/checkpoint/packet payload	planned
cifar100_4agent_25cls_hetero4arch_ipc10_guardian_vgg_dense_ep60_lr0p01_fr0p3_kd0p4_t3p0_self2p5	outputs/cifar100_4agent_25cls_hetero4arch_ipc10_guardian_vgg_dense_ep60_lr0p01_fr0p3_kd0p4_t3p0_self2p5/agents/agent_1/checkpoints/expert_model.pt	4325454	model/checkpoint/packet payload	planned
cifar100_4agent_25cls_hetero4arch_ipc10_guardian_vgg_dense_ep60_lr0p01_fr0p3_kd0p4_t3p0_self2p5	outputs/cifar100_4agent_25cls_hetero4arch_ipc10_guardian_vgg_dense_ep60_lr0p01_fr0p3_kd0p4_t3p0_self2p5/agents/agent_2/packets/dsdm_packet.pt	3126768	model/checkpoint/packet payload	planned
cifar100_4agent_25cls_hetero4arch_ipc10_guardian_vgg_dense_ep60_lr0p01_fr0p3_kd0p4_t3p0_self2p5	outputs/cifar100_4agent_25cls_hetero4arch_ipc10_guardian_vgg_dense_ep60_lr0p01_fr0p3_kd0p4_t3p0_self2p5/agents/agent_2/checkpoints/expert_model.pt	39239126	model/checkpoint/packet payload	planned
cifar100_4agent_25cls_hetero4arch_ipc10_guardian_vgg_dense_ep60_lr0p01_fr0p3_kd0p4_t3p0_self2p5	outputs/cifar100_4agent_25cls_hetero4arch_ipc10_guardian_vgg_dense_ep60_lr0p01_fr0p3_kd0p4_t3p0_self2p5/agents/agent_3/packets/dsdm_packet.pt	3126768	model/checkpoint/packet payload	planned
cifar100_4agent_25cls_hetero4arch_ipc10_guardian_vgg_dense_ep60_lr0p01_fr0p3_kd0p4_t3p0_self2p5	outputs/cifar100_4agent_25cls_hetero4arch_ipc10_guardian_vgg_dense_ep60_lr0p01_fr0p3_kd0p4_t3p0_self2p5/agents/agent_3/checkpoints/expert_model.pt	28123900	model/checkpoint/packet payload	planned
cifar100_4agent_25cls_hetero4arch_ipc10_guardian_vgg_dense_ep60_lr0p01_fr0p3_kd0p4_t3p0_self2p5	outputs/cifar100_4agent_25cls_hetero4arch_ipc10_guardian_vgg_dense_ep60_lr0p01_fr0p3_kd0p4_t3p0_self2p5/packet_hub/dsdm/agent_0_dsdm_packet.pt	3126768	model/checkpoint/packet payload	planned
cifar100_4agent_25cls_hetero4arch_ipc10_guardian_vgg_dense_ep60_lr0p01_fr0p3_kd0p4_t3p0_self2p5	outputs/cifar100_4agent_25cls_hetero4arch_ipc10_guardian_vgg_dense_ep60_lr0p01_fr0p3_kd0p4_t3p0_self2p5/packet_hub/dsdm/agent_1_dsdm_packet.pt	3126768	model/checkpoint/packet payload	planned
cifar100_4agent_25cls_hetero4arch_ipc10_guardian_vgg_dense_ep60_lr0p01_fr0p3_kd0p4_t3p0_self2p5	outputs/cifar100_4agent_25cls_hetero4arch_ipc10_guardian_vgg_dense_ep60_lr0p01_fr0p3_kd0p4_t3p0_self2p5/packet_hub/dsdm/agent_2_dsdm_packet.pt	3126768	model/checkpoint/packet payload	planned
cifar100_4agent_25cls_hetero4arch_ipc10_guardian_vgg_dense_ep60_lr0p01_fr0p3_kd0p4_t3p0_self2p5	outputs/cifar100_4agent_25cls_hetero4arch_ipc10_guardian_vgg_dense_ep60_lr0p01_fr0p3_kd0p4_t3p0_self2p5/packet_hub/dsdm/agent_3_dsdm_packet.pt	3126768	model/checkpoint/packet payload	planned
cifar100_4agent_25cls_hetero4arch_ipc10_guardian_vgg_dense_ep60_lr0p01_fr0p3_kd0p4_t3p0_self3p0	outputs/cifar100_4agent_25cls_hetero4arch_ipc10_guardian_vgg_dense_ep60_lr0p01_fr0p3_kd0p4_t3p0_self3p0/agents/agent_0/packets/dsdm_packet.pt	3126768	model/checkpoint/packet payload	planned
cifar100_4agent_25cls_hetero4arch_ipc10_guardian_vgg_dense_ep60_lr0p01_fr0p3_kd0p4_t3p0_self3p0	outputs/cifar100_4agent_25cls_hetero4arch_ipc10_guardian_vgg_dense_ep60_lr0p01_fr0p3_kd0p4_t3p0_self3p0/agents/agent_0/checkpoints/expert_model.pt	2023046	model/checkpoint/packet payload	planned
cifar100_4agent_25cls_hetero4arch_ipc10_guardian_vgg_dense_ep60_lr0p01_fr0p3_kd0p4_t3p0_self3p0	outputs/cifar100_4agent_25cls_hetero4arch_ipc10_guardian_vgg_dense_ep60_lr0p01_fr0p3_kd0p4_t3p0_self3p0/agents/agent_1/packets/dsdm_packet.pt	3126768	model/checkpoint/packet payload	planned
cifar100_4agent_25cls_hetero4arch_ipc10_guardian_vgg_dense_ep60_lr0p01_fr0p3_kd0p4_t3p0_self3p0	outputs/cifar100_4agent_25cls_hetero4arch_ipc10_guardian_vgg_dense_ep60_lr0p01_fr0p3_kd0p4_t3p0_self3p0/agents/agent_1/checkpoints/expert_model.pt	4325454	model/checkpoint/packet payload	planned
cifar100_4agent_25cls_hetero4arch_ipc10_guardian_vgg_dense_ep60_lr0p01_fr0p3_kd0p4_t3p0_self3p0	outputs/cifar100_4agent_25cls_hetero4arch_ipc10_guardian_vgg_dense_ep60_lr0p01_fr0p3_kd0p4_t3p0_self3p0/agents/agent_2/packets/dsdm_packet.pt	3126768	model/checkpoint/packet payload	planned
cifar100_4agent_25cls_hetero4arch_ipc10_guardian_vgg_dense_ep60_lr0p01_fr0p3_kd0p4_t3p0_self3p0	outputs/cifar100_4agent_25cls_hetero4arch_ipc10_guardian_vgg_dense_ep60_lr0p01_fr0p3_kd0p4_t3p0_self3p0/agents/agent_2/checkpoints/expert_model.pt	39239126	model/checkpoint/packet payload	planned
cifar100_4agent_25cls_hetero4arch_ipc10_guardian_vgg_dense_ep60_lr0p01_fr0p3_kd0p4_t3p0_self3p0	outputs/cifar100_4agent_25cls_hetero4arch_ipc10_guardian_vgg_dense_ep60_lr0p01_fr0p3_kd0p4_t3p0_self3p0/agents/agent_3/packets/dsdm_packet.pt	3126768	model/checkpoint/packet payload	planned
cifar100_4agent_25cls_hetero4arch_ipc10_guardian_vgg_dense_ep60_lr0p01_fr0p3_kd0p4_t3p0_self3p0	outputs/cifar100_4agent_25cls_hetero4arch_ipc10_guardian_vgg_dense_ep60_lr0p01_fr0p3_kd0p4_t3p0_self3p0/agents/agent_3/checkpoints/expert_model.pt	28123900	model/checkpoint/packet payload	planned
cifar100_4agent_25cls_hetero4arch_ipc10_guardian_vgg_dense_ep60_lr0p01_fr0p3_kd0p4_t3p0_self3p0	outputs/cifar100_4agent_25cls_hetero4arch_ipc10_guardian_vgg_dense_ep60_lr0p01_fr0p3_kd0p4_t3p0_self3p0/packet_hub/dsdm/agent_0_dsdm_packet.pt	3126768	model/checkpoint/packet payload	planned
cifar100_4agent_25cls_hetero4arch_ipc10_guardian_vgg_dense_ep60_lr0p01_fr0p3_kd0p4_t3p0_self3p0	outputs/cifar100_4agent_25cls_hetero4arch_ipc10_guardian_vgg_dense_ep60_lr0p01_fr0p3_kd0p4_t3p0_self3p0/packet_hub/dsdm/agent_1_dsdm_packet.pt	3126768	model/checkpoint/packet payload	planned
cifar100_4agent_25cls_hetero4arch_ipc10_guardian_vgg_dense_ep60_lr0p01_fr0p3_kd0p4_t3p0_self3p0	outputs/cifar100_4agent_25cls_hetero4arch_ipc10_guardian_vgg_dense_ep60_lr0p01_fr0p3_kd0p4_t3p0_self3p0/packet_hub/dsdm/agent_2_dsdm_packet.pt	3126768	model/checkpoint/packet payload	planned
cifar100_4agent_25cls_hetero4arch_ipc10_guardian_vgg_dense_ep60_lr0p01_fr0p3_kd0p4_t3p0_self3p0	outputs/cifar100_4agent_25cls_hetero4arch_ipc10_guardian_vgg_dense_ep60_lr0p01_fr0p3_kd0p4_t3p0_self3p0/packet_hub/dsdm/agent_3_dsdm_packet.pt	3126768	model/checkpoint/packet payload	planned
cifar100_4agent_25cls_hetero4arch_ipc10_guardian_vgg_dense_ep60_lr0p01_fr0p3_kd0p4_t3p0_self4p0	outputs/cifar100_4agent_25cls_hetero4arch_ipc10_guardian_vgg_dense_ep60_lr0p01_fr0p3_kd0p4_t3p0_self4p0/agents/agent_0/packets/dsdm_packet.pt	3126768	model/checkpoint/packet payload	planned
cifar100_4agent_25cls_hetero4arch_ipc10_guardian_vgg_dense_ep60_lr0p01_fr0p3_kd0p4_t3p0_self4p0	outputs/cifar100_4agent_25cls_hetero4arch_ipc10_guardian_vgg_dense_ep60_lr0p01_fr0p3_kd0p4_t3p0_self4p0/agents/agent_0/checkpoints/expert_model.pt	2023046	model/checkpoint/packet payload	planned
cifar100_4agent_25cls_hetero4arch_ipc10_guardian_vgg_dense_ep60_lr0p01_fr0p3_kd0p4_t3p0_self4p0	outputs/cifar100_4agent_25cls_hetero4arch_ipc10_guardian_vgg_dense_ep60_lr0p01_fr0p3_kd0p4_t3p0_self4p0/agents/agent_1/packets/dsdm_packet.pt	3126768	model/checkpoint/packet payload	planned
cifar100_4agent_25cls_hetero4arch_ipc10_guardian_vgg_dense_ep60_lr0p01_fr0p3_kd0p4_t3p0_self4p0	outputs/cifar100_4agent_25cls_hetero4arch_ipc10_guardian_vgg_dense_ep60_lr0p01_fr0p3_kd0p4_t3p0_self4p0/agents/agent_1/checkpoints/expert_model.pt	4325454	model/checkpoint/packet payload	planned
cifar100_4agent_25cls_hetero4arch_ipc10_guardian_vgg_dense_ep60_lr0p01_fr0p3_kd0p4_t3p0_self4p0	outputs/cifar100_4agent_25cls_hetero4arch_ipc10_guardian_vgg_dense_ep60_lr0p01_fr0p3_kd0p4_t3p0_self4p0/agents/agent_2/packets/dsdm_packet.pt	3126768	model/checkpoint/packet payload	planned
cifar100_4agent_25cls_hetero4arch_ipc10_guardian_vgg_dense_ep60_lr0p01_fr0p3_kd0p4_t3p0_self4p0	outputs/cifar100_4agent_25cls_hetero4arch_ipc10_guardian_vgg_dense_ep60_lr0p01_fr0p3_kd0p4_t3p0_self4p0/agents/agent_2/checkpoints/expert_model.pt	39239126	model/checkpoint/packet payload	planned
cifar100_4agent_25cls_hetero4arch_ipc10_guardian_vgg_dense_ep60_lr0p01_fr0p3_kd0p4_t3p0_self4p0	outputs/cifar100_4agent_25cls_hetero4arch_ipc10_guardian_vgg_dense_ep60_lr0p01_fr0p3_kd0p4_t3p0_self4p0/agents/agent_3/packets/dsdm_packet.pt	3126768	model/checkpoint/packet payload	planned
cifar100_4agent_25cls_hetero4arch_ipc10_guardian_vgg_dense_ep60_lr0p01_fr0p3_kd0p4_t3p0_self4p0	outputs/cifar100_4agent_25cls_hetero4arch_ipc10_guardian_vgg_dense_ep60_lr0p01_fr0p3_kd0p4_t3p0_self4p0/agents/agent_3/checkpoints/expert_model.pt	28123900	model/checkpoint/packet payload	planned
cifar100_4agent_25cls_hetero4arch_ipc10_guardian_vgg_dense_ep60_lr0p01_fr0p3_kd0p4_t3p0_self4p0	outputs/cifar100_4agent_25cls_hetero4arch_ipc10_guardian_vgg_dense_ep60_lr0p01_fr0p3_kd0p4_t3p0_self4p0/packet_hub/dsdm/agent_0_dsdm_packet.pt	3126768	model/checkpoint/packet payload	planned
cifar100_4agent_25cls_hetero4arch_ipc10_guardian_vgg_dense_ep60_lr0p01_fr0p3_kd0p4_t3p0_self4p0	outputs/cifar100_4agent_25cls_hetero4arch_ipc10_guardian_vgg_dense_ep60_lr0p01_fr0p3_kd0p4_t3p0_self4p0/packet_hub/dsdm/agent_1_dsdm_packet.pt	3126768	model/checkpoint/packet payload	planned
cifar100_4agent_25cls_hetero4arch_ipc10_guardian_vgg_dense_ep60_lr0p01_fr0p3_kd0p4_t3p0_self4p0	outputs/cifar100_4agent_25cls_hetero4arch_ipc10_guardian_vgg_dense_ep60_lr0p01_fr0p3_kd0p4_t3p0_self4p0/packet_hub/dsdm/agent_2_dsdm_packet.pt	3126768	model/checkpoint/packet payload	planned
cifar100_4agent_25cls_hetero4arch_ipc10_guardian_vgg_dense_ep60_lr0p01_fr0p3_kd0p4_t3p0_self4p0	outputs/cifar100_4agent_25cls_hetero4arch_ipc10_guardian_vgg_dense_ep60_lr0p01_fr0p3_kd0p4_t3p0_self4p0/packet_hub/dsdm/agent_3_dsdm_packet.pt	3126768	model/checkpoint/packet payload	planned
cifar100_4agent_25cls_hetero4arch_ipc10_guardian_vgg_dense_ep60_lr0p01_fr0p3_kd0p4_t4p0_self2p5	outputs/cifar100_4agent_25cls_hetero4arch_ipc10_guardian_vgg_dense_ep60_lr0p01_fr0p3_kd0p4_t4p0_self2p5/agents/agent_0/packets/dsdm_packet.pt	3126768	model/checkpoint/packet payload	planned
cifar100_4agent_25cls_hetero4arch_ipc10_guardian_vgg_dense_ep60_lr0p01_fr0p3_kd0p4_t4p0_self2p5	outputs/cifar100_4agent_25cls_hetero4arch_ipc10_guardian_vgg_dense_ep60_lr0p01_fr0p3_kd0p4_t4p0_self2p5/agents/agent_0/checkpoints/expert_model.pt	2023046	model/checkpoint/packet payload	planned
cifar100_4agent_25cls_hetero4arch_ipc10_guardian_vgg_dense_ep60_lr0p01_fr0p3_kd0p4_t4p0_self2p5	outputs/cifar100_4agent_25cls_hetero4arch_ipc10_guardian_vgg_dense_ep60_lr0p01_fr0p3_kd0p4_t4p0_self2p5/agents/agent_1/packets/dsdm_packet.pt	3126768	model/checkpoint/packet payload	planned
cifar100_4agent_25cls_hetero4arch_ipc10_guardian_vgg_dense_ep60_lr0p01_fr0p3_kd0p4_t4p0_self2p5	outputs/cifar100_4agent_25cls_hetero4arch_ipc10_guardian_vgg_dense_ep60_lr0p01_fr0p3_kd0p4_t4p0_self2p5/agents/agent_1/checkpoints/expert_model.pt	4325454	model/checkpoint/packet payload	planned
cifar100_4agent_25cls_hetero4arch_ipc10_guardian_vgg_dense_ep60_lr0p01_fr0p3_kd0p4_t4p0_self2p5	outputs/cifar100_4agent_25cls_hetero4arch_ipc10_guardian_vgg_dense_ep60_lr0p01_fr0p3_kd0p4_t4p0_self2p5/agents/agent_2/packets/dsdm_packet.pt	3126768	model/checkpoint/packet payload	planned
cifar100_4agent_25cls_hetero4arch_ipc10_guardian_vgg_dense_ep60_lr0p01_fr0p3_kd0p4_t4p0_self2p5	outputs/cifar100_4agent_25cls_hetero4arch_ipc10_guardian_vgg_dense_ep60_lr0p01_fr0p3_kd0p4_t4p0_self2p5/agents/agent_2/checkpoints/expert_model.pt	39239126	model/checkpoint/packet payload	planned
cifar100_4agent_25cls_hetero4arch_ipc10_guardian_vgg_dense_ep60_lr0p01_fr0p3_kd0p4_t4p0_self2p5	outputs/cifar100_4agent_25cls_hetero4arch_ipc10_guardian_vgg_dense_ep60_lr0p01_fr0p3_kd0p4_t4p0_self2p5/agents/agent_3/packets/dsdm_packet.pt	3126768	model/checkpoint/packet payload	planned
cifar100_4agent_25cls_hetero4arch_ipc10_guardian_vgg_dense_ep60_lr0p01_fr0p3_kd0p4_t4p0_self2p5	outputs/cifar100_4agent_25cls_hetero4arch_ipc10_guardian_vgg_dense_ep60_lr0p01_fr0p3_kd0p4_t4p0_self2p5/agents/agent_3/checkpoints/expert_model.pt	28123900	model/checkpoint/packet payload	planned
cifar100_4agent_25cls_hetero4arch_ipc10_guardian_vgg_dense_ep60_lr0p01_fr0p3_kd0p4_t4p0_self2p5	outputs/cifar100_4agent_25cls_hetero4arch_ipc10_guardian_vgg_dense_ep60_lr0p01_fr0p3_kd0p4_t4p0_self2p5/packet_hub/dsdm/agent_0_dsdm_packet.pt	3126768	model/checkpoint/packet payload	planned
cifar100_4agent_25cls_hetero4arch_ipc10_guardian_vgg_dense_ep60_lr0p01_fr0p3_kd0p4_t4p0_self2p5	outputs/cifar100_4agent_25cls_hetero4arch_ipc10_guardian_vgg_dense_ep60_lr0p01_fr0p3_kd0p4_t4p0_self2p5/packet_hub/dsdm/agent_1_dsdm_packet.pt	3126768	model/checkpoint/packet payload	planned
cifar100_4agent_25cls_hetero4arch_ipc10_guardian_vgg_dense_ep60_lr0p01_fr0p3_kd0p4_t4p0_self2p5	outputs/cifar100_4agent_25cls_hetero4arch_ipc10_guardian_vgg_dense_ep60_lr0p01_fr0p3_kd0p4_t4p0_self2p5/packet_hub/dsdm/agent_2_dsdm_packet.pt	3126768	model/checkpoint/packet payload	planned
cifar100_4agent_25cls_hetero4arch_ipc10_guardian_vgg_dense_ep60_lr0p01_fr0p3_kd0p4_t4p0_self2p5	outputs/cifar100_4agent_25cls_hetero4arch_ipc10_guardian_vgg_dense_ep60_lr0p01_fr0p3_kd0p4_t4p0_self2p5/packet_hub/dsdm/agent_3_dsdm_packet.pt	3126768	model/checkpoint/packet payload	planned
cifar100_4agent_25cls_hetero4arch_ipc10_guardian_vgg_dense_ep60_lr0p01_fr0p3_kd0p4_t4p0_self3p0	outputs/cifar100_4agent_25cls_hetero4arch_ipc10_guardian_vgg_dense_ep60_lr0p01_fr0p3_kd0p4_t4p0_self3p0/agents/agent_0/packets/dsdm_packet.pt	3126768	model/checkpoint/packet payload	planned
cifar100_4agent_25cls_hetero4arch_ipc10_guardian_vgg_dense_ep60_lr0p01_fr0p3_kd0p4_t4p0_self3p0	outputs/cifar100_4agent_25cls_hetero4arch_ipc10_guardian_vgg_dense_ep60_lr0p01_fr0p3_kd0p4_t4p0_self3p0/agents/agent_0/checkpoints/expert_model.pt	2023046	model/checkpoint/packet payload	planned
cifar100_4agent_25cls_hetero4arch_ipc10_guardian_vgg_dense_ep60_lr0p01_fr0p3_kd0p4_t4p0_self3p0	outputs/cifar100_4agent_25cls_hetero4arch_ipc10_guardian_vgg_dense_ep60_lr0p01_fr0p3_kd0p4_t4p0_self3p0/agents/agent_1/packets/dsdm_packet.pt	3126768	model/checkpoint/packet payload	planned
cifar100_4agent_25cls_hetero4arch_ipc10_guardian_vgg_dense_ep60_lr0p01_fr0p3_kd0p4_t4p0_self3p0	outputs/cifar100_4agent_25cls_hetero4arch_ipc10_guardian_vgg_dense_ep60_lr0p01_fr0p3_kd0p4_t4p0_self3p0/agents/agent_1/checkpoints/expert_model.pt	4325454	model/checkpoint/packet payload	planned
cifar100_4agent_25cls_hetero4arch_ipc10_guardian_vgg_dense_ep60_lr0p01_fr0p3_kd0p4_t4p0_self3p0	outputs/cifar100_4agent_25cls_hetero4arch_ipc10_guardian_vgg_dense_ep60_lr0p01_fr0p3_kd0p4_t4p0_self3p0/agents/agent_2/packets/dsdm_packet.pt	3126768	model/checkpoint/packet payload	planned
cifar100_4agent_25cls_hetero4arch_ipc10_guardian_vgg_dense_ep60_lr0p01_fr0p3_kd0p4_t4p0_self3p0	outputs/cifar100_4agent_25cls_hetero4arch_ipc10_guardian_vgg_dense_ep60_lr0p01_fr0p3_kd0p4_t4p0_self3p0/agents/agent_2/checkpoints/expert_model.pt	39239126	model/checkpoint/packet payload	planned
cifar100_4agent_25cls_hetero4arch_ipc10_guardian_vgg_dense_ep60_lr0p01_fr0p3_kd0p4_t4p0_self3p0	outputs/cifar100_4agent_25cls_hetero4arch_ipc10_guardian_vgg_dense_ep60_lr0p01_fr0p3_kd0p4_t4p0_self3p0/agents/agent_3/packets/dsdm_packet.pt	3126768	model/checkpoint/packet payload	planned
cifar100_4agent_25cls_hetero4arch_ipc10_guardian_vgg_dense_ep60_lr0p01_fr0p3_kd0p4_t4p0_self3p0	outputs/cifar100_4agent_25cls_hetero4arch_ipc10_guardian_vgg_dense_ep60_lr0p01_fr0p3_kd0p4_t4p0_self3p0/agents/agent_3/checkpoints/expert_model.pt	28123900	model/checkpoint/packet payload	planned
cifar100_4agent_25cls_hetero4arch_ipc10_guardian_vgg_dense_ep60_lr0p01_fr0p3_kd0p4_t4p0_self3p0	outputs/cifar100_4agent_25cls_hetero4arch_ipc10_guardian_vgg_dense_ep60_lr0p01_fr0p3_kd0p4_t4p0_self3p0/packet_hub/dsdm/agent_0_dsdm_packet.pt	3126768	model/checkpoint/packet payload	planned
cifar100_4agent_25cls_hetero4arch_ipc10_guardian_vgg_dense_ep60_lr0p01_fr0p3_kd0p4_t4p0_self3p0	outputs/cifar100_4agent_25cls_hetero4arch_ipc10_guardian_vgg_dense_ep60_lr0p01_fr0p3_kd0p4_t4p0_self3p0/packet_hub/dsdm/agent_1_dsdm_packet.pt	3126768	model/checkpoint/packet payload	planned
cifar100_4agent_25cls_hetero4arch_ipc10_guardian_vgg_dense_ep60_lr0p01_fr0p3_kd0p4_t4p0_self3p0	outputs/cifar100_4agent_25cls_hetero4arch_ipc10_guardian_vgg_dense_ep60_lr0p01_fr0p3_kd0p4_t4p0_self3p0/packet_hub/dsdm/agent_2_dsdm_packet.pt	3126768	model/checkpoint/packet payload	planned
cifar100_4agent_25cls_hetero4arch_ipc10_guardian_vgg_dense_ep60_lr0p01_fr0p3_kd0p4_t4p0_self3p0	outputs/cifar100_4agent_25cls_hetero4arch_ipc10_guardian_vgg_dense_ep60_lr0p01_fr0p3_kd0p4_t4p0_self3p0/packet_hub/dsdm/agent_3_dsdm_packet.pt	3126768	model/checkpoint/packet payload	planned
cifar100_4agent_25cls_hetero4arch_ipc10_guardian_vgg_dense_ep60_lr0p01_fr0p3_kd0p4_t4p0_self4p0	outputs/cifar100_4agent_25cls_hetero4arch_ipc10_guardian_vgg_dense_ep60_lr0p01_fr0p3_kd0p4_t4p0_self4p0/agents/agent_0/packets/dsdm_packet.pt	3126768	model/checkpoint/packet payload	planned
cifar100_4agent_25cls_hetero4arch_ipc10_guardian_vgg_dense_ep60_lr0p01_fr0p3_kd0p4_t4p0_self4p0	outputs/cifar100_4agent_25cls_hetero4arch_ipc10_guardian_vgg_dense_ep60_lr0p01_fr0p3_kd0p4_t4p0_self4p0/agents/agent_0/checkpoints/expert_model.pt	2023046	model/checkpoint/packet payload	planned
cifar100_4agent_25cls_hetero4arch_ipc10_guardian_vgg_dense_ep60_lr0p01_fr0p3_kd0p4_t4p0_self4p0	outputs/cifar100_4agent_25cls_hetero4arch_ipc10_guardian_vgg_dense_ep60_lr0p01_fr0p3_kd0p4_t4p0_self4p0/agents/agent_1/packets/dsdm_packet.pt	3126768	model/checkpoint/packet payload	planned
cifar100_4agent_25cls_hetero4arch_ipc10_guardian_vgg_dense_ep60_lr0p01_fr0p3_kd0p4_t4p0_self4p0	outputs/cifar100_4agent_25cls_hetero4arch_ipc10_guardian_vgg_dense_ep60_lr0p01_fr0p3_kd0p4_t4p0_self4p0/agents/agent_1/checkpoints/expert_model.pt	4325454	model/checkpoint/packet payload	planned
cifar100_4agent_25cls_hetero4arch_ipc10_guardian_vgg_dense_ep60_lr0p01_fr0p3_kd0p4_t4p0_self4p0	outputs/cifar100_4agent_25cls_hetero4arch_ipc10_guardian_vgg_dense_ep60_lr0p01_fr0p3_kd0p4_t4p0_self4p0/agents/agent_2/packets/dsdm_packet.pt	3126768	model/checkpoint/packet payload	planned
cifar100_4agent_25cls_hetero4arch_ipc10_guardian_vgg_dense_ep60_lr0p01_fr0p3_kd0p4_t4p0_self4p0	outputs/cifar100_4agent_25cls_hetero4arch_ipc10_guardian_vgg_dense_ep60_lr0p01_fr0p3_kd0p4_t4p0_self4p0/agents/agent_2/checkpoints/expert_model.pt	39239126	model/checkpoint/packet payload	planned
cifar100_4agent_25cls_hetero4arch_ipc10_guardian_vgg_dense_ep60_lr0p01_fr0p3_kd0p4_t4p0_self4p0	outputs/cifar100_4agent_25cls_hetero4arch_ipc10_guardian_vgg_dense_ep60_lr0p01_fr0p3_kd0p4_t4p0_self4p0/agents/agent_3/packets/dsdm_packet.pt	3126768	model/checkpoint/packet payload	planned
cifar100_4agent_25cls_hetero4arch_ipc10_guardian_vgg_dense_ep60_lr0p01_fr0p3_kd0p4_t4p0_self4p0	outputs/cifar100_4agent_25cls_hetero4arch_ipc10_guardian_vgg_dense_ep60_lr0p01_fr0p3_kd0p4_t4p0_self4p0/agents/agent_3/checkpoints/expert_model.pt	28123900	model/checkpoint/packet payload	planned
cifar100_4agent_25cls_hetero4arch_ipc10_guardian_vgg_dense_ep60_lr0p01_fr0p3_kd0p4_t4p0_self4p0	outputs/cifar100_4agent_25cls_hetero4arch_ipc10_guardian_vgg_dense_ep60_lr0p01_fr0p3_kd0p4_t4p0_self4p0/packet_hub/dsdm/agent_0_dsdm_packet.pt	3126768	model/checkpoint/packet payload	planned
cifar100_4agent_25cls_hetero4arch_ipc10_guardian_vgg_dense_ep60_lr0p01_fr0p3_kd0p4_t4p0_self4p0	outputs/cifar100_4agent_25cls_hetero4arch_ipc10_guardian_vgg_dense_ep60_lr0p01_fr0p3_kd0p4_t4p0_self4p0/packet_hub/dsdm/agent_1_dsdm_packet.pt	3126768	model/checkpoint/packet payload	planned
cifar100_4agent_25cls_hetero4arch_ipc10_guardian_vgg_dense_ep60_lr0p01_fr0p3_kd0p4_t4p0_self4p0	outputs/cifar100_4agent_25cls_hetero4arch_ipc10_guardian_vgg_dense_ep60_lr0p01_fr0p3_kd0p4_t4p0_self4p0/packet_hub/dsdm/agent_2_dsdm_packet.pt	3126768	model/checkpoint/packet payload	planned
cifar100_4agent_25cls_hetero4arch_ipc10_guardian_vgg_dense_ep60_lr0p01_fr0p3_kd0p4_t4p0_self4p0	outputs/cifar100_4agent_25cls_hetero4arch_ipc10_guardian_vgg_dense_ep60_lr0p01_fr0p3_kd0p4_t4p0_self4p0/packet_hub/dsdm/agent_3_dsdm_packet.pt	3126768	model/checkpoint/packet payload	planned
cifar100_4agent_25cls_hetero4arch_ipc10_guardian_vgg_dense_ep60_lr0p01_fr0p3_kd0p5_t3p0_self2p5	outputs/cifar100_4agent_25cls_hetero4arch_ipc10_guardian_vgg_dense_ep60_lr0p01_fr0p3_kd0p5_t3p0_self2p5/agents/agent_0/packets/dsdm_packet.pt	3126768	model/checkpoint/packet payload	planned
cifar100_4agent_25cls_hetero4arch_ipc10_guardian_vgg_dense_ep60_lr0p01_fr0p3_kd0p5_t3p0_self2p5	outputs/cifar100_4agent_25cls_hetero4arch_ipc10_guardian_vgg_dense_ep60_lr0p01_fr0p3_kd0p5_t3p0_self2p5/agents/agent_0/checkpoints/expert_model.pt	2023046	model/checkpoint/packet payload	planned
cifar100_4agent_25cls_hetero4arch_ipc10_guardian_vgg_dense_ep60_lr0p01_fr0p3_kd0p5_t3p0_self2p5	outputs/cifar100_4agent_25cls_hetero4arch_ipc10_guardian_vgg_dense_ep60_lr0p01_fr0p3_kd0p5_t3p0_self2p5/agents/agent_1/packets/dsdm_packet.pt	3126768	model/checkpoint/packet payload	planned
cifar100_4agent_25cls_hetero4arch_ipc10_guardian_vgg_dense_ep60_lr0p01_fr0p3_kd0p5_t3p0_self2p5	outputs/cifar100_4agent_25cls_hetero4arch_ipc10_guardian_vgg_dense_ep60_lr0p01_fr0p3_kd0p5_t3p0_self2p5/agents/agent_1/checkpoints/expert_model.pt	4325454	model/checkpoint/packet payload	planned
cifar100_4agent_25cls_hetero4arch_ipc10_guardian_vgg_dense_ep60_lr0p01_fr0p3_kd0p5_t3p0_self2p5	outputs/cifar100_4agent_25cls_hetero4arch_ipc10_guardian_vgg_dense_ep60_lr0p01_fr0p3_kd0p5_t3p0_self2p5/agents/agent_2/packets/dsdm_packet.pt	3126768	model/checkpoint/packet payload	planned
cifar100_4agent_25cls_hetero4arch_ipc10_guardian_vgg_dense_ep60_lr0p01_fr0p3_kd0p5_t3p0_self2p5	outputs/cifar100_4agent_25cls_hetero4arch_ipc10_guardian_vgg_dense_ep60_lr0p01_fr0p3_kd0p5_t3p0_self2p5/agents/agent_2/checkpoints/expert_model.pt	39239126	model/checkpoint/packet payload	planned
cifar100_4agent_25cls_hetero4arch_ipc10_guardian_vgg_dense_ep60_lr0p01_fr0p3_kd0p5_t3p0_self2p5	outputs/cifar100_4agent_25cls_hetero4arch_ipc10_guardian_vgg_dense_ep60_lr0p01_fr0p3_kd0p5_t3p0_self2p5/agents/agent_3/packets/dsdm_packet.pt	3126768	model/checkpoint/packet payload	planned
cifar100_4agent_25cls_hetero4arch_ipc10_guardian_vgg_dense_ep60_lr0p01_fr0p3_kd0p5_t3p0_self2p5	outputs/cifar100_4agent_25cls_hetero4arch_ipc10_guardian_vgg_dense_ep60_lr0p01_fr0p3_kd0p5_t3p0_self2p5/agents/agent_3/checkpoints/expert_model.pt	28123900	model/checkpoint/packet payload	planned
cifar100_4agent_25cls_hetero4arch_ipc10_guardian_vgg_dense_ep60_lr0p01_fr0p3_kd0p5_t3p0_self2p5	outputs/cifar100_4agent_25cls_hetero4arch_ipc10_guardian_vgg_dense_ep60_lr0p01_fr0p3_kd0p5_t3p0_self2p5/packet_hub/dsdm/agent_0_dsdm_packet.pt	3126768	model/checkpoint/packet payload	planned
cifar100_4agent_25cls_hetero4arch_ipc10_guardian_vgg_dense_ep60_lr0p01_fr0p3_kd0p5_t3p0_self2p5	outputs/cifar100_4agent_25cls_hetero4arch_ipc10_guardian_vgg_dense_ep60_lr0p01_fr0p3_kd0p5_t3p0_self2p5/packet_hub/dsdm/agent_1_dsdm_packet.pt	3126768	model/checkpoint/packet payload	planned
cifar100_4agent_25cls_hetero4arch_ipc10_guardian_vgg_dense_ep60_lr0p01_fr0p3_kd0p5_t3p0_self2p5	outputs/cifar100_4agent_25cls_hetero4arch_ipc10_guardian_vgg_dense_ep60_lr0p01_fr0p3_kd0p5_t3p0_self2p5/packet_hub/dsdm/agent_2_dsdm_packet.pt	3126768	model/checkpoint/packet payload	planned
cifar100_4agent_25cls_hetero4arch_ipc10_guardian_vgg_dense_ep60_lr0p01_fr0p3_kd0p5_t3p0_self2p5	outputs/cifar100_4agent_25cls_hetero4arch_ipc10_guardian_vgg_dense_ep60_lr0p01_fr0p3_kd0p5_t3p0_self2p5/packet_hub/dsdm/agent_3_dsdm_packet.pt	3126768	model/checkpoint/packet payload	planned
cifar100_4agent_25cls_hetero4arch_ipc10_guardian_vgg_dense_ep60_lr0p01_fr0p3_kd0p5_t3p0_self3p0	outputs/cifar100_4agent_25cls_hetero4arch_ipc10_guardian_vgg_dense_ep60_lr0p01_fr0p3_kd0p5_t3p0_self3p0/agents/agent_0/packets/dsdm_packet.pt	3126768	model/checkpoint/packet payload	planned
cifar100_4agent_25cls_hetero4arch_ipc10_guardian_vgg_dense_ep60_lr0p01_fr0p3_kd0p5_t3p0_self3p0	outputs/cifar100_4agent_25cls_hetero4arch_ipc10_guardian_vgg_dense_ep60_lr0p01_fr0p3_kd0p5_t3p0_self3p0/agents/agent_0/checkpoints/expert_model.pt	2023046	model/checkpoint/packet payload	planned
cifar100_4agent_25cls_hetero4arch_ipc10_guardian_vgg_dense_ep60_lr0p01_fr0p3_kd0p5_t3p0_self3p0	outputs/cifar100_4agent_25cls_hetero4arch_ipc10_guardian_vgg_dense_ep60_lr0p01_fr0p3_kd0p5_t3p0_self3p0/agents/agent_1/packets/dsdm_packet.pt	3126768	model/checkpoint/packet payload	planned
cifar100_4agent_25cls_hetero4arch_ipc10_guardian_vgg_dense_ep60_lr0p01_fr0p3_kd0p5_t3p0_self3p0	outputs/cifar100_4agent_25cls_hetero4arch_ipc10_guardian_vgg_dense_ep60_lr0p01_fr0p3_kd0p5_t3p0_self3p0/agents/agent_1/checkpoints/expert_model.pt	4325454	model/checkpoint/packet payload	planned
cifar100_4agent_25cls_hetero4arch_ipc10_guardian_vgg_dense_ep60_lr0p01_fr0p3_kd0p5_t3p0_self3p0	outputs/cifar100_4agent_25cls_hetero4arch_ipc10_guardian_vgg_dense_ep60_lr0p01_fr0p3_kd0p5_t3p0_self3p0/agents/agent_2/packets/dsdm_packet.pt	3126768	model/checkpoint/packet payload	planned
cifar100_4agent_25cls_hetero4arch_ipc10_guardian_vgg_dense_ep60_lr0p01_fr0p3_kd0p5_t3p0_self3p0	outputs/cifar100_4agent_25cls_hetero4arch_ipc10_guardian_vgg_dense_ep60_lr0p01_fr0p3_kd0p5_t3p0_self3p0/agents/agent_2/checkpoints/expert_model.pt	39239126	model/checkpoint/packet payload	planned
cifar100_4agent_25cls_hetero4arch_ipc10_guardian_vgg_dense_ep60_lr0p01_fr0p3_kd0p5_t3p0_self3p0	outputs/cifar100_4agent_25cls_hetero4arch_ipc10_guardian_vgg_dense_ep60_lr0p01_fr0p3_kd0p5_t3p0_self3p0/agents/agent_3/packets/dsdm_packet.pt	3126768	model/checkpoint/packet payload	planned
cifar100_4agent_25cls_hetero4arch_ipc10_guardian_vgg_dense_ep60_lr0p01_fr0p3_kd0p5_t3p0_self3p0	outputs/cifar100_4agent_25cls_hetero4arch_ipc10_guardian_vgg_dense_ep60_lr0p01_fr0p3_kd0p5_t3p0_self3p0/agents/agent_3/checkpoints/expert_model.pt	28123900	model/checkpoint/packet payload	planned
cifar100_4agent_25cls_hetero4arch_ipc10_guardian_vgg_dense_ep60_lr0p01_fr0p3_kd0p5_t3p0_self3p0	outputs/cifar100_4agent_25cls_hetero4arch_ipc10_guardian_vgg_dense_ep60_lr0p01_fr0p3_kd0p5_t3p0_self3p0/packet_hub/dsdm/agent_0_dsdm_packet.pt	3126768	model/checkpoint/packet payload	planned
cifar100_4agent_25cls_hetero4arch_ipc10_guardian_vgg_dense_ep60_lr0p01_fr0p3_kd0p5_t3p0_self3p0	outputs/cifar100_4agent_25cls_hetero4arch_ipc10_guardian_vgg_dense_ep60_lr0p01_fr0p3_kd0p5_t3p0_self3p0/packet_hub/dsdm/agent_1_dsdm_packet.pt	3126768	model/checkpoint/packet payload	planned
cifar100_4agent_25cls_hetero4arch_ipc10_guardian_vgg_dense_ep60_lr0p01_fr0p3_kd0p5_t3p0_self3p0	outputs/cifar100_4agent_25cls_hetero4arch_ipc10_guardian_vgg_dense_ep60_lr0p01_fr0p3_kd0p5_t3p0_self3p0/packet_hub/dsdm/agent_2_dsdm_packet.pt	3126768	model/checkpoint/packet payload	planned
cifar100_4agent_25cls_hetero4arch_ipc10_guardian_vgg_dense_ep60_lr0p01_fr0p3_kd0p5_t3p0_self3p0	outputs/cifar100_4agent_25cls_hetero4arch_ipc10_guardian_vgg_dense_ep60_lr0p01_fr0p3_kd0p5_t3p0_self3p0/packet_hub/dsdm/agent_3_dsdm_packet.pt	3126768	model/checkpoint/packet payload	planned
cifar100_4agent_25cls_hetero4arch_ipc10_guardian_vgg_dense_ep60_lr0p01_fr0p3_kd0p5_t3p0_self4p0	outputs/cifar100_4agent_25cls_hetero4arch_ipc10_guardian_vgg_dense_ep60_lr0p01_fr0p3_kd0p5_t3p0_self4p0/agents/agent_0/packets/dsdm_packet.pt	3126768	model/checkpoint/packet payload	planned
cifar100_4agent_25cls_hetero4arch_ipc10_guardian_vgg_dense_ep60_lr0p01_fr0p3_kd0p5_t3p0_self4p0	outputs/cifar100_4agent_25cls_hetero4arch_ipc10_guardian_vgg_dense_ep60_lr0p01_fr0p3_kd0p5_t3p0_self4p0/agents/agent_0/checkpoints/expert_model.pt	2023046	model/checkpoint/packet payload	planned
cifar100_4agent_25cls_hetero4arch_ipc10_guardian_vgg_dense_ep60_lr0p01_fr0p3_kd0p5_t3p0_self4p0	outputs/cifar100_4agent_25cls_hetero4arch_ipc10_guardian_vgg_dense_ep60_lr0p01_fr0p3_kd0p5_t3p0_self4p0/agents/agent_1/packets/dsdm_packet.pt	3126768	model/checkpoint/packet payload	planned
cifar100_4agent_25cls_hetero4arch_ipc10_guardian_vgg_dense_ep60_lr0p01_fr0p3_kd0p5_t3p0_self4p0	outputs/cifar100_4agent_25cls_hetero4arch_ipc10_guardian_vgg_dense_ep60_lr0p01_fr0p3_kd0p5_t3p0_self4p0/agents/agent_1/checkpoints/expert_model.pt	4325454	model/checkpoint/packet payload	planned
cifar100_4agent_25cls_hetero4arch_ipc10_guardian_vgg_dense_ep60_lr0p01_fr0p3_kd0p5_t3p0_self4p0	outputs/cifar100_4agent_25cls_hetero4arch_ipc10_guardian_vgg_dense_ep60_lr0p01_fr0p3_kd0p5_t3p0_self4p0/agents/agent_2/packets/dsdm_packet.pt	3126768	model/checkpoint/packet payload	planned
cifar100_4agent_25cls_hetero4arch_ipc10_guardian_vgg_dense_ep60_lr0p01_fr0p3_kd0p5_t3p0_self4p0	outputs/cifar100_4agent_25cls_hetero4arch_ipc10_guardian_vgg_dense_ep60_lr0p01_fr0p3_kd0p5_t3p0_self4p0/agents/agent_2/checkpoints/expert_model.pt	39239126	model/checkpoint/packet payload	planned
cifar100_4agent_25cls_hetero4arch_ipc10_guardian_vgg_dense_ep60_lr0p01_fr0p3_kd0p5_t3p0_self4p0	outputs/cifar100_4agent_25cls_hetero4arch_ipc10_guardian_vgg_dense_ep60_lr0p01_fr0p3_kd0p5_t3p0_self4p0/agents/agent_3/packets/dsdm_packet.pt	3126768	model/checkpoint/packet payload	planned
cifar100_4agent_25cls_hetero4arch_ipc10_guardian_vgg_dense_ep60_lr0p01_fr0p3_kd0p5_t3p0_self4p0	outputs/cifar100_4agent_25cls_hetero4arch_ipc10_guardian_vgg_dense_ep60_lr0p01_fr0p3_kd0p5_t3p0_self4p0/agents/agent_3/checkpoints/expert_model.pt	28123900	model/checkpoint/packet payload	planned
cifar100_4agent_25cls_hetero4arch_ipc10_guardian_vgg_dense_ep60_lr0p01_fr0p3_kd0p5_t3p0_self4p0	outputs/cifar100_4agent_25cls_hetero4arch_ipc10_guardian_vgg_dense_ep60_lr0p01_fr0p3_kd0p5_t3p0_self4p0/packet_hub/dsdm/agent_0_dsdm_packet.pt	3126768	model/checkpoint/packet payload	planned
cifar100_4agent_25cls_hetero4arch_ipc10_guardian_vgg_dense_ep60_lr0p01_fr0p3_kd0p5_t3p0_self4p0	outputs/cifar100_4agent_25cls_hetero4arch_ipc10_guardian_vgg_dense_ep60_lr0p01_fr0p3_kd0p5_t3p0_self4p0/packet_hub/dsdm/agent_1_dsdm_packet.pt	3126768	model/checkpoint/packet payload	planned
cifar100_4agent_25cls_hetero4arch_ipc10_guardian_vgg_dense_ep60_lr0p01_fr0p3_kd0p5_t3p0_self4p0	outputs/cifar100_4agent_25cls_hetero4arch_ipc10_guardian_vgg_dense_ep60_lr0p01_fr0p3_kd0p5_t3p0_self4p0/packet_hub/dsdm/agent_2_dsdm_packet.pt	3126768	model/checkpoint/packet payload	planned
cifar100_4agent_25cls_hetero4arch_ipc10_guardian_vgg_dense_ep60_lr0p01_fr0p3_kd0p5_t3p0_self4p0	outputs/cifar100_4agent_25cls_hetero4arch_ipc10_guardian_vgg_dense_ep60_lr0p01_fr0p3_kd0p5_t3p0_self4p0/packet_hub/dsdm/agent_3_dsdm_packet.pt	3126768	model/checkpoint/packet payload	planned
cifar100_4agent_25cls_hetero4arch_ipc10_guardian_vgg_dense_ep60_lr0p01_fr0p3_kd0p5_t4p0_self2p5	outputs/cifar100_4agent_25cls_hetero4arch_ipc10_guardian_vgg_dense_ep60_lr0p01_fr0p3_kd0p5_t4p0_self2p5/agents/agent_0/packets/dsdm_packet.pt	3126768	model/checkpoint/packet payload	planned
cifar100_4agent_25cls_hetero4arch_ipc10_guardian_vgg_dense_ep60_lr0p01_fr0p3_kd0p5_t4p0_self2p5	outputs/cifar100_4agent_25cls_hetero4arch_ipc10_guardian_vgg_dense_ep60_lr0p01_fr0p3_kd0p5_t4p0_self2p5/agents/agent_0/checkpoints/expert_model.pt	2023046	model/checkpoint/packet payload	planned
cifar100_4agent_25cls_hetero4arch_ipc10_guardian_vgg_dense_ep60_lr0p01_fr0p3_kd0p5_t4p0_self2p5	outputs/cifar100_4agent_25cls_hetero4arch_ipc10_guardian_vgg_dense_ep60_lr0p01_fr0p3_kd0p5_t4p0_self2p5/agents/agent_1/packets/dsdm_packet.pt	3126768	model/checkpoint/packet payload	planned
cifar100_4agent_25cls_hetero4arch_ipc10_guardian_vgg_dense_ep60_lr0p01_fr0p3_kd0p5_t4p0_self2p5	outputs/cifar100_4agent_25cls_hetero4arch_ipc10_guardian_vgg_dense_ep60_lr0p01_fr0p3_kd0p5_t4p0_self2p5/agents/agent_1/checkpoints/expert_model.pt	4325454	model/checkpoint/packet payload	planned
cifar100_4agent_25cls_hetero4arch_ipc10_guardian_vgg_dense_ep60_lr0p01_fr0p3_kd0p5_t4p0_self2p5	outputs/cifar100_4agent_25cls_hetero4arch_ipc10_guardian_vgg_dense_ep60_lr0p01_fr0p3_kd0p5_t4p0_self2p5/agents/agent_2/packets/dsdm_packet.pt	3126768	model/checkpoint/packet payload	planned
cifar100_4agent_25cls_hetero4arch_ipc10_guardian_vgg_dense_ep60_lr0p01_fr0p3_kd0p5_t4p0_self2p5	outputs/cifar100_4agent_25cls_hetero4arch_ipc10_guardian_vgg_dense_ep60_lr0p01_fr0p3_kd0p5_t4p0_self2p5/agents/agent_2/checkpoints/expert_model.pt	39239126	model/checkpoint/packet payload	planned
cifar100_4agent_25cls_hetero4arch_ipc10_guardian_vgg_dense_ep60_lr0p01_fr0p3_kd0p5_t4p0_self2p5	outputs/cifar100_4agent_25cls_hetero4arch_ipc10_guardian_vgg_dense_ep60_lr0p01_fr0p3_kd0p5_t4p0_self2p5/agents/agent_3/packets/dsdm_packet.pt	3126768	model/checkpoint/packet payload	planned
cifar100_4agent_25cls_hetero4arch_ipc10_guardian_vgg_dense_ep60_lr0p01_fr0p3_kd0p5_t4p0_self2p5	outputs/cifar100_4agent_25cls_hetero4arch_ipc10_guardian_vgg_dense_ep60_lr0p01_fr0p3_kd0p5_t4p0_self2p5/agents/agent_3/checkpoints/expert_model.pt	28123900	model/checkpoint/packet payload	planned
cifar100_4agent_25cls_hetero4arch_ipc10_guardian_vgg_dense_ep60_lr0p01_fr0p3_kd0p5_t4p0_self2p5	outputs/cifar100_4agent_25cls_hetero4arch_ipc10_guardian_vgg_dense_ep60_lr0p01_fr0p3_kd0p5_t4p0_self2p5/packet_hub/dsdm/agent_0_dsdm_packet.pt	3126768	model/checkpoint/packet payload	planned
cifar100_4agent_25cls_hetero4arch_ipc10_guardian_vgg_dense_ep60_lr0p01_fr0p3_kd0p5_t4p0_self2p5	outputs/cifar100_4agent_25cls_hetero4arch_ipc10_guardian_vgg_dense_ep60_lr0p01_fr0p3_kd0p5_t4p0_self2p5/packet_hub/dsdm/agent_1_dsdm_packet.pt	3126768	model/checkpoint/packet payload	planned
cifar100_4agent_25cls_hetero4arch_ipc10_guardian_vgg_dense_ep60_lr0p01_fr0p3_kd0p5_t4p0_self2p5	outputs/cifar100_4agent_25cls_hetero4arch_ipc10_guardian_vgg_dense_ep60_lr0p01_fr0p3_kd0p5_t4p0_self2p5/packet_hub/dsdm/agent_2_dsdm_packet.pt	3126768	model/checkpoint/packet payload	planned
cifar100_4agent_25cls_hetero4arch_ipc10_guardian_vgg_dense_ep60_lr0p01_fr0p3_kd0p5_t4p0_self2p5	outputs/cifar100_4agent_25cls_hetero4arch_ipc10_guardian_vgg_dense_ep60_lr0p01_fr0p3_kd0p5_t4p0_self2p5/packet_hub/dsdm/agent_3_dsdm_packet.pt	3126768	model/checkpoint/packet payload	planned
cifar100_4agent_25cls_hetero4arch_ipc10_guardian_vgg_dense_ep60_lr0p01_fr0p3_kd0p5_t4p0_self3p0	outputs/cifar100_4agent_25cls_hetero4arch_ipc10_guardian_vgg_dense_ep60_lr0p01_fr0p3_kd0p5_t4p0_self3p0/agents/agent_0/packets/dsdm_packet.pt	3126768	model/checkpoint/packet payload	planned
cifar100_4agent_25cls_hetero4arch_ipc10_guardian_vgg_dense_ep60_lr0p01_fr0p3_kd0p5_t4p0_self3p0	outputs/cifar100_4agent_25cls_hetero4arch_ipc10_guardian_vgg_dense_ep60_lr0p01_fr0p3_kd0p5_t4p0_self3p0/agents/agent_0/checkpoints/expert_model.pt	2023046	model/checkpoint/packet payload	planned
cifar100_4agent_25cls_hetero4arch_ipc10_guardian_vgg_dense_ep60_lr0p01_fr0p3_kd0p5_t4p0_self3p0	outputs/cifar100_4agent_25cls_hetero4arch_ipc10_guardian_vgg_dense_ep60_lr0p01_fr0p3_kd0p5_t4p0_self3p0/agents/agent_1/packets/dsdm_packet.pt	3126768	model/checkpoint/packet payload	planned
cifar100_4agent_25cls_hetero4arch_ipc10_guardian_vgg_dense_ep60_lr0p01_fr0p3_kd0p5_t4p0_self3p0	outputs/cifar100_4agent_25cls_hetero4arch_ipc10_guardian_vgg_dense_ep60_lr0p01_fr0p3_kd0p5_t4p0_self3p0/agents/agent_1/checkpoints/expert_model.pt	4325454	model/checkpoint/packet payload	planned
cifar100_4agent_25cls_hetero4arch_ipc10_guardian_vgg_dense_ep60_lr0p01_fr0p3_kd0p5_t4p0_self3p0	outputs/cifar100_4agent_25cls_hetero4arch_ipc10_guardian_vgg_dense_ep60_lr0p01_fr0p3_kd0p5_t4p0_self3p0/agents/agent_2/packets/dsdm_packet.pt	3126768	model/checkpoint/packet payload	planned
cifar100_4agent_25cls_hetero4arch_ipc10_guardian_vgg_dense_ep60_lr0p01_fr0p3_kd0p5_t4p0_self3p0	outputs/cifar100_4agent_25cls_hetero4arch_ipc10_guardian_vgg_dense_ep60_lr0p01_fr0p3_kd0p5_t4p0_self3p0/agents/agent_2/checkpoints/expert_model.pt	39239126	model/checkpoint/packet payload	planned
cifar100_4agent_25cls_hetero4arch_ipc10_guardian_vgg_dense_ep60_lr0p01_fr0p3_kd0p5_t4p0_self3p0	outputs/cifar100_4agent_25cls_hetero4arch_ipc10_guardian_vgg_dense_ep60_lr0p01_fr0p3_kd0p5_t4p0_self3p0/agents/agent_3/packets/dsdm_packet.pt	3126768	model/checkpoint/packet payload	planned
cifar100_4agent_25cls_hetero4arch_ipc10_guardian_vgg_dense_ep60_lr0p01_fr0p3_kd0p5_t4p0_self3p0	outputs/cifar100_4agent_25cls_hetero4arch_ipc10_guardian_vgg_dense_ep60_lr0p01_fr0p3_kd0p5_t4p0_self3p0/agents/agent_3/checkpoints/expert_model.pt	28123900	model/checkpoint/packet payload	planned
cifar100_4agent_25cls_hetero4arch_ipc10_guardian_vgg_dense_ep60_lr0p01_fr0p3_kd0p5_t4p0_self3p0	outputs/cifar100_4agent_25cls_hetero4arch_ipc10_guardian_vgg_dense_ep60_lr0p01_fr0p3_kd0p5_t4p0_self3p0/packet_hub/dsdm/agent_0_dsdm_packet.pt	3126768	model/checkpoint/packet payload	planned
cifar100_4agent_25cls_hetero4arch_ipc10_guardian_vgg_dense_ep60_lr0p01_fr0p3_kd0p5_t4p0_self3p0	outputs/cifar100_4agent_25cls_hetero4arch_ipc10_guardian_vgg_dense_ep60_lr0p01_fr0p3_kd0p5_t4p0_self3p0/packet_hub/dsdm/agent_1_dsdm_packet.pt	3126768	model/checkpoint/packet payload	planned
cifar100_4agent_25cls_hetero4arch_ipc10_guardian_vgg_dense_ep60_lr0p01_fr0p3_kd0p5_t4p0_self3p0	outputs/cifar100_4agent_25cls_hetero4arch_ipc10_guardian_vgg_dense_ep60_lr0p01_fr0p3_kd0p5_t4p0_self3p0/packet_hub/dsdm/agent_2_dsdm_packet.pt	3126768	model/checkpoint/packet payload	planned
cifar100_4agent_25cls_hetero4arch_ipc10_guardian_vgg_dense_ep60_lr0p01_fr0p3_kd0p5_t4p0_self3p0	outputs/cifar100_4agent_25cls_hetero4arch_ipc10_guardian_vgg_dense_ep60_lr0p01_fr0p3_kd0p5_t4p0_self3p0/packet_hub/dsdm/agent_3_dsdm_packet.pt	3126768	model/checkpoint/packet payload	planned
cifar100_4agent_25cls_hetero4arch_ipc10_guardian_vgg_dense_ep60_lr0p01_fr0p3_kd0p5_t4p0_self4p0	outputs/cifar100_4agent_25cls_hetero4arch_ipc10_guardian_vgg_dense_ep60_lr0p01_fr0p3_kd0p5_t4p0_self4p0/agents/agent_0/packets/dsdm_packet.pt	3126768	model/checkpoint/packet payload	planned
cifar100_4agent_25cls_hetero4arch_ipc10_guardian_vgg_dense_ep60_lr0p01_fr0p3_kd0p5_t4p0_self4p0	outputs/cifar100_4agent_25cls_hetero4arch_ipc10_guardian_vgg_dense_ep60_lr0p01_fr0p3_kd0p5_t4p0_self4p0/agents/agent_0/checkpoints/expert_model.pt	2023046	model/checkpoint/packet payload	planned
cifar100_4agent_25cls_hetero4arch_ipc10_guardian_vgg_dense_ep60_lr0p01_fr0p3_kd0p5_t4p0_self4p0	outputs/cifar100_4agent_25cls_hetero4arch_ipc10_guardian_vgg_dense_ep60_lr0p01_fr0p3_kd0p5_t4p0_self4p0/agents/agent_1/packets/dsdm_packet.pt	3126768	model/checkpoint/packet payload	planned
cifar100_4agent_25cls_hetero4arch_ipc10_guardian_vgg_dense_ep60_lr0p01_fr0p3_kd0p5_t4p0_self4p0	outputs/cifar100_4agent_25cls_hetero4arch_ipc10_guardian_vgg_dense_ep60_lr0p01_fr0p3_kd0p5_t4p0_self4p0/agents/agent_1/checkpoints/expert_model.pt	4325454	model/checkpoint/packet payload	planned
cifar100_4agent_25cls_hetero4arch_ipc10_guardian_vgg_dense_ep60_lr0p01_fr0p3_kd0p5_t4p0_self4p0	outputs/cifar100_4agent_25cls_hetero4arch_ipc10_guardian_vgg_dense_ep60_lr0p01_fr0p3_kd0p5_t4p0_self4p0/agents/agent_2/packets/dsdm_packet.pt	3126768	model/checkpoint/packet payload	planned
cifar100_4agent_25cls_hetero4arch_ipc10_guardian_vgg_dense_ep60_lr0p01_fr0p3_kd0p5_t4p0_self4p0	outputs/cifar100_4agent_25cls_hetero4arch_ipc10_guardian_vgg_dense_ep60_lr0p01_fr0p3_kd0p5_t4p0_self4p0/agents/agent_2/checkpoints/expert_model.pt	39239126	model/checkpoint/packet payload	planned
cifar100_4agent_25cls_hetero4arch_ipc10_guardian_vgg_dense_ep60_lr0p01_fr0p3_kd0p5_t4p0_self4p0	outputs/cifar100_4agent_25cls_hetero4arch_ipc10_guardian_vgg_dense_ep60_lr0p01_fr0p3_kd0p5_t4p0_self4p0/agents/agent_3/packets/dsdm_packet.pt	3126768	model/checkpoint/packet payload	planned
cifar100_4agent_25cls_hetero4arch_ipc10_guardian_vgg_dense_ep60_lr0p01_fr0p3_kd0p5_t4p0_self4p0	outputs/cifar100_4agent_25cls_hetero4arch_ipc10_guardian_vgg_dense_ep60_lr0p01_fr0p3_kd0p5_t4p0_self4p0/agents/agent_3/checkpoints/expert_model.pt	28123900	model/checkpoint/packet payload	planned
cifar100_4agent_25cls_hetero4arch_ipc10_guardian_vgg_dense_ep60_lr0p01_fr0p3_kd0p5_t4p0_self4p0	outputs/cifar100_4agent_25cls_hetero4arch_ipc10_guardian_vgg_dense_ep60_lr0p01_fr0p3_kd0p5_t4p0_self4p0/packet_hub/dsdm/agent_0_dsdm_packet.pt	3126768	model/checkpoint/packet payload	planned
cifar100_4agent_25cls_hetero4arch_ipc10_guardian_vgg_dense_ep60_lr0p01_fr0p3_kd0p5_t4p0_self4p0	outputs/cifar100_4agent_25cls_hetero4arch_ipc10_guardian_vgg_dense_ep60_lr0p01_fr0p3_kd0p5_t4p0_self4p0/packet_hub/dsdm/agent_1_dsdm_packet.pt	3126768	model/checkpoint/packet payload	planned
cifar100_4agent_25cls_hetero4arch_ipc10_guardian_vgg_dense_ep60_lr0p01_fr0p3_kd0p5_t4p0_self4p0	outputs/cifar100_4agent_25cls_hetero4arch_ipc10_guardian_vgg_dense_ep60_lr0p01_fr0p3_kd0p5_t4p0_self4p0/packet_hub/dsdm/agent_2_dsdm_packet.pt	3126768	model/checkpoint/packet payload	planned
cifar100_4agent_25cls_hetero4arch_ipc10_guardian_vgg_dense_ep60_lr0p01_fr0p3_kd0p5_t4p0_self4p0	outputs/cifar100_4agent_25cls_hetero4arch_ipc10_guardian_vgg_dense_ep60_lr0p01_fr0p3_kd0p5_t4p0_self4p0/packet_hub/dsdm/agent_3_dsdm_packet.pt	3126768	model/checkpoint/packet payload	planned
cifar100_4agent_25cls_hetero4arch_ipc10_guardian_vgg_dense_ep60_lr0p01_fr0p3_kd0p6_t3p0_self2p5	outputs/cifar100_4agent_25cls_hetero4arch_ipc10_guardian_vgg_dense_ep60_lr0p01_fr0p3_kd0p6_t3p0_self2p5/agents/agent_0/packets/dsdm_packet.pt	3126768	model/checkpoint/packet payload	planned
cifar100_4agent_25cls_hetero4arch_ipc10_guardian_vgg_dense_ep60_lr0p01_fr0p3_kd0p6_t3p0_self2p5	outputs/cifar100_4agent_25cls_hetero4arch_ipc10_guardian_vgg_dense_ep60_lr0p01_fr0p3_kd0p6_t3p0_self2p5/agents/agent_0/checkpoints/expert_model.pt	2023046	model/checkpoint/packet payload	planned
cifar100_4agent_25cls_hetero4arch_ipc10_guardian_vgg_dense_ep60_lr0p01_fr0p3_kd0p6_t3p0_self2p5	outputs/cifar100_4agent_25cls_hetero4arch_ipc10_guardian_vgg_dense_ep60_lr0p01_fr0p3_kd0p6_t3p0_self2p5/agents/agent_1/packets/dsdm_packet.pt	3126768	model/checkpoint/packet payload	planned
cifar100_4agent_25cls_hetero4arch_ipc10_guardian_vgg_dense_ep60_lr0p01_fr0p3_kd0p6_t3p0_self2p5	outputs/cifar100_4agent_25cls_hetero4arch_ipc10_guardian_vgg_dense_ep60_lr0p01_fr0p3_kd0p6_t3p0_self2p5/agents/agent_1/checkpoints/expert_model.pt	4325454	model/checkpoint/packet payload	planned
cifar100_4agent_25cls_hetero4arch_ipc10_guardian_vgg_dense_ep60_lr0p01_fr0p3_kd0p6_t3p0_self2p5	outputs/cifar100_4agent_25cls_hetero4arch_ipc10_guardian_vgg_dense_ep60_lr0p01_fr0p3_kd0p6_t3p0_self2p5/agents/agent_2/packets/dsdm_packet.pt	3126768	model/checkpoint/packet payload	planned
cifar100_4agent_25cls_hetero4arch_ipc10_guardian_vgg_dense_ep60_lr0p01_fr0p3_kd0p6_t3p0_self2p5	outputs/cifar100_4agent_25cls_hetero4arch_ipc10_guardian_vgg_dense_ep60_lr0p01_fr0p3_kd0p6_t3p0_self2p5/agents/agent_2/checkpoints/expert_model.pt	39239126	model/checkpoint/packet payload	planned
cifar100_4agent_25cls_hetero4arch_ipc10_guardian_vgg_dense_ep60_lr0p01_fr0p3_kd0p6_t3p0_self2p5	outputs/cifar100_4agent_25cls_hetero4arch_ipc10_guardian_vgg_dense_ep60_lr0p01_fr0p3_kd0p6_t3p0_self2p5/agents/agent_3/packets/dsdm_packet.pt	3126768	model/checkpoint/packet payload	planned
cifar100_4agent_25cls_hetero4arch_ipc10_guardian_vgg_dense_ep60_lr0p01_fr0p3_kd0p6_t3p0_self2p5	outputs/cifar100_4agent_25cls_hetero4arch_ipc10_guardian_vgg_dense_ep60_lr0p01_fr0p3_kd0p6_t3p0_self2p5/agents/agent_3/checkpoints/expert_model.pt	28123900	model/checkpoint/packet payload	planned
cifar100_4agent_25cls_hetero4arch_ipc10_guardian_vgg_dense_ep60_lr0p01_fr0p3_kd0p6_t3p0_self2p5	outputs/cifar100_4agent_25cls_hetero4arch_ipc10_guardian_vgg_dense_ep60_lr0p01_fr0p3_kd0p6_t3p0_self2p5/packet_hub/dsdm/agent_0_dsdm_packet.pt	3126768	model/checkpoint/packet payload	planned
cifar100_4agent_25cls_hetero4arch_ipc10_guardian_vgg_dense_ep60_lr0p01_fr0p3_kd0p6_t3p0_self2p5	outputs/cifar100_4agent_25cls_hetero4arch_ipc10_guardian_vgg_dense_ep60_lr0p01_fr0p3_kd0p6_t3p0_self2p5/packet_hub/dsdm/agent_1_dsdm_packet.pt	3126768	model/checkpoint/packet payload	planned
cifar100_4agent_25cls_hetero4arch_ipc10_guardian_vgg_dense_ep60_lr0p01_fr0p3_kd0p6_t3p0_self2p5	outputs/cifar100_4agent_25cls_hetero4arch_ipc10_guardian_vgg_dense_ep60_lr0p01_fr0p3_kd0p6_t3p0_self2p5/packet_hub/dsdm/agent_2_dsdm_packet.pt	3126768	model/checkpoint/packet payload	planned
cifar100_4agent_25cls_hetero4arch_ipc10_guardian_vgg_dense_ep60_lr0p01_fr0p3_kd0p6_t3p0_self2p5	outputs/cifar100_4agent_25cls_hetero4arch_ipc10_guardian_vgg_dense_ep60_lr0p01_fr0p3_kd0p6_t3p0_self2p5/packet_hub/dsdm/agent_3_dsdm_packet.pt	3126768	model/checkpoint/packet payload	planned
cifar100_4agent_25cls_hetero4arch_ipc10_guardian_vgg_dense_ep60_lr0p01_fr0p3_kd0p6_t3p0_self3p0	outputs/cifar100_4agent_25cls_hetero4arch_ipc10_guardian_vgg_dense_ep60_lr0p01_fr0p3_kd0p6_t3p0_self3p0/agents/agent_0/packets/dsdm_packet.pt	3126768	model/checkpoint/packet payload	planned
cifar100_4agent_25cls_hetero4arch_ipc10_guardian_vgg_dense_ep60_lr0p01_fr0p3_kd0p6_t3p0_self3p0	outputs/cifar100_4agent_25cls_hetero4arch_ipc10_guardian_vgg_dense_ep60_lr0p01_fr0p3_kd0p6_t3p0_self3p0/agents/agent_0/checkpoints/expert_model.pt	2023046	model/checkpoint/packet payload	planned
cifar100_4agent_25cls_hetero4arch_ipc10_guardian_vgg_dense_ep60_lr0p01_fr0p3_kd0p6_t3p0_self3p0	outputs/cifar100_4agent_25cls_hetero4arch_ipc10_guardian_vgg_dense_ep60_lr0p01_fr0p3_kd0p6_t3p0_self3p0/agents/agent_1/packets/dsdm_packet.pt	3126768	model/checkpoint/packet payload	planned
cifar100_4agent_25cls_hetero4arch_ipc10_guardian_vgg_dense_ep60_lr0p01_fr0p3_kd0p6_t3p0_self3p0	outputs/cifar100_4agent_25cls_hetero4arch_ipc10_guardian_vgg_dense_ep60_lr0p01_fr0p3_kd0p6_t3p0_self3p0/agents/agent_1/checkpoints/expert_model.pt	4325454	model/checkpoint/packet payload	planned
cifar100_4agent_25cls_hetero4arch_ipc10_guardian_vgg_dense_ep60_lr0p01_fr0p3_kd0p6_t3p0_self3p0	outputs/cifar100_4agent_25cls_hetero4arch_ipc10_guardian_vgg_dense_ep60_lr0p01_fr0p3_kd0p6_t3p0_self3p0/agents/agent_2/packets/dsdm_packet.pt	3126768	model/checkpoint/packet payload	planned
cifar100_4agent_25cls_hetero4arch_ipc10_guardian_vgg_dense_ep60_lr0p01_fr0p3_kd0p6_t3p0_self3p0	outputs/cifar100_4agent_25cls_hetero4arch_ipc10_guardian_vgg_dense_ep60_lr0p01_fr0p3_kd0p6_t3p0_self3p0/agents/agent_2/checkpoints/expert_model.pt	39239126	model/checkpoint/packet payload	planned
cifar100_4agent_25cls_hetero4arch_ipc10_guardian_vgg_dense_ep60_lr0p01_fr0p3_kd0p6_t3p0_self3p0	outputs/cifar100_4agent_25cls_hetero4arch_ipc10_guardian_vgg_dense_ep60_lr0p01_fr0p3_kd0p6_t3p0_self3p0/agents/agent_3/packets/dsdm_packet.pt	3126768	model/checkpoint/packet payload	planned
cifar100_4agent_25cls_hetero4arch_ipc10_guardian_vgg_dense_ep60_lr0p01_fr0p3_kd0p6_t3p0_self3p0	outputs/cifar100_4agent_25cls_hetero4arch_ipc10_guardian_vgg_dense_ep60_lr0p01_fr0p3_kd0p6_t3p0_self3p0/agents/agent_3/checkpoints/expert_model.pt	28123900	model/checkpoint/packet payload	planned
cifar100_4agent_25cls_hetero4arch_ipc10_guardian_vgg_dense_ep60_lr0p01_fr0p3_kd0p6_t3p0_self3p0	outputs/cifar100_4agent_25cls_hetero4arch_ipc10_guardian_vgg_dense_ep60_lr0p01_fr0p3_kd0p6_t3p0_self3p0/packet_hub/dsdm/agent_0_dsdm_packet.pt	3126768	model/checkpoint/packet payload	planned
cifar100_4agent_25cls_hetero4arch_ipc10_guardian_vgg_dense_ep60_lr0p01_fr0p3_kd0p6_t3p0_self3p0	outputs/cifar100_4agent_25cls_hetero4arch_ipc10_guardian_vgg_dense_ep60_lr0p01_fr0p3_kd0p6_t3p0_self3p0/packet_hub/dsdm/agent_1_dsdm_packet.pt	3126768	model/checkpoint/packet payload	planned
cifar100_4agent_25cls_hetero4arch_ipc10_guardian_vgg_dense_ep60_lr0p01_fr0p3_kd0p6_t3p0_self3p0	outputs/cifar100_4agent_25cls_hetero4arch_ipc10_guardian_vgg_dense_ep60_lr0p01_fr0p3_kd0p6_t3p0_self3p0/packet_hub/dsdm/agent_2_dsdm_packet.pt	3126768	model/checkpoint/packet payload	planned
cifar100_4agent_25cls_hetero4arch_ipc10_guardian_vgg_dense_ep60_lr0p01_fr0p3_kd0p6_t3p0_self3p0	outputs/cifar100_4agent_25cls_hetero4arch_ipc10_guardian_vgg_dense_ep60_lr0p01_fr0p3_kd0p6_t3p0_self3p0/packet_hub/dsdm/agent_3_dsdm_packet.pt	3126768	model/checkpoint/packet payload	planned
cifar100_4agent_25cls_hetero4arch_ipc10_guardian_vgg_dense_ep60_lr0p01_fr0p3_kd0p6_t3p0_self4p0	outputs/cifar100_4agent_25cls_hetero4arch_ipc10_guardian_vgg_dense_ep60_lr0p01_fr0p3_kd0p6_t3p0_self4p0/agents/agent_0/packets/dsdm_packet.pt	3126768	model/checkpoint/packet payload	planned
cifar100_4agent_25cls_hetero4arch_ipc10_guardian_vgg_dense_ep60_lr0p01_fr0p3_kd0p6_t3p0_self4p0	outputs/cifar100_4agent_25cls_hetero4arch_ipc10_guardian_vgg_dense_ep60_lr0p01_fr0p3_kd0p6_t3p0_self4p0/agents/agent_0/checkpoints/expert_model.pt	2023046	model/checkpoint/packet payload	planned
cifar100_4agent_25cls_hetero4arch_ipc10_guardian_vgg_dense_ep60_lr0p01_fr0p3_kd0p6_t3p0_self4p0	outputs/cifar100_4agent_25cls_hetero4arch_ipc10_guardian_vgg_dense_ep60_lr0p01_fr0p3_kd0p6_t3p0_self4p0/agents/agent_1/packets/dsdm_packet.pt	3126768	model/checkpoint/packet payload	planned
cifar100_4agent_25cls_hetero4arch_ipc10_guardian_vgg_dense_ep60_lr0p01_fr0p3_kd0p6_t3p0_self4p0	outputs/cifar100_4agent_25cls_hetero4arch_ipc10_guardian_vgg_dense_ep60_lr0p01_fr0p3_kd0p6_t3p0_self4p0/agents/agent_1/checkpoints/expert_model.pt	4325454	model/checkpoint/packet payload	planned
cifar100_4agent_25cls_hetero4arch_ipc10_guardian_vgg_dense_ep60_lr0p01_fr0p3_kd0p6_t3p0_self4p0	outputs/cifar100_4agent_25cls_hetero4arch_ipc10_guardian_vgg_dense_ep60_lr0p01_fr0p3_kd0p6_t3p0_self4p0/agents/agent_2/packets/dsdm_packet.pt	3126768	model/checkpoint/packet payload	planned
cifar100_4agent_25cls_hetero4arch_ipc10_guardian_vgg_dense_ep60_lr0p01_fr0p3_kd0p6_t3p0_self4p0	outputs/cifar100_4agent_25cls_hetero4arch_ipc10_guardian_vgg_dense_ep60_lr0p01_fr0p3_kd0p6_t3p0_self4p0/agents/agent_2/checkpoints/expert_model.pt	39239126	model/checkpoint/packet payload	planned
cifar100_4agent_25cls_hetero4arch_ipc10_guardian_vgg_dense_ep60_lr0p01_fr0p3_kd0p6_t3p0_self4p0	outputs/cifar100_4agent_25cls_hetero4arch_ipc10_guardian_vgg_dense_ep60_lr0p01_fr0p3_kd0p6_t3p0_self4p0/agents/agent_3/packets/dsdm_packet.pt	3126768	model/checkpoint/packet payload	planned
cifar100_4agent_25cls_hetero4arch_ipc10_guardian_vgg_dense_ep60_lr0p01_fr0p3_kd0p6_t3p0_self4p0	outputs/cifar100_4agent_25cls_hetero4arch_ipc10_guardian_vgg_dense_ep60_lr0p01_fr0p3_kd0p6_t3p0_self4p0/agents/agent_3/checkpoints/expert_model.pt	28123900	model/checkpoint/packet payload	planned
cifar100_4agent_25cls_hetero4arch_ipc10_guardian_vgg_dense_ep60_lr0p01_fr0p3_kd0p6_t3p0_self4p0	outputs/cifar100_4agent_25cls_hetero4arch_ipc10_guardian_vgg_dense_ep60_lr0p01_fr0p3_kd0p6_t3p0_self4p0/packet_hub/dsdm/agent_0_dsdm_packet.pt	3126768	model/checkpoint/packet payload	planned
cifar100_4agent_25cls_hetero4arch_ipc10_guardian_vgg_dense_ep60_lr0p01_fr0p3_kd0p6_t3p0_self4p0	outputs/cifar100_4agent_25cls_hetero4arch_ipc10_guardian_vgg_dense_ep60_lr0p01_fr0p3_kd0p6_t3p0_self4p0/packet_hub/dsdm/agent_1_dsdm_packet.pt	3126768	model/checkpoint/packet payload	planned
cifar100_4agent_25cls_hetero4arch_ipc10_guardian_vgg_dense_ep60_lr0p01_fr0p3_kd0p6_t3p0_self4p0	outputs/cifar100_4agent_25cls_hetero4arch_ipc10_guardian_vgg_dense_ep60_lr0p01_fr0p3_kd0p6_t3p0_self4p0/packet_hub/dsdm/agent_2_dsdm_packet.pt	3126768	model/checkpoint/packet payload	planned
cifar100_4agent_25cls_hetero4arch_ipc10_guardian_vgg_dense_ep60_lr0p01_fr0p3_kd0p6_t3p0_self4p0	outputs/cifar100_4agent_25cls_hetero4arch_ipc10_guardian_vgg_dense_ep60_lr0p01_fr0p3_kd0p6_t3p0_self4p0/packet_hub/dsdm/agent_3_dsdm_packet.pt	3126768	model/checkpoint/packet payload	planned
cifar100_4agent_25cls_hetero4arch_ipc10_guardian_vgg_dense_ep60_lr0p01_fr0p3_kd0p6_t4p0_self2p5	outputs/cifar100_4agent_25cls_hetero4arch_ipc10_guardian_vgg_dense_ep60_lr0p01_fr0p3_kd0p6_t4p0_self2p5/agents/agent_0/packets/dsdm_packet.pt	3126768	model/checkpoint/packet payload	planned
cifar100_4agent_25cls_hetero4arch_ipc10_guardian_vgg_dense_ep60_lr0p01_fr0p3_kd0p6_t4p0_self2p5	outputs/cifar100_4agent_25cls_hetero4arch_ipc10_guardian_vgg_dense_ep60_lr0p01_fr0p3_kd0p6_t4p0_self2p5/agents/agent_0/checkpoints/expert_model.pt	2023046	model/checkpoint/packet payload	planned
cifar100_4agent_25cls_hetero4arch_ipc10_guardian_vgg_dense_ep60_lr0p01_fr0p3_kd0p6_t4p0_self2p5	outputs/cifar100_4agent_25cls_hetero4arch_ipc10_guardian_vgg_dense_ep60_lr0p01_fr0p3_kd0p6_t4p0_self2p5/agents/agent_1/packets/dsdm_packet.pt	3126768	model/checkpoint/packet payload	planned
cifar100_4agent_25cls_hetero4arch_ipc10_guardian_vgg_dense_ep60_lr0p01_fr0p3_kd0p6_t4p0_self2p5	outputs/cifar100_4agent_25cls_hetero4arch_ipc10_guardian_vgg_dense_ep60_lr0p01_fr0p3_kd0p6_t4p0_self2p5/agents/agent_1/checkpoints/expert_model.pt	4325454	model/checkpoint/packet payload	planned
cifar100_4agent_25cls_hetero4arch_ipc10_guardian_vgg_dense_ep60_lr0p01_fr0p3_kd0p6_t4p0_self2p5	outputs/cifar100_4agent_25cls_hetero4arch_ipc10_guardian_vgg_dense_ep60_lr0p01_fr0p3_kd0p6_t4p0_self2p5/agents/agent_2/packets/dsdm_packet.pt	3126768	model/checkpoint/packet payload	planned
cifar100_4agent_25cls_hetero4arch_ipc10_guardian_vgg_dense_ep60_lr0p01_fr0p3_kd0p6_t4p0_self2p5	outputs/cifar100_4agent_25cls_hetero4arch_ipc10_guardian_vgg_dense_ep60_lr0p01_fr0p3_kd0p6_t4p0_self2p5/agents/agent_2/checkpoints/expert_model.pt	39239126	model/checkpoint/packet payload	planned
cifar100_4agent_25cls_hetero4arch_ipc10_guardian_vgg_dense_ep60_lr0p01_fr0p3_kd0p6_t4p0_self2p5	outputs/cifar100_4agent_25cls_hetero4arch_ipc10_guardian_vgg_dense_ep60_lr0p01_fr0p3_kd0p6_t4p0_self2p5/agents/agent_3/packets/dsdm_packet.pt	3126768	model/checkpoint/packet payload	planned
cifar100_4agent_25cls_hetero4arch_ipc10_guardian_vgg_dense_ep60_lr0p01_fr0p3_kd0p6_t4p0_self2p5	outputs/cifar100_4agent_25cls_hetero4arch_ipc10_guardian_vgg_dense_ep60_lr0p01_fr0p3_kd0p6_t4p0_self2p5/agents/agent_3/checkpoints/expert_model.pt	28123900	model/checkpoint/packet payload	planned
cifar100_4agent_25cls_hetero4arch_ipc10_guardian_vgg_dense_ep60_lr0p01_fr0p3_kd0p6_t4p0_self2p5	outputs/cifar100_4agent_25cls_hetero4arch_ipc10_guardian_vgg_dense_ep60_lr0p01_fr0p3_kd0p6_t4p0_self2p5/packet_hub/dsdm/agent_0_dsdm_packet.pt	3126768	model/checkpoint/packet payload	planned
cifar100_4agent_25cls_hetero4arch_ipc10_guardian_vgg_dense_ep60_lr0p01_fr0p3_kd0p6_t4p0_self2p5	outputs/cifar100_4agent_25cls_hetero4arch_ipc10_guardian_vgg_dense_ep60_lr0p01_fr0p3_kd0p6_t4p0_self2p5/packet_hub/dsdm/agent_1_dsdm_packet.pt	3126768	model/checkpoint/packet payload	planned
cifar100_4agent_25cls_hetero4arch_ipc10_guardian_vgg_dense_ep60_lr0p01_fr0p3_kd0p6_t4p0_self2p5	outputs/cifar100_4agent_25cls_hetero4arch_ipc10_guardian_vgg_dense_ep60_lr0p01_fr0p3_kd0p6_t4p0_self2p5/packet_hub/dsdm/agent_2_dsdm_packet.pt	3126768	model/checkpoint/packet payload	planned
cifar100_4agent_25cls_hetero4arch_ipc10_guardian_vgg_dense_ep60_lr0p01_fr0p3_kd0p6_t4p0_self2p5	outputs/cifar100_4agent_25cls_hetero4arch_ipc10_guardian_vgg_dense_ep60_lr0p01_fr0p3_kd0p6_t4p0_self2p5/packet_hub/dsdm/agent_3_dsdm_packet.pt	3126768	model/checkpoint/packet payload	planned
cifar100_4agent_25cls_hetero4arch_ipc10_guardian_vgg_dense_ep60_lr0p01_fr0p3_kd0p6_t4p0_self3p0	outputs/cifar100_4agent_25cls_hetero4arch_ipc10_guardian_vgg_dense_ep60_lr0p01_fr0p3_kd0p6_t4p0_self3p0/agents/agent_0/packets/dsdm_packet.pt	3126768	model/checkpoint/packet payload	planned
cifar100_4agent_25cls_hetero4arch_ipc10_guardian_vgg_dense_ep60_lr0p01_fr0p3_kd0p6_t4p0_self3p0	outputs/cifar100_4agent_25cls_hetero4arch_ipc10_guardian_vgg_dense_ep60_lr0p01_fr0p3_kd0p6_t4p0_self3p0/agents/agent_0/checkpoints/expert_model.pt	2023046	model/checkpoint/packet payload	planned
cifar100_4agent_25cls_hetero4arch_ipc10_guardian_vgg_dense_ep60_lr0p01_fr0p3_kd0p6_t4p0_self3p0	outputs/cifar100_4agent_25cls_hetero4arch_ipc10_guardian_vgg_dense_ep60_lr0p01_fr0p3_kd0p6_t4p0_self3p0/agents/agent_1/packets/dsdm_packet.pt	3126768	model/checkpoint/packet payload	planned
cifar100_4agent_25cls_hetero4arch_ipc10_guardian_vgg_dense_ep60_lr0p01_fr0p3_kd0p6_t4p0_self3p0	outputs/cifar100_4agent_25cls_hetero4arch_ipc10_guardian_vgg_dense_ep60_lr0p01_fr0p3_kd0p6_t4p0_self3p0/agents/agent_1/checkpoints/expert_model.pt	4325454	model/checkpoint/packet payload	planned
cifar100_4agent_25cls_hetero4arch_ipc10_guardian_vgg_dense_ep60_lr0p01_fr0p3_kd0p6_t4p0_self3p0	outputs/cifar100_4agent_25cls_hetero4arch_ipc10_guardian_vgg_dense_ep60_lr0p01_fr0p3_kd0p6_t4p0_self3p0/agents/agent_2/packets/dsdm_packet.pt	3126768	model/checkpoint/packet payload	planned
cifar100_4agent_25cls_hetero4arch_ipc10_guardian_vgg_dense_ep60_lr0p01_fr0p3_kd0p6_t4p0_self3p0	outputs/cifar100_4agent_25cls_hetero4arch_ipc10_guardian_vgg_dense_ep60_lr0p01_fr0p3_kd0p6_t4p0_self3p0/agents/agent_2/checkpoints/expert_model.pt	39239126	model/checkpoint/packet payload	planned
cifar100_4agent_25cls_hetero4arch_ipc10_guardian_vgg_dense_ep60_lr0p01_fr0p3_kd0p6_t4p0_self3p0	outputs/cifar100_4agent_25cls_hetero4arch_ipc10_guardian_vgg_dense_ep60_lr0p01_fr0p3_kd0p6_t4p0_self3p0/agents/agent_3/packets/dsdm_packet.pt	3126768	model/checkpoint/packet payload	planned
cifar100_4agent_25cls_hetero4arch_ipc10_guardian_vgg_dense_ep60_lr0p01_fr0p3_kd0p6_t4p0_self3p0	outputs/cifar100_4agent_25cls_hetero4arch_ipc10_guardian_vgg_dense_ep60_lr0p01_fr0p3_kd0p6_t4p0_self3p0/agents/agent_3/checkpoints/expert_model.pt	28123900	model/checkpoint/packet payload	planned
cifar100_4agent_25cls_hetero4arch_ipc10_guardian_vgg_dense_ep60_lr0p01_fr0p3_kd0p6_t4p0_self3p0	outputs/cifar100_4agent_25cls_hetero4arch_ipc10_guardian_vgg_dense_ep60_lr0p01_fr0p3_kd0p6_t4p0_self3p0/packet_hub/dsdm/agent_0_dsdm_packet.pt	3126768	model/checkpoint/packet payload	planned
cifar100_4agent_25cls_hetero4arch_ipc10_guardian_vgg_dense_ep60_lr0p01_fr0p3_kd0p6_t4p0_self3p0	outputs/cifar100_4agent_25cls_hetero4arch_ipc10_guardian_vgg_dense_ep60_lr0p01_fr0p3_kd0p6_t4p0_self3p0/packet_hub/dsdm/agent_1_dsdm_packet.pt	3126768	model/checkpoint/packet payload	planned
cifar100_4agent_25cls_hetero4arch_ipc10_guardian_vgg_dense_ep60_lr0p01_fr0p3_kd0p6_t4p0_self3p0	outputs/cifar100_4agent_25cls_hetero4arch_ipc10_guardian_vgg_dense_ep60_lr0p01_fr0p3_kd0p6_t4p0_self3p0/packet_hub/dsdm/agent_2_dsdm_packet.pt	3126768	model/checkpoint/packet payload	planned
cifar100_4agent_25cls_hetero4arch_ipc10_guardian_vgg_dense_ep60_lr0p01_fr0p3_kd0p6_t4p0_self3p0	outputs/cifar100_4agent_25cls_hetero4arch_ipc10_guardian_vgg_dense_ep60_lr0p01_fr0p3_kd0p6_t4p0_self3p0/packet_hub/dsdm/agent_3_dsdm_packet.pt	3126768	model/checkpoint/packet payload	planned
cifar100_4agent_25cls_hetero4arch_ipc10_guardian_vgg_dense_ep60_lr0p01_fr0p3_kd0p6_t4p0_self4p0	outputs/cifar100_4agent_25cls_hetero4arch_ipc10_guardian_vgg_dense_ep60_lr0p01_fr0p3_kd0p6_t4p0_self4p0/agents/agent_0/packets/dsdm_packet.pt	3126768	model/checkpoint/packet payload	planned
cifar100_4agent_25cls_hetero4arch_ipc10_guardian_vgg_dense_ep60_lr0p01_fr0p3_kd0p6_t4p0_self4p0	outputs/cifar100_4agent_25cls_hetero4arch_ipc10_guardian_vgg_dense_ep60_lr0p01_fr0p3_kd0p6_t4p0_self4p0/agents/agent_0/checkpoints/expert_model.pt	2023046	model/checkpoint/packet payload	planned
cifar100_4agent_25cls_hetero4arch_ipc10_guardian_vgg_dense_ep60_lr0p01_fr0p3_kd0p6_t4p0_self4p0	outputs/cifar100_4agent_25cls_hetero4arch_ipc10_guardian_vgg_dense_ep60_lr0p01_fr0p3_kd0p6_t4p0_self4p0/agents/agent_1/packets/dsdm_packet.pt	3126768	model/checkpoint/packet payload	planned
cifar100_4agent_25cls_hetero4arch_ipc10_guardian_vgg_dense_ep60_lr0p01_fr0p3_kd0p6_t4p0_self4p0	outputs/cifar100_4agent_25cls_hetero4arch_ipc10_guardian_vgg_dense_ep60_lr0p01_fr0p3_kd0p6_t4p0_self4p0/agents/agent_1/checkpoints/expert_model.pt	4325454	model/checkpoint/packet payload	planned
cifar100_4agent_25cls_hetero4arch_ipc10_guardian_vgg_dense_ep60_lr0p01_fr0p3_kd0p6_t4p0_self4p0	outputs/cifar100_4agent_25cls_hetero4arch_ipc10_guardian_vgg_dense_ep60_lr0p01_fr0p3_kd0p6_t4p0_self4p0/agents/agent_2/packets/dsdm_packet.pt	3126768	model/checkpoint/packet payload	planned
cifar100_4agent_25cls_hetero4arch_ipc10_guardian_vgg_dense_ep60_lr0p01_fr0p3_kd0p6_t4p0_self4p0	outputs/cifar100_4agent_25cls_hetero4arch_ipc10_guardian_vgg_dense_ep60_lr0p01_fr0p3_kd0p6_t4p0_self4p0/agents/agent_2/checkpoints/expert_model.pt	39239126	model/checkpoint/packet payload	planned
cifar100_4agent_25cls_hetero4arch_ipc10_guardian_vgg_dense_ep60_lr0p01_fr0p3_kd0p6_t4p0_self4p0	outputs/cifar100_4agent_25cls_hetero4arch_ipc10_guardian_vgg_dense_ep60_lr0p01_fr0p3_kd0p6_t4p0_self4p0/agents/agent_3/packets/dsdm_packet.pt	3126768	model/checkpoint/packet payload	planned
cifar100_4agent_25cls_hetero4arch_ipc10_guardian_vgg_dense_ep60_lr0p01_fr0p3_kd0p6_t4p0_self4p0	outputs/cifar100_4agent_25cls_hetero4arch_ipc10_guardian_vgg_dense_ep60_lr0p01_fr0p3_kd0p6_t4p0_self4p0/agents/agent_3/checkpoints/expert_model.pt	28123900	model/checkpoint/packet payload	planned
cifar100_4agent_25cls_hetero4arch_ipc10_guardian_vgg_dense_ep60_lr0p01_fr0p3_kd0p6_t4p0_self4p0	outputs/cifar100_4agent_25cls_hetero4arch_ipc10_guardian_vgg_dense_ep60_lr0p01_fr0p3_kd0p6_t4p0_self4p0/packet_hub/dsdm/agent_0_dsdm_packet.pt	3126768	model/checkpoint/packet payload	planned
cifar100_4agent_25cls_hetero4arch_ipc10_guardian_vgg_dense_ep60_lr0p01_fr0p3_kd0p6_t4p0_self4p0	outputs/cifar100_4agent_25cls_hetero4arch_ipc10_guardian_vgg_dense_ep60_lr0p01_fr0p3_kd0p6_t4p0_self4p0/packet_hub/dsdm/agent_1_dsdm_packet.pt	3126768	model/checkpoint/packet payload	planned
cifar100_4agent_25cls_hetero4arch_ipc10_guardian_vgg_dense_ep60_lr0p01_fr0p3_kd0p6_t4p0_self4p0	outputs/cifar100_4agent_25cls_hetero4arch_ipc10_guardian_vgg_dense_ep60_lr0p01_fr0p3_kd0p6_t4p0_self4p0/packet_hub/dsdm/agent_2_dsdm_packet.pt	3126768	model/checkpoint/packet payload	planned
cifar100_4agent_25cls_hetero4arch_ipc10_guardian_vgg_dense_ep60_lr0p01_fr0p3_kd0p6_t4p0_self4p0	outputs/cifar100_4agent_25cls_hetero4arch_ipc10_guardian_vgg_dense_ep60_lr0p01_fr0p3_kd0p6_t4p0_self4p0/packet_hub/dsdm/agent_3_dsdm_packet.pt	3126768	model/checkpoint/packet payload	planned
cifar100_4agent_25cls_hetero4arch_ipc10_guardian_vgg_dense_ep60_lr0p01_fr0p4_kd0p3_t3p0_self2p5	outputs/cifar100_4agent_25cls_hetero4arch_ipc10_guardian_vgg_dense_ep60_lr0p01_fr0p4_kd0p3_t3p0_self2p5/agents/agent_0/packets/dsdm_packet.pt	3126768	model/checkpoint/packet payload	planned
cifar100_4agent_25cls_hetero4arch_ipc10_guardian_vgg_dense_ep60_lr0p01_fr0p4_kd0p3_t3p0_self2p5	outputs/cifar100_4agent_25cls_hetero4arch_ipc10_guardian_vgg_dense_ep60_lr0p01_fr0p4_kd0p3_t3p0_self2p5/agents/agent_0/checkpoints/expert_model.pt	2023046	model/checkpoint/packet payload	planned
cifar100_4agent_25cls_hetero4arch_ipc10_guardian_vgg_dense_ep60_lr0p01_fr0p4_kd0p3_t3p0_self2p5	outputs/cifar100_4agent_25cls_hetero4arch_ipc10_guardian_vgg_dense_ep60_lr0p01_fr0p4_kd0p3_t3p0_self2p5/agents/agent_1/packets/dsdm_packet.pt	3126768	model/checkpoint/packet payload	planned
cifar100_4agent_25cls_hetero4arch_ipc10_guardian_vgg_dense_ep60_lr0p01_fr0p4_kd0p3_t3p0_self2p5	outputs/cifar100_4agent_25cls_hetero4arch_ipc10_guardian_vgg_dense_ep60_lr0p01_fr0p4_kd0p3_t3p0_self2p5/agents/agent_1/checkpoints/expert_model.pt	4325454	model/checkpoint/packet payload	planned
cifar100_4agent_25cls_hetero4arch_ipc10_guardian_vgg_dense_ep60_lr0p01_fr0p4_kd0p3_t3p0_self2p5	outputs/cifar100_4agent_25cls_hetero4arch_ipc10_guardian_vgg_dense_ep60_lr0p01_fr0p4_kd0p3_t3p0_self2p5/agents/agent_2/packets/dsdm_packet.pt	3126768	model/checkpoint/packet payload	planned
cifar100_4agent_25cls_hetero4arch_ipc10_guardian_vgg_dense_ep60_lr0p01_fr0p4_kd0p3_t3p0_self2p5	outputs/cifar100_4agent_25cls_hetero4arch_ipc10_guardian_vgg_dense_ep60_lr0p01_fr0p4_kd0p3_t3p0_self2p5/agents/agent_2/checkpoints/expert_model.pt	39239126	model/checkpoint/packet payload	planned
cifar100_4agent_25cls_hetero4arch_ipc10_guardian_vgg_dense_ep60_lr0p01_fr0p4_kd0p3_t3p0_self2p5	outputs/cifar100_4agent_25cls_hetero4arch_ipc10_guardian_vgg_dense_ep60_lr0p01_fr0p4_kd0p3_t3p0_self2p5/agents/agent_3/packets/dsdm_packet.pt	3126768	model/checkpoint/packet payload	planned
cifar100_4agent_25cls_hetero4arch_ipc10_guardian_vgg_dense_ep60_lr0p01_fr0p4_kd0p3_t3p0_self2p5	outputs/cifar100_4agent_25cls_hetero4arch_ipc10_guardian_vgg_dense_ep60_lr0p01_fr0p4_kd0p3_t3p0_self2p5/agents/agent_3/checkpoints/expert_model.pt	28123900	model/checkpoint/packet payload	planned
cifar100_4agent_25cls_hetero4arch_ipc10_guardian_vgg_dense_ep60_lr0p01_fr0p4_kd0p3_t3p0_self2p5	outputs/cifar100_4agent_25cls_hetero4arch_ipc10_guardian_vgg_dense_ep60_lr0p01_fr0p4_kd0p3_t3p0_self2p5/packet_hub/dsdm/agent_0_dsdm_packet.pt	3126768	model/checkpoint/packet payload	planned
cifar100_4agent_25cls_hetero4arch_ipc10_guardian_vgg_dense_ep60_lr0p01_fr0p4_kd0p3_t3p0_self2p5	outputs/cifar100_4agent_25cls_hetero4arch_ipc10_guardian_vgg_dense_ep60_lr0p01_fr0p4_kd0p3_t3p0_self2p5/packet_hub/dsdm/agent_1_dsdm_packet.pt	3126768	model/checkpoint/packet payload	planned
cifar100_4agent_25cls_hetero4arch_ipc10_guardian_vgg_dense_ep60_lr0p01_fr0p4_kd0p3_t3p0_self2p5	outputs/cifar100_4agent_25cls_hetero4arch_ipc10_guardian_vgg_dense_ep60_lr0p01_fr0p4_kd0p3_t3p0_self2p5/packet_hub/dsdm/agent_2_dsdm_packet.pt	3126768	model/checkpoint/packet payload	planned
cifar100_4agent_25cls_hetero4arch_ipc10_guardian_vgg_dense_ep60_lr0p01_fr0p4_kd0p3_t3p0_self2p5	outputs/cifar100_4agent_25cls_hetero4arch_ipc10_guardian_vgg_dense_ep60_lr0p01_fr0p4_kd0p3_t3p0_self2p5/packet_hub/dsdm/agent_3_dsdm_packet.pt	3126768	model/checkpoint/packet payload	planned
cifar100_4agent_25cls_hetero4arch_ipc10_guardian_vgg_dense_ep60_lr0p01_fr0p4_kd0p3_t3p0_self3p0	outputs/cifar100_4agent_25cls_hetero4arch_ipc10_guardian_vgg_dense_ep60_lr0p01_fr0p4_kd0p3_t3p0_self3p0/agents/agent_0/packets/dsdm_packet.pt	3126768	model/checkpoint/packet payload	planned
cifar100_4agent_25cls_hetero4arch_ipc10_guardian_vgg_dense_ep60_lr0p01_fr0p4_kd0p3_t3p0_self3p0	outputs/cifar100_4agent_25cls_hetero4arch_ipc10_guardian_vgg_dense_ep60_lr0p01_fr0p4_kd0p3_t3p0_self3p0/agents/agent_0/checkpoints/expert_model.pt	2023046	model/checkpoint/packet payload	planned
cifar100_4agent_25cls_hetero4arch_ipc10_guardian_vgg_dense_ep60_lr0p01_fr0p4_kd0p3_t3p0_self3p0	outputs/cifar100_4agent_25cls_hetero4arch_ipc10_guardian_vgg_dense_ep60_lr0p01_fr0p4_kd0p3_t3p0_self3p0/agents/agent_1/packets/dsdm_packet.pt	3126768	model/checkpoint/packet payload	planned
cifar100_4agent_25cls_hetero4arch_ipc10_guardian_vgg_dense_ep60_lr0p01_fr0p4_kd0p3_t3p0_self3p0	outputs/cifar100_4agent_25cls_hetero4arch_ipc10_guardian_vgg_dense_ep60_lr0p01_fr0p4_kd0p3_t3p0_self3p0/agents/agent_1/checkpoints/expert_model.pt	4325454	model/checkpoint/packet payload	planned
cifar100_4agent_25cls_hetero4arch_ipc10_guardian_vgg_dense_ep60_lr0p01_fr0p4_kd0p3_t3p0_self3p0	outputs/cifar100_4agent_25cls_hetero4arch_ipc10_guardian_vgg_dense_ep60_lr0p01_fr0p4_kd0p3_t3p0_self3p0/agents/agent_2/packets/dsdm_packet.pt	3126768	model/checkpoint/packet payload	planned
cifar100_4agent_25cls_hetero4arch_ipc10_guardian_vgg_dense_ep60_lr0p01_fr0p4_kd0p3_t3p0_self3p0	outputs/cifar100_4agent_25cls_hetero4arch_ipc10_guardian_vgg_dense_ep60_lr0p01_fr0p4_kd0p3_t3p0_self3p0/agents/agent_2/checkpoints/expert_model.pt	39239126	model/checkpoint/packet payload	planned
cifar100_4agent_25cls_hetero4arch_ipc10_guardian_vgg_dense_ep60_lr0p01_fr0p4_kd0p3_t3p0_self3p0	outputs/cifar100_4agent_25cls_hetero4arch_ipc10_guardian_vgg_dense_ep60_lr0p01_fr0p4_kd0p3_t3p0_self3p0/agents/agent_3/packets/dsdm_packet.pt	3126768	model/checkpoint/packet payload	planned
cifar100_4agent_25cls_hetero4arch_ipc10_guardian_vgg_dense_ep60_lr0p01_fr0p4_kd0p3_t3p0_self3p0	outputs/cifar100_4agent_25cls_hetero4arch_ipc10_guardian_vgg_dense_ep60_lr0p01_fr0p4_kd0p3_t3p0_self3p0/agents/agent_3/checkpoints/expert_model.pt	28123900	model/checkpoint/packet payload	planned
cifar100_4agent_25cls_hetero4arch_ipc10_guardian_vgg_dense_ep60_lr0p01_fr0p4_kd0p3_t3p0_self3p0	outputs/cifar100_4agent_25cls_hetero4arch_ipc10_guardian_vgg_dense_ep60_lr0p01_fr0p4_kd0p3_t3p0_self3p0/packet_hub/dsdm/agent_0_dsdm_packet.pt	3126768	model/checkpoint/packet payload	planned
cifar100_4agent_25cls_hetero4arch_ipc10_guardian_vgg_dense_ep60_lr0p01_fr0p4_kd0p3_t3p0_self3p0	outputs/cifar100_4agent_25cls_hetero4arch_ipc10_guardian_vgg_dense_ep60_lr0p01_fr0p4_kd0p3_t3p0_self3p0/packet_hub/dsdm/agent_1_dsdm_packet.pt	3126768	model/checkpoint/packet payload	planned
cifar100_4agent_25cls_hetero4arch_ipc10_guardian_vgg_dense_ep60_lr0p01_fr0p4_kd0p3_t3p0_self3p0	outputs/cifar100_4agent_25cls_hetero4arch_ipc10_guardian_vgg_dense_ep60_lr0p01_fr0p4_kd0p3_t3p0_self3p0/packet_hub/dsdm/agent_2_dsdm_packet.pt	3126768	model/checkpoint/packet payload	planned
cifar100_4agent_25cls_hetero4arch_ipc10_guardian_vgg_dense_ep60_lr0p01_fr0p4_kd0p3_t3p0_self3p0	outputs/cifar100_4agent_25cls_hetero4arch_ipc10_guardian_vgg_dense_ep60_lr0p01_fr0p4_kd0p3_t3p0_self3p0/packet_hub/dsdm/agent_3_dsdm_packet.pt	3126768	model/checkpoint/packet payload	planned
cifar100_4agent_25cls_hetero4arch_ipc10_guardian_vgg_dense_ep60_lr0p01_fr0p4_kd0p3_t3p0_self4p0	outputs/cifar100_4agent_25cls_hetero4arch_ipc10_guardian_vgg_dense_ep60_lr0p01_fr0p4_kd0p3_t3p0_self4p0/agents/agent_0/packets/dsdm_packet.pt	3126768	model/checkpoint/packet payload	planned
cifar100_4agent_25cls_hetero4arch_ipc10_guardian_vgg_dense_ep60_lr0p01_fr0p4_kd0p3_t3p0_self4p0	outputs/cifar100_4agent_25cls_hetero4arch_ipc10_guardian_vgg_dense_ep60_lr0p01_fr0p4_kd0p3_t3p0_self4p0/agents/agent_0/checkpoints/expert_model.pt	2023046	model/checkpoint/packet payload	planned
cifar100_4agent_25cls_hetero4arch_ipc10_guardian_vgg_dense_ep60_lr0p01_fr0p4_kd0p3_t3p0_self4p0	outputs/cifar100_4agent_25cls_hetero4arch_ipc10_guardian_vgg_dense_ep60_lr0p01_fr0p4_kd0p3_t3p0_self4p0/agents/agent_1/packets/dsdm_packet.pt	3126768	model/checkpoint/packet payload	planned
cifar100_4agent_25cls_hetero4arch_ipc10_guardian_vgg_dense_ep60_lr0p01_fr0p4_kd0p3_t3p0_self4p0	outputs/cifar100_4agent_25cls_hetero4arch_ipc10_guardian_vgg_dense_ep60_lr0p01_fr0p4_kd0p3_t3p0_self4p0/agents/agent_1/checkpoints/expert_model.pt	4325454	model/checkpoint/packet payload	planned
cifar100_4agent_25cls_hetero4arch_ipc10_guardian_vgg_dense_ep60_lr0p01_fr0p4_kd0p3_t3p0_self4p0	outputs/cifar100_4agent_25cls_hetero4arch_ipc10_guardian_vgg_dense_ep60_lr0p01_fr0p4_kd0p3_t3p0_self4p0/agents/agent_2/packets/dsdm_packet.pt	3126768	model/checkpoint/packet payload	planned
cifar100_4agent_25cls_hetero4arch_ipc10_guardian_vgg_dense_ep60_lr0p01_fr0p4_kd0p3_t3p0_self4p0	outputs/cifar100_4agent_25cls_hetero4arch_ipc10_guardian_vgg_dense_ep60_lr0p01_fr0p4_kd0p3_t3p0_self4p0/agents/agent_2/checkpoints/expert_model.pt	39239126	model/checkpoint/packet payload	planned
cifar100_4agent_25cls_hetero4arch_ipc10_guardian_vgg_dense_ep60_lr0p01_fr0p4_kd0p3_t3p0_self4p0	outputs/cifar100_4agent_25cls_hetero4arch_ipc10_guardian_vgg_dense_ep60_lr0p01_fr0p4_kd0p3_t3p0_self4p0/agents/agent_3/packets/dsdm_packet.pt	3126768	model/checkpoint/packet payload	planned
cifar100_4agent_25cls_hetero4arch_ipc10_guardian_vgg_dense_ep60_lr0p01_fr0p4_kd0p3_t3p0_self4p0	outputs/cifar100_4agent_25cls_hetero4arch_ipc10_guardian_vgg_dense_ep60_lr0p01_fr0p4_kd0p3_t3p0_self4p0/agents/agent_3/checkpoints/expert_model.pt	28123900	model/checkpoint/packet payload	planned
cifar100_4agent_25cls_hetero4arch_ipc10_guardian_vgg_dense_ep60_lr0p01_fr0p4_kd0p3_t3p0_self4p0	outputs/cifar100_4agent_25cls_hetero4arch_ipc10_guardian_vgg_dense_ep60_lr0p01_fr0p4_kd0p3_t3p0_self4p0/packet_hub/dsdm/agent_0_dsdm_packet.pt	3126768	model/checkpoint/packet payload	planned
cifar100_4agent_25cls_hetero4arch_ipc10_guardian_vgg_dense_ep60_lr0p01_fr0p4_kd0p3_t3p0_self4p0	outputs/cifar100_4agent_25cls_hetero4arch_ipc10_guardian_vgg_dense_ep60_lr0p01_fr0p4_kd0p3_t3p0_self4p0/packet_hub/dsdm/agent_1_dsdm_packet.pt	3126768	model/checkpoint/packet payload	planned
cifar100_4agent_25cls_hetero4arch_ipc10_guardian_vgg_dense_ep60_lr0p01_fr0p4_kd0p3_t3p0_self4p0	outputs/cifar100_4agent_25cls_hetero4arch_ipc10_guardian_vgg_dense_ep60_lr0p01_fr0p4_kd0p3_t3p0_self4p0/packet_hub/dsdm/agent_2_dsdm_packet.pt	3126768	model/checkpoint/packet payload	planned
cifar100_4agent_25cls_hetero4arch_ipc10_guardian_vgg_dense_ep60_lr0p01_fr0p4_kd0p3_t3p0_self4p0	outputs/cifar100_4agent_25cls_hetero4arch_ipc10_guardian_vgg_dense_ep60_lr0p01_fr0p4_kd0p3_t3p0_self4p0/packet_hub/dsdm/agent_3_dsdm_packet.pt	3126768	model/checkpoint/packet payload	planned
cifar100_4agent_25cls_hetero4arch_ipc10_guardian_vgg_dense_ep60_lr0p01_fr0p4_kd0p3_t4p0_self2p5	outputs/cifar100_4agent_25cls_hetero4arch_ipc10_guardian_vgg_dense_ep60_lr0p01_fr0p4_kd0p3_t4p0_self2p5/agents/agent_0/packets/dsdm_packet.pt	3126768	model/checkpoint/packet payload	planned
cifar100_4agent_25cls_hetero4arch_ipc10_guardian_vgg_dense_ep60_lr0p01_fr0p4_kd0p3_t4p0_self2p5	outputs/cifar100_4agent_25cls_hetero4arch_ipc10_guardian_vgg_dense_ep60_lr0p01_fr0p4_kd0p3_t4p0_self2p5/agents/agent_0/checkpoints/expert_model.pt	2023046	model/checkpoint/packet payload	planned
cifar100_4agent_25cls_hetero4arch_ipc10_guardian_vgg_dense_ep60_lr0p01_fr0p4_kd0p3_t4p0_self2p5	outputs/cifar100_4agent_25cls_hetero4arch_ipc10_guardian_vgg_dense_ep60_lr0p01_fr0p4_kd0p3_t4p0_self2p5/agents/agent_1/packets/dsdm_packet.pt	3126768	model/checkpoint/packet payload	planned
cifar100_4agent_25cls_hetero4arch_ipc10_guardian_vgg_dense_ep60_lr0p01_fr0p4_kd0p3_t4p0_self2p5	outputs/cifar100_4agent_25cls_hetero4arch_ipc10_guardian_vgg_dense_ep60_lr0p01_fr0p4_kd0p3_t4p0_self2p5/agents/agent_1/checkpoints/expert_model.pt	4325454	model/checkpoint/packet payload	planned
cifar100_4agent_25cls_hetero4arch_ipc10_guardian_vgg_dense_ep60_lr0p01_fr0p4_kd0p3_t4p0_self2p5	outputs/cifar100_4agent_25cls_hetero4arch_ipc10_guardian_vgg_dense_ep60_lr0p01_fr0p4_kd0p3_t4p0_self2p5/agents/agent_2/packets/dsdm_packet.pt	3126768	model/checkpoint/packet payload	planned
cifar100_4agent_25cls_hetero4arch_ipc10_guardian_vgg_dense_ep60_lr0p01_fr0p4_kd0p3_t4p0_self2p5	outputs/cifar100_4agent_25cls_hetero4arch_ipc10_guardian_vgg_dense_ep60_lr0p01_fr0p4_kd0p3_t4p0_self2p5/agents/agent_2/checkpoints/expert_model.pt	39239126	model/checkpoint/packet payload	planned
cifar100_4agent_25cls_hetero4arch_ipc10_guardian_vgg_dense_ep60_lr0p01_fr0p4_kd0p3_t4p0_self2p5	outputs/cifar100_4agent_25cls_hetero4arch_ipc10_guardian_vgg_dense_ep60_lr0p01_fr0p4_kd0p3_t4p0_self2p5/agents/agent_3/packets/dsdm_packet.pt	3126768	model/checkpoint/packet payload	planned
cifar100_4agent_25cls_hetero4arch_ipc10_guardian_vgg_dense_ep60_lr0p01_fr0p4_kd0p3_t4p0_self2p5	outputs/cifar100_4agent_25cls_hetero4arch_ipc10_guardian_vgg_dense_ep60_lr0p01_fr0p4_kd0p3_t4p0_self2p5/agents/agent_3/checkpoints/expert_model.pt	28123900	model/checkpoint/packet payload	planned
cifar100_4agent_25cls_hetero4arch_ipc10_guardian_vgg_dense_ep60_lr0p01_fr0p4_kd0p3_t4p0_self2p5	outputs/cifar100_4agent_25cls_hetero4arch_ipc10_guardian_vgg_dense_ep60_lr0p01_fr0p4_kd0p3_t4p0_self2p5/packet_hub/dsdm/agent_0_dsdm_packet.pt	3126768	model/checkpoint/packet payload	planned
cifar100_4agent_25cls_hetero4arch_ipc10_guardian_vgg_dense_ep60_lr0p01_fr0p4_kd0p3_t4p0_self2p5	outputs/cifar100_4agent_25cls_hetero4arch_ipc10_guardian_vgg_dense_ep60_lr0p01_fr0p4_kd0p3_t4p0_self2p5/packet_hub/dsdm/agent_1_dsdm_packet.pt	3126768	model/checkpoint/packet payload	planned
cifar100_4agent_25cls_hetero4arch_ipc10_guardian_vgg_dense_ep60_lr0p01_fr0p4_kd0p3_t4p0_self2p5	outputs/cifar100_4agent_25cls_hetero4arch_ipc10_guardian_vgg_dense_ep60_lr0p01_fr0p4_kd0p3_t4p0_self2p5/packet_hub/dsdm/agent_2_dsdm_packet.pt	3126768	model/checkpoint/packet payload	planned
cifar100_4agent_25cls_hetero4arch_ipc10_guardian_vgg_dense_ep60_lr0p01_fr0p4_kd0p3_t4p0_self2p5	outputs/cifar100_4agent_25cls_hetero4arch_ipc10_guardian_vgg_dense_ep60_lr0p01_fr0p4_kd0p3_t4p0_self2p5/packet_hub/dsdm/agent_3_dsdm_packet.pt	3126768	model/checkpoint/packet payload	planned
cifar100_4agent_25cls_hetero4arch_ipc10_guardian_vgg_dense_ep60_lr0p01_fr0p4_kd0p3_t4p0_self3p0	outputs/cifar100_4agent_25cls_hetero4arch_ipc10_guardian_vgg_dense_ep60_lr0p01_fr0p4_kd0p3_t4p0_self3p0/agents/agent_0/packets/dsdm_packet.pt	3126768	model/checkpoint/packet payload	planned
cifar100_4agent_25cls_hetero4arch_ipc10_guardian_vgg_dense_ep60_lr0p01_fr0p4_kd0p3_t4p0_self3p0	outputs/cifar100_4agent_25cls_hetero4arch_ipc10_guardian_vgg_dense_ep60_lr0p01_fr0p4_kd0p3_t4p0_self3p0/agents/agent_0/checkpoints/expert_model.pt	2023046	model/checkpoint/packet payload	planned
cifar100_4agent_25cls_hetero4arch_ipc10_guardian_vgg_dense_ep60_lr0p01_fr0p4_kd0p3_t4p0_self3p0	outputs/cifar100_4agent_25cls_hetero4arch_ipc10_guardian_vgg_dense_ep60_lr0p01_fr0p4_kd0p3_t4p0_self3p0/agents/agent_1/packets/dsdm_packet.pt	3126768	model/checkpoint/packet payload	planned
cifar100_4agent_25cls_hetero4arch_ipc10_guardian_vgg_dense_ep60_lr0p01_fr0p4_kd0p3_t4p0_self3p0	outputs/cifar100_4agent_25cls_hetero4arch_ipc10_guardian_vgg_dense_ep60_lr0p01_fr0p4_kd0p3_t4p0_self3p0/agents/agent_1/checkpoints/expert_model.pt	4325454	model/checkpoint/packet payload	planned
cifar100_4agent_25cls_hetero4arch_ipc10_guardian_vgg_dense_ep60_lr0p01_fr0p4_kd0p3_t4p0_self3p0	outputs/cifar100_4agent_25cls_hetero4arch_ipc10_guardian_vgg_dense_ep60_lr0p01_fr0p4_kd0p3_t4p0_self3p0/agents/agent_2/packets/dsdm_packet.pt	3126768	model/checkpoint/packet payload	planned
cifar100_4agent_25cls_hetero4arch_ipc10_guardian_vgg_dense_ep60_lr0p01_fr0p4_kd0p3_t4p0_self3p0	outputs/cifar100_4agent_25cls_hetero4arch_ipc10_guardian_vgg_dense_ep60_lr0p01_fr0p4_kd0p3_t4p0_self3p0/agents/agent_2/checkpoints/expert_model.pt	39239126	model/checkpoint/packet payload	planned
cifar100_4agent_25cls_hetero4arch_ipc10_guardian_vgg_dense_ep60_lr0p01_fr0p4_kd0p3_t4p0_self3p0	outputs/cifar100_4agent_25cls_hetero4arch_ipc10_guardian_vgg_dense_ep60_lr0p01_fr0p4_kd0p3_t4p0_self3p0/agents/agent_3/packets/dsdm_packet.pt	3126768	model/checkpoint/packet payload	planned
cifar100_4agent_25cls_hetero4arch_ipc10_guardian_vgg_dense_ep60_lr0p01_fr0p4_kd0p3_t4p0_self3p0	outputs/cifar100_4agent_25cls_hetero4arch_ipc10_guardian_vgg_dense_ep60_lr0p01_fr0p4_kd0p3_t4p0_self3p0/agents/agent_3/checkpoints/expert_model.pt	28123900	model/checkpoint/packet payload	planned
cifar100_4agent_25cls_hetero4arch_ipc10_guardian_vgg_dense_ep60_lr0p01_fr0p4_kd0p3_t4p0_self3p0	outputs/cifar100_4agent_25cls_hetero4arch_ipc10_guardian_vgg_dense_ep60_lr0p01_fr0p4_kd0p3_t4p0_self3p0/packet_hub/dsdm/agent_0_dsdm_packet.pt	3126768	model/checkpoint/packet payload	planned
cifar100_4agent_25cls_hetero4arch_ipc10_guardian_vgg_dense_ep60_lr0p01_fr0p4_kd0p3_t4p0_self3p0	outputs/cifar100_4agent_25cls_hetero4arch_ipc10_guardian_vgg_dense_ep60_lr0p01_fr0p4_kd0p3_t4p0_self3p0/packet_hub/dsdm/agent_1_dsdm_packet.pt	3126768	model/checkpoint/packet payload	planned
cifar100_4agent_25cls_hetero4arch_ipc10_guardian_vgg_dense_ep60_lr0p01_fr0p4_kd0p3_t4p0_self3p0	outputs/cifar100_4agent_25cls_hetero4arch_ipc10_guardian_vgg_dense_ep60_lr0p01_fr0p4_kd0p3_t4p0_self3p0/packet_hub/dsdm/agent_2_dsdm_packet.pt	3126768	model/checkpoint/packet payload	planned
cifar100_4agent_25cls_hetero4arch_ipc10_guardian_vgg_dense_ep60_lr0p01_fr0p4_kd0p3_t4p0_self3p0	outputs/cifar100_4agent_25cls_hetero4arch_ipc10_guardian_vgg_dense_ep60_lr0p01_fr0p4_kd0p3_t4p0_self3p0/packet_hub/dsdm/agent_3_dsdm_packet.pt	3126768	model/checkpoint/packet payload	planned
cifar100_4agent_25cls_hetero4arch_ipc10_guardian_vgg_dense_ep60_lr0p01_fr0p4_kd0p3_t4p0_self4p0	outputs/cifar100_4agent_25cls_hetero4arch_ipc10_guardian_vgg_dense_ep60_lr0p01_fr0p4_kd0p3_t4p0_self4p0/agents/agent_0/packets/dsdm_packet.pt	3126768	model/checkpoint/packet payload	planned
cifar100_4agent_25cls_hetero4arch_ipc10_guardian_vgg_dense_ep60_lr0p01_fr0p4_kd0p3_t4p0_self4p0	outputs/cifar100_4agent_25cls_hetero4arch_ipc10_guardian_vgg_dense_ep60_lr0p01_fr0p4_kd0p3_t4p0_self4p0/agents/agent_0/checkpoints/expert_model.pt	2023046	model/checkpoint/packet payload	planned
cifar100_4agent_25cls_hetero4arch_ipc10_guardian_vgg_dense_ep60_lr0p01_fr0p4_kd0p3_t4p0_self4p0	outputs/cifar100_4agent_25cls_hetero4arch_ipc10_guardian_vgg_dense_ep60_lr0p01_fr0p4_kd0p3_t4p0_self4p0/agents/agent_1/packets/dsdm_packet.pt	3126768	model/checkpoint/packet payload	planned
cifar100_4agent_25cls_hetero4arch_ipc10_guardian_vgg_dense_ep60_lr0p01_fr0p4_kd0p3_t4p0_self4p0	outputs/cifar100_4agent_25cls_hetero4arch_ipc10_guardian_vgg_dense_ep60_lr0p01_fr0p4_kd0p3_t4p0_self4p0/agents/agent_1/checkpoints/expert_model.pt	4325454	model/checkpoint/packet payload	planned
cifar100_4agent_25cls_hetero4arch_ipc10_guardian_vgg_dense_ep60_lr0p01_fr0p4_kd0p3_t4p0_self4p0	outputs/cifar100_4agent_25cls_hetero4arch_ipc10_guardian_vgg_dense_ep60_lr0p01_fr0p4_kd0p3_t4p0_self4p0/agents/agent_2/packets/dsdm_packet.pt	3126768	model/checkpoint/packet payload	planned
cifar100_4agent_25cls_hetero4arch_ipc10_guardian_vgg_dense_ep60_lr0p01_fr0p4_kd0p3_t4p0_self4p0	outputs/cifar100_4agent_25cls_hetero4arch_ipc10_guardian_vgg_dense_ep60_lr0p01_fr0p4_kd0p3_t4p0_self4p0/agents/agent_2/checkpoints/expert_model.pt	39239126	model/checkpoint/packet payload	planned
cifar100_4agent_25cls_hetero4arch_ipc10_guardian_vgg_dense_ep60_lr0p01_fr0p4_kd0p3_t4p0_self4p0	outputs/cifar100_4agent_25cls_hetero4arch_ipc10_guardian_vgg_dense_ep60_lr0p01_fr0p4_kd0p3_t4p0_self4p0/agents/agent_3/packets/dsdm_packet.pt	3126768	model/checkpoint/packet payload	planned
cifar100_4agent_25cls_hetero4arch_ipc10_guardian_vgg_dense_ep60_lr0p01_fr0p4_kd0p3_t4p0_self4p0	outputs/cifar100_4agent_25cls_hetero4arch_ipc10_guardian_vgg_dense_ep60_lr0p01_fr0p4_kd0p3_t4p0_self4p0/agents/agent_3/checkpoints/expert_model.pt	28123900	model/checkpoint/packet payload	planned
cifar100_4agent_25cls_hetero4arch_ipc10_guardian_vgg_dense_ep60_lr0p01_fr0p4_kd0p3_t4p0_self4p0	outputs/cifar100_4agent_25cls_hetero4arch_ipc10_guardian_vgg_dense_ep60_lr0p01_fr0p4_kd0p3_t4p0_self4p0/packet_hub/dsdm/agent_0_dsdm_packet.pt	3126768	model/checkpoint/packet payload	planned
cifar100_4agent_25cls_hetero4arch_ipc10_guardian_vgg_dense_ep60_lr0p01_fr0p4_kd0p3_t4p0_self4p0	outputs/cifar100_4agent_25cls_hetero4arch_ipc10_guardian_vgg_dense_ep60_lr0p01_fr0p4_kd0p3_t4p0_self4p0/packet_hub/dsdm/agent_1_dsdm_packet.pt	3126768	model/checkpoint/packet payload	planned
cifar100_4agent_25cls_hetero4arch_ipc10_guardian_vgg_dense_ep60_lr0p01_fr0p4_kd0p3_t4p0_self4p0	outputs/cifar100_4agent_25cls_hetero4arch_ipc10_guardian_vgg_dense_ep60_lr0p01_fr0p4_kd0p3_t4p0_self4p0/packet_hub/dsdm/agent_2_dsdm_packet.pt	3126768	model/checkpoint/packet payload	planned
cifar100_4agent_25cls_hetero4arch_ipc10_guardian_vgg_dense_ep60_lr0p01_fr0p4_kd0p3_t4p0_self4p0	outputs/cifar100_4agent_25cls_hetero4arch_ipc10_guardian_vgg_dense_ep60_lr0p01_fr0p4_kd0p3_t4p0_self4p0/packet_hub/dsdm/agent_3_dsdm_packet.pt	3126768	model/checkpoint/packet payload	planned
cifar100_4agent_25cls_hetero4arch_ipc10_guardian_vgg_dense_ep60_lr0p01_fr0p4_kd0p4_t3p0_self2p5	outputs/cifar100_4agent_25cls_hetero4arch_ipc10_guardian_vgg_dense_ep60_lr0p01_fr0p4_kd0p4_t3p0_self2p5/agents/agent_0/packets/dsdm_packet.pt	3126768	model/checkpoint/packet payload	planned
cifar100_4agent_25cls_hetero4arch_ipc10_guardian_vgg_dense_ep60_lr0p01_fr0p4_kd0p4_t3p0_self2p5	outputs/cifar100_4agent_25cls_hetero4arch_ipc10_guardian_vgg_dense_ep60_lr0p01_fr0p4_kd0p4_t3p0_self2p5/agents/agent_0/checkpoints/expert_model.pt	2023046	model/checkpoint/packet payload	planned
cifar100_4agent_25cls_hetero4arch_ipc10_guardian_vgg_dense_ep60_lr0p01_fr0p4_kd0p4_t3p0_self2p5	outputs/cifar100_4agent_25cls_hetero4arch_ipc10_guardian_vgg_dense_ep60_lr0p01_fr0p4_kd0p4_t3p0_self2p5/agents/agent_1/packets/dsdm_packet.pt	3126768	model/checkpoint/packet payload	planned
cifar100_4agent_25cls_hetero4arch_ipc10_guardian_vgg_dense_ep60_lr0p01_fr0p4_kd0p4_t3p0_self2p5	outputs/cifar100_4agent_25cls_hetero4arch_ipc10_guardian_vgg_dense_ep60_lr0p01_fr0p4_kd0p4_t3p0_self2p5/agents/agent_1/checkpoints/expert_model.pt	4325454	model/checkpoint/packet payload	planned
cifar100_4agent_25cls_hetero4arch_ipc10_guardian_vgg_dense_ep60_lr0p01_fr0p4_kd0p4_t3p0_self2p5	outputs/cifar100_4agent_25cls_hetero4arch_ipc10_guardian_vgg_dense_ep60_lr0p01_fr0p4_kd0p4_t3p0_self2p5/agents/agent_2/packets/dsdm_packet.pt	3126768	model/checkpoint/packet payload	planned
cifar100_4agent_25cls_hetero4arch_ipc10_guardian_vgg_dense_ep60_lr0p01_fr0p4_kd0p4_t3p0_self2p5	outputs/cifar100_4agent_25cls_hetero4arch_ipc10_guardian_vgg_dense_ep60_lr0p01_fr0p4_kd0p4_t3p0_self2p5/agents/agent_2/checkpoints/expert_model.pt	39239126	model/checkpoint/packet payload	planned
cifar100_4agent_25cls_hetero4arch_ipc10_guardian_vgg_dense_ep60_lr0p01_fr0p4_kd0p4_t3p0_self2p5	outputs/cifar100_4agent_25cls_hetero4arch_ipc10_guardian_vgg_dense_ep60_lr0p01_fr0p4_kd0p4_t3p0_self2p5/agents/agent_3/packets/dsdm_packet.pt	3126768	model/checkpoint/packet payload	planned
cifar100_4agent_25cls_hetero4arch_ipc10_guardian_vgg_dense_ep60_lr0p01_fr0p4_kd0p4_t3p0_self2p5	outputs/cifar100_4agent_25cls_hetero4arch_ipc10_guardian_vgg_dense_ep60_lr0p01_fr0p4_kd0p4_t3p0_self2p5/agents/agent_3/checkpoints/expert_model.pt	28123900	model/checkpoint/packet payload	planned
cifar100_4agent_25cls_hetero4arch_ipc10_guardian_vgg_dense_ep60_lr0p01_fr0p4_kd0p4_t3p0_self2p5	outputs/cifar100_4agent_25cls_hetero4arch_ipc10_guardian_vgg_dense_ep60_lr0p01_fr0p4_kd0p4_t3p0_self2p5/packet_hub/dsdm/agent_0_dsdm_packet.pt	3126768	model/checkpoint/packet payload	planned
cifar100_4agent_25cls_hetero4arch_ipc10_guardian_vgg_dense_ep60_lr0p01_fr0p4_kd0p4_t3p0_self2p5	outputs/cifar100_4agent_25cls_hetero4arch_ipc10_guardian_vgg_dense_ep60_lr0p01_fr0p4_kd0p4_t3p0_self2p5/packet_hub/dsdm/agent_1_dsdm_packet.pt	3126768	model/checkpoint/packet payload	planned
cifar100_4agent_25cls_hetero4arch_ipc10_guardian_vgg_dense_ep60_lr0p01_fr0p4_kd0p4_t3p0_self2p5	outputs/cifar100_4agent_25cls_hetero4arch_ipc10_guardian_vgg_dense_ep60_lr0p01_fr0p4_kd0p4_t3p0_self2p5/packet_hub/dsdm/agent_2_dsdm_packet.pt	3126768	model/checkpoint/packet payload	planned
cifar100_4agent_25cls_hetero4arch_ipc10_guardian_vgg_dense_ep60_lr0p01_fr0p4_kd0p4_t3p0_self2p5	outputs/cifar100_4agent_25cls_hetero4arch_ipc10_guardian_vgg_dense_ep60_lr0p01_fr0p4_kd0p4_t3p0_self2p5/packet_hub/dsdm/agent_3_dsdm_packet.pt	3126768	model/checkpoint/packet payload	planned
cifar100_4agent_25cls_hetero4arch_ipc10_guardian_vgg_dense_ep60_lr0p01_fr0p4_kd0p4_t3p0_self3p0	outputs/cifar100_4agent_25cls_hetero4arch_ipc10_guardian_vgg_dense_ep60_lr0p01_fr0p4_kd0p4_t3p0_self3p0/agents/agent_0/packets/dsdm_packet.pt	3126768	model/checkpoint/packet payload	planned
cifar100_4agent_25cls_hetero4arch_ipc10_guardian_vgg_dense_ep60_lr0p01_fr0p4_kd0p4_t3p0_self3p0	outputs/cifar100_4agent_25cls_hetero4arch_ipc10_guardian_vgg_dense_ep60_lr0p01_fr0p4_kd0p4_t3p0_self3p0/agents/agent_0/checkpoints/expert_model.pt	2023046	model/checkpoint/packet payload	planned
cifar100_4agent_25cls_hetero4arch_ipc10_guardian_vgg_dense_ep60_lr0p01_fr0p4_kd0p4_t3p0_self3p0	outputs/cifar100_4agent_25cls_hetero4arch_ipc10_guardian_vgg_dense_ep60_lr0p01_fr0p4_kd0p4_t3p0_self3p0/agents/agent_1/packets/dsdm_packet.pt	3126768	model/checkpoint/packet payload	planned
cifar100_4agent_25cls_hetero4arch_ipc10_guardian_vgg_dense_ep60_lr0p01_fr0p4_kd0p4_t3p0_self3p0	outputs/cifar100_4agent_25cls_hetero4arch_ipc10_guardian_vgg_dense_ep60_lr0p01_fr0p4_kd0p4_t3p0_self3p0/agents/agent_1/checkpoints/expert_model.pt	4325454	model/checkpoint/packet payload	planned
cifar100_4agent_25cls_hetero4arch_ipc10_guardian_vgg_dense_ep60_lr0p01_fr0p4_kd0p4_t3p0_self3p0	outputs/cifar100_4agent_25cls_hetero4arch_ipc10_guardian_vgg_dense_ep60_lr0p01_fr0p4_kd0p4_t3p0_self3p0/agents/agent_2/packets/dsdm_packet.pt	3126768	model/checkpoint/packet payload	planned
cifar100_4agent_25cls_hetero4arch_ipc10_guardian_vgg_dense_ep60_lr0p01_fr0p4_kd0p4_t3p0_self3p0	outputs/cifar100_4agent_25cls_hetero4arch_ipc10_guardian_vgg_dense_ep60_lr0p01_fr0p4_kd0p4_t3p0_self3p0/agents/agent_2/checkpoints/expert_model.pt	39239126	model/checkpoint/packet payload	planned
cifar100_4agent_25cls_hetero4arch_ipc10_guardian_vgg_dense_ep60_lr0p01_fr0p4_kd0p4_t3p0_self3p0	outputs/cifar100_4agent_25cls_hetero4arch_ipc10_guardian_vgg_dense_ep60_lr0p01_fr0p4_kd0p4_t3p0_self3p0/agents/agent_3/packets/dsdm_packet.pt	3126768	model/checkpoint/packet payload	planned
cifar100_4agent_25cls_hetero4arch_ipc10_guardian_vgg_dense_ep60_lr0p01_fr0p4_kd0p4_t3p0_self3p0	outputs/cifar100_4agent_25cls_hetero4arch_ipc10_guardian_vgg_dense_ep60_lr0p01_fr0p4_kd0p4_t3p0_self3p0/agents/agent_3/checkpoints/expert_model.pt	28123900	model/checkpoint/packet payload	planned
cifar100_4agent_25cls_hetero4arch_ipc10_guardian_vgg_dense_ep60_lr0p01_fr0p4_kd0p4_t3p0_self3p0	outputs/cifar100_4agent_25cls_hetero4arch_ipc10_guardian_vgg_dense_ep60_lr0p01_fr0p4_kd0p4_t3p0_self3p0/packet_hub/dsdm/agent_0_dsdm_packet.pt	3126768	model/checkpoint/packet payload	planned
cifar100_4agent_25cls_hetero4arch_ipc10_guardian_vgg_dense_ep60_lr0p01_fr0p4_kd0p4_t3p0_self3p0	outputs/cifar100_4agent_25cls_hetero4arch_ipc10_guardian_vgg_dense_ep60_lr0p01_fr0p4_kd0p4_t3p0_self3p0/packet_hub/dsdm/agent_1_dsdm_packet.pt	3126768	model/checkpoint/packet payload	planned
cifar100_4agent_25cls_hetero4arch_ipc10_guardian_vgg_dense_ep60_lr0p01_fr0p4_kd0p4_t3p0_self3p0	outputs/cifar100_4agent_25cls_hetero4arch_ipc10_guardian_vgg_dense_ep60_lr0p01_fr0p4_kd0p4_t3p0_self3p0/packet_hub/dsdm/agent_2_dsdm_packet.pt	3126768	model/checkpoint/packet payload	planned
cifar100_4agent_25cls_hetero4arch_ipc10_guardian_vgg_dense_ep60_lr0p01_fr0p4_kd0p4_t3p0_self3p0	outputs/cifar100_4agent_25cls_hetero4arch_ipc10_guardian_vgg_dense_ep60_lr0p01_fr0p4_kd0p4_t3p0_self3p0/packet_hub/dsdm/agent_3_dsdm_packet.pt	3126768	model/checkpoint/packet payload	planned
cifar100_4agent_25cls_hetero4arch_ipc10_guardian_vgg_dense_ep60_lr0p01_fr0p4_kd0p4_t3p0_self4p0	outputs/cifar100_4agent_25cls_hetero4arch_ipc10_guardian_vgg_dense_ep60_lr0p01_fr0p4_kd0p4_t3p0_self4p0/agents/agent_0/packets/dsdm_packet.pt	3126768	model/checkpoint/packet payload	planned
cifar100_4agent_25cls_hetero4arch_ipc10_guardian_vgg_dense_ep60_lr0p01_fr0p4_kd0p4_t3p0_self4p0	outputs/cifar100_4agent_25cls_hetero4arch_ipc10_guardian_vgg_dense_ep60_lr0p01_fr0p4_kd0p4_t3p0_self4p0/agents/agent_0/checkpoints/expert_model.pt	2023046	model/checkpoint/packet payload	planned
cifar100_4agent_25cls_hetero4arch_ipc10_guardian_vgg_dense_ep60_lr0p01_fr0p4_kd0p4_t3p0_self4p0	outputs/cifar100_4agent_25cls_hetero4arch_ipc10_guardian_vgg_dense_ep60_lr0p01_fr0p4_kd0p4_t3p0_self4p0/agents/agent_1/packets/dsdm_packet.pt	3126768	model/checkpoint/packet payload	planned
cifar100_4agent_25cls_hetero4arch_ipc10_guardian_vgg_dense_ep60_lr0p01_fr0p4_kd0p4_t3p0_self4p0	outputs/cifar100_4agent_25cls_hetero4arch_ipc10_guardian_vgg_dense_ep60_lr0p01_fr0p4_kd0p4_t3p0_self4p0/agents/agent_1/checkpoints/expert_model.pt	4325454	model/checkpoint/packet payload	planned
cifar100_4agent_25cls_hetero4arch_ipc10_guardian_vgg_dense_ep60_lr0p01_fr0p4_kd0p4_t3p0_self4p0	outputs/cifar100_4agent_25cls_hetero4arch_ipc10_guardian_vgg_dense_ep60_lr0p01_fr0p4_kd0p4_t3p0_self4p0/agents/agent_2/packets/dsdm_packet.pt	3126768	model/checkpoint/packet payload	planned
cifar100_4agent_25cls_hetero4arch_ipc10_guardian_vgg_dense_ep60_lr0p01_fr0p4_kd0p4_t3p0_self4p0	outputs/cifar100_4agent_25cls_hetero4arch_ipc10_guardian_vgg_dense_ep60_lr0p01_fr0p4_kd0p4_t3p0_self4p0/agents/agent_2/checkpoints/expert_model.pt	39239126	model/checkpoint/packet payload	planned
cifar100_4agent_25cls_hetero4arch_ipc10_guardian_vgg_dense_ep60_lr0p01_fr0p4_kd0p4_t3p0_self4p0	outputs/cifar100_4agent_25cls_hetero4arch_ipc10_guardian_vgg_dense_ep60_lr0p01_fr0p4_kd0p4_t3p0_self4p0/agents/agent_3/packets/dsdm_packet.pt	3126768	model/checkpoint/packet payload	planned
cifar100_4agent_25cls_hetero4arch_ipc10_guardian_vgg_dense_ep60_lr0p01_fr0p4_kd0p4_t3p0_self4p0	outputs/cifar100_4agent_25cls_hetero4arch_ipc10_guardian_vgg_dense_ep60_lr0p01_fr0p4_kd0p4_t3p0_self4p0/agents/agent_3/checkpoints/expert_model.pt	28123900	model/checkpoint/packet payload	planned
cifar100_4agent_25cls_hetero4arch_ipc10_guardian_vgg_dense_ep60_lr0p01_fr0p4_kd0p4_t3p0_self4p0	outputs/cifar100_4agent_25cls_hetero4arch_ipc10_guardian_vgg_dense_ep60_lr0p01_fr0p4_kd0p4_t3p0_self4p0/packet_hub/dsdm/agent_0_dsdm_packet.pt	3126768	model/checkpoint/packet payload	planned
cifar100_4agent_25cls_hetero4arch_ipc10_guardian_vgg_dense_ep60_lr0p01_fr0p4_kd0p4_t3p0_self4p0	outputs/cifar100_4agent_25cls_hetero4arch_ipc10_guardian_vgg_dense_ep60_lr0p01_fr0p4_kd0p4_t3p0_self4p0/packet_hub/dsdm/agent_1_dsdm_packet.pt	3126768	model/checkpoint/packet payload	planned
cifar100_4agent_25cls_hetero4arch_ipc10_guardian_vgg_dense_ep60_lr0p01_fr0p4_kd0p4_t3p0_self4p0	outputs/cifar100_4agent_25cls_hetero4arch_ipc10_guardian_vgg_dense_ep60_lr0p01_fr0p4_kd0p4_t3p0_self4p0/packet_hub/dsdm/agent_2_dsdm_packet.pt	3126768	model/checkpoint/packet payload	planned
cifar100_4agent_25cls_hetero4arch_ipc10_guardian_vgg_dense_ep60_lr0p01_fr0p4_kd0p4_t3p0_self4p0	outputs/cifar100_4agent_25cls_hetero4arch_ipc10_guardian_vgg_dense_ep60_lr0p01_fr0p4_kd0p4_t3p0_self4p0/packet_hub/dsdm/agent_3_dsdm_packet.pt	3126768	model/checkpoint/packet payload	planned
cifar100_4agent_25cls_hetero4arch_ipc10_guardian_vgg_dense_ep60_lr0p01_fr0p4_kd0p4_t4p0_self2p5	outputs/cifar100_4agent_25cls_hetero4arch_ipc10_guardian_vgg_dense_ep60_lr0p01_fr0p4_kd0p4_t4p0_self2p5/agents/agent_0/packets/dsdm_packet.pt	3126768	model/checkpoint/packet payload	planned
cifar100_4agent_25cls_hetero4arch_ipc10_guardian_vgg_dense_ep60_lr0p01_fr0p4_kd0p4_t4p0_self2p5	outputs/cifar100_4agent_25cls_hetero4arch_ipc10_guardian_vgg_dense_ep60_lr0p01_fr0p4_kd0p4_t4p0_self2p5/agents/agent_0/checkpoints/expert_model.pt	2023046	model/checkpoint/packet payload	planned
cifar100_4agent_25cls_hetero4arch_ipc10_guardian_vgg_dense_ep60_lr0p01_fr0p4_kd0p4_t4p0_self2p5	outputs/cifar100_4agent_25cls_hetero4arch_ipc10_guardian_vgg_dense_ep60_lr0p01_fr0p4_kd0p4_t4p0_self2p5/agents/agent_1/packets/dsdm_packet.pt	3126768	model/checkpoint/packet payload	planned
cifar100_4agent_25cls_hetero4arch_ipc10_guardian_vgg_dense_ep60_lr0p01_fr0p4_kd0p4_t4p0_self2p5	outputs/cifar100_4agent_25cls_hetero4arch_ipc10_guardian_vgg_dense_ep60_lr0p01_fr0p4_kd0p4_t4p0_self2p5/agents/agent_1/checkpoints/expert_model.pt	4325454	model/checkpoint/packet payload	planned
cifar100_4agent_25cls_hetero4arch_ipc10_guardian_vgg_dense_ep60_lr0p01_fr0p4_kd0p4_t4p0_self2p5	outputs/cifar100_4agent_25cls_hetero4arch_ipc10_guardian_vgg_dense_ep60_lr0p01_fr0p4_kd0p4_t4p0_self2p5/agents/agent_2/packets/dsdm_packet.pt	3126768	model/checkpoint/packet payload	planned
cifar100_4agent_25cls_hetero4arch_ipc10_guardian_vgg_dense_ep60_lr0p01_fr0p4_kd0p4_t4p0_self2p5	outputs/cifar100_4agent_25cls_hetero4arch_ipc10_guardian_vgg_dense_ep60_lr0p01_fr0p4_kd0p4_t4p0_self2p5/agents/agent_2/checkpoints/expert_model.pt	39239126	model/checkpoint/packet payload	planned
cifar100_4agent_25cls_hetero4arch_ipc10_guardian_vgg_dense_ep60_lr0p01_fr0p4_kd0p4_t4p0_self2p5	outputs/cifar100_4agent_25cls_hetero4arch_ipc10_guardian_vgg_dense_ep60_lr0p01_fr0p4_kd0p4_t4p0_self2p5/agents/agent_3/packets/dsdm_packet.pt	3126768	model/checkpoint/packet payload	planned
cifar100_4agent_25cls_hetero4arch_ipc10_guardian_vgg_dense_ep60_lr0p01_fr0p4_kd0p4_t4p0_self2p5	outputs/cifar100_4agent_25cls_hetero4arch_ipc10_guardian_vgg_dense_ep60_lr0p01_fr0p4_kd0p4_t4p0_self2p5/agents/agent_3/checkpoints/expert_model.pt	28123900	model/checkpoint/packet payload	planned
cifar100_4agent_25cls_hetero4arch_ipc10_guardian_vgg_dense_ep60_lr0p01_fr0p4_kd0p4_t4p0_self2p5	outputs/cifar100_4agent_25cls_hetero4arch_ipc10_guardian_vgg_dense_ep60_lr0p01_fr0p4_kd0p4_t4p0_self2p5/packet_hub/dsdm/agent_0_dsdm_packet.pt	3126768	model/checkpoint/packet payload	planned
cifar100_4agent_25cls_hetero4arch_ipc10_guardian_vgg_dense_ep60_lr0p01_fr0p4_kd0p4_t4p0_self2p5	outputs/cifar100_4agent_25cls_hetero4arch_ipc10_guardian_vgg_dense_ep60_lr0p01_fr0p4_kd0p4_t4p0_self2p5/packet_hub/dsdm/agent_1_dsdm_packet.pt	3126768	model/checkpoint/packet payload	planned
cifar100_4agent_25cls_hetero4arch_ipc10_guardian_vgg_dense_ep60_lr0p01_fr0p4_kd0p4_t4p0_self2p5	outputs/cifar100_4agent_25cls_hetero4arch_ipc10_guardian_vgg_dense_ep60_lr0p01_fr0p4_kd0p4_t4p0_self2p5/packet_hub/dsdm/agent_2_dsdm_packet.pt	3126768	model/checkpoint/packet payload	planned
cifar100_4agent_25cls_hetero4arch_ipc10_guardian_vgg_dense_ep60_lr0p01_fr0p4_kd0p4_t4p0_self2p5	outputs/cifar100_4agent_25cls_hetero4arch_ipc10_guardian_vgg_dense_ep60_lr0p01_fr0p4_kd0p4_t4p0_self2p5/packet_hub/dsdm/agent_3_dsdm_packet.pt	3126768	model/checkpoint/packet payload	planned
cifar100_4agent_25cls_hetero4arch_ipc10_guardian_vgg_dense_ep60_lr0p01_fr0p4_kd0p4_t4p0_self3p0	outputs/cifar100_4agent_25cls_hetero4arch_ipc10_guardian_vgg_dense_ep60_lr0p01_fr0p4_kd0p4_t4p0_self3p0/agents/agent_0/packets/dsdm_packet.pt	3126768	model/checkpoint/packet payload	planned
cifar100_4agent_25cls_hetero4arch_ipc10_guardian_vgg_dense_ep60_lr0p01_fr0p4_kd0p4_t4p0_self3p0	outputs/cifar100_4agent_25cls_hetero4arch_ipc10_guardian_vgg_dense_ep60_lr0p01_fr0p4_kd0p4_t4p0_self3p0/agents/agent_0/checkpoints/expert_model.pt	2023046	model/checkpoint/packet payload	planned
cifar100_4agent_25cls_hetero4arch_ipc10_guardian_vgg_dense_ep60_lr0p01_fr0p4_kd0p4_t4p0_self3p0	outputs/cifar100_4agent_25cls_hetero4arch_ipc10_guardian_vgg_dense_ep60_lr0p01_fr0p4_kd0p4_t4p0_self3p0/agents/agent_1/packets/dsdm_packet.pt	3126768	model/checkpoint/packet payload	planned
cifar100_4agent_25cls_hetero4arch_ipc10_guardian_vgg_dense_ep60_lr0p01_fr0p4_kd0p4_t4p0_self3p0	outputs/cifar100_4agent_25cls_hetero4arch_ipc10_guardian_vgg_dense_ep60_lr0p01_fr0p4_kd0p4_t4p0_self3p0/agents/agent_1/checkpoints/expert_model.pt	4325454	model/checkpoint/packet payload	planned
cifar100_4agent_25cls_hetero4arch_ipc10_guardian_vgg_dense_ep60_lr0p01_fr0p4_kd0p4_t4p0_self3p0	outputs/cifar100_4agent_25cls_hetero4arch_ipc10_guardian_vgg_dense_ep60_lr0p01_fr0p4_kd0p4_t4p0_self3p0/agents/agent_2/packets/dsdm_packet.pt	3126768	model/checkpoint/packet payload	planned
cifar100_4agent_25cls_hetero4arch_ipc10_guardian_vgg_dense_ep60_lr0p01_fr0p4_kd0p4_t4p0_self3p0	outputs/cifar100_4agent_25cls_hetero4arch_ipc10_guardian_vgg_dense_ep60_lr0p01_fr0p4_kd0p4_t4p0_self3p0/agents/agent_2/checkpoints/expert_model.pt	39239126	model/checkpoint/packet payload	planned
cifar100_4agent_25cls_hetero4arch_ipc10_guardian_vgg_dense_ep60_lr0p01_fr0p4_kd0p4_t4p0_self3p0	outputs/cifar100_4agent_25cls_hetero4arch_ipc10_guardian_vgg_dense_ep60_lr0p01_fr0p4_kd0p4_t4p0_self3p0/agents/agent_3/packets/dsdm_packet.pt	3126768	model/checkpoint/packet payload	planned
cifar100_4agent_25cls_hetero4arch_ipc10_guardian_vgg_dense_ep60_lr0p01_fr0p4_kd0p4_t4p0_self3p0	outputs/cifar100_4agent_25cls_hetero4arch_ipc10_guardian_vgg_dense_ep60_lr0p01_fr0p4_kd0p4_t4p0_self3p0/agents/agent_3/checkpoints/expert_model.pt	28123900	model/checkpoint/packet payload	planned
cifar100_4agent_25cls_hetero4arch_ipc10_guardian_vgg_dense_ep60_lr0p01_fr0p4_kd0p4_t4p0_self3p0	outputs/cifar100_4agent_25cls_hetero4arch_ipc10_guardian_vgg_dense_ep60_lr0p01_fr0p4_kd0p4_t4p0_self3p0/packet_hub/dsdm/agent_0_dsdm_packet.pt	3126768	model/checkpoint/packet payload	planned
cifar100_4agent_25cls_hetero4arch_ipc10_guardian_vgg_dense_ep60_lr0p01_fr0p4_kd0p4_t4p0_self3p0	outputs/cifar100_4agent_25cls_hetero4arch_ipc10_guardian_vgg_dense_ep60_lr0p01_fr0p4_kd0p4_t4p0_self3p0/packet_hub/dsdm/agent_1_dsdm_packet.pt	3126768	model/checkpoint/packet payload	planned
cifar100_4agent_25cls_hetero4arch_ipc10_guardian_vgg_dense_ep60_lr0p01_fr0p4_kd0p4_t4p0_self3p0	outputs/cifar100_4agent_25cls_hetero4arch_ipc10_guardian_vgg_dense_ep60_lr0p01_fr0p4_kd0p4_t4p0_self3p0/packet_hub/dsdm/agent_2_dsdm_packet.pt	3126768	model/checkpoint/packet payload	planned
cifar100_4agent_25cls_hetero4arch_ipc10_guardian_vgg_dense_ep60_lr0p01_fr0p4_kd0p4_t4p0_self3p0	outputs/cifar100_4agent_25cls_hetero4arch_ipc10_guardian_vgg_dense_ep60_lr0p01_fr0p4_kd0p4_t4p0_self3p0/packet_hub/dsdm/agent_3_dsdm_packet.pt	3126768	model/checkpoint/packet payload	planned
cifar100_4agent_25cls_hetero4arch_ipc10_guardian_vgg_dense_ep60_lr0p01_fr0p4_kd0p4_t4p0_self4p0	outputs/cifar100_4agent_25cls_hetero4arch_ipc10_guardian_vgg_dense_ep60_lr0p01_fr0p4_kd0p4_t4p0_self4p0/agents/agent_0/packets/dsdm_packet.pt	3126768	model/checkpoint/packet payload	planned
cifar100_4agent_25cls_hetero4arch_ipc10_guardian_vgg_dense_ep60_lr0p01_fr0p4_kd0p4_t4p0_self4p0	outputs/cifar100_4agent_25cls_hetero4arch_ipc10_guardian_vgg_dense_ep60_lr0p01_fr0p4_kd0p4_t4p0_self4p0/agents/agent_0/checkpoints/expert_model.pt	2023046	model/checkpoint/packet payload	planned
cifar100_4agent_25cls_hetero4arch_ipc10_guardian_vgg_dense_ep60_lr0p01_fr0p4_kd0p4_t4p0_self4p0	outputs/cifar100_4agent_25cls_hetero4arch_ipc10_guardian_vgg_dense_ep60_lr0p01_fr0p4_kd0p4_t4p0_self4p0/agents/agent_1/packets/dsdm_packet.pt	3126768	model/checkpoint/packet payload	planned
cifar100_4agent_25cls_hetero4arch_ipc10_guardian_vgg_dense_ep60_lr0p01_fr0p4_kd0p4_t4p0_self4p0	outputs/cifar100_4agent_25cls_hetero4arch_ipc10_guardian_vgg_dense_ep60_lr0p01_fr0p4_kd0p4_t4p0_self4p0/agents/agent_1/checkpoints/expert_model.pt	4325454	model/checkpoint/packet payload	planned
cifar100_4agent_25cls_hetero4arch_ipc10_guardian_vgg_dense_ep60_lr0p01_fr0p4_kd0p4_t4p0_self4p0	outputs/cifar100_4agent_25cls_hetero4arch_ipc10_guardian_vgg_dense_ep60_lr0p01_fr0p4_kd0p4_t4p0_self4p0/agents/agent_2/packets/dsdm_packet.pt	3126768	model/checkpoint/packet payload	planned
cifar100_4agent_25cls_hetero4arch_ipc10_guardian_vgg_dense_ep60_lr0p01_fr0p4_kd0p4_t4p0_self4p0	outputs/cifar100_4agent_25cls_hetero4arch_ipc10_guardian_vgg_dense_ep60_lr0p01_fr0p4_kd0p4_t4p0_self4p0/agents/agent_2/checkpoints/expert_model.pt	39239126	model/checkpoint/packet payload	planned
cifar100_4agent_25cls_hetero4arch_ipc10_guardian_vgg_dense_ep60_lr0p01_fr0p4_kd0p4_t4p0_self4p0	outputs/cifar100_4agent_25cls_hetero4arch_ipc10_guardian_vgg_dense_ep60_lr0p01_fr0p4_kd0p4_t4p0_self4p0/agents/agent_3/packets/dsdm_packet.pt	3126768	model/checkpoint/packet payload	planned
cifar100_4agent_25cls_hetero4arch_ipc10_guardian_vgg_dense_ep60_lr0p01_fr0p4_kd0p4_t4p0_self4p0	outputs/cifar100_4agent_25cls_hetero4arch_ipc10_guardian_vgg_dense_ep60_lr0p01_fr0p4_kd0p4_t4p0_self4p0/agents/agent_3/checkpoints/expert_model.pt	28123900	model/checkpoint/packet payload	planned
cifar100_4agent_25cls_hetero4arch_ipc10_guardian_vgg_dense_ep60_lr0p01_fr0p4_kd0p4_t4p0_self4p0	outputs/cifar100_4agent_25cls_hetero4arch_ipc10_guardian_vgg_dense_ep60_lr0p01_fr0p4_kd0p4_t4p0_self4p0/packet_hub/dsdm/agent_0_dsdm_packet.pt	3126768	model/checkpoint/packet payload	planned
cifar100_4agent_25cls_hetero4arch_ipc10_guardian_vgg_dense_ep60_lr0p01_fr0p4_kd0p4_t4p0_self4p0	outputs/cifar100_4agent_25cls_hetero4arch_ipc10_guardian_vgg_dense_ep60_lr0p01_fr0p4_kd0p4_t4p0_self4p0/packet_hub/dsdm/agent_1_dsdm_packet.pt	3126768	model/checkpoint/packet payload	planned
cifar100_4agent_25cls_hetero4arch_ipc10_guardian_vgg_dense_ep60_lr0p01_fr0p4_kd0p4_t4p0_self4p0	outputs/cifar100_4agent_25cls_hetero4arch_ipc10_guardian_vgg_dense_ep60_lr0p01_fr0p4_kd0p4_t4p0_self4p0/packet_hub/dsdm/agent_2_dsdm_packet.pt	3126768	model/checkpoint/packet payload	planned
cifar100_4agent_25cls_hetero4arch_ipc10_guardian_vgg_dense_ep60_lr0p01_fr0p4_kd0p4_t4p0_self4p0	outputs/cifar100_4agent_25cls_hetero4arch_ipc10_guardian_vgg_dense_ep60_lr0p01_fr0p4_kd0p4_t4p0_self4p0/packet_hub/dsdm/agent_3_dsdm_packet.pt	3126768	model/checkpoint/packet payload	planned
cifar100_4agent_25cls_hetero4arch_ipc10_guardian_vgg_dense_ep60_lr0p01_fr0p4_kd0p5_t3p0_self2p5	outputs/cifar100_4agent_25cls_hetero4arch_ipc10_guardian_vgg_dense_ep60_lr0p01_fr0p4_kd0p5_t3p0_self2p5/agents/agent_0/packets/dsdm_packet.pt	3126768	model/checkpoint/packet payload	planned
cifar100_4agent_25cls_hetero4arch_ipc10_guardian_vgg_dense_ep60_lr0p01_fr0p4_kd0p5_t3p0_self2p5	outputs/cifar100_4agent_25cls_hetero4arch_ipc10_guardian_vgg_dense_ep60_lr0p01_fr0p4_kd0p5_t3p0_self2p5/agents/agent_0/checkpoints/expert_model.pt	2023046	model/checkpoint/packet payload	planned
cifar100_4agent_25cls_hetero4arch_ipc10_guardian_vgg_dense_ep60_lr0p01_fr0p4_kd0p5_t3p0_self2p5	outputs/cifar100_4agent_25cls_hetero4arch_ipc10_guardian_vgg_dense_ep60_lr0p01_fr0p4_kd0p5_t3p0_self2p5/agents/agent_1/packets/dsdm_packet.pt	3126768	model/checkpoint/packet payload	planned
cifar100_4agent_25cls_hetero4arch_ipc10_guardian_vgg_dense_ep60_lr0p01_fr0p4_kd0p5_t3p0_self2p5	outputs/cifar100_4agent_25cls_hetero4arch_ipc10_guardian_vgg_dense_ep60_lr0p01_fr0p4_kd0p5_t3p0_self2p5/agents/agent_1/checkpoints/expert_model.pt	4325454	model/checkpoint/packet payload	planned
cifar100_4agent_25cls_hetero4arch_ipc10_guardian_vgg_dense_ep60_lr0p01_fr0p4_kd0p5_t3p0_self2p5	outputs/cifar100_4agent_25cls_hetero4arch_ipc10_guardian_vgg_dense_ep60_lr0p01_fr0p4_kd0p5_t3p0_self2p5/agents/agent_2/packets/dsdm_packet.pt	3126768	model/checkpoint/packet payload	planned
cifar100_4agent_25cls_hetero4arch_ipc10_guardian_vgg_dense_ep60_lr0p01_fr0p4_kd0p5_t3p0_self2p5	outputs/cifar100_4agent_25cls_hetero4arch_ipc10_guardian_vgg_dense_ep60_lr0p01_fr0p4_kd0p5_t3p0_self2p5/agents/agent_2/checkpoints/expert_model.pt	39239126	model/checkpoint/packet payload	planned
cifar100_4agent_25cls_hetero4arch_ipc10_guardian_vgg_dense_ep60_lr0p01_fr0p4_kd0p5_t3p0_self2p5	outputs/cifar100_4agent_25cls_hetero4arch_ipc10_guardian_vgg_dense_ep60_lr0p01_fr0p4_kd0p5_t3p0_self2p5/agents/agent_3/packets/dsdm_packet.pt	3126768	model/checkpoint/packet payload	planned
cifar100_4agent_25cls_hetero4arch_ipc10_guardian_vgg_dense_ep60_lr0p01_fr0p4_kd0p5_t3p0_self2p5	outputs/cifar100_4agent_25cls_hetero4arch_ipc10_guardian_vgg_dense_ep60_lr0p01_fr0p4_kd0p5_t3p0_self2p5/agents/agent_3/checkpoints/expert_model.pt	28123900	model/checkpoint/packet payload	planned
cifar100_4agent_25cls_hetero4arch_ipc10_guardian_vgg_dense_ep60_lr0p01_fr0p4_kd0p5_t3p0_self2p5	outputs/cifar100_4agent_25cls_hetero4arch_ipc10_guardian_vgg_dense_ep60_lr0p01_fr0p4_kd0p5_t3p0_self2p5/packet_hub/dsdm/agent_0_dsdm_packet.pt	3126768	model/checkpoint/packet payload	planned
cifar100_4agent_25cls_hetero4arch_ipc10_guardian_vgg_dense_ep60_lr0p01_fr0p4_kd0p5_t3p0_self2p5	outputs/cifar100_4agent_25cls_hetero4arch_ipc10_guardian_vgg_dense_ep60_lr0p01_fr0p4_kd0p5_t3p0_self2p5/packet_hub/dsdm/agent_1_dsdm_packet.pt	3126768	model/checkpoint/packet payload	planned
cifar100_4agent_25cls_hetero4arch_ipc10_guardian_vgg_dense_ep60_lr0p01_fr0p4_kd0p5_t3p0_self2p5	outputs/cifar100_4agent_25cls_hetero4arch_ipc10_guardian_vgg_dense_ep60_lr0p01_fr0p4_kd0p5_t3p0_self2p5/packet_hub/dsdm/agent_2_dsdm_packet.pt	3126768	model/checkpoint/packet payload	planned
cifar100_4agent_25cls_hetero4arch_ipc10_guardian_vgg_dense_ep60_lr0p01_fr0p4_kd0p5_t3p0_self2p5	outputs/cifar100_4agent_25cls_hetero4arch_ipc10_guardian_vgg_dense_ep60_lr0p01_fr0p4_kd0p5_t3p0_self2p5/packet_hub/dsdm/agent_3_dsdm_packet.pt	3126768	model/checkpoint/packet payload	planned
cifar100_4agent_25cls_hetero4arch_ipc10_guardian_vgg_dense_ep60_lr0p01_fr0p4_kd0p5_t3p0_self3p0	outputs/cifar100_4agent_25cls_hetero4arch_ipc10_guardian_vgg_dense_ep60_lr0p01_fr0p4_kd0p5_t3p0_self3p0/agents/agent_0/packets/dsdm_packet.pt	3126768	model/checkpoint/packet payload	planned
cifar100_4agent_25cls_hetero4arch_ipc10_guardian_vgg_dense_ep60_lr0p01_fr0p4_kd0p5_t3p0_self3p0	outputs/cifar100_4agent_25cls_hetero4arch_ipc10_guardian_vgg_dense_ep60_lr0p01_fr0p4_kd0p5_t3p0_self3p0/agents/agent_0/checkpoints/expert_model.pt	2023046	model/checkpoint/packet payload	planned
cifar100_4agent_25cls_hetero4arch_ipc10_guardian_vgg_dense_ep60_lr0p01_fr0p4_kd0p5_t3p0_self3p0	outputs/cifar100_4agent_25cls_hetero4arch_ipc10_guardian_vgg_dense_ep60_lr0p01_fr0p4_kd0p5_t3p0_self3p0/agents/agent_1/packets/dsdm_packet.pt	3126768	model/checkpoint/packet payload	planned
cifar100_4agent_25cls_hetero4arch_ipc10_guardian_vgg_dense_ep60_lr0p01_fr0p4_kd0p5_t3p0_self3p0	outputs/cifar100_4agent_25cls_hetero4arch_ipc10_guardian_vgg_dense_ep60_lr0p01_fr0p4_kd0p5_t3p0_self3p0/agents/agent_1/checkpoints/expert_model.pt	4325454	model/checkpoint/packet payload	planned
cifar100_4agent_25cls_hetero4arch_ipc10_guardian_vgg_dense_ep60_lr0p01_fr0p4_kd0p5_t3p0_self3p0	outputs/cifar100_4agent_25cls_hetero4arch_ipc10_guardian_vgg_dense_ep60_lr0p01_fr0p4_kd0p5_t3p0_self3p0/agents/agent_2/packets/dsdm_packet.pt	3126768	model/checkpoint/packet payload	planned
cifar100_4agent_25cls_hetero4arch_ipc10_guardian_vgg_dense_ep60_lr0p01_fr0p4_kd0p5_t3p0_self3p0	outputs/cifar100_4agent_25cls_hetero4arch_ipc10_guardian_vgg_dense_ep60_lr0p01_fr0p4_kd0p5_t3p0_self3p0/agents/agent_2/checkpoints/expert_model.pt	39239126	model/checkpoint/packet payload	planned
cifar100_4agent_25cls_hetero4arch_ipc10_guardian_vgg_dense_ep60_lr0p01_fr0p4_kd0p5_t3p0_self3p0	outputs/cifar100_4agent_25cls_hetero4arch_ipc10_guardian_vgg_dense_ep60_lr0p01_fr0p4_kd0p5_t3p0_self3p0/agents/agent_3/packets/dsdm_packet.pt	3126768	model/checkpoint/packet payload	planned
cifar100_4agent_25cls_hetero4arch_ipc10_guardian_vgg_dense_ep60_lr0p01_fr0p4_kd0p5_t3p0_self3p0	outputs/cifar100_4agent_25cls_hetero4arch_ipc10_guardian_vgg_dense_ep60_lr0p01_fr0p4_kd0p5_t3p0_self3p0/agents/agent_3/checkpoints/expert_model.pt	28123900	model/checkpoint/packet payload	planned
cifar100_4agent_25cls_hetero4arch_ipc10_guardian_vgg_dense_ep60_lr0p01_fr0p4_kd0p5_t3p0_self3p0	outputs/cifar100_4agent_25cls_hetero4arch_ipc10_guardian_vgg_dense_ep60_lr0p01_fr0p4_kd0p5_t3p0_self3p0/packet_hub/dsdm/agent_0_dsdm_packet.pt	3126768	model/checkpoint/packet payload	planned
cifar100_4agent_25cls_hetero4arch_ipc10_guardian_vgg_dense_ep60_lr0p01_fr0p4_kd0p5_t3p0_self3p0	outputs/cifar100_4agent_25cls_hetero4arch_ipc10_guardian_vgg_dense_ep60_lr0p01_fr0p4_kd0p5_t3p0_self3p0/packet_hub/dsdm/agent_1_dsdm_packet.pt	3126768	model/checkpoint/packet payload	planned
cifar100_4agent_25cls_hetero4arch_ipc10_guardian_vgg_dense_ep60_lr0p01_fr0p4_kd0p5_t3p0_self3p0	outputs/cifar100_4agent_25cls_hetero4arch_ipc10_guardian_vgg_dense_ep60_lr0p01_fr0p4_kd0p5_t3p0_self3p0/packet_hub/dsdm/agent_2_dsdm_packet.pt	3126768	model/checkpoint/packet payload	planned
cifar100_4agent_25cls_hetero4arch_ipc10_guardian_vgg_dense_ep60_lr0p01_fr0p4_kd0p5_t3p0_self3p0	outputs/cifar100_4agent_25cls_hetero4arch_ipc10_guardian_vgg_dense_ep60_lr0p01_fr0p4_kd0p5_t3p0_self3p0/packet_hub/dsdm/agent_3_dsdm_packet.pt	3126768	model/checkpoint/packet payload	planned
cifar100_4agent_25cls_hetero4arch_ipc10_guardian_vgg_dense_ep60_lr0p01_fr0p4_kd0p5_t3p0_self4p0	outputs/cifar100_4agent_25cls_hetero4arch_ipc10_guardian_vgg_dense_ep60_lr0p01_fr0p4_kd0p5_t3p0_self4p0/agents/agent_0/packets/dsdm_packet.pt	3126768	model/checkpoint/packet payload	planned
cifar100_4agent_25cls_hetero4arch_ipc10_guardian_vgg_dense_ep60_lr0p01_fr0p4_kd0p5_t3p0_self4p0	outputs/cifar100_4agent_25cls_hetero4arch_ipc10_guardian_vgg_dense_ep60_lr0p01_fr0p4_kd0p5_t3p0_self4p0/agents/agent_0/checkpoints/expert_model.pt	2023046	model/checkpoint/packet payload	planned
cifar100_4agent_25cls_hetero4arch_ipc10_guardian_vgg_dense_ep60_lr0p01_fr0p4_kd0p5_t3p0_self4p0	outputs/cifar100_4agent_25cls_hetero4arch_ipc10_guardian_vgg_dense_ep60_lr0p01_fr0p4_kd0p5_t3p0_self4p0/agents/agent_1/packets/dsdm_packet.pt	3126768	model/checkpoint/packet payload	planned
cifar100_4agent_25cls_hetero4arch_ipc10_guardian_vgg_dense_ep60_lr0p01_fr0p4_kd0p5_t3p0_self4p0	outputs/cifar100_4agent_25cls_hetero4arch_ipc10_guardian_vgg_dense_ep60_lr0p01_fr0p4_kd0p5_t3p0_self4p0/agents/agent_1/checkpoints/expert_model.pt	4325454	model/checkpoint/packet payload	planned
cifar100_4agent_25cls_hetero4arch_ipc10_guardian_vgg_dense_ep60_lr0p01_fr0p4_kd0p5_t3p0_self4p0	outputs/cifar100_4agent_25cls_hetero4arch_ipc10_guardian_vgg_dense_ep60_lr0p01_fr0p4_kd0p5_t3p0_self4p0/agents/agent_2/packets/dsdm_packet.pt	3126768	model/checkpoint/packet payload	planned
cifar100_4agent_25cls_hetero4arch_ipc10_guardian_vgg_dense_ep60_lr0p01_fr0p4_kd0p5_t3p0_self4p0	outputs/cifar100_4agent_25cls_hetero4arch_ipc10_guardian_vgg_dense_ep60_lr0p01_fr0p4_kd0p5_t3p0_self4p0/agents/agent_2/checkpoints/expert_model.pt	39239126	model/checkpoint/packet payload	planned
cifar100_4agent_25cls_hetero4arch_ipc10_guardian_vgg_dense_ep60_lr0p01_fr0p4_kd0p5_t3p0_self4p0	outputs/cifar100_4agent_25cls_hetero4arch_ipc10_guardian_vgg_dense_ep60_lr0p01_fr0p4_kd0p5_t3p0_self4p0/agents/agent_3/packets/dsdm_packet.pt	3126768	model/checkpoint/packet payload	planned
cifar100_4agent_25cls_hetero4arch_ipc10_guardian_vgg_dense_ep60_lr0p01_fr0p4_kd0p5_t3p0_self4p0	outputs/cifar100_4agent_25cls_hetero4arch_ipc10_guardian_vgg_dense_ep60_lr0p01_fr0p4_kd0p5_t3p0_self4p0/agents/agent_3/checkpoints/expert_model.pt	28123900	model/checkpoint/packet payload	planned
cifar100_4agent_25cls_hetero4arch_ipc10_guardian_vgg_dense_ep60_lr0p01_fr0p4_kd0p5_t3p0_self4p0	outputs/cifar100_4agent_25cls_hetero4arch_ipc10_guardian_vgg_dense_ep60_lr0p01_fr0p4_kd0p5_t3p0_self4p0/packet_hub/dsdm/agent_0_dsdm_packet.pt	3126768	model/checkpoint/packet payload	planned
cifar100_4agent_25cls_hetero4arch_ipc10_guardian_vgg_dense_ep60_lr0p01_fr0p4_kd0p5_t3p0_self4p0	outputs/cifar100_4agent_25cls_hetero4arch_ipc10_guardian_vgg_dense_ep60_lr0p01_fr0p4_kd0p5_t3p0_self4p0/packet_hub/dsdm/agent_1_dsdm_packet.pt	3126768	model/checkpoint/packet payload	planned
cifar100_4agent_25cls_hetero4arch_ipc10_guardian_vgg_dense_ep60_lr0p01_fr0p4_kd0p5_t3p0_self4p0	outputs/cifar100_4agent_25cls_hetero4arch_ipc10_guardian_vgg_dense_ep60_lr0p01_fr0p4_kd0p5_t3p0_self4p0/packet_hub/dsdm/agent_2_dsdm_packet.pt	3126768	model/checkpoint/packet payload	planned
cifar100_4agent_25cls_hetero4arch_ipc10_guardian_vgg_dense_ep60_lr0p01_fr0p4_kd0p5_t3p0_self4p0	outputs/cifar100_4agent_25cls_hetero4arch_ipc10_guardian_vgg_dense_ep60_lr0p01_fr0p4_kd0p5_t3p0_self4p0/packet_hub/dsdm/agent_3_dsdm_packet.pt	3126768	model/checkpoint/packet payload	planned
cifar100_4agent_25cls_hetero4arch_ipc10_guardian_vgg_dense_ep60_lr0p01_fr0p4_kd0p5_t4p0_self2p5	outputs/cifar100_4agent_25cls_hetero4arch_ipc10_guardian_vgg_dense_ep60_lr0p01_fr0p4_kd0p5_t4p0_self2p5/agents/agent_0/packets/dsdm_packet.pt	3126768	model/checkpoint/packet payload	planned
cifar100_4agent_25cls_hetero4arch_ipc10_guardian_vgg_dense_ep60_lr0p01_fr0p4_kd0p5_t4p0_self2p5	outputs/cifar100_4agent_25cls_hetero4arch_ipc10_guardian_vgg_dense_ep60_lr0p01_fr0p4_kd0p5_t4p0_self2p5/agents/agent_0/checkpoints/expert_model.pt	2023046	model/checkpoint/packet payload	planned
cifar100_4agent_25cls_hetero4arch_ipc10_guardian_vgg_dense_ep60_lr0p01_fr0p4_kd0p5_t4p0_self2p5	outputs/cifar100_4agent_25cls_hetero4arch_ipc10_guardian_vgg_dense_ep60_lr0p01_fr0p4_kd0p5_t4p0_self2p5/agents/agent_1/packets/dsdm_packet.pt	3126768	model/checkpoint/packet payload	planned
cifar100_4agent_25cls_hetero4arch_ipc10_guardian_vgg_dense_ep60_lr0p01_fr0p4_kd0p5_t4p0_self2p5	outputs/cifar100_4agent_25cls_hetero4arch_ipc10_guardian_vgg_dense_ep60_lr0p01_fr0p4_kd0p5_t4p0_self2p5/agents/agent_1/checkpoints/expert_model.pt	4325454	model/checkpoint/packet payload	planned
cifar100_4agent_25cls_hetero4arch_ipc10_guardian_vgg_dense_ep60_lr0p01_fr0p4_kd0p5_t4p0_self2p5	outputs/cifar100_4agent_25cls_hetero4arch_ipc10_guardian_vgg_dense_ep60_lr0p01_fr0p4_kd0p5_t4p0_self2p5/agents/agent_2/packets/dsdm_packet.pt	3126768	model/checkpoint/packet payload	planned
cifar100_4agent_25cls_hetero4arch_ipc10_guardian_vgg_dense_ep60_lr0p01_fr0p4_kd0p5_t4p0_self2p5	outputs/cifar100_4agent_25cls_hetero4arch_ipc10_guardian_vgg_dense_ep60_lr0p01_fr0p4_kd0p5_t4p0_self2p5/agents/agent_2/checkpoints/expert_model.pt	39239126	model/checkpoint/packet payload	planned
cifar100_4agent_25cls_hetero4arch_ipc10_guardian_vgg_dense_ep60_lr0p01_fr0p4_kd0p5_t4p0_self2p5	outputs/cifar100_4agent_25cls_hetero4arch_ipc10_guardian_vgg_dense_ep60_lr0p01_fr0p4_kd0p5_t4p0_self2p5/agents/agent_3/packets/dsdm_packet.pt	3126768	model/checkpoint/packet payload	planned
cifar100_4agent_25cls_hetero4arch_ipc10_guardian_vgg_dense_ep60_lr0p01_fr0p4_kd0p5_t4p0_self2p5	outputs/cifar100_4agent_25cls_hetero4arch_ipc10_guardian_vgg_dense_ep60_lr0p01_fr0p4_kd0p5_t4p0_self2p5/agents/agent_3/checkpoints/expert_model.pt	28123900	model/checkpoint/packet payload	planned
cifar100_4agent_25cls_hetero4arch_ipc10_guardian_vgg_dense_ep60_lr0p01_fr0p4_kd0p5_t4p0_self2p5	outputs/cifar100_4agent_25cls_hetero4arch_ipc10_guardian_vgg_dense_ep60_lr0p01_fr0p4_kd0p5_t4p0_self2p5/packet_hub/dsdm/agent_0_dsdm_packet.pt	3126768	model/checkpoint/packet payload	planned
cifar100_4agent_25cls_hetero4arch_ipc10_guardian_vgg_dense_ep60_lr0p01_fr0p4_kd0p5_t4p0_self2p5	outputs/cifar100_4agent_25cls_hetero4arch_ipc10_guardian_vgg_dense_ep60_lr0p01_fr0p4_kd0p5_t4p0_self2p5/packet_hub/dsdm/agent_1_dsdm_packet.pt	3126768	model/checkpoint/packet payload	planned
cifar100_4agent_25cls_hetero4arch_ipc10_guardian_vgg_dense_ep60_lr0p01_fr0p4_kd0p5_t4p0_self2p5	outputs/cifar100_4agent_25cls_hetero4arch_ipc10_guardian_vgg_dense_ep60_lr0p01_fr0p4_kd0p5_t4p0_self2p5/packet_hub/dsdm/agent_2_dsdm_packet.pt	3126768	model/checkpoint/packet payload	planned
cifar100_4agent_25cls_hetero4arch_ipc10_guardian_vgg_dense_ep60_lr0p01_fr0p4_kd0p5_t4p0_self2p5	outputs/cifar100_4agent_25cls_hetero4arch_ipc10_guardian_vgg_dense_ep60_lr0p01_fr0p4_kd0p5_t4p0_self2p5/packet_hub/dsdm/agent_3_dsdm_packet.pt	3126768	model/checkpoint/packet payload	planned
cifar100_4agent_25cls_hetero4arch_ipc10_guardian_vgg_dense_ep60_lr0p01_fr0p4_kd0p5_t4p0_self3p0	outputs/cifar100_4agent_25cls_hetero4arch_ipc10_guardian_vgg_dense_ep60_lr0p01_fr0p4_kd0p5_t4p0_self3p0/agents/agent_0/packets/dsdm_packet.pt	3126768	model/checkpoint/packet payload	planned
cifar100_4agent_25cls_hetero4arch_ipc10_guardian_vgg_dense_ep60_lr0p01_fr0p4_kd0p5_t4p0_self3p0	outputs/cifar100_4agent_25cls_hetero4arch_ipc10_guardian_vgg_dense_ep60_lr0p01_fr0p4_kd0p5_t4p0_self3p0/agents/agent_0/checkpoints/expert_model.pt	2023046	model/checkpoint/packet payload	planned
cifar100_4agent_25cls_hetero4arch_ipc10_guardian_vgg_dense_ep60_lr0p01_fr0p4_kd0p5_t4p0_self3p0	outputs/cifar100_4agent_25cls_hetero4arch_ipc10_guardian_vgg_dense_ep60_lr0p01_fr0p4_kd0p5_t4p0_self3p0/agents/agent_1/packets/dsdm_packet.pt	3126768	model/checkpoint/packet payload	planned
cifar100_4agent_25cls_hetero4arch_ipc10_guardian_vgg_dense_ep60_lr0p01_fr0p4_kd0p5_t4p0_self3p0	outputs/cifar100_4agent_25cls_hetero4arch_ipc10_guardian_vgg_dense_ep60_lr0p01_fr0p4_kd0p5_t4p0_self3p0/agents/agent_1/checkpoints/expert_model.pt	4325454	model/checkpoint/packet payload	planned
cifar100_4agent_25cls_hetero4arch_ipc10_guardian_vgg_dense_ep60_lr0p01_fr0p4_kd0p5_t4p0_self3p0	outputs/cifar100_4agent_25cls_hetero4arch_ipc10_guardian_vgg_dense_ep60_lr0p01_fr0p4_kd0p5_t4p0_self3p0/agents/agent_2/packets/dsdm_packet.pt	3126768	model/checkpoint/packet payload	planned
cifar100_4agent_25cls_hetero4arch_ipc10_guardian_vgg_dense_ep60_lr0p01_fr0p4_kd0p5_t4p0_self3p0	outputs/cifar100_4agent_25cls_hetero4arch_ipc10_guardian_vgg_dense_ep60_lr0p01_fr0p4_kd0p5_t4p0_self3p0/agents/agent_2/checkpoints/expert_model.pt	39239126	model/checkpoint/packet payload	planned
cifar100_4agent_25cls_hetero4arch_ipc10_guardian_vgg_dense_ep60_lr0p01_fr0p4_kd0p5_t4p0_self3p0	outputs/cifar100_4agent_25cls_hetero4arch_ipc10_guardian_vgg_dense_ep60_lr0p01_fr0p4_kd0p5_t4p0_self3p0/agents/agent_3/packets/dsdm_packet.pt	3126768	model/checkpoint/packet payload	planned
cifar100_4agent_25cls_hetero4arch_ipc10_guardian_vgg_dense_ep60_lr0p01_fr0p4_kd0p5_t4p0_self3p0	outputs/cifar100_4agent_25cls_hetero4arch_ipc10_guardian_vgg_dense_ep60_lr0p01_fr0p4_kd0p5_t4p0_self3p0/agents/agent_3/checkpoints/expert_model.pt	28123900	model/checkpoint/packet payload	planned
cifar100_4agent_25cls_hetero4arch_ipc10_guardian_vgg_dense_ep60_lr0p01_fr0p4_kd0p5_t4p0_self3p0	outputs/cifar100_4agent_25cls_hetero4arch_ipc10_guardian_vgg_dense_ep60_lr0p01_fr0p4_kd0p5_t4p0_self3p0/packet_hub/dsdm/agent_0_dsdm_packet.pt	3126768	model/checkpoint/packet payload	planned
cifar100_4agent_25cls_hetero4arch_ipc10_guardian_vgg_dense_ep60_lr0p01_fr0p4_kd0p5_t4p0_self3p0	outputs/cifar100_4agent_25cls_hetero4arch_ipc10_guardian_vgg_dense_ep60_lr0p01_fr0p4_kd0p5_t4p0_self3p0/packet_hub/dsdm/agent_1_dsdm_packet.pt	3126768	model/checkpoint/packet payload	planned
cifar100_4agent_25cls_hetero4arch_ipc10_guardian_vgg_dense_ep60_lr0p01_fr0p4_kd0p5_t4p0_self3p0	outputs/cifar100_4agent_25cls_hetero4arch_ipc10_guardian_vgg_dense_ep60_lr0p01_fr0p4_kd0p5_t4p0_self3p0/packet_hub/dsdm/agent_2_dsdm_packet.pt	3126768	model/checkpoint/packet payload	planned
cifar100_4agent_25cls_hetero4arch_ipc10_guardian_vgg_dense_ep60_lr0p01_fr0p4_kd0p5_t4p0_self3p0	outputs/cifar100_4agent_25cls_hetero4arch_ipc10_guardian_vgg_dense_ep60_lr0p01_fr0p4_kd0p5_t4p0_self3p0/packet_hub/dsdm/agent_3_dsdm_packet.pt	3126768	model/checkpoint/packet payload	planned
cifar100_4agent_25cls_hetero4arch_ipc10_guardian_vgg_dense_ep60_lr0p01_fr0p4_kd0p5_t4p0_self4p0	outputs/cifar100_4agent_25cls_hetero4arch_ipc10_guardian_vgg_dense_ep60_lr0p01_fr0p4_kd0p5_t4p0_self4p0/agents/agent_0/packets/dsdm_packet.pt	3126768	model/checkpoint/packet payload	planned
cifar100_4agent_25cls_hetero4arch_ipc10_guardian_vgg_dense_ep60_lr0p01_fr0p4_kd0p5_t4p0_self4p0	outputs/cifar100_4agent_25cls_hetero4arch_ipc10_guardian_vgg_dense_ep60_lr0p01_fr0p4_kd0p5_t4p0_self4p0/agents/agent_0/checkpoints/expert_model.pt	2023046	model/checkpoint/packet payload	planned
cifar100_4agent_25cls_hetero4arch_ipc10_guardian_vgg_dense_ep60_lr0p01_fr0p4_kd0p5_t4p0_self4p0	outputs/cifar100_4agent_25cls_hetero4arch_ipc10_guardian_vgg_dense_ep60_lr0p01_fr0p4_kd0p5_t4p0_self4p0/agents/agent_1/packets/dsdm_packet.pt	3126768	model/checkpoint/packet payload	planned
cifar100_4agent_25cls_hetero4arch_ipc10_guardian_vgg_dense_ep60_lr0p01_fr0p4_kd0p5_t4p0_self4p0	outputs/cifar100_4agent_25cls_hetero4arch_ipc10_guardian_vgg_dense_ep60_lr0p01_fr0p4_kd0p5_t4p0_self4p0/agents/agent_1/checkpoints/expert_model.pt	4325454	model/checkpoint/packet payload	planned
cifar100_4agent_25cls_hetero4arch_ipc10_guardian_vgg_dense_ep60_lr0p01_fr0p4_kd0p5_t4p0_self4p0	outputs/cifar100_4agent_25cls_hetero4arch_ipc10_guardian_vgg_dense_ep60_lr0p01_fr0p4_kd0p5_t4p0_self4p0/agents/agent_2/packets/dsdm_packet.pt	3126768	model/checkpoint/packet payload	planned
cifar100_4agent_25cls_hetero4arch_ipc10_guardian_vgg_dense_ep60_lr0p01_fr0p4_kd0p5_t4p0_self4p0	outputs/cifar100_4agent_25cls_hetero4arch_ipc10_guardian_vgg_dense_ep60_lr0p01_fr0p4_kd0p5_t4p0_self4p0/agents/agent_2/checkpoints/expert_model.pt	39239126	model/checkpoint/packet payload	planned
cifar100_4agent_25cls_hetero4arch_ipc10_guardian_vgg_dense_ep60_lr0p01_fr0p4_kd0p5_t4p0_self4p0	outputs/cifar100_4agent_25cls_hetero4arch_ipc10_guardian_vgg_dense_ep60_lr0p01_fr0p4_kd0p5_t4p0_self4p0/agents/agent_3/packets/dsdm_packet.pt	3126768	model/checkpoint/packet payload	planned
cifar100_4agent_25cls_hetero4arch_ipc10_guardian_vgg_dense_ep60_lr0p01_fr0p4_kd0p5_t4p0_self4p0	outputs/cifar100_4agent_25cls_hetero4arch_ipc10_guardian_vgg_dense_ep60_lr0p01_fr0p4_kd0p5_t4p0_self4p0/agents/agent_3/checkpoints/expert_model.pt	28123900	model/checkpoint/packet payload	planned
cifar100_4agent_25cls_hetero4arch_ipc10_guardian_vgg_dense_ep60_lr0p01_fr0p4_kd0p5_t4p0_self4p0	outputs/cifar100_4agent_25cls_hetero4arch_ipc10_guardian_vgg_dense_ep60_lr0p01_fr0p4_kd0p5_t4p0_self4p0/packet_hub/dsdm/agent_0_dsdm_packet.pt	3126768	model/checkpoint/packet payload	planned
cifar100_4agent_25cls_hetero4arch_ipc10_guardian_vgg_dense_ep60_lr0p01_fr0p4_kd0p5_t4p0_self4p0	outputs/cifar100_4agent_25cls_hetero4arch_ipc10_guardian_vgg_dense_ep60_lr0p01_fr0p4_kd0p5_t4p0_self4p0/packet_hub/dsdm/agent_1_dsdm_packet.pt	3126768	model/checkpoint/packet payload	planned
cifar100_4agent_25cls_hetero4arch_ipc10_guardian_vgg_dense_ep60_lr0p01_fr0p4_kd0p5_t4p0_self4p0	outputs/cifar100_4agent_25cls_hetero4arch_ipc10_guardian_vgg_dense_ep60_lr0p01_fr0p4_kd0p5_t4p0_self4p0/packet_hub/dsdm/agent_2_dsdm_packet.pt	3126768	model/checkpoint/packet payload	planned
cifar100_4agent_25cls_hetero4arch_ipc10_guardian_vgg_dense_ep60_lr0p01_fr0p4_kd0p5_t4p0_self4p0	outputs/cifar100_4agent_25cls_hetero4arch_ipc10_guardian_vgg_dense_ep60_lr0p01_fr0p4_kd0p5_t4p0_self4p0/packet_hub/dsdm/agent_3_dsdm_packet.pt	3126768	model/checkpoint/packet payload	planned
cifar100_4agent_25cls_hetero4arch_ipc10_guardian_vgg_dense_ep60_lr0p01_fr0p4_kd0p6_t3p0_self2p5	outputs/cifar100_4agent_25cls_hetero4arch_ipc10_guardian_vgg_dense_ep60_lr0p01_fr0p4_kd0p6_t3p0_self2p5/agents/agent_0/packets/dsdm_packet.pt	3126768	model/checkpoint/packet payload	planned
cifar100_4agent_25cls_hetero4arch_ipc10_guardian_vgg_dense_ep60_lr0p01_fr0p4_kd0p6_t3p0_self2p5	outputs/cifar100_4agent_25cls_hetero4arch_ipc10_guardian_vgg_dense_ep60_lr0p01_fr0p4_kd0p6_t3p0_self2p5/agents/agent_0/checkpoints/expert_model.pt	2023046	model/checkpoint/packet payload	planned
cifar100_4agent_25cls_hetero4arch_ipc10_guardian_vgg_dense_ep60_lr0p01_fr0p4_kd0p6_t3p0_self2p5	outputs/cifar100_4agent_25cls_hetero4arch_ipc10_guardian_vgg_dense_ep60_lr0p01_fr0p4_kd0p6_t3p0_self2p5/agents/agent_1/packets/dsdm_packet.pt	3126768	model/checkpoint/packet payload	planned
cifar100_4agent_25cls_hetero4arch_ipc10_guardian_vgg_dense_ep60_lr0p01_fr0p4_kd0p6_t3p0_self2p5	outputs/cifar100_4agent_25cls_hetero4arch_ipc10_guardian_vgg_dense_ep60_lr0p01_fr0p4_kd0p6_t3p0_self2p5/agents/agent_1/checkpoints/expert_model.pt	4325454	model/checkpoint/packet payload	planned
cifar100_4agent_25cls_hetero4arch_ipc10_guardian_vgg_dense_ep60_lr0p01_fr0p4_kd0p6_t3p0_self2p5	outputs/cifar100_4agent_25cls_hetero4arch_ipc10_guardian_vgg_dense_ep60_lr0p01_fr0p4_kd0p6_t3p0_self2p5/agents/agent_2/packets/dsdm_packet.pt	3126768	model/checkpoint/packet payload	planned
cifar100_4agent_25cls_hetero4arch_ipc10_guardian_vgg_dense_ep60_lr0p01_fr0p4_kd0p6_t3p0_self2p5	outputs/cifar100_4agent_25cls_hetero4arch_ipc10_guardian_vgg_dense_ep60_lr0p01_fr0p4_kd0p6_t3p0_self2p5/agents/agent_2/checkpoints/expert_model.pt	39239126	model/checkpoint/packet payload	planned
cifar100_4agent_25cls_hetero4arch_ipc10_guardian_vgg_dense_ep60_lr0p01_fr0p4_kd0p6_t3p0_self2p5	outputs/cifar100_4agent_25cls_hetero4arch_ipc10_guardian_vgg_dense_ep60_lr0p01_fr0p4_kd0p6_t3p0_self2p5/agents/agent_3/packets/dsdm_packet.pt	3126768	model/checkpoint/packet payload	planned
cifar100_4agent_25cls_hetero4arch_ipc10_guardian_vgg_dense_ep60_lr0p01_fr0p4_kd0p6_t3p0_self2p5	outputs/cifar100_4agent_25cls_hetero4arch_ipc10_guardian_vgg_dense_ep60_lr0p01_fr0p4_kd0p6_t3p0_self2p5/agents/agent_3/checkpoints/expert_model.pt	28123900	model/checkpoint/packet payload	planned
cifar100_4agent_25cls_hetero4arch_ipc10_guardian_vgg_dense_ep60_lr0p01_fr0p4_kd0p6_t3p0_self2p5	outputs/cifar100_4agent_25cls_hetero4arch_ipc10_guardian_vgg_dense_ep60_lr0p01_fr0p4_kd0p6_t3p0_self2p5/packet_hub/dsdm/agent_0_dsdm_packet.pt	3126768	model/checkpoint/packet payload	planned
cifar100_4agent_25cls_hetero4arch_ipc10_guardian_vgg_dense_ep60_lr0p01_fr0p4_kd0p6_t3p0_self2p5	outputs/cifar100_4agent_25cls_hetero4arch_ipc10_guardian_vgg_dense_ep60_lr0p01_fr0p4_kd0p6_t3p0_self2p5/packet_hub/dsdm/agent_1_dsdm_packet.pt	3126768	model/checkpoint/packet payload	planned
cifar100_4agent_25cls_hetero4arch_ipc10_guardian_vgg_dense_ep60_lr0p01_fr0p4_kd0p6_t3p0_self2p5	outputs/cifar100_4agent_25cls_hetero4arch_ipc10_guardian_vgg_dense_ep60_lr0p01_fr0p4_kd0p6_t3p0_self2p5/packet_hub/dsdm/agent_2_dsdm_packet.pt	3126768	model/checkpoint/packet payload	planned
cifar100_4agent_25cls_hetero4arch_ipc10_guardian_vgg_dense_ep60_lr0p01_fr0p4_kd0p6_t3p0_self2p5	outputs/cifar100_4agent_25cls_hetero4arch_ipc10_guardian_vgg_dense_ep60_lr0p01_fr0p4_kd0p6_t3p0_self2p5/packet_hub/dsdm/agent_3_dsdm_packet.pt	3126768	model/checkpoint/packet payload	planned
cifar100_4agent_25cls_hetero4arch_ipc10_guardian_vgg_dense_ep60_lr0p01_fr0p4_kd0p6_t3p0_self3p0	outputs/cifar100_4agent_25cls_hetero4arch_ipc10_guardian_vgg_dense_ep60_lr0p01_fr0p4_kd0p6_t3p0_self3p0/agents/agent_0/packets/dsdm_packet.pt	3126768	model/checkpoint/packet payload	planned
cifar100_4agent_25cls_hetero4arch_ipc10_guardian_vgg_dense_ep60_lr0p01_fr0p4_kd0p6_t3p0_self3p0	outputs/cifar100_4agent_25cls_hetero4arch_ipc10_guardian_vgg_dense_ep60_lr0p01_fr0p4_kd0p6_t3p0_self3p0/agents/agent_0/checkpoints/expert_model.pt	2023046	model/checkpoint/packet payload	planned
cifar100_4agent_25cls_hetero4arch_ipc10_guardian_vgg_dense_ep60_lr0p01_fr0p4_kd0p6_t3p0_self3p0	outputs/cifar100_4agent_25cls_hetero4arch_ipc10_guardian_vgg_dense_ep60_lr0p01_fr0p4_kd0p6_t3p0_self3p0/agents/agent_1/packets/dsdm_packet.pt	3126768	model/checkpoint/packet payload	planned
cifar100_4agent_25cls_hetero4arch_ipc10_guardian_vgg_dense_ep60_lr0p01_fr0p4_kd0p6_t3p0_self3p0	outputs/cifar100_4agent_25cls_hetero4arch_ipc10_guardian_vgg_dense_ep60_lr0p01_fr0p4_kd0p6_t3p0_self3p0/agents/agent_1/checkpoints/expert_model.pt	4325454	model/checkpoint/packet payload	planned
cifar100_4agent_25cls_hetero4arch_ipc10_guardian_vgg_dense_ep60_lr0p01_fr0p4_kd0p6_t3p0_self3p0	outputs/cifar100_4agent_25cls_hetero4arch_ipc10_guardian_vgg_dense_ep60_lr0p01_fr0p4_kd0p6_t3p0_self3p0/agents/agent_2/packets/dsdm_packet.pt	3126768	model/checkpoint/packet payload	planned
cifar100_4agent_25cls_hetero4arch_ipc10_guardian_vgg_dense_ep60_lr0p01_fr0p4_kd0p6_t3p0_self3p0	outputs/cifar100_4agent_25cls_hetero4arch_ipc10_guardian_vgg_dense_ep60_lr0p01_fr0p4_kd0p6_t3p0_self3p0/agents/agent_2/checkpoints/expert_model.pt	39239126	model/checkpoint/packet payload	planned
cifar100_4agent_25cls_hetero4arch_ipc10_guardian_vgg_dense_ep60_lr0p01_fr0p4_kd0p6_t3p0_self3p0	outputs/cifar100_4agent_25cls_hetero4arch_ipc10_guardian_vgg_dense_ep60_lr0p01_fr0p4_kd0p6_t3p0_self3p0/agents/agent_3/packets/dsdm_packet.pt	3126768	model/checkpoint/packet payload	planned
cifar100_4agent_25cls_hetero4arch_ipc10_guardian_vgg_dense_ep60_lr0p01_fr0p4_kd0p6_t3p0_self3p0	outputs/cifar100_4agent_25cls_hetero4arch_ipc10_guardian_vgg_dense_ep60_lr0p01_fr0p4_kd0p6_t3p0_self3p0/agents/agent_3/checkpoints/expert_model.pt	28123900	model/checkpoint/packet payload	planned
cifar100_4agent_25cls_hetero4arch_ipc10_guardian_vgg_dense_ep60_lr0p01_fr0p4_kd0p6_t3p0_self3p0	outputs/cifar100_4agent_25cls_hetero4arch_ipc10_guardian_vgg_dense_ep60_lr0p01_fr0p4_kd0p6_t3p0_self3p0/packet_hub/dsdm/agent_0_dsdm_packet.pt	3126768	model/checkpoint/packet payload	planned
cifar100_4agent_25cls_hetero4arch_ipc10_guardian_vgg_dense_ep60_lr0p01_fr0p4_kd0p6_t3p0_self3p0	outputs/cifar100_4agent_25cls_hetero4arch_ipc10_guardian_vgg_dense_ep60_lr0p01_fr0p4_kd0p6_t3p0_self3p0/packet_hub/dsdm/agent_1_dsdm_packet.pt	3126768	model/checkpoint/packet payload	planned
cifar100_4agent_25cls_hetero4arch_ipc10_guardian_vgg_dense_ep60_lr0p01_fr0p4_kd0p6_t3p0_self3p0	outputs/cifar100_4agent_25cls_hetero4arch_ipc10_guardian_vgg_dense_ep60_lr0p01_fr0p4_kd0p6_t3p0_self3p0/packet_hub/dsdm/agent_2_dsdm_packet.pt	3126768	model/checkpoint/packet payload	planned
cifar100_4agent_25cls_hetero4arch_ipc10_guardian_vgg_dense_ep60_lr0p01_fr0p4_kd0p6_t3p0_self3p0	outputs/cifar100_4agent_25cls_hetero4arch_ipc10_guardian_vgg_dense_ep60_lr0p01_fr0p4_kd0p6_t3p0_self3p0/packet_hub/dsdm/agent_3_dsdm_packet.pt	3126768	model/checkpoint/packet payload	planned
cifar100_4agent_25cls_hetero4arch_ipc10_guardian_vgg_dense_ep60_lr0p01_fr0p4_kd0p6_t3p0_self4p0	outputs/cifar100_4agent_25cls_hetero4arch_ipc10_guardian_vgg_dense_ep60_lr0p01_fr0p4_kd0p6_t3p0_self4p0/agents/agent_0/packets/dsdm_packet.pt	3126768	model/checkpoint/packet payload	planned
cifar100_4agent_25cls_hetero4arch_ipc10_guardian_vgg_dense_ep60_lr0p01_fr0p4_kd0p6_t3p0_self4p0	outputs/cifar100_4agent_25cls_hetero4arch_ipc10_guardian_vgg_dense_ep60_lr0p01_fr0p4_kd0p6_t3p0_self4p0/agents/agent_0/checkpoints/expert_model.pt	2023046	model/checkpoint/packet payload	planned
cifar100_4agent_25cls_hetero4arch_ipc10_guardian_vgg_dense_ep60_lr0p01_fr0p4_kd0p6_t3p0_self4p0	outputs/cifar100_4agent_25cls_hetero4arch_ipc10_guardian_vgg_dense_ep60_lr0p01_fr0p4_kd0p6_t3p0_self4p0/agents/agent_1/packets/dsdm_packet.pt	3126768	model/checkpoint/packet payload	planned
cifar100_4agent_25cls_hetero4arch_ipc10_guardian_vgg_dense_ep60_lr0p01_fr0p4_kd0p6_t3p0_self4p0	outputs/cifar100_4agent_25cls_hetero4arch_ipc10_guardian_vgg_dense_ep60_lr0p01_fr0p4_kd0p6_t3p0_self4p0/agents/agent_1/checkpoints/expert_model.pt	4325454	model/checkpoint/packet payload	planned
cifar100_4agent_25cls_hetero4arch_ipc10_guardian_vgg_dense_ep60_lr0p01_fr0p4_kd0p6_t3p0_self4p0	outputs/cifar100_4agent_25cls_hetero4arch_ipc10_guardian_vgg_dense_ep60_lr0p01_fr0p4_kd0p6_t3p0_self4p0/agents/agent_2/packets/dsdm_packet.pt	3126768	model/checkpoint/packet payload	planned
cifar100_4agent_25cls_hetero4arch_ipc10_guardian_vgg_dense_ep60_lr0p01_fr0p4_kd0p6_t3p0_self4p0	outputs/cifar100_4agent_25cls_hetero4arch_ipc10_guardian_vgg_dense_ep60_lr0p01_fr0p4_kd0p6_t3p0_self4p0/agents/agent_2/checkpoints/expert_model.pt	39239126	model/checkpoint/packet payload	planned
cifar100_4agent_25cls_hetero4arch_ipc10_guardian_vgg_dense_ep60_lr0p01_fr0p4_kd0p6_t3p0_self4p0	outputs/cifar100_4agent_25cls_hetero4arch_ipc10_guardian_vgg_dense_ep60_lr0p01_fr0p4_kd0p6_t3p0_self4p0/agents/agent_3/packets/dsdm_packet.pt	3126768	model/checkpoint/packet payload	planned
cifar100_4agent_25cls_hetero4arch_ipc10_guardian_vgg_dense_ep60_lr0p01_fr0p4_kd0p6_t3p0_self4p0	outputs/cifar100_4agent_25cls_hetero4arch_ipc10_guardian_vgg_dense_ep60_lr0p01_fr0p4_kd0p6_t3p0_self4p0/agents/agent_3/checkpoints/expert_model.pt	28123900	model/checkpoint/packet payload	planned
cifar100_4agent_25cls_hetero4arch_ipc10_guardian_vgg_dense_ep60_lr0p01_fr0p4_kd0p6_t3p0_self4p0	outputs/cifar100_4agent_25cls_hetero4arch_ipc10_guardian_vgg_dense_ep60_lr0p01_fr0p4_kd0p6_t3p0_self4p0/packet_hub/dsdm/agent_0_dsdm_packet.pt	3126768	model/checkpoint/packet payload	planned
cifar100_4agent_25cls_hetero4arch_ipc10_guardian_vgg_dense_ep60_lr0p01_fr0p4_kd0p6_t3p0_self4p0	outputs/cifar100_4agent_25cls_hetero4arch_ipc10_guardian_vgg_dense_ep60_lr0p01_fr0p4_kd0p6_t3p0_self4p0/packet_hub/dsdm/agent_1_dsdm_packet.pt	3126768	model/checkpoint/packet payload	planned
cifar100_4agent_25cls_hetero4arch_ipc10_guardian_vgg_dense_ep60_lr0p01_fr0p4_kd0p6_t3p0_self4p0	outputs/cifar100_4agent_25cls_hetero4arch_ipc10_guardian_vgg_dense_ep60_lr0p01_fr0p4_kd0p6_t3p0_self4p0/packet_hub/dsdm/agent_2_dsdm_packet.pt	3126768	model/checkpoint/packet payload	planned
cifar100_4agent_25cls_hetero4arch_ipc10_guardian_vgg_dense_ep60_lr0p01_fr0p4_kd0p6_t3p0_self4p0	outputs/cifar100_4agent_25cls_hetero4arch_ipc10_guardian_vgg_dense_ep60_lr0p01_fr0p4_kd0p6_t3p0_self4p0/packet_hub/dsdm/agent_3_dsdm_packet.pt	3126768	model/checkpoint/packet payload	planned
cifar100_4agent_25cls_hetero4arch_ipc10_guardian_vgg_dense_ep60_lr0p01_fr0p4_kd0p6_t4p0_self2p5	outputs/cifar100_4agent_25cls_hetero4arch_ipc10_guardian_vgg_dense_ep60_lr0p01_fr0p4_kd0p6_t4p0_self2p5/agents/agent_0/packets/dsdm_packet.pt	3126768	model/checkpoint/packet payload	planned
cifar100_4agent_25cls_hetero4arch_ipc10_guardian_vgg_dense_ep60_lr0p01_fr0p4_kd0p6_t4p0_self2p5	outputs/cifar100_4agent_25cls_hetero4arch_ipc10_guardian_vgg_dense_ep60_lr0p01_fr0p4_kd0p6_t4p0_self2p5/agents/agent_0/checkpoints/expert_model.pt	2023046	model/checkpoint/packet payload	planned
cifar100_4agent_25cls_hetero4arch_ipc10_guardian_vgg_dense_ep60_lr0p01_fr0p4_kd0p6_t4p0_self2p5	outputs/cifar100_4agent_25cls_hetero4arch_ipc10_guardian_vgg_dense_ep60_lr0p01_fr0p4_kd0p6_t4p0_self2p5/agents/agent_1/packets/dsdm_packet.pt	3126768	model/checkpoint/packet payload	planned
cifar100_4agent_25cls_hetero4arch_ipc10_guardian_vgg_dense_ep60_lr0p01_fr0p4_kd0p6_t4p0_self2p5	outputs/cifar100_4agent_25cls_hetero4arch_ipc10_guardian_vgg_dense_ep60_lr0p01_fr0p4_kd0p6_t4p0_self2p5/agents/agent_1/checkpoints/expert_model.pt	4325454	model/checkpoint/packet payload	planned
cifar100_4agent_25cls_hetero4arch_ipc10_guardian_vgg_dense_ep60_lr0p01_fr0p4_kd0p6_t4p0_self2p5	outputs/cifar100_4agent_25cls_hetero4arch_ipc10_guardian_vgg_dense_ep60_lr0p01_fr0p4_kd0p6_t4p0_self2p5/agents/agent_2/packets/dsdm_packet.pt	3126768	model/checkpoint/packet payload	planned
cifar100_4agent_25cls_hetero4arch_ipc10_guardian_vgg_dense_ep60_lr0p01_fr0p4_kd0p6_t4p0_self2p5	outputs/cifar100_4agent_25cls_hetero4arch_ipc10_guardian_vgg_dense_ep60_lr0p01_fr0p4_kd0p6_t4p0_self2p5/agents/agent_2/checkpoints/expert_model.pt	39239126	model/checkpoint/packet payload	planned
cifar100_4agent_25cls_hetero4arch_ipc10_guardian_vgg_dense_ep60_lr0p01_fr0p4_kd0p6_t4p0_self2p5	outputs/cifar100_4agent_25cls_hetero4arch_ipc10_guardian_vgg_dense_ep60_lr0p01_fr0p4_kd0p6_t4p0_self2p5/agents/agent_3/packets/dsdm_packet.pt	3126768	model/checkpoint/packet payload	planned
cifar100_4agent_25cls_hetero4arch_ipc10_guardian_vgg_dense_ep60_lr0p01_fr0p4_kd0p6_t4p0_self2p5	outputs/cifar100_4agent_25cls_hetero4arch_ipc10_guardian_vgg_dense_ep60_lr0p01_fr0p4_kd0p6_t4p0_self2p5/agents/agent_3/checkpoints/expert_model.pt	28123900	model/checkpoint/packet payload	planned
cifar100_4agent_25cls_hetero4arch_ipc10_guardian_vgg_dense_ep60_lr0p01_fr0p4_kd0p6_t4p0_self2p5	outputs/cifar100_4agent_25cls_hetero4arch_ipc10_guardian_vgg_dense_ep60_lr0p01_fr0p4_kd0p6_t4p0_self2p5/packet_hub/dsdm/agent_0_dsdm_packet.pt	3126768	model/checkpoint/packet payload	planned
cifar100_4agent_25cls_hetero4arch_ipc10_guardian_vgg_dense_ep60_lr0p01_fr0p4_kd0p6_t4p0_self2p5	outputs/cifar100_4agent_25cls_hetero4arch_ipc10_guardian_vgg_dense_ep60_lr0p01_fr0p4_kd0p6_t4p0_self2p5/packet_hub/dsdm/agent_1_dsdm_packet.pt	3126768	model/checkpoint/packet payload	planned
cifar100_4agent_25cls_hetero4arch_ipc10_guardian_vgg_dense_ep60_lr0p01_fr0p4_kd0p6_t4p0_self2p5	outputs/cifar100_4agent_25cls_hetero4arch_ipc10_guardian_vgg_dense_ep60_lr0p01_fr0p4_kd0p6_t4p0_self2p5/packet_hub/dsdm/agent_2_dsdm_packet.pt	3126768	model/checkpoint/packet payload	planned
cifar100_4agent_25cls_hetero4arch_ipc10_guardian_vgg_dense_ep60_lr0p01_fr0p4_kd0p6_t4p0_self2p5	outputs/cifar100_4agent_25cls_hetero4arch_ipc10_guardian_vgg_dense_ep60_lr0p01_fr0p4_kd0p6_t4p0_self2p5/packet_hub/dsdm/agent_3_dsdm_packet.pt	3126768	model/checkpoint/packet payload	planned
cifar100_4agent_25cls_hetero4arch_ipc10_guardian_vgg_dense_ep60_lr0p01_fr0p4_kd0p6_t4p0_self3p0	outputs/cifar100_4agent_25cls_hetero4arch_ipc10_guardian_vgg_dense_ep60_lr0p01_fr0p4_kd0p6_t4p0_self3p0/agents/agent_0/packets/dsdm_packet.pt	3126768	model/checkpoint/packet payload	planned
cifar100_4agent_25cls_hetero4arch_ipc10_guardian_vgg_dense_ep60_lr0p01_fr0p4_kd0p6_t4p0_self3p0	outputs/cifar100_4agent_25cls_hetero4arch_ipc10_guardian_vgg_dense_ep60_lr0p01_fr0p4_kd0p6_t4p0_self3p0/agents/agent_0/checkpoints/expert_model.pt	2023046	model/checkpoint/packet payload	planned
cifar100_4agent_25cls_hetero4arch_ipc10_guardian_vgg_dense_ep60_lr0p01_fr0p4_kd0p6_t4p0_self3p0	outputs/cifar100_4agent_25cls_hetero4arch_ipc10_guardian_vgg_dense_ep60_lr0p01_fr0p4_kd0p6_t4p0_self3p0/agents/agent_1/packets/dsdm_packet.pt	3126768	model/checkpoint/packet payload	planned
cifar100_4agent_25cls_hetero4arch_ipc10_guardian_vgg_dense_ep60_lr0p01_fr0p4_kd0p6_t4p0_self3p0	outputs/cifar100_4agent_25cls_hetero4arch_ipc10_guardian_vgg_dense_ep60_lr0p01_fr0p4_kd0p6_t4p0_self3p0/agents/agent_1/checkpoints/expert_model.pt	4325454	model/checkpoint/packet payload	planned
cifar100_4agent_25cls_hetero4arch_ipc10_guardian_vgg_dense_ep60_lr0p01_fr0p4_kd0p6_t4p0_self3p0	outputs/cifar100_4agent_25cls_hetero4arch_ipc10_guardian_vgg_dense_ep60_lr0p01_fr0p4_kd0p6_t4p0_self3p0/agents/agent_2/packets/dsdm_packet.pt	3126768	model/checkpoint/packet payload	planned
cifar100_4agent_25cls_hetero4arch_ipc10_guardian_vgg_dense_ep60_lr0p01_fr0p4_kd0p6_t4p0_self3p0	outputs/cifar100_4agent_25cls_hetero4arch_ipc10_guardian_vgg_dense_ep60_lr0p01_fr0p4_kd0p6_t4p0_self3p0/agents/agent_2/checkpoints/expert_model.pt	39239126	model/checkpoint/packet payload	planned
cifar100_4agent_25cls_hetero4arch_ipc10_guardian_vgg_dense_ep60_lr0p01_fr0p4_kd0p6_t4p0_self3p0	outputs/cifar100_4agent_25cls_hetero4arch_ipc10_guardian_vgg_dense_ep60_lr0p01_fr0p4_kd0p6_t4p0_self3p0/agents/agent_3/packets/dsdm_packet.pt	3126768	model/checkpoint/packet payload	planned
cifar100_4agent_25cls_hetero4arch_ipc10_guardian_vgg_dense_ep60_lr0p01_fr0p4_kd0p6_t4p0_self3p0	outputs/cifar100_4agent_25cls_hetero4arch_ipc10_guardian_vgg_dense_ep60_lr0p01_fr0p4_kd0p6_t4p0_self3p0/agents/agent_3/checkpoints/expert_model.pt	28123900	model/checkpoint/packet payload	planned
cifar100_4agent_25cls_hetero4arch_ipc10_guardian_vgg_dense_ep60_lr0p01_fr0p4_kd0p6_t4p0_self3p0	outputs/cifar100_4agent_25cls_hetero4arch_ipc10_guardian_vgg_dense_ep60_lr0p01_fr0p4_kd0p6_t4p0_self3p0/packet_hub/dsdm/agent_0_dsdm_packet.pt	3126768	model/checkpoint/packet payload	planned
cifar100_4agent_25cls_hetero4arch_ipc10_guardian_vgg_dense_ep60_lr0p01_fr0p4_kd0p6_t4p0_self3p0	outputs/cifar100_4agent_25cls_hetero4arch_ipc10_guardian_vgg_dense_ep60_lr0p01_fr0p4_kd0p6_t4p0_self3p0/packet_hub/dsdm/agent_1_dsdm_packet.pt	3126768	model/checkpoint/packet payload	planned
cifar100_4agent_25cls_hetero4arch_ipc10_guardian_vgg_dense_ep60_lr0p01_fr0p4_kd0p6_t4p0_self3p0	outputs/cifar100_4agent_25cls_hetero4arch_ipc10_guardian_vgg_dense_ep60_lr0p01_fr0p4_kd0p6_t4p0_self3p0/packet_hub/dsdm/agent_2_dsdm_packet.pt	3126768	model/checkpoint/packet payload	planned
cifar100_4agent_25cls_hetero4arch_ipc10_guardian_vgg_dense_ep60_lr0p01_fr0p4_kd0p6_t4p0_self3p0	outputs/cifar100_4agent_25cls_hetero4arch_ipc10_guardian_vgg_dense_ep60_lr0p01_fr0p4_kd0p6_t4p0_self3p0/packet_hub/dsdm/agent_3_dsdm_packet.pt	3126768	model/checkpoint/packet payload	planned
cifar100_4agent_25cls_hetero4arch_ipc10_guardian_vgg_dense_ep60_lr0p01_fr0p4_kd0p6_t4p0_self4p0	outputs/cifar100_4agent_25cls_hetero4arch_ipc10_guardian_vgg_dense_ep60_lr0p01_fr0p4_kd0p6_t4p0_self4p0/agents/agent_0/packets/dsdm_packet.pt	3126768	model/checkpoint/packet payload	planned
cifar100_4agent_25cls_hetero4arch_ipc10_guardian_vgg_dense_ep60_lr0p01_fr0p4_kd0p6_t4p0_self4p0	outputs/cifar100_4agent_25cls_hetero4arch_ipc10_guardian_vgg_dense_ep60_lr0p01_fr0p4_kd0p6_t4p0_self4p0/agents/agent_0/checkpoints/expert_model.pt	2023046	model/checkpoint/packet payload	planned
cifar100_4agent_25cls_hetero4arch_ipc10_guardian_vgg_dense_ep60_lr0p01_fr0p4_kd0p6_t4p0_self4p0	outputs/cifar100_4agent_25cls_hetero4arch_ipc10_guardian_vgg_dense_ep60_lr0p01_fr0p4_kd0p6_t4p0_self4p0/agents/agent_1/packets/dsdm_packet.pt	3126768	model/checkpoint/packet payload	planned
cifar100_4agent_25cls_hetero4arch_ipc10_guardian_vgg_dense_ep60_lr0p01_fr0p4_kd0p6_t4p0_self4p0	outputs/cifar100_4agent_25cls_hetero4arch_ipc10_guardian_vgg_dense_ep60_lr0p01_fr0p4_kd0p6_t4p0_self4p0/agents/agent_1/checkpoints/expert_model.pt	4325454	model/checkpoint/packet payload	planned
cifar100_4agent_25cls_hetero4arch_ipc10_guardian_vgg_dense_ep60_lr0p01_fr0p4_kd0p6_t4p0_self4p0	outputs/cifar100_4agent_25cls_hetero4arch_ipc10_guardian_vgg_dense_ep60_lr0p01_fr0p4_kd0p6_t4p0_self4p0/agents/agent_2/packets/dsdm_packet.pt	3126768	model/checkpoint/packet payload	planned
cifar100_4agent_25cls_hetero4arch_ipc10_guardian_vgg_dense_ep60_lr0p01_fr0p4_kd0p6_t4p0_self4p0	outputs/cifar100_4agent_25cls_hetero4arch_ipc10_guardian_vgg_dense_ep60_lr0p01_fr0p4_kd0p6_t4p0_self4p0/agents/agent_2/checkpoints/expert_model.pt	39239126	model/checkpoint/packet payload	planned
cifar100_4agent_25cls_hetero4arch_ipc10_guardian_vgg_dense_ep60_lr0p01_fr0p4_kd0p6_t4p0_self4p0	outputs/cifar100_4agent_25cls_hetero4arch_ipc10_guardian_vgg_dense_ep60_lr0p01_fr0p4_kd0p6_t4p0_self4p0/agents/agent_3/packets/dsdm_packet.pt	3126768	model/checkpoint/packet payload	planned
cifar100_4agent_25cls_hetero4arch_ipc10_guardian_vgg_dense_ep60_lr0p01_fr0p4_kd0p6_t4p0_self4p0	outputs/cifar100_4agent_25cls_hetero4arch_ipc10_guardian_vgg_dense_ep60_lr0p01_fr0p4_kd0p6_t4p0_self4p0/agents/agent_3/checkpoints/expert_model.pt	28123900	model/checkpoint/packet payload	planned
cifar100_4agent_25cls_hetero4arch_ipc10_guardian_vgg_dense_ep60_lr0p01_fr0p4_kd0p6_t4p0_self4p0	outputs/cifar100_4agent_25cls_hetero4arch_ipc10_guardian_vgg_dense_ep60_lr0p01_fr0p4_kd0p6_t4p0_self4p0/packet_hub/dsdm/agent_0_dsdm_packet.pt	3126768	model/checkpoint/packet payload	planned
cifar100_4agent_25cls_hetero4arch_ipc10_guardian_vgg_dense_ep60_lr0p01_fr0p4_kd0p6_t4p0_self4p0	outputs/cifar100_4agent_25cls_hetero4arch_ipc10_guardian_vgg_dense_ep60_lr0p01_fr0p4_kd0p6_t4p0_self4p0/packet_hub/dsdm/agent_1_dsdm_packet.pt	3126768	model/checkpoint/packet payload	planned
cifar100_4agent_25cls_hetero4arch_ipc10_guardian_vgg_dense_ep60_lr0p01_fr0p4_kd0p6_t4p0_self4p0	outputs/cifar100_4agent_25cls_hetero4arch_ipc10_guardian_vgg_dense_ep60_lr0p01_fr0p4_kd0p6_t4p0_self4p0/packet_hub/dsdm/agent_2_dsdm_packet.pt	3126768	model/checkpoint/packet payload	planned
cifar100_4agent_25cls_hetero4arch_ipc10_guardian_vgg_dense_ep60_lr0p01_fr0p4_kd0p6_t4p0_self4p0	outputs/cifar100_4agent_25cls_hetero4arch_ipc10_guardian_vgg_dense_ep60_lr0p01_fr0p4_kd0p6_t4p0_self4p0/packet_hub/dsdm/agent_3_dsdm_packet.pt	3126768	model/checkpoint/packet payload	planned
cifar100_4agent_25cls_hetero4arch_ipc10_guardian_vgg_dense_ep75_lr0p01_fr0p25_kd0p3_t3p0_self3p0	outputs/cifar100_4agent_25cls_hetero4arch_ipc10_guardian_vgg_dense_ep75_lr0p01_fr0p25_kd0p3_t3p0_self3p0/agents/agent_0/packets/dsdm_packet.pt	3126768	model/checkpoint/packet payload	planned
cifar100_4agent_25cls_hetero4arch_ipc10_guardian_vgg_dense_ep75_lr0p01_fr0p25_kd0p3_t3p0_self3p0	outputs/cifar100_4agent_25cls_hetero4arch_ipc10_guardian_vgg_dense_ep75_lr0p01_fr0p25_kd0p3_t3p0_self3p0/agents/agent_0/checkpoints/expert_model.pt	2023046	model/checkpoint/packet payload	planned
cifar100_4agent_25cls_hetero4arch_ipc10_guardian_vgg_dense_ep75_lr0p01_fr0p25_kd0p3_t3p0_self3p0	outputs/cifar100_4agent_25cls_hetero4arch_ipc10_guardian_vgg_dense_ep75_lr0p01_fr0p25_kd0p3_t3p0_self3p0/agents/agent_1/packets/dsdm_packet.pt	3126768	model/checkpoint/packet payload	planned
cifar100_4agent_25cls_hetero4arch_ipc10_guardian_vgg_dense_ep75_lr0p01_fr0p25_kd0p3_t3p0_self3p0	outputs/cifar100_4agent_25cls_hetero4arch_ipc10_guardian_vgg_dense_ep75_lr0p01_fr0p25_kd0p3_t3p0_self3p0/agents/agent_1/checkpoints/expert_model.pt	4325454	model/checkpoint/packet payload	planned
cifar100_4agent_25cls_hetero4arch_ipc10_guardian_vgg_dense_ep75_lr0p01_fr0p25_kd0p3_t3p0_self3p0	outputs/cifar100_4agent_25cls_hetero4arch_ipc10_guardian_vgg_dense_ep75_lr0p01_fr0p25_kd0p3_t3p0_self3p0/agents/agent_2/packets/dsdm_packet.pt	3126768	model/checkpoint/packet payload	planned
cifar100_4agent_25cls_hetero4arch_ipc10_guardian_vgg_dense_ep75_lr0p01_fr0p25_kd0p3_t3p0_self3p0	outputs/cifar100_4agent_25cls_hetero4arch_ipc10_guardian_vgg_dense_ep75_lr0p01_fr0p25_kd0p3_t3p0_self3p0/agents/agent_2/checkpoints/expert_model.pt	39239126	model/checkpoint/packet payload	planned
cifar100_4agent_25cls_hetero4arch_ipc10_guardian_vgg_dense_ep75_lr0p01_fr0p25_kd0p3_t3p0_self3p0	outputs/cifar100_4agent_25cls_hetero4arch_ipc10_guardian_vgg_dense_ep75_lr0p01_fr0p25_kd0p3_t3p0_self3p0/agents/agent_3/packets/dsdm_packet.pt	3126768	model/checkpoint/packet payload	planned
cifar100_4agent_25cls_hetero4arch_ipc10_guardian_vgg_dense_ep75_lr0p01_fr0p25_kd0p3_t3p0_self3p0	outputs/cifar100_4agent_25cls_hetero4arch_ipc10_guardian_vgg_dense_ep75_lr0p01_fr0p25_kd0p3_t3p0_self3p0/agents/agent_3/checkpoints/expert_model.pt	28123900	model/checkpoint/packet payload	planned
cifar100_4agent_25cls_hetero4arch_ipc10_guardian_vgg_dense_ep75_lr0p01_fr0p25_kd0p3_t3p0_self3p0	outputs/cifar100_4agent_25cls_hetero4arch_ipc10_guardian_vgg_dense_ep75_lr0p01_fr0p25_kd0p3_t3p0_self3p0/packet_hub/dsdm/agent_0_dsdm_packet.pt	3126768	model/checkpoint/packet payload	planned
cifar100_4agent_25cls_hetero4arch_ipc10_guardian_vgg_dense_ep75_lr0p01_fr0p25_kd0p3_t3p0_self3p0	outputs/cifar100_4agent_25cls_hetero4arch_ipc10_guardian_vgg_dense_ep75_lr0p01_fr0p25_kd0p3_t3p0_self3p0/packet_hub/dsdm/agent_1_dsdm_packet.pt	3126768	model/checkpoint/packet payload	planned
cifar100_4agent_25cls_hetero4arch_ipc10_guardian_vgg_dense_ep75_lr0p01_fr0p25_kd0p3_t3p0_self3p0	outputs/cifar100_4agent_25cls_hetero4arch_ipc10_guardian_vgg_dense_ep75_lr0p01_fr0p25_kd0p3_t3p0_self3p0/packet_hub/dsdm/agent_2_dsdm_packet.pt	3126768	model/checkpoint/packet payload	planned
cifar100_4agent_25cls_hetero4arch_ipc10_guardian_vgg_dense_ep75_lr0p01_fr0p25_kd0p3_t3p0_self3p0	outputs/cifar100_4agent_25cls_hetero4arch_ipc10_guardian_vgg_dense_ep75_lr0p01_fr0p25_kd0p3_t3p0_self3p0/packet_hub/dsdm/agent_3_dsdm_packet.pt	3126768	model/checkpoint/packet payload	planned
cifar100_4agent_25cls_hetero4arch_ipc10_guardian_vgg_dense_ep75_lr0p01_fr0p25_kd0p3_t4p0_self3p0	outputs/cifar100_4agent_25cls_hetero4arch_ipc10_guardian_vgg_dense_ep75_lr0p01_fr0p25_kd0p3_t4p0_self3p0/agents/agent_0/packets/dsdm_packet.pt	3126768	model/checkpoint/packet payload	planned
cifar100_4agent_25cls_hetero4arch_ipc10_guardian_vgg_dense_ep75_lr0p01_fr0p25_kd0p3_t4p0_self3p0	outputs/cifar100_4agent_25cls_hetero4arch_ipc10_guardian_vgg_dense_ep75_lr0p01_fr0p25_kd0p3_t4p0_self3p0/agents/agent_0/checkpoints/expert_model.pt	2023046	model/checkpoint/packet payload	planned
cifar100_4agent_25cls_hetero4arch_ipc10_guardian_vgg_dense_ep75_lr0p01_fr0p25_kd0p3_t4p0_self3p0	outputs/cifar100_4agent_25cls_hetero4arch_ipc10_guardian_vgg_dense_ep75_lr0p01_fr0p25_kd0p3_t4p0_self3p0/agents/agent_1/packets/dsdm_packet.pt	3126768	model/checkpoint/packet payload	planned
cifar100_4agent_25cls_hetero4arch_ipc10_guardian_vgg_dense_ep75_lr0p01_fr0p25_kd0p3_t4p0_self3p0	outputs/cifar100_4agent_25cls_hetero4arch_ipc10_guardian_vgg_dense_ep75_lr0p01_fr0p25_kd0p3_t4p0_self3p0/agents/agent_1/checkpoints/expert_model.pt	4325454	model/checkpoint/packet payload	planned
cifar100_4agent_25cls_hetero4arch_ipc10_guardian_vgg_dense_ep75_lr0p01_fr0p25_kd0p3_t4p0_self3p0	outputs/cifar100_4agent_25cls_hetero4arch_ipc10_guardian_vgg_dense_ep75_lr0p01_fr0p25_kd0p3_t4p0_self3p0/agents/agent_2/packets/dsdm_packet.pt	3126768	model/checkpoint/packet payload	planned
cifar100_4agent_25cls_hetero4arch_ipc10_guardian_vgg_dense_ep75_lr0p01_fr0p25_kd0p3_t4p0_self3p0	outputs/cifar100_4agent_25cls_hetero4arch_ipc10_guardian_vgg_dense_ep75_lr0p01_fr0p25_kd0p3_t4p0_self3p0/agents/agent_2/checkpoints/expert_model.pt	39239126	model/checkpoint/packet payload	planned
cifar100_4agent_25cls_hetero4arch_ipc10_guardian_vgg_dense_ep75_lr0p01_fr0p25_kd0p3_t4p0_self3p0	outputs/cifar100_4agent_25cls_hetero4arch_ipc10_guardian_vgg_dense_ep75_lr0p01_fr0p25_kd0p3_t4p0_self3p0/agents/agent_3/packets/dsdm_packet.pt	3126768	model/checkpoint/packet payload	planned
cifar100_4agent_25cls_hetero4arch_ipc10_guardian_vgg_dense_ep75_lr0p01_fr0p25_kd0p3_t4p0_self3p0	outputs/cifar100_4agent_25cls_hetero4arch_ipc10_guardian_vgg_dense_ep75_lr0p01_fr0p25_kd0p3_t4p0_self3p0/agents/agent_3/checkpoints/expert_model.pt	28123900	model/checkpoint/packet payload	planned
cifar100_4agent_25cls_hetero4arch_ipc10_guardian_vgg_dense_ep75_lr0p01_fr0p25_kd0p3_t4p0_self3p0	outputs/cifar100_4agent_25cls_hetero4arch_ipc10_guardian_vgg_dense_ep75_lr0p01_fr0p25_kd0p3_t4p0_self3p0/packet_hub/dsdm/agent_0_dsdm_packet.pt	3126768	model/checkpoint/packet payload	planned
cifar100_4agent_25cls_hetero4arch_ipc10_guardian_vgg_dense_ep75_lr0p01_fr0p25_kd0p3_t4p0_self3p0	outputs/cifar100_4agent_25cls_hetero4arch_ipc10_guardian_vgg_dense_ep75_lr0p01_fr0p25_kd0p3_t4p0_self3p0/packet_hub/dsdm/agent_1_dsdm_packet.pt	3126768	model/checkpoint/packet payload	planned
cifar100_4agent_25cls_hetero4arch_ipc10_guardian_vgg_dense_ep75_lr0p01_fr0p25_kd0p3_t4p0_self3p0	outputs/cifar100_4agent_25cls_hetero4arch_ipc10_guardian_vgg_dense_ep75_lr0p01_fr0p25_kd0p3_t4p0_self3p0/packet_hub/dsdm/agent_2_dsdm_packet.pt	3126768	model/checkpoint/packet payload	planned
cifar100_4agent_25cls_hetero4arch_ipc10_guardian_vgg_dense_ep75_lr0p01_fr0p25_kd0p3_t4p0_self3p0	outputs/cifar100_4agent_25cls_hetero4arch_ipc10_guardian_vgg_dense_ep75_lr0p01_fr0p25_kd0p3_t4p0_self3p0/packet_hub/dsdm/agent_3_dsdm_packet.pt	3126768	model/checkpoint/packet payload	planned
cifar100_4agent_25cls_hetero4arch_ipc10_guardian_vgg_dense_ep75_lr0p01_fr0p25_kd0p4_t3p0_self3p0	outputs/cifar100_4agent_25cls_hetero4arch_ipc10_guardian_vgg_dense_ep75_lr0p01_fr0p25_kd0p4_t3p0_self3p0/agents/agent_0/packets/dsdm_packet.pt	3126768	model/checkpoint/packet payload	planned
cifar100_4agent_25cls_hetero4arch_ipc10_guardian_vgg_dense_ep75_lr0p01_fr0p25_kd0p4_t3p0_self3p0	outputs/cifar100_4agent_25cls_hetero4arch_ipc10_guardian_vgg_dense_ep75_lr0p01_fr0p25_kd0p4_t3p0_self3p0/agents/agent_0/checkpoints/expert_model.pt	2023046	model/checkpoint/packet payload	planned
cifar100_4agent_25cls_hetero4arch_ipc10_guardian_vgg_dense_ep75_lr0p01_fr0p25_kd0p4_t3p0_self3p0	outputs/cifar100_4agent_25cls_hetero4arch_ipc10_guardian_vgg_dense_ep75_lr0p01_fr0p25_kd0p4_t3p0_self3p0/agents/agent_1/packets/dsdm_packet.pt	3126768	model/checkpoint/packet payload	planned
cifar100_4agent_25cls_hetero4arch_ipc10_guardian_vgg_dense_ep75_lr0p01_fr0p25_kd0p4_t3p0_self3p0	outputs/cifar100_4agent_25cls_hetero4arch_ipc10_guardian_vgg_dense_ep75_lr0p01_fr0p25_kd0p4_t3p0_self3p0/agents/agent_1/checkpoints/expert_model.pt	4325454	model/checkpoint/packet payload	planned
cifar100_4agent_25cls_hetero4arch_ipc10_guardian_vgg_dense_ep75_lr0p01_fr0p25_kd0p4_t3p0_self3p0	outputs/cifar100_4agent_25cls_hetero4arch_ipc10_guardian_vgg_dense_ep75_lr0p01_fr0p25_kd0p4_t3p0_self3p0/agents/agent_2/packets/dsdm_packet.pt	3126768	model/checkpoint/packet payload	planned
cifar100_4agent_25cls_hetero4arch_ipc10_guardian_vgg_dense_ep75_lr0p01_fr0p25_kd0p4_t3p0_self3p0	outputs/cifar100_4agent_25cls_hetero4arch_ipc10_guardian_vgg_dense_ep75_lr0p01_fr0p25_kd0p4_t3p0_self3p0/agents/agent_2/checkpoints/expert_model.pt	39239126	model/checkpoint/packet payload	planned
cifar100_4agent_25cls_hetero4arch_ipc10_guardian_vgg_dense_ep75_lr0p01_fr0p25_kd0p4_t3p0_self3p0	outputs/cifar100_4agent_25cls_hetero4arch_ipc10_guardian_vgg_dense_ep75_lr0p01_fr0p25_kd0p4_t3p0_self3p0/agents/agent_3/packets/dsdm_packet.pt	3126768	model/checkpoint/packet payload	planned
cifar100_4agent_25cls_hetero4arch_ipc10_guardian_vgg_dense_ep75_lr0p01_fr0p25_kd0p4_t3p0_self3p0	outputs/cifar100_4agent_25cls_hetero4arch_ipc10_guardian_vgg_dense_ep75_lr0p01_fr0p25_kd0p4_t3p0_self3p0/agents/agent_3/checkpoints/expert_model.pt	28123900	model/checkpoint/packet payload	planned
cifar100_4agent_25cls_hetero4arch_ipc10_guardian_vgg_dense_ep75_lr0p01_fr0p25_kd0p4_t3p0_self3p0	outputs/cifar100_4agent_25cls_hetero4arch_ipc10_guardian_vgg_dense_ep75_lr0p01_fr0p25_kd0p4_t3p0_self3p0/packet_hub/dsdm/agent_0_dsdm_packet.pt	3126768	model/checkpoint/packet payload	planned
cifar100_4agent_25cls_hetero4arch_ipc10_guardian_vgg_dense_ep75_lr0p01_fr0p25_kd0p4_t3p0_self3p0	outputs/cifar100_4agent_25cls_hetero4arch_ipc10_guardian_vgg_dense_ep75_lr0p01_fr0p25_kd0p4_t3p0_self3p0/packet_hub/dsdm/agent_1_dsdm_packet.pt	3126768	model/checkpoint/packet payload	planned
cifar100_4agent_25cls_hetero4arch_ipc10_guardian_vgg_dense_ep75_lr0p01_fr0p25_kd0p4_t3p0_self3p0	outputs/cifar100_4agent_25cls_hetero4arch_ipc10_guardian_vgg_dense_ep75_lr0p01_fr0p25_kd0p4_t3p0_self3p0/packet_hub/dsdm/agent_2_dsdm_packet.pt	3126768	model/checkpoint/packet payload	planned
cifar100_4agent_25cls_hetero4arch_ipc10_guardian_vgg_dense_ep75_lr0p01_fr0p25_kd0p4_t3p0_self3p0	outputs/cifar100_4agent_25cls_hetero4arch_ipc10_guardian_vgg_dense_ep75_lr0p01_fr0p25_kd0p4_t3p0_self3p0/packet_hub/dsdm/agent_3_dsdm_packet.pt	3126768	model/checkpoint/packet payload	planned
cifar100_4agent_25cls_hetero4arch_ipc10_guardian_vgg_dense_ep75_lr0p01_fr0p25_kd0p4_t4p0_self3p0	outputs/cifar100_4agent_25cls_hetero4arch_ipc10_guardian_vgg_dense_ep75_lr0p01_fr0p25_kd0p4_t4p0_self3p0/agents/agent_0/packets/dsdm_packet.pt	3126768	model/checkpoint/packet payload	planned
cifar100_4agent_25cls_hetero4arch_ipc10_guardian_vgg_dense_ep75_lr0p01_fr0p25_kd0p4_t4p0_self3p0	outputs/cifar100_4agent_25cls_hetero4arch_ipc10_guardian_vgg_dense_ep75_lr0p01_fr0p25_kd0p4_t4p0_self3p0/agents/agent_0/checkpoints/expert_model.pt	2023046	model/checkpoint/packet payload	planned
cifar100_4agent_25cls_hetero4arch_ipc10_guardian_vgg_dense_ep75_lr0p01_fr0p25_kd0p4_t4p0_self3p0	outputs/cifar100_4agent_25cls_hetero4arch_ipc10_guardian_vgg_dense_ep75_lr0p01_fr0p25_kd0p4_t4p0_self3p0/agents/agent_1/packets/dsdm_packet.pt	3126768	model/checkpoint/packet payload	planned
cifar100_4agent_25cls_hetero4arch_ipc10_guardian_vgg_dense_ep75_lr0p01_fr0p25_kd0p4_t4p0_self3p0	outputs/cifar100_4agent_25cls_hetero4arch_ipc10_guardian_vgg_dense_ep75_lr0p01_fr0p25_kd0p4_t4p0_self3p0/agents/agent_1/checkpoints/expert_model.pt	4325454	model/checkpoint/packet payload	planned
cifar100_4agent_25cls_hetero4arch_ipc10_guardian_vgg_dense_ep75_lr0p01_fr0p25_kd0p4_t4p0_self3p0	outputs/cifar100_4agent_25cls_hetero4arch_ipc10_guardian_vgg_dense_ep75_lr0p01_fr0p25_kd0p4_t4p0_self3p0/agents/agent_2/packets/dsdm_packet.pt	3126768	model/checkpoint/packet payload	planned
cifar100_4agent_25cls_hetero4arch_ipc10_guardian_vgg_dense_ep75_lr0p01_fr0p25_kd0p4_t4p0_self3p0	outputs/cifar100_4agent_25cls_hetero4arch_ipc10_guardian_vgg_dense_ep75_lr0p01_fr0p25_kd0p4_t4p0_self3p0/agents/agent_2/checkpoints/expert_model.pt	39239126	model/checkpoint/packet payload	planned
cifar100_4agent_25cls_hetero4arch_ipc10_guardian_vgg_dense_ep75_lr0p01_fr0p25_kd0p4_t4p0_self3p0	outputs/cifar100_4agent_25cls_hetero4arch_ipc10_guardian_vgg_dense_ep75_lr0p01_fr0p25_kd0p4_t4p0_self3p0/agents/agent_3/packets/dsdm_packet.pt	3126768	model/checkpoint/packet payload	planned
cifar100_4agent_25cls_hetero4arch_ipc10_guardian_vgg_dense_ep75_lr0p01_fr0p25_kd0p4_t4p0_self3p0	outputs/cifar100_4agent_25cls_hetero4arch_ipc10_guardian_vgg_dense_ep75_lr0p01_fr0p25_kd0p4_t4p0_self3p0/agents/agent_3/checkpoints/expert_model.pt	28123900	model/checkpoint/packet payload	planned
cifar100_4agent_25cls_hetero4arch_ipc10_guardian_vgg_dense_ep75_lr0p01_fr0p25_kd0p4_t4p0_self3p0	outputs/cifar100_4agent_25cls_hetero4arch_ipc10_guardian_vgg_dense_ep75_lr0p01_fr0p25_kd0p4_t4p0_self3p0/packet_hub/dsdm/agent_0_dsdm_packet.pt	3126768	model/checkpoint/packet payload	planned
cifar100_4agent_25cls_hetero4arch_ipc10_guardian_vgg_dense_ep75_lr0p01_fr0p25_kd0p4_t4p0_self3p0	outputs/cifar100_4agent_25cls_hetero4arch_ipc10_guardian_vgg_dense_ep75_lr0p01_fr0p25_kd0p4_t4p0_self3p0/packet_hub/dsdm/agent_1_dsdm_packet.pt	3126768	model/checkpoint/packet payload	planned
cifar100_4agent_25cls_hetero4arch_ipc10_guardian_vgg_dense_ep75_lr0p01_fr0p25_kd0p4_t4p0_self3p0	outputs/cifar100_4agent_25cls_hetero4arch_ipc10_guardian_vgg_dense_ep75_lr0p01_fr0p25_kd0p4_t4p0_self3p0/packet_hub/dsdm/agent_2_dsdm_packet.pt	3126768	model/checkpoint/packet payload	planned
cifar100_4agent_25cls_hetero4arch_ipc10_guardian_vgg_dense_ep75_lr0p01_fr0p25_kd0p4_t4p0_self3p0	outputs/cifar100_4agent_25cls_hetero4arch_ipc10_guardian_vgg_dense_ep75_lr0p01_fr0p25_kd0p4_t4p0_self3p0/packet_hub/dsdm/agent_3_dsdm_packet.pt	3126768	model/checkpoint/packet payload	planned
cifar100_4agent_25cls_hetero4arch_ipc10_guardian_vgg_dense_ep75_lr0p01_fr0p25_kd0p5_t3p0_self3p0	outputs/cifar100_4agent_25cls_hetero4arch_ipc10_guardian_vgg_dense_ep75_lr0p01_fr0p25_kd0p5_t3p0_self3p0/agents/agent_0/packets/dsdm_packet.pt	3126768	model/checkpoint/packet payload	planned
cifar100_4agent_25cls_hetero4arch_ipc10_guardian_vgg_dense_ep75_lr0p01_fr0p25_kd0p5_t3p0_self3p0	outputs/cifar100_4agent_25cls_hetero4arch_ipc10_guardian_vgg_dense_ep75_lr0p01_fr0p25_kd0p5_t3p0_self3p0/agents/agent_0/checkpoints/expert_model.pt	2023046	model/checkpoint/packet payload	planned
cifar100_4agent_25cls_hetero4arch_ipc10_guardian_vgg_dense_ep75_lr0p01_fr0p25_kd0p5_t3p0_self3p0	outputs/cifar100_4agent_25cls_hetero4arch_ipc10_guardian_vgg_dense_ep75_lr0p01_fr0p25_kd0p5_t3p0_self3p0/agents/agent_1/packets/dsdm_packet.pt	3126768	model/checkpoint/packet payload	planned
cifar100_4agent_25cls_hetero4arch_ipc10_guardian_vgg_dense_ep75_lr0p01_fr0p25_kd0p5_t3p0_self3p0	outputs/cifar100_4agent_25cls_hetero4arch_ipc10_guardian_vgg_dense_ep75_lr0p01_fr0p25_kd0p5_t3p0_self3p0/agents/agent_1/checkpoints/expert_model.pt	4325454	model/checkpoint/packet payload	planned
cifar100_4agent_25cls_hetero4arch_ipc10_guardian_vgg_dense_ep75_lr0p01_fr0p25_kd0p5_t3p0_self3p0	outputs/cifar100_4agent_25cls_hetero4arch_ipc10_guardian_vgg_dense_ep75_lr0p01_fr0p25_kd0p5_t3p0_self3p0/agents/agent_2/packets/dsdm_packet.pt	3126768	model/checkpoint/packet payload	planned
cifar100_4agent_25cls_hetero4arch_ipc10_guardian_vgg_dense_ep75_lr0p01_fr0p25_kd0p5_t3p0_self3p0	outputs/cifar100_4agent_25cls_hetero4arch_ipc10_guardian_vgg_dense_ep75_lr0p01_fr0p25_kd0p5_t3p0_self3p0/agents/agent_2/checkpoints/expert_model.pt	39239126	model/checkpoint/packet payload	planned
cifar100_4agent_25cls_hetero4arch_ipc10_guardian_vgg_dense_ep75_lr0p01_fr0p25_kd0p5_t3p0_self3p0	outputs/cifar100_4agent_25cls_hetero4arch_ipc10_guardian_vgg_dense_ep75_lr0p01_fr0p25_kd0p5_t3p0_self3p0/agents/agent_3/packets/dsdm_packet.pt	3126768	model/checkpoint/packet payload	planned
cifar100_4agent_25cls_hetero4arch_ipc10_guardian_vgg_dense_ep75_lr0p01_fr0p25_kd0p5_t3p0_self3p0	outputs/cifar100_4agent_25cls_hetero4arch_ipc10_guardian_vgg_dense_ep75_lr0p01_fr0p25_kd0p5_t3p0_self3p0/agents/agent_3/checkpoints/expert_model.pt	28123900	model/checkpoint/packet payload	planned
cifar100_4agent_25cls_hetero4arch_ipc10_guardian_vgg_dense_ep75_lr0p01_fr0p25_kd0p5_t3p0_self3p0	outputs/cifar100_4agent_25cls_hetero4arch_ipc10_guardian_vgg_dense_ep75_lr0p01_fr0p25_kd0p5_t3p0_self3p0/packet_hub/dsdm/agent_0_dsdm_packet.pt	3126768	model/checkpoint/packet payload	planned
cifar100_4agent_25cls_hetero4arch_ipc10_guardian_vgg_dense_ep75_lr0p01_fr0p25_kd0p5_t3p0_self3p0	outputs/cifar100_4agent_25cls_hetero4arch_ipc10_guardian_vgg_dense_ep75_lr0p01_fr0p25_kd0p5_t3p0_self3p0/packet_hub/dsdm/agent_1_dsdm_packet.pt	3126768	model/checkpoint/packet payload	planned
cifar100_4agent_25cls_hetero4arch_ipc10_guardian_vgg_dense_ep75_lr0p01_fr0p25_kd0p5_t3p0_self3p0	outputs/cifar100_4agent_25cls_hetero4arch_ipc10_guardian_vgg_dense_ep75_lr0p01_fr0p25_kd0p5_t3p0_self3p0/packet_hub/dsdm/agent_2_dsdm_packet.pt	3126768	model/checkpoint/packet payload	planned
cifar100_4agent_25cls_hetero4arch_ipc10_guardian_vgg_dense_ep75_lr0p01_fr0p25_kd0p5_t3p0_self3p0	outputs/cifar100_4agent_25cls_hetero4arch_ipc10_guardian_vgg_dense_ep75_lr0p01_fr0p25_kd0p5_t3p0_self3p0/packet_hub/dsdm/agent_3_dsdm_packet.pt	3126768	model/checkpoint/packet payload	planned
cifar100_4agent_25cls_hetero4arch_ipc10_guardian_vgg_dense_ep75_lr0p01_fr0p25_kd0p5_t4p0_self3p0	outputs/cifar100_4agent_25cls_hetero4arch_ipc10_guardian_vgg_dense_ep75_lr0p01_fr0p25_kd0p5_t4p0_self3p0/agents/agent_0/packets/dsdm_packet.pt	3126768	model/checkpoint/packet payload	planned
cifar100_4agent_25cls_hetero4arch_ipc10_guardian_vgg_dense_ep75_lr0p01_fr0p25_kd0p5_t4p0_self3p0	outputs/cifar100_4agent_25cls_hetero4arch_ipc10_guardian_vgg_dense_ep75_lr0p01_fr0p25_kd0p5_t4p0_self3p0/agents/agent_0/checkpoints/expert_model.pt	2023046	model/checkpoint/packet payload	planned
cifar100_4agent_25cls_hetero4arch_ipc10_guardian_vgg_dense_ep75_lr0p01_fr0p25_kd0p5_t4p0_self3p0	outputs/cifar100_4agent_25cls_hetero4arch_ipc10_guardian_vgg_dense_ep75_lr0p01_fr0p25_kd0p5_t4p0_self3p0/agents/agent_1/packets/dsdm_packet.pt	3126768	model/checkpoint/packet payload	planned
cifar100_4agent_25cls_hetero4arch_ipc10_guardian_vgg_dense_ep75_lr0p01_fr0p25_kd0p5_t4p0_self3p0	outputs/cifar100_4agent_25cls_hetero4arch_ipc10_guardian_vgg_dense_ep75_lr0p01_fr0p25_kd0p5_t4p0_self3p0/agents/agent_1/checkpoints/expert_model.pt	4325454	model/checkpoint/packet payload	planned
cifar100_4agent_25cls_hetero4arch_ipc10_guardian_vgg_dense_ep75_lr0p01_fr0p25_kd0p5_t4p0_self3p0	outputs/cifar100_4agent_25cls_hetero4arch_ipc10_guardian_vgg_dense_ep75_lr0p01_fr0p25_kd0p5_t4p0_self3p0/agents/agent_2/packets/dsdm_packet.pt	3126768	model/checkpoint/packet payload	planned
cifar100_4agent_25cls_hetero4arch_ipc10_guardian_vgg_dense_ep75_lr0p01_fr0p25_kd0p5_t4p0_self3p0	outputs/cifar100_4agent_25cls_hetero4arch_ipc10_guardian_vgg_dense_ep75_lr0p01_fr0p25_kd0p5_t4p0_self3p0/agents/agent_2/checkpoints/expert_model.pt	39239126	model/checkpoint/packet payload	planned
cifar100_4agent_25cls_hetero4arch_ipc10_guardian_vgg_dense_ep75_lr0p01_fr0p25_kd0p5_t4p0_self3p0	outputs/cifar100_4agent_25cls_hetero4arch_ipc10_guardian_vgg_dense_ep75_lr0p01_fr0p25_kd0p5_t4p0_self3p0/agents/agent_3/packets/dsdm_packet.pt	3126768	model/checkpoint/packet payload	planned
cifar100_4agent_25cls_hetero4arch_ipc10_guardian_vgg_dense_ep75_lr0p01_fr0p25_kd0p5_t4p0_self3p0	outputs/cifar100_4agent_25cls_hetero4arch_ipc10_guardian_vgg_dense_ep75_lr0p01_fr0p25_kd0p5_t4p0_self3p0/agents/agent_3/checkpoints/expert_model.pt	28123900	model/checkpoint/packet payload	planned
cifar100_4agent_25cls_hetero4arch_ipc10_guardian_vgg_dense_ep75_lr0p01_fr0p25_kd0p5_t4p0_self3p0	outputs/cifar100_4agent_25cls_hetero4arch_ipc10_guardian_vgg_dense_ep75_lr0p01_fr0p25_kd0p5_t4p0_self3p0/packet_hub/dsdm/agent_0_dsdm_packet.pt	3126768	model/checkpoint/packet payload	planned
cifar100_4agent_25cls_hetero4arch_ipc10_guardian_vgg_dense_ep75_lr0p01_fr0p25_kd0p5_t4p0_self3p0	outputs/cifar100_4agent_25cls_hetero4arch_ipc10_guardian_vgg_dense_ep75_lr0p01_fr0p25_kd0p5_t4p0_self3p0/packet_hub/dsdm/agent_1_dsdm_packet.pt	3126768	model/checkpoint/packet payload	planned
cifar100_4agent_25cls_hetero4arch_ipc10_guardian_vgg_dense_ep75_lr0p01_fr0p25_kd0p5_t4p0_self3p0	outputs/cifar100_4agent_25cls_hetero4arch_ipc10_guardian_vgg_dense_ep75_lr0p01_fr0p25_kd0p5_t4p0_self3p0/packet_hub/dsdm/agent_2_dsdm_packet.pt	3126768	model/checkpoint/packet payload	planned
cifar100_4agent_25cls_hetero4arch_ipc10_guardian_vgg_dense_ep75_lr0p01_fr0p25_kd0p5_t4p0_self3p0	outputs/cifar100_4agent_25cls_hetero4arch_ipc10_guardian_vgg_dense_ep75_lr0p01_fr0p25_kd0p5_t4p0_self3p0/packet_hub/dsdm/agent_3_dsdm_packet.pt	3126768	model/checkpoint/packet payload	planned
cifar100_4agent_25cls_hetero4arch_ipc10_guardian_vgg_dense_ep75_lr0p01_fr0p25_kd0p6_t3p0_self3p0	outputs/cifar100_4agent_25cls_hetero4arch_ipc10_guardian_vgg_dense_ep75_lr0p01_fr0p25_kd0p6_t3p0_self3p0/agents/agent_0/packets/dsdm_packet.pt	3126768	model/checkpoint/packet payload	planned
cifar100_4agent_25cls_hetero4arch_ipc10_guardian_vgg_dense_ep75_lr0p01_fr0p25_kd0p6_t3p0_self3p0	outputs/cifar100_4agent_25cls_hetero4arch_ipc10_guardian_vgg_dense_ep75_lr0p01_fr0p25_kd0p6_t3p0_self3p0/agents/agent_0/checkpoints/expert_model.pt	2023046	model/checkpoint/packet payload	planned
cifar100_4agent_25cls_hetero4arch_ipc10_guardian_vgg_dense_ep75_lr0p01_fr0p25_kd0p6_t3p0_self3p0	outputs/cifar100_4agent_25cls_hetero4arch_ipc10_guardian_vgg_dense_ep75_lr0p01_fr0p25_kd0p6_t3p0_self3p0/agents/agent_1/packets/dsdm_packet.pt	3126768	model/checkpoint/packet payload	planned
cifar100_4agent_25cls_hetero4arch_ipc10_guardian_vgg_dense_ep75_lr0p01_fr0p25_kd0p6_t3p0_self3p0	outputs/cifar100_4agent_25cls_hetero4arch_ipc10_guardian_vgg_dense_ep75_lr0p01_fr0p25_kd0p6_t3p0_self3p0/agents/agent_1/checkpoints/expert_model.pt	4325454	model/checkpoint/packet payload	planned
cifar100_4agent_25cls_hetero4arch_ipc10_guardian_vgg_dense_ep75_lr0p01_fr0p25_kd0p6_t3p0_self3p0	outputs/cifar100_4agent_25cls_hetero4arch_ipc10_guardian_vgg_dense_ep75_lr0p01_fr0p25_kd0p6_t3p0_self3p0/agents/agent_2/packets/dsdm_packet.pt	3126768	model/checkpoint/packet payload	planned
cifar100_4agent_25cls_hetero4arch_ipc10_guardian_vgg_dense_ep75_lr0p01_fr0p25_kd0p6_t3p0_self3p0	outputs/cifar100_4agent_25cls_hetero4arch_ipc10_guardian_vgg_dense_ep75_lr0p01_fr0p25_kd0p6_t3p0_self3p0/agents/agent_2/checkpoints/expert_model.pt	39239126	model/checkpoint/packet payload	planned
cifar100_4agent_25cls_hetero4arch_ipc10_guardian_vgg_dense_ep75_lr0p01_fr0p25_kd0p6_t3p0_self3p0	outputs/cifar100_4agent_25cls_hetero4arch_ipc10_guardian_vgg_dense_ep75_lr0p01_fr0p25_kd0p6_t3p0_self3p0/agents/agent_3/packets/dsdm_packet.pt	3126768	model/checkpoint/packet payload	planned
cifar100_4agent_25cls_hetero4arch_ipc10_guardian_vgg_dense_ep75_lr0p01_fr0p25_kd0p6_t3p0_self3p0	outputs/cifar100_4agent_25cls_hetero4arch_ipc10_guardian_vgg_dense_ep75_lr0p01_fr0p25_kd0p6_t3p0_self3p0/agents/agent_3/checkpoints/expert_model.pt	28123900	model/checkpoint/packet payload	planned
cifar100_4agent_25cls_hetero4arch_ipc10_guardian_vgg_dense_ep75_lr0p01_fr0p25_kd0p6_t3p0_self3p0	outputs/cifar100_4agent_25cls_hetero4arch_ipc10_guardian_vgg_dense_ep75_lr0p01_fr0p25_kd0p6_t3p0_self3p0/packet_hub/dsdm/agent_0_dsdm_packet.pt	3126768	model/checkpoint/packet payload	planned
cifar100_4agent_25cls_hetero4arch_ipc10_guardian_vgg_dense_ep75_lr0p01_fr0p25_kd0p6_t3p0_self3p0	outputs/cifar100_4agent_25cls_hetero4arch_ipc10_guardian_vgg_dense_ep75_lr0p01_fr0p25_kd0p6_t3p0_self3p0/packet_hub/dsdm/agent_1_dsdm_packet.pt	3126768	model/checkpoint/packet payload	planned
cifar100_4agent_25cls_hetero4arch_ipc10_guardian_vgg_dense_ep75_lr0p01_fr0p25_kd0p6_t3p0_self3p0	outputs/cifar100_4agent_25cls_hetero4arch_ipc10_guardian_vgg_dense_ep75_lr0p01_fr0p25_kd0p6_t3p0_self3p0/packet_hub/dsdm/agent_2_dsdm_packet.pt	3126768	model/checkpoint/packet payload	planned
cifar100_4agent_25cls_hetero4arch_ipc10_guardian_vgg_dense_ep75_lr0p01_fr0p25_kd0p6_t3p0_self3p0	outputs/cifar100_4agent_25cls_hetero4arch_ipc10_guardian_vgg_dense_ep75_lr0p01_fr0p25_kd0p6_t3p0_self3p0/packet_hub/dsdm/agent_3_dsdm_packet.pt	3126768	model/checkpoint/packet payload	planned
cifar100_4agent_25cls_hetero4arch_ipc10_guardian_vgg_dense_ep75_lr0p01_fr0p25_kd0p6_t4p0_self3p0	outputs/cifar100_4agent_25cls_hetero4arch_ipc10_guardian_vgg_dense_ep75_lr0p01_fr0p25_kd0p6_t4p0_self3p0/agents/agent_0/packets/dsdm_packet.pt	3126768	model/checkpoint/packet payload	planned
cifar100_4agent_25cls_hetero4arch_ipc10_guardian_vgg_dense_ep75_lr0p01_fr0p25_kd0p6_t4p0_self3p0	outputs/cifar100_4agent_25cls_hetero4arch_ipc10_guardian_vgg_dense_ep75_lr0p01_fr0p25_kd0p6_t4p0_self3p0/agents/agent_0/checkpoints/expert_model.pt	2023046	model/checkpoint/packet payload	planned
cifar100_4agent_25cls_hetero4arch_ipc10_guardian_vgg_dense_ep75_lr0p01_fr0p25_kd0p6_t4p0_self3p0	outputs/cifar100_4agent_25cls_hetero4arch_ipc10_guardian_vgg_dense_ep75_lr0p01_fr0p25_kd0p6_t4p0_self3p0/agents/agent_1/packets/dsdm_packet.pt	3126768	model/checkpoint/packet payload	planned
cifar100_4agent_25cls_hetero4arch_ipc10_guardian_vgg_dense_ep75_lr0p01_fr0p25_kd0p6_t4p0_self3p0	outputs/cifar100_4agent_25cls_hetero4arch_ipc10_guardian_vgg_dense_ep75_lr0p01_fr0p25_kd0p6_t4p0_self3p0/agents/agent_1/checkpoints/expert_model.pt	4325454	model/checkpoint/packet payload	planned
cifar100_4agent_25cls_hetero4arch_ipc10_guardian_vgg_dense_ep75_lr0p01_fr0p25_kd0p6_t4p0_self3p0	outputs/cifar100_4agent_25cls_hetero4arch_ipc10_guardian_vgg_dense_ep75_lr0p01_fr0p25_kd0p6_t4p0_self3p0/agents/agent_2/packets/dsdm_packet.pt	3126768	model/checkpoint/packet payload	planned
cifar100_4agent_25cls_hetero4arch_ipc10_guardian_vgg_dense_ep75_lr0p01_fr0p25_kd0p6_t4p0_self3p0	outputs/cifar100_4agent_25cls_hetero4arch_ipc10_guardian_vgg_dense_ep75_lr0p01_fr0p25_kd0p6_t4p0_self3p0/agents/agent_2/checkpoints/expert_model.pt	39239126	model/checkpoint/packet payload	planned
cifar100_4agent_25cls_hetero4arch_ipc10_guardian_vgg_dense_ep75_lr0p01_fr0p25_kd0p6_t4p0_self3p0	outputs/cifar100_4agent_25cls_hetero4arch_ipc10_guardian_vgg_dense_ep75_lr0p01_fr0p25_kd0p6_t4p0_self3p0/agents/agent_3/packets/dsdm_packet.pt	3126768	model/checkpoint/packet payload	planned
cifar100_4agent_25cls_hetero4arch_ipc10_guardian_vgg_dense_ep75_lr0p01_fr0p25_kd0p6_t4p0_self3p0	outputs/cifar100_4agent_25cls_hetero4arch_ipc10_guardian_vgg_dense_ep75_lr0p01_fr0p25_kd0p6_t4p0_self3p0/agents/agent_3/checkpoints/expert_model.pt	28123900	model/checkpoint/packet payload	planned
cifar100_4agent_25cls_hetero4arch_ipc10_guardian_vgg_dense_ep75_lr0p01_fr0p25_kd0p6_t4p0_self3p0	outputs/cifar100_4agent_25cls_hetero4arch_ipc10_guardian_vgg_dense_ep75_lr0p01_fr0p25_kd0p6_t4p0_self3p0/packet_hub/dsdm/agent_0_dsdm_packet.pt	3126768	model/checkpoint/packet payload	planned
cifar100_4agent_25cls_hetero4arch_ipc10_guardian_vgg_dense_ep75_lr0p01_fr0p25_kd0p6_t4p0_self3p0	outputs/cifar100_4agent_25cls_hetero4arch_ipc10_guardian_vgg_dense_ep75_lr0p01_fr0p25_kd0p6_t4p0_self3p0/packet_hub/dsdm/agent_1_dsdm_packet.pt	3126768	model/checkpoint/packet payload	planned
cifar100_4agent_25cls_hetero4arch_ipc10_guardian_vgg_dense_ep75_lr0p01_fr0p25_kd0p6_t4p0_self3p0	outputs/cifar100_4agent_25cls_hetero4arch_ipc10_guardian_vgg_dense_ep75_lr0p01_fr0p25_kd0p6_t4p0_self3p0/packet_hub/dsdm/agent_2_dsdm_packet.pt	3126768	model/checkpoint/packet payload	planned
cifar100_4agent_25cls_hetero4arch_ipc10_guardian_vgg_dense_ep75_lr0p01_fr0p25_kd0p6_t4p0_self3p0	outputs/cifar100_4agent_25cls_hetero4arch_ipc10_guardian_vgg_dense_ep75_lr0p01_fr0p25_kd0p6_t4p0_self3p0/packet_hub/dsdm/agent_3_dsdm_packet.pt	3126768	model/checkpoint/packet payload	planned
cifar100_4agent_25cls_hetero4arch_ipc10_guardian_vgg_dense_ep75_lr0p01_fr0p3_kd0p3_t3p0_self3p0	outputs/cifar100_4agent_25cls_hetero4arch_ipc10_guardian_vgg_dense_ep75_lr0p01_fr0p3_kd0p3_t3p0_self3p0/agents/agent_0/packets/dsdm_packet.pt	3126768	model/checkpoint/packet payload	planned
cifar100_4agent_25cls_hetero4arch_ipc10_guardian_vgg_dense_ep75_lr0p01_fr0p3_kd0p3_t3p0_self3p0	outputs/cifar100_4agent_25cls_hetero4arch_ipc10_guardian_vgg_dense_ep75_lr0p01_fr0p3_kd0p3_t3p0_self3p0/agents/agent_0/checkpoints/expert_model.pt	2023046	model/checkpoint/packet payload	planned
cifar100_4agent_25cls_hetero4arch_ipc10_guardian_vgg_dense_ep75_lr0p01_fr0p3_kd0p3_t3p0_self3p0	outputs/cifar100_4agent_25cls_hetero4arch_ipc10_guardian_vgg_dense_ep75_lr0p01_fr0p3_kd0p3_t3p0_self3p0/agents/agent_1/packets/dsdm_packet.pt	3126768	model/checkpoint/packet payload	planned
cifar100_4agent_25cls_hetero4arch_ipc10_guardian_vgg_dense_ep75_lr0p01_fr0p3_kd0p3_t3p0_self3p0	outputs/cifar100_4agent_25cls_hetero4arch_ipc10_guardian_vgg_dense_ep75_lr0p01_fr0p3_kd0p3_t3p0_self3p0/agents/agent_1/checkpoints/expert_model.pt	4325454	model/checkpoint/packet payload	planned
cifar100_4agent_25cls_hetero4arch_ipc10_guardian_vgg_dense_ep75_lr0p01_fr0p3_kd0p3_t3p0_self3p0	outputs/cifar100_4agent_25cls_hetero4arch_ipc10_guardian_vgg_dense_ep75_lr0p01_fr0p3_kd0p3_t3p0_self3p0/agents/agent_2/packets/dsdm_packet.pt	3126768	model/checkpoint/packet payload	planned
cifar100_4agent_25cls_hetero4arch_ipc10_guardian_vgg_dense_ep75_lr0p01_fr0p3_kd0p3_t3p0_self3p0	outputs/cifar100_4agent_25cls_hetero4arch_ipc10_guardian_vgg_dense_ep75_lr0p01_fr0p3_kd0p3_t3p0_self3p0/agents/agent_2/checkpoints/expert_model.pt	39239126	model/checkpoint/packet payload	planned
cifar100_4agent_25cls_hetero4arch_ipc10_guardian_vgg_dense_ep75_lr0p01_fr0p3_kd0p3_t3p0_self3p0	outputs/cifar100_4agent_25cls_hetero4arch_ipc10_guardian_vgg_dense_ep75_lr0p01_fr0p3_kd0p3_t3p0_self3p0/agents/agent_3/packets/dsdm_packet.pt	3126768	model/checkpoint/packet payload	planned
cifar100_4agent_25cls_hetero4arch_ipc10_guardian_vgg_dense_ep75_lr0p01_fr0p3_kd0p3_t3p0_self3p0	outputs/cifar100_4agent_25cls_hetero4arch_ipc10_guardian_vgg_dense_ep75_lr0p01_fr0p3_kd0p3_t3p0_self3p0/agents/agent_3/checkpoints/expert_model.pt	28123900	model/checkpoint/packet payload	planned
cifar100_4agent_25cls_hetero4arch_ipc10_guardian_vgg_dense_ep75_lr0p01_fr0p3_kd0p3_t3p0_self3p0	outputs/cifar100_4agent_25cls_hetero4arch_ipc10_guardian_vgg_dense_ep75_lr0p01_fr0p3_kd0p3_t3p0_self3p0/packet_hub/dsdm/agent_0_dsdm_packet.pt	3126768	model/checkpoint/packet payload	planned
cifar100_4agent_25cls_hetero4arch_ipc10_guardian_vgg_dense_ep75_lr0p01_fr0p3_kd0p3_t3p0_self3p0	outputs/cifar100_4agent_25cls_hetero4arch_ipc10_guardian_vgg_dense_ep75_lr0p01_fr0p3_kd0p3_t3p0_self3p0/packet_hub/dsdm/agent_1_dsdm_packet.pt	3126768	model/checkpoint/packet payload	planned
cifar100_4agent_25cls_hetero4arch_ipc10_guardian_vgg_dense_ep75_lr0p01_fr0p3_kd0p3_t3p0_self3p0	outputs/cifar100_4agent_25cls_hetero4arch_ipc10_guardian_vgg_dense_ep75_lr0p01_fr0p3_kd0p3_t3p0_self3p0/packet_hub/dsdm/agent_2_dsdm_packet.pt	3126768	model/checkpoint/packet payload	planned
cifar100_4agent_25cls_hetero4arch_ipc10_guardian_vgg_dense_ep75_lr0p01_fr0p3_kd0p3_t3p0_self3p0	outputs/cifar100_4agent_25cls_hetero4arch_ipc10_guardian_vgg_dense_ep75_lr0p01_fr0p3_kd0p3_t3p0_self3p0/packet_hub/dsdm/agent_3_dsdm_packet.pt	3126768	model/checkpoint/packet payload	planned
cifar100_4agent_25cls_hetero4arch_ipc10_guardian_vgg_dense_ep75_lr0p01_fr0p3_kd0p3_t4p0_self3p0	outputs/cifar100_4agent_25cls_hetero4arch_ipc10_guardian_vgg_dense_ep75_lr0p01_fr0p3_kd0p3_t4p0_self3p0/agents/agent_0/packets/dsdm_packet.pt	3126768	model/checkpoint/packet payload	planned
cifar100_4agent_25cls_hetero4arch_ipc10_guardian_vgg_dense_ep75_lr0p01_fr0p3_kd0p3_t4p0_self3p0	outputs/cifar100_4agent_25cls_hetero4arch_ipc10_guardian_vgg_dense_ep75_lr0p01_fr0p3_kd0p3_t4p0_self3p0/agents/agent_0/checkpoints/expert_model.pt	2023046	model/checkpoint/packet payload	planned
cifar100_4agent_25cls_hetero4arch_ipc10_guardian_vgg_dense_ep75_lr0p01_fr0p3_kd0p3_t4p0_self3p0	outputs/cifar100_4agent_25cls_hetero4arch_ipc10_guardian_vgg_dense_ep75_lr0p01_fr0p3_kd0p3_t4p0_self3p0/agents/agent_1/packets/dsdm_packet.pt	3126768	model/checkpoint/packet payload	planned
cifar100_4agent_25cls_hetero4arch_ipc10_guardian_vgg_dense_ep75_lr0p01_fr0p3_kd0p3_t4p0_self3p0	outputs/cifar100_4agent_25cls_hetero4arch_ipc10_guardian_vgg_dense_ep75_lr0p01_fr0p3_kd0p3_t4p0_self3p0/agents/agent_1/checkpoints/expert_model.pt	4325454	model/checkpoint/packet payload	planned
cifar100_4agent_25cls_hetero4arch_ipc10_guardian_vgg_dense_ep75_lr0p01_fr0p3_kd0p3_t4p0_self3p0	outputs/cifar100_4agent_25cls_hetero4arch_ipc10_guardian_vgg_dense_ep75_lr0p01_fr0p3_kd0p3_t4p0_self3p0/agents/agent_2/packets/dsdm_packet.pt	3126768	model/checkpoint/packet payload	planned
cifar100_4agent_25cls_hetero4arch_ipc10_guardian_vgg_dense_ep75_lr0p01_fr0p3_kd0p3_t4p0_self3p0	outputs/cifar100_4agent_25cls_hetero4arch_ipc10_guardian_vgg_dense_ep75_lr0p01_fr0p3_kd0p3_t4p0_self3p0/agents/agent_2/checkpoints/expert_model.pt	39239126	model/checkpoint/packet payload	planned
cifar100_4agent_25cls_hetero4arch_ipc10_guardian_vgg_dense_ep75_lr0p01_fr0p3_kd0p3_t4p0_self3p0	outputs/cifar100_4agent_25cls_hetero4arch_ipc10_guardian_vgg_dense_ep75_lr0p01_fr0p3_kd0p3_t4p0_self3p0/agents/agent_3/packets/dsdm_packet.pt	3126768	model/checkpoint/packet payload	planned
cifar100_4agent_25cls_hetero4arch_ipc10_guardian_vgg_dense_ep75_lr0p01_fr0p3_kd0p3_t4p0_self3p0	outputs/cifar100_4agent_25cls_hetero4arch_ipc10_guardian_vgg_dense_ep75_lr0p01_fr0p3_kd0p3_t4p0_self3p0/agents/agent_3/checkpoints/expert_model.pt	28123900	model/checkpoint/packet payload	planned
cifar100_4agent_25cls_hetero4arch_ipc10_guardian_vgg_dense_ep75_lr0p01_fr0p3_kd0p3_t4p0_self3p0	outputs/cifar100_4agent_25cls_hetero4arch_ipc10_guardian_vgg_dense_ep75_lr0p01_fr0p3_kd0p3_t4p0_self3p0/packet_hub/dsdm/agent_0_dsdm_packet.pt	3126768	model/checkpoint/packet payload	planned
cifar100_4agent_25cls_hetero4arch_ipc10_guardian_vgg_dense_ep75_lr0p01_fr0p3_kd0p3_t4p0_self3p0	outputs/cifar100_4agent_25cls_hetero4arch_ipc10_guardian_vgg_dense_ep75_lr0p01_fr0p3_kd0p3_t4p0_self3p0/packet_hub/dsdm/agent_1_dsdm_packet.pt	2818048	model/checkpoint/packet payload	planned
cifar100_4agent_25cls_hetero4arch_ipc10_guardian_vgg_dense_ep75_lr0p01_fr0p3_kd0p4_t3p0_self3p0	outputs/cifar100_4agent_25cls_hetero4arch_ipc10_guardian_vgg_dense_ep75_lr0p01_fr0p3_kd0p4_t3p0_self3p0/agents/agent_0/packets/dsdm_packet.pt	3126768	model/checkpoint/packet payload	planned
cifar100_4agent_25cls_hetero4arch_ipc10_guardian_vgg_dense_ep75_lr0p01_fr0p3_kd0p4_t3p0_self3p0	outputs/cifar100_4agent_25cls_hetero4arch_ipc10_guardian_vgg_dense_ep75_lr0p01_fr0p3_kd0p4_t3p0_self3p0/agents/agent_0/checkpoints/expert_model.pt	2023046	model/checkpoint/packet payload	planned
cifar100_4agent_25cls_hetero4arch_ipc10_guardian_vgg_dense_ep75_lr0p01_fr0p3_kd0p4_t3p0_self3p0	outputs/cifar100_4agent_25cls_hetero4arch_ipc10_guardian_vgg_dense_ep75_lr0p01_fr0p3_kd0p4_t3p0_self3p0/agents/agent_1/packets/dsdm_packet.pt	3126768	model/checkpoint/packet payload	planned
cifar100_4agent_25cls_hetero4arch_ipc10_guardian_vgg_dense_ep75_lr0p01_fr0p3_kd0p4_t3p0_self3p0	outputs/cifar100_4agent_25cls_hetero4arch_ipc10_guardian_vgg_dense_ep75_lr0p01_fr0p3_kd0p4_t3p0_self3p0/agents/agent_1/checkpoints/expert_model.pt	4325454	model/checkpoint/packet payload	planned
cifar100_4agent_25cls_hetero4arch_ipc10_guardian_vgg_dense_ep75_lr0p01_fr0p3_kd0p4_t3p0_self3p0	outputs/cifar100_4agent_25cls_hetero4arch_ipc10_guardian_vgg_dense_ep75_lr0p01_fr0p3_kd0p4_t3p0_self3p0/agents/agent_2/packets/dsdm_packet.pt	3126768	model/checkpoint/packet payload	planned
cifar100_4agent_25cls_hetero4arch_ipc10_guardian_vgg_dense_ep75_lr0p01_fr0p3_kd0p4_t3p0_self3p0	outputs/cifar100_4agent_25cls_hetero4arch_ipc10_guardian_vgg_dense_ep75_lr0p01_fr0p3_kd0p4_t3p0_self3p0/agents/agent_2/checkpoints/expert_model.pt	39239126	model/checkpoint/packet payload	planned
cifar100_4agent_25cls_hetero4arch_ipc10_guardian_vgg_dense_ep75_lr0p01_fr0p3_kd0p4_t3p0_self3p0	outputs/cifar100_4agent_25cls_hetero4arch_ipc10_guardian_vgg_dense_ep75_lr0p01_fr0p3_kd0p4_t3p0_self3p0/agents/agent_3/packets/dsdm_packet.pt	3126768	model/checkpoint/packet payload	planned
cifar100_4agent_25cls_hetero4arch_ipc10_guardian_vgg_dense_ep75_lr0p01_fr0p3_kd0p4_t3p0_self3p0	outputs/cifar100_4agent_25cls_hetero4arch_ipc10_guardian_vgg_dense_ep75_lr0p01_fr0p3_kd0p4_t3p0_self3p0/agents/agent_3/checkpoints/expert_model.pt	28123900	model/checkpoint/packet payload	planned
cifar100_4agent_25cls_hetero4arch_ipc10_guardian_vgg_dense_ep75_lr0p01_fr0p3_kd0p4_t3p0_self3p0	outputs/cifar100_4agent_25cls_hetero4arch_ipc10_guardian_vgg_dense_ep75_lr0p01_fr0p3_kd0p4_t3p0_self3p0/packet_hub/dsdm/agent_0_dsdm_packet.pt	3126768	model/checkpoint/packet payload	planned
cifar100_4agent_25cls_hetero4arch_ipc10_guardian_vgg_dense_ep75_lr0p01_fr0p3_kd0p4_t3p0_self3p0	outputs/cifar100_4agent_25cls_hetero4arch_ipc10_guardian_vgg_dense_ep75_lr0p01_fr0p3_kd0p4_t3p0_self3p0/packet_hub/dsdm/agent_1_dsdm_packet.pt	3126768	model/checkpoint/packet payload	planned
cifar100_4agent_25cls_hetero4arch_ipc10_guardian_vgg_dense_ep75_lr0p01_fr0p3_kd0p4_t3p0_self3p0	outputs/cifar100_4agent_25cls_hetero4arch_ipc10_guardian_vgg_dense_ep75_lr0p01_fr0p3_kd0p4_t3p0_self3p0/packet_hub/dsdm/agent_2_dsdm_packet.pt	3126768	model/checkpoint/packet payload	planned
cifar100_4agent_25cls_hetero4arch_ipc10_guardian_vgg_dense_ep75_lr0p01_fr0p3_kd0p4_t3p0_self3p0	outputs/cifar100_4agent_25cls_hetero4arch_ipc10_guardian_vgg_dense_ep75_lr0p01_fr0p3_kd0p4_t3p0_self3p0/packet_hub/dsdm/agent_3_dsdm_packet.pt	3126768	model/checkpoint/packet payload	planned
cifar100_4agent_25cls_hetero4arch_ipc10_guardian_vgg_dense_ep75_lr0p01_fr0p3_kd0p4_t4p0_self3p0	outputs/cifar100_4agent_25cls_hetero4arch_ipc10_guardian_vgg_dense_ep75_lr0p01_fr0p3_kd0p4_t4p0_self3p0/agents/agent_0/packets/dsdm_packet.pt	3126768	model/checkpoint/packet payload	planned
cifar100_4agent_25cls_hetero4arch_ipc10_guardian_vgg_dense_ep75_lr0p01_fr0p3_kd0p4_t4p0_self3p0	outputs/cifar100_4agent_25cls_hetero4arch_ipc10_guardian_vgg_dense_ep75_lr0p01_fr0p3_kd0p4_t4p0_self3p0/agents/agent_0/checkpoints/expert_model.pt	2023046	model/checkpoint/packet payload	planned
cifar100_4agent_25cls_hetero4arch_ipc10_guardian_vgg_dense_ep75_lr0p01_fr0p3_kd0p4_t4p0_self3p0	outputs/cifar100_4agent_25cls_hetero4arch_ipc10_guardian_vgg_dense_ep75_lr0p01_fr0p3_kd0p4_t4p0_self3p0/agents/agent_1/packets/dsdm_packet.pt	3126768	model/checkpoint/packet payload	planned
cifar100_4agent_25cls_hetero4arch_ipc10_guardian_vgg_dense_ep75_lr0p01_fr0p3_kd0p4_t4p0_self3p0	outputs/cifar100_4agent_25cls_hetero4arch_ipc10_guardian_vgg_dense_ep75_lr0p01_fr0p3_kd0p4_t4p0_self3p0/agents/agent_1/checkpoints/expert_model.pt	4325454	model/checkpoint/packet payload	planned
cifar100_4agent_25cls_hetero4arch_ipc10_guardian_vgg_dense_ep75_lr0p01_fr0p3_kd0p4_t4p0_self3p0	outputs/cifar100_4agent_25cls_hetero4arch_ipc10_guardian_vgg_dense_ep75_lr0p01_fr0p3_kd0p4_t4p0_self3p0/agents/agent_2/packets/dsdm_packet.pt	3126768	model/checkpoint/packet payload	planned
cifar100_4agent_25cls_hetero4arch_ipc10_guardian_vgg_dense_ep75_lr0p01_fr0p3_kd0p4_t4p0_self3p0	outputs/cifar100_4agent_25cls_hetero4arch_ipc10_guardian_vgg_dense_ep75_lr0p01_fr0p3_kd0p4_t4p0_self3p0/agents/agent_2/checkpoints/expert_model.pt	39239126	model/checkpoint/packet payload	planned
cifar100_4agent_25cls_hetero4arch_ipc10_guardian_vgg_dense_ep75_lr0p01_fr0p3_kd0p4_t4p0_self3p0	outputs/cifar100_4agent_25cls_hetero4arch_ipc10_guardian_vgg_dense_ep75_lr0p01_fr0p3_kd0p4_t4p0_self3p0/agents/agent_3/packets/dsdm_packet.pt	3126768	model/checkpoint/packet payload	planned
cifar100_4agent_25cls_hetero4arch_ipc10_guardian_vgg_dense_ep75_lr0p01_fr0p3_kd0p4_t4p0_self3p0	outputs/cifar100_4agent_25cls_hetero4arch_ipc10_guardian_vgg_dense_ep75_lr0p01_fr0p3_kd0p4_t4p0_self3p0/agents/agent_3/checkpoints/expert_model.pt	28123900	model/checkpoint/packet payload	planned
cifar100_4agent_25cls_hetero4arch_ipc10_guardian_vgg_dense_ep75_lr0p01_fr0p3_kd0p4_t4p0_self3p0	outputs/cifar100_4agent_25cls_hetero4arch_ipc10_guardian_vgg_dense_ep75_lr0p01_fr0p3_kd0p4_t4p0_self3p0/packet_hub/dsdm/agent_0_dsdm_packet.pt	3126768	model/checkpoint/packet payload	planned
cifar100_4agent_25cls_hetero4arch_ipc10_guardian_vgg_dense_ep75_lr0p01_fr0p3_kd0p4_t4p0_self3p0	outputs/cifar100_4agent_25cls_hetero4arch_ipc10_guardian_vgg_dense_ep75_lr0p01_fr0p3_kd0p4_t4p0_self3p0/packet_hub/dsdm/agent_1_dsdm_packet.pt	3126768	model/checkpoint/packet payload	planned
cifar100_4agent_25cls_hetero4arch_ipc10_guardian_vgg_dense_ep75_lr0p01_fr0p3_kd0p4_t4p0_self3p0	outputs/cifar100_4agent_25cls_hetero4arch_ipc10_guardian_vgg_dense_ep75_lr0p01_fr0p3_kd0p4_t4p0_self3p0/packet_hub/dsdm/agent_2_dsdm_packet.pt	3126768	model/checkpoint/packet payload	planned
cifar100_4agent_25cls_hetero4arch_ipc10_guardian_vgg_dense_ep75_lr0p01_fr0p3_kd0p4_t4p0_self3p0	outputs/cifar100_4agent_25cls_hetero4arch_ipc10_guardian_vgg_dense_ep75_lr0p01_fr0p3_kd0p4_t4p0_self3p0/packet_hub/dsdm/agent_3_dsdm_packet.pt	3126768	model/checkpoint/packet payload	planned
cifar100_4agent_25cls_hetero4arch_ipc10_guardian_vgg_dense_ep75_lr0p01_fr0p3_kd0p5_t3p0_self3p0	outputs/cifar100_4agent_25cls_hetero4arch_ipc10_guardian_vgg_dense_ep75_lr0p01_fr0p3_kd0p5_t3p0_self3p0/agents/agent_0/packets/dsdm_packet.pt	3126768	model/checkpoint/packet payload	planned
cifar100_4agent_25cls_hetero4arch_ipc10_guardian_vgg_dense_ep75_lr0p01_fr0p3_kd0p5_t3p0_self3p0	outputs/cifar100_4agent_25cls_hetero4arch_ipc10_guardian_vgg_dense_ep75_lr0p01_fr0p3_kd0p5_t3p0_self3p0/agents/agent_0/checkpoints/expert_model.pt	2023046	model/checkpoint/packet payload	planned
cifar100_4agent_25cls_hetero4arch_ipc10_guardian_vgg_dense_ep75_lr0p01_fr0p3_kd0p5_t3p0_self3p0	outputs/cifar100_4agent_25cls_hetero4arch_ipc10_guardian_vgg_dense_ep75_lr0p01_fr0p3_kd0p5_t3p0_self3p0/agents/agent_1/packets/dsdm_packet.pt	3126768	model/checkpoint/packet payload	planned
cifar100_4agent_25cls_hetero4arch_ipc10_guardian_vgg_dense_ep75_lr0p01_fr0p3_kd0p5_t3p0_self3p0	outputs/cifar100_4agent_25cls_hetero4arch_ipc10_guardian_vgg_dense_ep75_lr0p01_fr0p3_kd0p5_t3p0_self3p0/agents/agent_1/checkpoints/expert_model.pt	4325454	model/checkpoint/packet payload	planned
cifar100_4agent_25cls_hetero4arch_ipc10_guardian_vgg_dense_ep75_lr0p01_fr0p3_kd0p5_t3p0_self3p0	outputs/cifar100_4agent_25cls_hetero4arch_ipc10_guardian_vgg_dense_ep75_lr0p01_fr0p3_kd0p5_t3p0_self3p0/agents/agent_2/packets/dsdm_packet.pt	3126768	model/checkpoint/packet payload	planned
cifar100_4agent_25cls_hetero4arch_ipc10_guardian_vgg_dense_ep75_lr0p01_fr0p3_kd0p5_t3p0_self3p0	outputs/cifar100_4agent_25cls_hetero4arch_ipc10_guardian_vgg_dense_ep75_lr0p01_fr0p3_kd0p5_t3p0_self3p0/agents/agent_2/checkpoints/expert_model.pt	39239126	model/checkpoint/packet payload	planned
cifar100_4agent_25cls_hetero4arch_ipc10_guardian_vgg_dense_ep75_lr0p01_fr0p3_kd0p5_t3p0_self3p0	outputs/cifar100_4agent_25cls_hetero4arch_ipc10_guardian_vgg_dense_ep75_lr0p01_fr0p3_kd0p5_t3p0_self3p0/agents/agent_3/packets/dsdm_packet.pt	3126768	model/checkpoint/packet payload	planned
cifar100_4agent_25cls_hetero4arch_ipc10_guardian_vgg_dense_ep75_lr0p01_fr0p3_kd0p5_t3p0_self3p0	outputs/cifar100_4agent_25cls_hetero4arch_ipc10_guardian_vgg_dense_ep75_lr0p01_fr0p3_kd0p5_t3p0_self3p0/agents/agent_3/checkpoints/expert_model.pt	28123900	model/checkpoint/packet payload	planned
cifar100_4agent_25cls_hetero4arch_ipc10_guardian_vgg_dense_ep75_lr0p01_fr0p3_kd0p5_t3p0_self3p0	outputs/cifar100_4agent_25cls_hetero4arch_ipc10_guardian_vgg_dense_ep75_lr0p01_fr0p3_kd0p5_t3p0_self3p0/packet_hub/dsdm/agent_0_dsdm_packet.pt	3126768	model/checkpoint/packet payload	planned
cifar100_4agent_25cls_hetero4arch_ipc10_guardian_vgg_dense_ep75_lr0p01_fr0p3_kd0p5_t3p0_self3p0	outputs/cifar100_4agent_25cls_hetero4arch_ipc10_guardian_vgg_dense_ep75_lr0p01_fr0p3_kd0p5_t3p0_self3p0/packet_hub/dsdm/agent_1_dsdm_packet.pt	3126768	model/checkpoint/packet payload	planned
cifar100_4agent_25cls_hetero4arch_ipc10_guardian_vgg_dense_ep75_lr0p01_fr0p3_kd0p5_t3p0_self3p0	outputs/cifar100_4agent_25cls_hetero4arch_ipc10_guardian_vgg_dense_ep75_lr0p01_fr0p3_kd0p5_t3p0_self3p0/packet_hub/dsdm/agent_2_dsdm_packet.pt	3126768	model/checkpoint/packet payload	planned
cifar100_4agent_25cls_hetero4arch_ipc10_guardian_vgg_dense_ep75_lr0p01_fr0p3_kd0p5_t3p0_self3p0	outputs/cifar100_4agent_25cls_hetero4arch_ipc10_guardian_vgg_dense_ep75_lr0p01_fr0p3_kd0p5_t3p0_self3p0/packet_hub/dsdm/agent_3_dsdm_packet.pt	3126768	model/checkpoint/packet payload	planned
cifar100_4agent_25cls_hetero4arch_ipc10_guardian_vgg_dense_ep75_lr0p01_fr0p3_kd0p5_t4p0_self3p0	outputs/cifar100_4agent_25cls_hetero4arch_ipc10_guardian_vgg_dense_ep75_lr0p01_fr0p3_kd0p5_t4p0_self3p0/agents/agent_0/packets/dsdm_packet.pt	3126768	model/checkpoint/packet payload	planned
cifar100_4agent_25cls_hetero4arch_ipc10_guardian_vgg_dense_ep75_lr0p01_fr0p3_kd0p5_t4p0_self3p0	outputs/cifar100_4agent_25cls_hetero4arch_ipc10_guardian_vgg_dense_ep75_lr0p01_fr0p3_kd0p5_t4p0_self3p0/agents/agent_0/checkpoints/expert_model.pt	2023046	model/checkpoint/packet payload	planned
cifar100_4agent_25cls_hetero4arch_ipc10_guardian_vgg_dense_ep75_lr0p01_fr0p3_kd0p5_t4p0_self3p0	outputs/cifar100_4agent_25cls_hetero4arch_ipc10_guardian_vgg_dense_ep75_lr0p01_fr0p3_kd0p5_t4p0_self3p0/agents/agent_1/packets/dsdm_packet.pt	3126768	model/checkpoint/packet payload	planned
cifar100_4agent_25cls_hetero4arch_ipc10_guardian_vgg_dense_ep75_lr0p01_fr0p3_kd0p5_t4p0_self3p0	outputs/cifar100_4agent_25cls_hetero4arch_ipc10_guardian_vgg_dense_ep75_lr0p01_fr0p3_kd0p5_t4p0_self3p0/agents/agent_1/checkpoints/expert_model.pt	4325454	model/checkpoint/packet payload	planned
cifar100_4agent_25cls_hetero4arch_ipc10_guardian_vgg_dense_ep75_lr0p01_fr0p3_kd0p5_t4p0_self3p0	outputs/cifar100_4agent_25cls_hetero4arch_ipc10_guardian_vgg_dense_ep75_lr0p01_fr0p3_kd0p5_t4p0_self3p0/agents/agent_2/packets/dsdm_packet.pt	3126768	model/checkpoint/packet payload	planned
cifar100_4agent_25cls_hetero4arch_ipc10_guardian_vgg_dense_ep75_lr0p01_fr0p3_kd0p5_t4p0_self3p0	outputs/cifar100_4agent_25cls_hetero4arch_ipc10_guardian_vgg_dense_ep75_lr0p01_fr0p3_kd0p5_t4p0_self3p0/agents/agent_2/checkpoints/expert_model.pt	39239126	model/checkpoint/packet payload	planned
cifar100_4agent_25cls_hetero4arch_ipc10_guardian_vgg_dense_ep75_lr0p01_fr0p3_kd0p5_t4p0_self3p0	outputs/cifar100_4agent_25cls_hetero4arch_ipc10_guardian_vgg_dense_ep75_lr0p01_fr0p3_kd0p5_t4p0_self3p0/agents/agent_3/packets/dsdm_packet.pt	3126768	model/checkpoint/packet payload	planned
cifar100_4agent_25cls_hetero4arch_ipc10_guardian_vgg_dense_ep75_lr0p01_fr0p3_kd0p5_t4p0_self3p0	outputs/cifar100_4agent_25cls_hetero4arch_ipc10_guardian_vgg_dense_ep75_lr0p01_fr0p3_kd0p5_t4p0_self3p0/agents/agent_3/checkpoints/expert_model.pt	28123900	model/checkpoint/packet payload	planned
cifar100_4agent_25cls_hetero4arch_ipc10_guardian_vgg_dense_ep75_lr0p01_fr0p3_kd0p5_t4p0_self3p0	outputs/cifar100_4agent_25cls_hetero4arch_ipc10_guardian_vgg_dense_ep75_lr0p01_fr0p3_kd0p5_t4p0_self3p0/packet_hub/dsdm/agent_0_dsdm_packet.pt	3126768	model/checkpoint/packet payload	planned
cifar100_4agent_25cls_hetero4arch_ipc10_guardian_vgg_dense_ep75_lr0p01_fr0p3_kd0p5_t4p0_self3p0	outputs/cifar100_4agent_25cls_hetero4arch_ipc10_guardian_vgg_dense_ep75_lr0p01_fr0p3_kd0p5_t4p0_self3p0/packet_hub/dsdm/agent_1_dsdm_packet.pt	3126768	model/checkpoint/packet payload	planned
cifar100_4agent_25cls_hetero4arch_ipc10_guardian_vgg_dense_ep75_lr0p01_fr0p3_kd0p5_t4p0_self3p0	outputs/cifar100_4agent_25cls_hetero4arch_ipc10_guardian_vgg_dense_ep75_lr0p01_fr0p3_kd0p5_t4p0_self3p0/packet_hub/dsdm/agent_2_dsdm_packet.pt	3126768	model/checkpoint/packet payload	planned
cifar100_4agent_25cls_hetero4arch_ipc10_guardian_vgg_dense_ep75_lr0p01_fr0p3_kd0p5_t4p0_self3p0	outputs/cifar100_4agent_25cls_hetero4arch_ipc10_guardian_vgg_dense_ep75_lr0p01_fr0p3_kd0p5_t4p0_self3p0/packet_hub/dsdm/agent_3_dsdm_packet.pt	3126768	model/checkpoint/packet payload	planned
cifar100_4agent_25cls_hetero4arch_ipc10_guardian_vgg_dense_ep75_lr0p01_fr0p3_kd0p6_t3p0_self3p0	outputs/cifar100_4agent_25cls_hetero4arch_ipc10_guardian_vgg_dense_ep75_lr0p01_fr0p3_kd0p6_t3p0_self3p0/agents/agent_0/packets/dsdm_packet.pt	3126768	model/checkpoint/packet payload	planned
cifar100_4agent_25cls_hetero4arch_ipc10_guardian_vgg_dense_ep75_lr0p01_fr0p3_kd0p6_t3p0_self3p0	outputs/cifar100_4agent_25cls_hetero4arch_ipc10_guardian_vgg_dense_ep75_lr0p01_fr0p3_kd0p6_t3p0_self3p0/agents/agent_0/checkpoints/expert_model.pt	2023046	model/checkpoint/packet payload	planned
cifar100_4agent_25cls_hetero4arch_ipc10_guardian_vgg_dense_ep75_lr0p01_fr0p3_kd0p6_t3p0_self3p0	outputs/cifar100_4agent_25cls_hetero4arch_ipc10_guardian_vgg_dense_ep75_lr0p01_fr0p3_kd0p6_t3p0_self3p0/agents/agent_1/packets/dsdm_packet.pt	3126768	model/checkpoint/packet payload	planned
cifar100_4agent_25cls_hetero4arch_ipc10_guardian_vgg_dense_ep75_lr0p01_fr0p3_kd0p6_t3p0_self3p0	outputs/cifar100_4agent_25cls_hetero4arch_ipc10_guardian_vgg_dense_ep75_lr0p01_fr0p3_kd0p6_t3p0_self3p0/agents/agent_1/checkpoints/expert_model.pt	4325454	model/checkpoint/packet payload	planned
cifar100_4agent_25cls_hetero4arch_ipc10_guardian_vgg_dense_ep75_lr0p01_fr0p3_kd0p6_t3p0_self3p0	outputs/cifar100_4agent_25cls_hetero4arch_ipc10_guardian_vgg_dense_ep75_lr0p01_fr0p3_kd0p6_t3p0_self3p0/agents/agent_2/packets/dsdm_packet.pt	3126768	model/checkpoint/packet payload	planned
cifar100_4agent_25cls_hetero4arch_ipc10_guardian_vgg_dense_ep75_lr0p01_fr0p3_kd0p6_t3p0_self3p0	outputs/cifar100_4agent_25cls_hetero4arch_ipc10_guardian_vgg_dense_ep75_lr0p01_fr0p3_kd0p6_t3p0_self3p0/agents/agent_2/checkpoints/expert_model.pt	39239126	model/checkpoint/packet payload	planned
cifar100_4agent_25cls_hetero4arch_ipc10_guardian_vgg_dense_ep75_lr0p01_fr0p3_kd0p6_t3p0_self3p0	outputs/cifar100_4agent_25cls_hetero4arch_ipc10_guardian_vgg_dense_ep75_lr0p01_fr0p3_kd0p6_t3p0_self3p0/agents/agent_3/packets/dsdm_packet.pt	3126768	model/checkpoint/packet payload	planned
cifar100_4agent_25cls_hetero4arch_ipc10_guardian_vgg_dense_ep75_lr0p01_fr0p3_kd0p6_t3p0_self3p0	outputs/cifar100_4agent_25cls_hetero4arch_ipc10_guardian_vgg_dense_ep75_lr0p01_fr0p3_kd0p6_t3p0_self3p0/agents/agent_3/checkpoints/expert_model.pt	28123900	model/checkpoint/packet payload	planned
cifar100_4agent_25cls_hetero4arch_ipc10_guardian_vgg_dense_ep75_lr0p01_fr0p3_kd0p6_t3p0_self3p0	outputs/cifar100_4agent_25cls_hetero4arch_ipc10_guardian_vgg_dense_ep75_lr0p01_fr0p3_kd0p6_t3p0_self3p0/packet_hub/dsdm/agent_0_dsdm_packet.pt	3126768	model/checkpoint/packet payload	planned
cifar100_4agent_25cls_hetero4arch_ipc10_guardian_vgg_dense_ep75_lr0p01_fr0p3_kd0p6_t3p0_self3p0	outputs/cifar100_4agent_25cls_hetero4arch_ipc10_guardian_vgg_dense_ep75_lr0p01_fr0p3_kd0p6_t3p0_self3p0/packet_hub/dsdm/agent_1_dsdm_packet.pt	3126768	model/checkpoint/packet payload	planned
cifar100_4agent_25cls_hetero4arch_ipc10_guardian_vgg_dense_ep75_lr0p01_fr0p3_kd0p6_t3p0_self3p0	outputs/cifar100_4agent_25cls_hetero4arch_ipc10_guardian_vgg_dense_ep75_lr0p01_fr0p3_kd0p6_t3p0_self3p0/packet_hub/dsdm/agent_2_dsdm_packet.pt	3126768	model/checkpoint/packet payload	planned
cifar100_4agent_25cls_hetero4arch_ipc10_guardian_vgg_dense_ep75_lr0p01_fr0p3_kd0p6_t3p0_self3p0	outputs/cifar100_4agent_25cls_hetero4arch_ipc10_guardian_vgg_dense_ep75_lr0p01_fr0p3_kd0p6_t3p0_self3p0/packet_hub/dsdm/agent_3_dsdm_packet.pt	3126768	model/checkpoint/packet payload	planned
cifar100_4agent_25cls_hetero4arch_ipc10_guardian_vgg_dense_ep75_lr0p01_fr0p3_kd0p6_t4p0_self3p0	outputs/cifar100_4agent_25cls_hetero4arch_ipc10_guardian_vgg_dense_ep75_lr0p01_fr0p3_kd0p6_t4p0_self3p0/agents/agent_0/packets/dsdm_packet.pt	3126768	model/checkpoint/packet payload	planned
cifar100_4agent_25cls_hetero4arch_ipc10_guardian_vgg_dense_ep75_lr0p01_fr0p3_kd0p6_t4p0_self3p0	outputs/cifar100_4agent_25cls_hetero4arch_ipc10_guardian_vgg_dense_ep75_lr0p01_fr0p3_kd0p6_t4p0_self3p0/agents/agent_0/checkpoints/expert_model.pt	2023046	model/checkpoint/packet payload	planned
cifar100_4agent_25cls_hetero4arch_ipc10_guardian_vgg_dense_ep75_lr0p01_fr0p3_kd0p6_t4p0_self3p0	outputs/cifar100_4agent_25cls_hetero4arch_ipc10_guardian_vgg_dense_ep75_lr0p01_fr0p3_kd0p6_t4p0_self3p0/agents/agent_1/packets/dsdm_packet.pt	3126768	model/checkpoint/packet payload	planned
cifar100_4agent_25cls_hetero4arch_ipc10_guardian_vgg_dense_ep75_lr0p01_fr0p3_kd0p6_t4p0_self3p0	outputs/cifar100_4agent_25cls_hetero4arch_ipc10_guardian_vgg_dense_ep75_lr0p01_fr0p3_kd0p6_t4p0_self3p0/agents/agent_1/checkpoints/expert_model.pt	4325454	model/checkpoint/packet payload	planned
cifar100_4agent_25cls_hetero4arch_ipc10_guardian_vgg_dense_ep75_lr0p01_fr0p3_kd0p6_t4p0_self3p0	outputs/cifar100_4agent_25cls_hetero4arch_ipc10_guardian_vgg_dense_ep75_lr0p01_fr0p3_kd0p6_t4p0_self3p0/agents/agent_2/packets/dsdm_packet.pt	3126768	model/checkpoint/packet payload	planned
cifar100_4agent_25cls_hetero4arch_ipc10_guardian_vgg_dense_ep75_lr0p01_fr0p3_kd0p6_t4p0_self3p0	outputs/cifar100_4agent_25cls_hetero4arch_ipc10_guardian_vgg_dense_ep75_lr0p01_fr0p3_kd0p6_t4p0_self3p0/agents/agent_2/checkpoints/expert_model.pt	39239126	model/checkpoint/packet payload	planned
cifar100_4agent_25cls_hetero4arch_ipc10_guardian_vgg_dense_ep75_lr0p01_fr0p3_kd0p6_t4p0_self3p0	outputs/cifar100_4agent_25cls_hetero4arch_ipc10_guardian_vgg_dense_ep75_lr0p01_fr0p3_kd0p6_t4p0_self3p0/agents/agent_3/packets/dsdm_packet.pt	3126768	model/checkpoint/packet payload	planned
cifar100_4agent_25cls_hetero4arch_ipc10_guardian_vgg_dense_ep75_lr0p01_fr0p3_kd0p6_t4p0_self3p0	outputs/cifar100_4agent_25cls_hetero4arch_ipc10_guardian_vgg_dense_ep75_lr0p01_fr0p3_kd0p6_t4p0_self3p0/agents/agent_3/checkpoints/expert_model.pt	28123900	model/checkpoint/packet payload	planned
cifar100_4agent_25cls_hetero4arch_ipc10_guardian_vgg_dense_ep75_lr0p01_fr0p3_kd0p6_t4p0_self3p0	outputs/cifar100_4agent_25cls_hetero4arch_ipc10_guardian_vgg_dense_ep75_lr0p01_fr0p3_kd0p6_t4p0_self3p0/packet_hub/dsdm/agent_0_dsdm_packet.pt	3126768	model/checkpoint/packet payload	planned
cifar100_4agent_25cls_hetero4arch_ipc10_guardian_vgg_dense_ep75_lr0p01_fr0p3_kd0p6_t4p0_self3p0	outputs/cifar100_4agent_25cls_hetero4arch_ipc10_guardian_vgg_dense_ep75_lr0p01_fr0p3_kd0p6_t4p0_self3p0/packet_hub/dsdm/agent_1_dsdm_packet.pt	3126768	model/checkpoint/packet payload	planned
cifar100_4agent_25cls_hetero4arch_ipc10_guardian_vgg_dense_ep75_lr0p01_fr0p3_kd0p6_t4p0_self3p0	outputs/cifar100_4agent_25cls_hetero4arch_ipc10_guardian_vgg_dense_ep75_lr0p01_fr0p3_kd0p6_t4p0_self3p0/packet_hub/dsdm/agent_2_dsdm_packet.pt	3126768	model/checkpoint/packet payload	planned
cifar100_4agent_25cls_hetero4arch_ipc10_guardian_vgg_dense_ep75_lr0p01_fr0p3_kd0p6_t4p0_self3p0	outputs/cifar100_4agent_25cls_hetero4arch_ipc10_guardian_vgg_dense_ep75_lr0p01_fr0p3_kd0p6_t4p0_self3p0/packet_hub/dsdm/agent_3_dsdm_packet.pt	3126768	model/checkpoint/packet payload	planned
cifar100_4agent_25cls_hetero4arch_ipc10_guardian_vgg_g3_ep090_fr025_kd050_t3_sched_self20	outputs/cifar100_4agent_25cls_hetero4arch_ipc10_guardian_vgg_g3_ep090_fr025_kd050_t3_sched_self20/agents/agent_0/packets/dsdm_packet.pt	3126768	model/checkpoint/packet payload	planned
cifar100_4agent_25cls_hetero4arch_ipc10_guardian_vgg_g3_ep090_fr025_kd050_t3_sched_self20	outputs/cifar100_4agent_25cls_hetero4arch_ipc10_guardian_vgg_g3_ep090_fr025_kd050_t3_sched_self20/agents/agent_0/checkpoints/expert_model.pt	2023046	model/checkpoint/packet payload	planned
cifar100_4agent_25cls_hetero4arch_ipc10_guardian_vgg_g3_ep090_fr025_kd050_t3_sched_self20	outputs/cifar100_4agent_25cls_hetero4arch_ipc10_guardian_vgg_g3_ep090_fr025_kd050_t3_sched_self20/agents/agent_1/packets/dsdm_packet.pt	3126768	model/checkpoint/packet payload	planned
cifar100_4agent_25cls_hetero4arch_ipc10_guardian_vgg_g3_ep090_fr025_kd050_t3_sched_self20	outputs/cifar100_4agent_25cls_hetero4arch_ipc10_guardian_vgg_g3_ep090_fr025_kd050_t3_sched_self20/agents/agent_1/checkpoints/expert_model.pt	4325454	model/checkpoint/packet payload	planned
cifar100_4agent_25cls_hetero4arch_ipc10_guardian_vgg_g3_ep090_fr025_kd050_t3_sched_self20	outputs/cifar100_4agent_25cls_hetero4arch_ipc10_guardian_vgg_g3_ep090_fr025_kd050_t3_sched_self20/agents/agent_2/packets/dsdm_packet.pt	3126768	model/checkpoint/packet payload	planned
cifar100_4agent_25cls_hetero4arch_ipc10_guardian_vgg_g3_ep090_fr025_kd050_t3_sched_self20	outputs/cifar100_4agent_25cls_hetero4arch_ipc10_guardian_vgg_g3_ep090_fr025_kd050_t3_sched_self20/agents/agent_2/checkpoints/expert_model.pt	39239126	model/checkpoint/packet payload	planned
cifar100_4agent_25cls_hetero4arch_ipc10_guardian_vgg_g3_ep090_fr025_kd050_t3_sched_self20	outputs/cifar100_4agent_25cls_hetero4arch_ipc10_guardian_vgg_g3_ep090_fr025_kd050_t3_sched_self20/agents/agent_3/packets/dsdm_packet.pt	3126768	model/checkpoint/packet payload	planned
cifar100_4agent_25cls_hetero4arch_ipc10_guardian_vgg_g3_ep090_fr025_kd050_t3_sched_self20	outputs/cifar100_4agent_25cls_hetero4arch_ipc10_guardian_vgg_g3_ep090_fr025_kd050_t3_sched_self20/agents/agent_3/checkpoints/expert_model.pt	28123900	model/checkpoint/packet payload	planned
cifar100_4agent_25cls_hetero4arch_ipc10_guardian_vgg_g3_ep090_fr025_kd050_t3_sched_self20	outputs/cifar100_4agent_25cls_hetero4arch_ipc10_guardian_vgg_g3_ep090_fr025_kd050_t3_sched_self20/packet_hub/dsdm/agent_0_dsdm_packet.pt	3126768	model/checkpoint/packet payload	planned
cifar100_4agent_25cls_hetero4arch_ipc10_guardian_vgg_g3_ep090_fr025_kd050_t3_sched_self20	outputs/cifar100_4agent_25cls_hetero4arch_ipc10_guardian_vgg_g3_ep090_fr025_kd050_t3_sched_self20/packet_hub/dsdm/agent_1_dsdm_packet.pt	3126768	model/checkpoint/packet payload	planned
cifar100_4agent_25cls_hetero4arch_ipc10_guardian_vgg_g3_ep090_fr025_kd050_t3_sched_self20	outputs/cifar100_4agent_25cls_hetero4arch_ipc10_guardian_vgg_g3_ep090_fr025_kd050_t3_sched_self20/packet_hub/dsdm/agent_2_dsdm_packet.pt	3126768	model/checkpoint/packet payload	planned
cifar100_4agent_25cls_hetero4arch_ipc10_guardian_vgg_g3_ep090_fr025_kd050_t3_sched_self20	outputs/cifar100_4agent_25cls_hetero4arch_ipc10_guardian_vgg_g3_ep090_fr025_kd050_t3_sched_self20/packet_hub/dsdm/agent_3_dsdm_packet.pt	3126768	model/checkpoint/packet payload	planned
cifar100_4agent_25cls_hetero4arch_ipc10_guardian_vgg_g3_ep090_fr030_kd050_t3_sched_self30	outputs/cifar100_4agent_25cls_hetero4arch_ipc10_guardian_vgg_g3_ep090_fr030_kd050_t3_sched_self30/agents/agent_0/packets/dsdm_packet.pt	3126768	model/checkpoint/packet payload	planned
cifar100_4agent_25cls_hetero4arch_ipc10_guardian_vgg_g3_ep090_fr030_kd050_t3_sched_self30	outputs/cifar100_4agent_25cls_hetero4arch_ipc10_guardian_vgg_g3_ep090_fr030_kd050_t3_sched_self30/agents/agent_0/checkpoints/expert_model.pt	2023046	model/checkpoint/packet payload	planned
cifar100_4agent_25cls_hetero4arch_ipc10_guardian_vgg_g3_ep090_fr030_kd050_t3_sched_self30	outputs/cifar100_4agent_25cls_hetero4arch_ipc10_guardian_vgg_g3_ep090_fr030_kd050_t3_sched_self30/agents/agent_1/packets/dsdm_packet.pt	3126768	model/checkpoint/packet payload	planned
cifar100_4agent_25cls_hetero4arch_ipc10_guardian_vgg_g3_ep090_fr030_kd050_t3_sched_self30	outputs/cifar100_4agent_25cls_hetero4arch_ipc10_guardian_vgg_g3_ep090_fr030_kd050_t3_sched_self30/agents/agent_1/checkpoints/expert_model.pt	4325454	model/checkpoint/packet payload	planned
cifar100_4agent_25cls_hetero4arch_ipc10_guardian_vgg_g3_ep090_fr030_kd050_t3_sched_self30	outputs/cifar100_4agent_25cls_hetero4arch_ipc10_guardian_vgg_g3_ep090_fr030_kd050_t3_sched_self30/agents/agent_2/packets/dsdm_packet.pt	3126768	model/checkpoint/packet payload	planned
cifar100_4agent_25cls_hetero4arch_ipc10_guardian_vgg_g3_ep090_fr030_kd050_t3_sched_self30	outputs/cifar100_4agent_25cls_hetero4arch_ipc10_guardian_vgg_g3_ep090_fr030_kd050_t3_sched_self30/agents/agent_2/checkpoints/expert_model.pt	39239126	model/checkpoint/packet payload	planned
cifar100_4agent_25cls_hetero4arch_ipc10_guardian_vgg_g3_ep090_fr030_kd050_t3_sched_self30	outputs/cifar100_4agent_25cls_hetero4arch_ipc10_guardian_vgg_g3_ep090_fr030_kd050_t3_sched_self30/agents/agent_3/packets/dsdm_packet.pt	3126768	model/checkpoint/packet payload	planned
cifar100_4agent_25cls_hetero4arch_ipc10_guardian_vgg_g3_ep090_fr030_kd050_t3_sched_self30	outputs/cifar100_4agent_25cls_hetero4arch_ipc10_guardian_vgg_g3_ep090_fr030_kd050_t3_sched_self30/agents/agent_3/checkpoints/expert_model.pt	28123900	model/checkpoint/packet payload	planned
cifar100_4agent_25cls_hetero4arch_ipc10_guardian_vgg_g3_ep090_fr030_kd050_t3_sched_self30	outputs/cifar100_4agent_25cls_hetero4arch_ipc10_guardian_vgg_g3_ep090_fr030_kd050_t3_sched_self30/packet_hub/dsdm/agent_0_dsdm_packet.pt	3126768	model/checkpoint/packet payload	planned
cifar100_4agent_25cls_hetero4arch_ipc10_guardian_vgg_g3_ep090_fr030_kd050_t3_sched_self30	outputs/cifar100_4agent_25cls_hetero4arch_ipc10_guardian_vgg_g3_ep090_fr030_kd050_t3_sched_self30/packet_hub/dsdm/agent_1_dsdm_packet.pt	3126768	model/checkpoint/packet payload	planned
cifar100_4agent_25cls_hetero4arch_ipc10_guardian_vgg_g3_ep090_fr030_kd050_t3_sched_self30	outputs/cifar100_4agent_25cls_hetero4arch_ipc10_guardian_vgg_g3_ep090_fr030_kd050_t3_sched_self30/packet_hub/dsdm/agent_2_dsdm_packet.pt	3126768	model/checkpoint/packet payload	planned
cifar100_4agent_25cls_hetero4arch_ipc10_guardian_vgg_g3_ep090_fr030_kd050_t3_sched_self30	outputs/cifar100_4agent_25cls_hetero4arch_ipc10_guardian_vgg_g3_ep090_fr030_kd050_t3_sched_self30/packet_hub/dsdm/agent_3_dsdm_packet.pt	3126768	model/checkpoint/packet payload	planned
cifar100_4agent_25cls_hetero4arch_ipc10_guardian_vgg_g3_fr020_kd040_t4_sched_self30	outputs/cifar100_4agent_25cls_hetero4arch_ipc10_guardian_vgg_g3_fr020_kd040_t4_sched_self30/agents/agent_0/packets/dsdm_packet.pt	3126768	model/checkpoint/packet payload	planned
cifar100_4agent_25cls_hetero4arch_ipc10_guardian_vgg_g3_fr020_kd040_t4_sched_self30	outputs/cifar100_4agent_25cls_hetero4arch_ipc10_guardian_vgg_g3_fr020_kd040_t4_sched_self30/agents/agent_0/checkpoints/expert_model.pt	2023046	model/checkpoint/packet payload	planned
cifar100_4agent_25cls_hetero4arch_ipc10_guardian_vgg_g3_fr020_kd040_t4_sched_self30	outputs/cifar100_4agent_25cls_hetero4arch_ipc10_guardian_vgg_g3_fr020_kd040_t4_sched_self30/agents/agent_1/packets/dsdm_packet.pt	3126768	model/checkpoint/packet payload	planned
cifar100_4agent_25cls_hetero4arch_ipc10_guardian_vgg_g3_fr020_kd040_t4_sched_self30	outputs/cifar100_4agent_25cls_hetero4arch_ipc10_guardian_vgg_g3_fr020_kd040_t4_sched_self30/agents/agent_1/checkpoints/expert_model.pt	4325454	model/checkpoint/packet payload	planned
cifar100_4agent_25cls_hetero4arch_ipc10_guardian_vgg_g3_fr020_kd040_t4_sched_self30	outputs/cifar100_4agent_25cls_hetero4arch_ipc10_guardian_vgg_g3_fr020_kd040_t4_sched_self30/agents/agent_2/packets/dsdm_packet.pt	3126768	model/checkpoint/packet payload	planned
cifar100_4agent_25cls_hetero4arch_ipc10_guardian_vgg_g3_fr020_kd040_t4_sched_self30	outputs/cifar100_4agent_25cls_hetero4arch_ipc10_guardian_vgg_g3_fr020_kd040_t4_sched_self30/agents/agent_2/checkpoints/expert_model.pt	39239126	model/checkpoint/packet payload	planned
cifar100_4agent_25cls_hetero4arch_ipc10_guardian_vgg_g3_fr020_kd040_t4_sched_self30	outputs/cifar100_4agent_25cls_hetero4arch_ipc10_guardian_vgg_g3_fr020_kd040_t4_sched_self30/agents/agent_3/packets/dsdm_packet.pt	3126768	model/checkpoint/packet payload	planned
cifar100_4agent_25cls_hetero4arch_ipc10_guardian_vgg_g3_fr020_kd040_t4_sched_self30	outputs/cifar100_4agent_25cls_hetero4arch_ipc10_guardian_vgg_g3_fr020_kd040_t4_sched_self30/agents/agent_3/checkpoints/expert_model.pt	28123900	model/checkpoint/packet payload	planned
cifar100_4agent_25cls_hetero4arch_ipc10_guardian_vgg_g3_fr020_kd040_t4_sched_self30	outputs/cifar100_4agent_25cls_hetero4arch_ipc10_guardian_vgg_g3_fr020_kd040_t4_sched_self30/packet_hub/dsdm/agent_0_dsdm_packet.pt	3126768	model/checkpoint/packet payload	planned
cifar100_4agent_25cls_hetero4arch_ipc10_guardian_vgg_g3_fr020_kd040_t4_sched_self30	outputs/cifar100_4agent_25cls_hetero4arch_ipc10_guardian_vgg_g3_fr020_kd040_t4_sched_self30/packet_hub/dsdm/agent_1_dsdm_packet.pt	3126768	model/checkpoint/packet payload	planned
cifar100_4agent_25cls_hetero4arch_ipc10_guardian_vgg_g3_fr020_kd040_t4_sched_self30	outputs/cifar100_4agent_25cls_hetero4arch_ipc10_guardian_vgg_g3_fr020_kd040_t4_sched_self30/packet_hub/dsdm/agent_2_dsdm_packet.pt	3126768	model/checkpoint/packet payload	planned
cifar100_4agent_25cls_hetero4arch_ipc10_guardian_vgg_g3_fr020_kd040_t4_sched_self30	outputs/cifar100_4agent_25cls_hetero4arch_ipc10_guardian_vgg_g3_fr020_kd040_t4_sched_self30/packet_hub/dsdm/agent_3_dsdm_packet.pt	3126768	model/checkpoint/packet payload	planned
cifar100_4agent_25cls_hetero4arch_ipc10_guardian_vgg_g3_fr025_kd050_t3_sched_self30	outputs/cifar100_4agent_25cls_hetero4arch_ipc10_guardian_vgg_g3_fr025_kd050_t3_sched_self30/agents/agent_0/packets/dsdm_packet.pt	3126768	model/checkpoint/packet payload	planned
cifar100_4agent_25cls_hetero4arch_ipc10_guardian_vgg_g3_fr025_kd050_t3_sched_self30	outputs/cifar100_4agent_25cls_hetero4arch_ipc10_guardian_vgg_g3_fr025_kd050_t3_sched_self30/agents/agent_0/checkpoints/expert_model.pt	2023046	model/checkpoint/packet payload	planned
cifar100_4agent_25cls_hetero4arch_ipc10_guardian_vgg_g3_fr025_kd050_t3_sched_self30	outputs/cifar100_4agent_25cls_hetero4arch_ipc10_guardian_vgg_g3_fr025_kd050_t3_sched_self30/agents/agent_1/packets/dsdm_packet.pt	3126768	model/checkpoint/packet payload	planned
cifar100_4agent_25cls_hetero4arch_ipc10_guardian_vgg_g3_fr025_kd050_t3_sched_self30	outputs/cifar100_4agent_25cls_hetero4arch_ipc10_guardian_vgg_g3_fr025_kd050_t3_sched_self30/agents/agent_1/checkpoints/expert_model.pt	4325454	model/checkpoint/packet payload	planned
cifar100_4agent_25cls_hetero4arch_ipc10_guardian_vgg_g3_fr025_kd050_t3_sched_self30	outputs/cifar100_4agent_25cls_hetero4arch_ipc10_guardian_vgg_g3_fr025_kd050_t3_sched_self30/agents/agent_2/packets/dsdm_packet.pt	3126768	model/checkpoint/packet payload	planned
cifar100_4agent_25cls_hetero4arch_ipc10_guardian_vgg_g3_fr025_kd050_t3_sched_self30	outputs/cifar100_4agent_25cls_hetero4arch_ipc10_guardian_vgg_g3_fr025_kd050_t3_sched_self30/agents/agent_2/checkpoints/expert_model.pt	39239126	model/checkpoint/packet payload	planned
cifar100_4agent_25cls_hetero4arch_ipc10_guardian_vgg_g3_fr025_kd050_t3_sched_self30	outputs/cifar100_4agent_25cls_hetero4arch_ipc10_guardian_vgg_g3_fr025_kd050_t3_sched_self30/agents/agent_3/packets/dsdm_packet.pt	3126768	model/checkpoint/packet payload	planned
cifar100_4agent_25cls_hetero4arch_ipc10_guardian_vgg_g3_fr025_kd050_t3_sched_self30	outputs/cifar100_4agent_25cls_hetero4arch_ipc10_guardian_vgg_g3_fr025_kd050_t3_sched_self30/agents/agent_3/checkpoints/expert_model.pt	28123900	model/checkpoint/packet payload	planned
cifar100_4agent_25cls_hetero4arch_ipc10_guardian_vgg_g3_fr025_kd050_t3_sched_self30	outputs/cifar100_4agent_25cls_hetero4arch_ipc10_guardian_vgg_g3_fr025_kd050_t3_sched_self30/packet_hub/dsdm/agent_0_dsdm_packet.pt	3126768	model/checkpoint/packet payload	planned
cifar100_4agent_25cls_hetero4arch_ipc10_guardian_vgg_g3_fr025_kd050_t3_sched_self30	outputs/cifar100_4agent_25cls_hetero4arch_ipc10_guardian_vgg_g3_fr025_kd050_t3_sched_self30/packet_hub/dsdm/agent_1_dsdm_packet.pt	3126768	model/checkpoint/packet payload	planned
cifar100_4agent_25cls_hetero4arch_ipc10_guardian_vgg_g3_fr025_kd050_t3_sched_self30	outputs/cifar100_4agent_25cls_hetero4arch_ipc10_guardian_vgg_g3_fr025_kd050_t3_sched_self30/packet_hub/dsdm/agent_2_dsdm_packet.pt	3126768	model/checkpoint/packet payload	planned
cifar100_4agent_25cls_hetero4arch_ipc10_guardian_vgg_g3_fr025_kd050_t3_sched_self30	outputs/cifar100_4agent_25cls_hetero4arch_ipc10_guardian_vgg_g3_fr025_kd050_t3_sched_self30/packet_hub/dsdm/agent_3_dsdm_packet.pt	3126768	model/checkpoint/packet payload	planned
cifar100_4agent_25cls_hetero4arch_ipc10_guardian_vgg_g3_fr030_kd040_t3_sched_self30	outputs/cifar100_4agent_25cls_hetero4arch_ipc10_guardian_vgg_g3_fr030_kd040_t3_sched_self30/agents/agent_0/packets/dsdm_packet.pt	3126768	model/checkpoint/packet payload	planned
cifar100_4agent_25cls_hetero4arch_ipc10_guardian_vgg_g3_fr030_kd040_t3_sched_self30	outputs/cifar100_4agent_25cls_hetero4arch_ipc10_guardian_vgg_g3_fr030_kd040_t3_sched_self30/agents/agent_0/checkpoints/expert_model.pt	2023046	model/checkpoint/packet payload	planned
cifar100_4agent_25cls_hetero4arch_ipc10_guardian_vgg_g3_fr030_kd040_t3_sched_self30	outputs/cifar100_4agent_25cls_hetero4arch_ipc10_guardian_vgg_g3_fr030_kd040_t3_sched_self30/agents/agent_1/packets/dsdm_packet.pt	3126768	model/checkpoint/packet payload	planned
cifar100_4agent_25cls_hetero4arch_ipc10_guardian_vgg_g3_fr030_kd040_t3_sched_self30	outputs/cifar100_4agent_25cls_hetero4arch_ipc10_guardian_vgg_g3_fr030_kd040_t3_sched_self30/agents/agent_1/checkpoints/expert_model.pt	4325454	model/checkpoint/packet payload	planned
cifar100_4agent_25cls_hetero4arch_ipc10_guardian_vgg_g3_fr030_kd040_t3_sched_self30	outputs/cifar100_4agent_25cls_hetero4arch_ipc10_guardian_vgg_g3_fr030_kd040_t3_sched_self30/agents/agent_2/packets/dsdm_packet.pt	3126768	model/checkpoint/packet payload	planned
cifar100_4agent_25cls_hetero4arch_ipc10_guardian_vgg_g3_fr030_kd040_t3_sched_self30	outputs/cifar100_4agent_25cls_hetero4arch_ipc10_guardian_vgg_g3_fr030_kd040_t3_sched_self30/agents/agent_2/checkpoints/expert_model.pt	39239126	model/checkpoint/packet payload	planned
cifar100_4agent_25cls_hetero4arch_ipc10_guardian_vgg_g3_fr030_kd040_t3_sched_self30	outputs/cifar100_4agent_25cls_hetero4arch_ipc10_guardian_vgg_g3_fr030_kd040_t3_sched_self30/agents/agent_3/packets/dsdm_packet.pt	3126768	model/checkpoint/packet payload	planned
cifar100_4agent_25cls_hetero4arch_ipc10_guardian_vgg_g3_fr030_kd040_t3_sched_self30	outputs/cifar100_4agent_25cls_hetero4arch_ipc10_guardian_vgg_g3_fr030_kd040_t3_sched_self30/agents/agent_3/checkpoints/expert_model.pt	28123900	model/checkpoint/packet payload	planned
cifar100_4agent_25cls_hetero4arch_ipc10_guardian_vgg_g3_fr030_kd040_t3_sched_self30	outputs/cifar100_4agent_25cls_hetero4arch_ipc10_guardian_vgg_g3_fr030_kd040_t3_sched_self30/packet_hub/dsdm/agent_0_dsdm_packet.pt	3126768	model/checkpoint/packet payload	planned
cifar100_4agent_25cls_hetero4arch_ipc10_guardian_vgg_g3_fr030_kd040_t3_sched_self30	outputs/cifar100_4agent_25cls_hetero4arch_ipc10_guardian_vgg_g3_fr030_kd040_t3_sched_self30/packet_hub/dsdm/agent_1_dsdm_packet.pt	3126768	model/checkpoint/packet payload	planned
cifar100_4agent_25cls_hetero4arch_ipc10_guardian_vgg_g3_fr030_kd040_t3_sched_self30	outputs/cifar100_4agent_25cls_hetero4arch_ipc10_guardian_vgg_g3_fr030_kd040_t3_sched_self30/packet_hub/dsdm/agent_2_dsdm_packet.pt	3126768	model/checkpoint/packet payload	planned
cifar100_4agent_25cls_hetero4arch_ipc10_guardian_vgg_g3_fr030_kd040_t3_sched_self30	outputs/cifar100_4agent_25cls_hetero4arch_ipc10_guardian_vgg_g3_fr030_kd040_t3_sched_self30/packet_hub/dsdm/agent_3_dsdm_packet.pt	3126768	model/checkpoint/packet payload	planned
cifar100_4agent_25cls_hetero4arch_ipc10_guardian_vgg_g3_fr030_kd050_t3_sched_self30	outputs/cifar100_4agent_25cls_hetero4arch_ipc10_guardian_vgg_g3_fr030_kd050_t3_sched_self30/agents/agent_0/packets/dsdm_packet.pt	3126768	model/checkpoint/packet payload	planned
cifar100_4agent_25cls_hetero4arch_ipc10_guardian_vgg_g3_fr030_kd050_t3_sched_self30	outputs/cifar100_4agent_25cls_hetero4arch_ipc10_guardian_vgg_g3_fr030_kd050_t3_sched_self30/agents/agent_0/checkpoints/expert_model.pt	2023046	model/checkpoint/packet payload	planned
cifar100_4agent_25cls_hetero4arch_ipc10_guardian_vgg_g3_fr030_kd050_t3_sched_self30	outputs/cifar100_4agent_25cls_hetero4arch_ipc10_guardian_vgg_g3_fr030_kd050_t3_sched_self30/agents/agent_1/packets/dsdm_packet.pt	3126768	model/checkpoint/packet payload	planned
cifar100_4agent_25cls_hetero4arch_ipc10_guardian_vgg_g3_fr030_kd050_t3_sched_self30	outputs/cifar100_4agent_25cls_hetero4arch_ipc10_guardian_vgg_g3_fr030_kd050_t3_sched_self30/agents/agent_1/checkpoints/expert_model.pt	4325454	model/checkpoint/packet payload	planned
cifar100_4agent_25cls_hetero4arch_ipc10_guardian_vgg_g3_fr030_kd050_t3_sched_self30	outputs/cifar100_4agent_25cls_hetero4arch_ipc10_guardian_vgg_g3_fr030_kd050_t3_sched_self30/agents/agent_2/packets/dsdm_packet.pt	3126768	model/checkpoint/packet payload	planned
cifar100_4agent_25cls_hetero4arch_ipc10_guardian_vgg_g3_fr030_kd050_t3_sched_self30	outputs/cifar100_4agent_25cls_hetero4arch_ipc10_guardian_vgg_g3_fr030_kd050_t3_sched_self30/agents/agent_2/checkpoints/expert_model.pt	39239126	model/checkpoint/packet payload	planned
cifar100_4agent_25cls_hetero4arch_ipc10_guardian_vgg_g3_fr030_kd050_t3_sched_self30	outputs/cifar100_4agent_25cls_hetero4arch_ipc10_guardian_vgg_g3_fr030_kd050_t3_sched_self30/agents/agent_3/packets/dsdm_packet.pt	3126768	model/checkpoint/packet payload	planned
cifar100_4agent_25cls_hetero4arch_ipc10_guardian_vgg_g3_fr030_kd050_t3_sched_self30	outputs/cifar100_4agent_25cls_hetero4arch_ipc10_guardian_vgg_g3_fr030_kd050_t3_sched_self30/agents/agent_3/checkpoints/expert_model.pt	28123900	model/checkpoint/packet payload	planned
cifar100_4agent_25cls_hetero4arch_ipc10_guardian_vgg_g3_fr030_kd050_t3_sched_self30	outputs/cifar100_4agent_25cls_hetero4arch_ipc10_guardian_vgg_g3_fr030_kd050_t3_sched_self30/packet_hub/dsdm/agent_0_dsdm_packet.pt	3126768	model/checkpoint/packet payload	planned
cifar100_4agent_25cls_hetero4arch_ipc10_guardian_vgg_g3_fr030_kd050_t3_sched_self30	outputs/cifar100_4agent_25cls_hetero4arch_ipc10_guardian_vgg_g3_fr030_kd050_t3_sched_self30/packet_hub/dsdm/agent_1_dsdm_packet.pt	3126768	model/checkpoint/packet payload	planned
cifar100_4agent_25cls_hetero4arch_ipc10_guardian_vgg_g3_fr030_kd050_t3_sched_self30	outputs/cifar100_4agent_25cls_hetero4arch_ipc10_guardian_vgg_g3_fr030_kd050_t3_sched_self30/packet_hub/dsdm/agent_2_dsdm_packet.pt	3126768	model/checkpoint/packet payload	planned
cifar100_4agent_25cls_hetero4arch_ipc10_guardian_vgg_g3_fr030_kd050_t3_sched_self30	outputs/cifar100_4agent_25cls_hetero4arch_ipc10_guardian_vgg_g3_fr030_kd050_t3_sched_self30/packet_hub/dsdm/agent_3_dsdm_packet.pt	3126768	model/checkpoint/packet payload	planned
cifar100_4agent_25cls_hetero4arch_ipc10_guardian_vgg_g3_fr035_kd060_t3_sched_self20	outputs/cifar100_4agent_25cls_hetero4arch_ipc10_guardian_vgg_g3_fr035_kd060_t3_sched_self20/agents/agent_0/packets/dsdm_packet.pt	3126768	model/checkpoint/packet payload	planned
cifar100_4agent_25cls_hetero4arch_ipc10_guardian_vgg_g3_fr035_kd060_t3_sched_self20	outputs/cifar100_4agent_25cls_hetero4arch_ipc10_guardian_vgg_g3_fr035_kd060_t3_sched_self20/agents/agent_0/checkpoints/expert_model.pt	2023046	model/checkpoint/packet payload	planned
cifar100_4agent_25cls_hetero4arch_ipc10_guardian_vgg_g3_fr035_kd060_t3_sched_self20	outputs/cifar100_4agent_25cls_hetero4arch_ipc10_guardian_vgg_g3_fr035_kd060_t3_sched_self20/agents/agent_1/packets/dsdm_packet.pt	3126768	model/checkpoint/packet payload	planned
cifar100_4agent_25cls_hetero4arch_ipc10_guardian_vgg_g3_fr035_kd060_t3_sched_self20	outputs/cifar100_4agent_25cls_hetero4arch_ipc10_guardian_vgg_g3_fr035_kd060_t3_sched_self20/agents/agent_1/checkpoints/expert_model.pt	4325454	model/checkpoint/packet payload	planned
cifar100_4agent_25cls_hetero4arch_ipc10_guardian_vgg_g3_fr035_kd060_t3_sched_self20	outputs/cifar100_4agent_25cls_hetero4arch_ipc10_guardian_vgg_g3_fr035_kd060_t3_sched_self20/agents/agent_2/packets/dsdm_packet.pt	3126768	model/checkpoint/packet payload	planned
cifar100_4agent_25cls_hetero4arch_ipc10_guardian_vgg_g3_fr035_kd060_t3_sched_self20	outputs/cifar100_4agent_25cls_hetero4arch_ipc10_guardian_vgg_g3_fr035_kd060_t3_sched_self20/agents/agent_2/checkpoints/expert_model.pt	39239126	model/checkpoint/packet payload	planned
cifar100_4agent_25cls_hetero4arch_ipc10_guardian_vgg_g3_fr035_kd060_t3_sched_self20	outputs/cifar100_4agent_25cls_hetero4arch_ipc10_guardian_vgg_g3_fr035_kd060_t3_sched_self20/agents/agent_3/packets/dsdm_packet.pt	3126768	model/checkpoint/packet payload	planned
cifar100_4agent_25cls_hetero4arch_ipc10_guardian_vgg_g3_fr035_kd060_t3_sched_self20	outputs/cifar100_4agent_25cls_hetero4arch_ipc10_guardian_vgg_g3_fr035_kd060_t3_sched_self20/agents/agent_3/checkpoints/expert_model.pt	28123900	model/checkpoint/packet payload	planned
cifar100_4agent_25cls_hetero4arch_ipc10_guardian_vgg_g3_fr035_kd060_t3_sched_self20	outputs/cifar100_4agent_25cls_hetero4arch_ipc10_guardian_vgg_g3_fr035_kd060_t3_sched_self20/packet_hub/dsdm/agent_0_dsdm_packet.pt	3126768	model/checkpoint/packet payload	planned
cifar100_4agent_25cls_hetero4arch_ipc10_guardian_vgg_g3_fr035_kd060_t3_sched_self20	outputs/cifar100_4agent_25cls_hetero4arch_ipc10_guardian_vgg_g3_fr035_kd060_t3_sched_self20/packet_hub/dsdm/agent_1_dsdm_packet.pt	3126768	model/checkpoint/packet payload	planned
cifar100_4agent_25cls_hetero4arch_ipc10_guardian_vgg_g3_fr035_kd060_t3_sched_self20	outputs/cifar100_4agent_25cls_hetero4arch_ipc10_guardian_vgg_g3_fr035_kd060_t3_sched_self20/packet_hub/dsdm/agent_2_dsdm_packet.pt	3126768	model/checkpoint/packet payload	planned
cifar100_4agent_25cls_hetero4arch_ipc10_guardian_vgg_g3_fr035_kd060_t3_sched_self20	outputs/cifar100_4agent_25cls_hetero4arch_ipc10_guardian_vgg_g3_fr035_kd060_t3_sched_self20/packet_hub/dsdm/agent_3_dsdm_packet.pt	3126768	model/checkpoint/packet payload	planned
cifar100_4agent_25cls_hetero4arch_ipc10_guardian_vgg_g3_fr040_kd060_t3_sched_self20	outputs/cifar100_4agent_25cls_hetero4arch_ipc10_guardian_vgg_g3_fr040_kd060_t3_sched_self20/agents/agent_0/packets/dsdm_packet.pt	3126768	model/checkpoint/packet payload	planned
cifar100_4agent_25cls_hetero4arch_ipc10_guardian_vgg_g3_fr040_kd060_t3_sched_self20	outputs/cifar100_4agent_25cls_hetero4arch_ipc10_guardian_vgg_g3_fr040_kd060_t3_sched_self20/agents/agent_0/checkpoints/expert_model.pt	2023046	model/checkpoint/packet payload	planned
cifar100_4agent_25cls_hetero4arch_ipc10_guardian_vgg_g3_fr040_kd060_t3_sched_self20	outputs/cifar100_4agent_25cls_hetero4arch_ipc10_guardian_vgg_g3_fr040_kd060_t3_sched_self20/agents/agent_1/packets/dsdm_packet.pt	3126768	model/checkpoint/packet payload	planned
cifar100_4agent_25cls_hetero4arch_ipc10_guardian_vgg_g3_fr040_kd060_t3_sched_self20	outputs/cifar100_4agent_25cls_hetero4arch_ipc10_guardian_vgg_g3_fr040_kd060_t3_sched_self20/agents/agent_1/checkpoints/expert_model.pt	4325454	model/checkpoint/packet payload	planned
cifar100_4agent_25cls_hetero4arch_ipc10_guardian_vgg_g3_fr040_kd060_t3_sched_self20	outputs/cifar100_4agent_25cls_hetero4arch_ipc10_guardian_vgg_g3_fr040_kd060_t3_sched_self20/agents/agent_2/packets/dsdm_packet.pt	3126768	model/checkpoint/packet payload	planned
cifar100_4agent_25cls_hetero4arch_ipc10_guardian_vgg_g3_fr040_kd060_t3_sched_self20	outputs/cifar100_4agent_25cls_hetero4arch_ipc10_guardian_vgg_g3_fr040_kd060_t3_sched_self20/agents/agent_2/checkpoints/expert_model.pt	39239126	model/checkpoint/packet payload	planned
cifar100_4agent_25cls_hetero4arch_ipc10_guardian_vgg_g3_fr040_kd060_t3_sched_self20	outputs/cifar100_4agent_25cls_hetero4arch_ipc10_guardian_vgg_g3_fr040_kd060_t3_sched_self20/agents/agent_3/packets/dsdm_packet.pt	3126768	model/checkpoint/packet payload	planned
cifar100_4agent_25cls_hetero4arch_ipc10_guardian_vgg_g3_fr040_kd060_t3_sched_self20	outputs/cifar100_4agent_25cls_hetero4arch_ipc10_guardian_vgg_g3_fr040_kd060_t3_sched_self20/agents/agent_3/checkpoints/expert_model.pt	28123900	model/checkpoint/packet payload	planned
cifar100_4agent_25cls_hetero4arch_ipc10_guardian_vgg_g3_fr040_kd060_t3_sched_self20	outputs/cifar100_4agent_25cls_hetero4arch_ipc10_guardian_vgg_g3_fr040_kd060_t3_sched_self20/packet_hub/dsdm/agent_0_dsdm_packet.pt	3126768	model/checkpoint/packet payload	planned
cifar100_4agent_25cls_hetero4arch_ipc10_guardian_vgg_g3_fr040_kd060_t3_sched_self20	outputs/cifar100_4agent_25cls_hetero4arch_ipc10_guardian_vgg_g3_fr040_kd060_t3_sched_self20/packet_hub/dsdm/agent_1_dsdm_packet.pt	3126768	model/checkpoint/packet payload	planned
cifar100_4agent_25cls_hetero4arch_ipc10_guardian_vgg_g3_fr040_kd060_t3_sched_self20	outputs/cifar100_4agent_25cls_hetero4arch_ipc10_guardian_vgg_g3_fr040_kd060_t3_sched_self20/packet_hub/dsdm/agent_2_dsdm_packet.pt	3126768	model/checkpoint/packet payload	planned
cifar100_4agent_25cls_hetero4arch_ipc10_guardian_vgg_g3_fr040_kd060_t3_sched_self20	outputs/cifar100_4agent_25cls_hetero4arch_ipc10_guardian_vgg_g3_fr040_kd060_t3_sched_self20/packet_hub/dsdm/agent_3_dsdm_packet.pt	3126768	model/checkpoint/packet payload	planned
cifar100_4agent_25cls_hetero4arch_ipc10_tune2_alex_ep075_fr020_kd060_t3_sched	outputs/cifar100_4agent_25cls_hetero4arch_ipc10_tune2_alex_ep075_fr020_kd060_t3_sched/agents/agent_0/packets/dsdm_packet.pt	3126768	model/checkpoint/packet payload	planned
cifar100_4agent_25cls_hetero4arch_ipc10_tune2_alex_ep075_fr020_kd060_t3_sched	outputs/cifar100_4agent_25cls_hetero4arch_ipc10_tune2_alex_ep075_fr020_kd060_t3_sched/agents/agent_0/checkpoints/expert_model.pt	2023046	model/checkpoint/packet payload	planned
cifar100_4agent_25cls_hetero4arch_ipc10_tune2_alex_ep075_fr020_kd060_t3_sched	outputs/cifar100_4agent_25cls_hetero4arch_ipc10_tune2_alex_ep075_fr020_kd060_t3_sched/agents/agent_1/packets/dsdm_packet.pt	3126768	model/checkpoint/packet payload	planned
cifar100_4agent_25cls_hetero4arch_ipc10_tune2_alex_ep075_fr020_kd060_t3_sched	outputs/cifar100_4agent_25cls_hetero4arch_ipc10_tune2_alex_ep075_fr020_kd060_t3_sched/agents/agent_1/checkpoints/expert_model.pt	4325454	model/checkpoint/packet payload	planned
cifar100_4agent_25cls_hetero4arch_ipc10_tune2_alex_ep075_fr020_kd060_t3_sched	outputs/cifar100_4agent_25cls_hetero4arch_ipc10_tune2_alex_ep075_fr020_kd060_t3_sched/agents/agent_2/packets/dsdm_packet.pt	3126768	model/checkpoint/packet payload	planned
cifar100_4agent_25cls_hetero4arch_ipc10_tune2_alex_ep075_fr020_kd060_t3_sched	outputs/cifar100_4agent_25cls_hetero4arch_ipc10_tune2_alex_ep075_fr020_kd060_t3_sched/agents/agent_2/checkpoints/expert_model.pt	39239126	model/checkpoint/packet payload	planned
cifar100_4agent_25cls_hetero4arch_ipc10_tune2_alex_ep075_fr020_kd060_t3_sched	outputs/cifar100_4agent_25cls_hetero4arch_ipc10_tune2_alex_ep075_fr020_kd060_t3_sched/agents/agent_3/packets/dsdm_packet.pt	3126768	model/checkpoint/packet payload	planned
cifar100_4agent_25cls_hetero4arch_ipc10_tune2_alex_ep075_fr020_kd060_t3_sched	outputs/cifar100_4agent_25cls_hetero4arch_ipc10_tune2_alex_ep075_fr020_kd060_t3_sched/agents/agent_3/checkpoints/expert_model.pt	28123900	model/checkpoint/packet payload	planned
cifar100_4agent_25cls_hetero4arch_ipc10_tune2_alex_ep075_fr020_kd060_t3_sched	outputs/cifar100_4agent_25cls_hetero4arch_ipc10_tune2_alex_ep075_fr020_kd060_t3_sched/packet_hub/dsdm/agent_0_dsdm_packet.pt	3126768	model/checkpoint/packet payload	planned
cifar100_4agent_25cls_hetero4arch_ipc10_tune2_alex_ep075_fr020_kd060_t3_sched	outputs/cifar100_4agent_25cls_hetero4arch_ipc10_tune2_alex_ep075_fr020_kd060_t3_sched/packet_hub/dsdm/agent_1_dsdm_packet.pt	3126768	model/checkpoint/packet payload	planned
cifar100_4agent_25cls_hetero4arch_ipc10_tune2_alex_ep075_fr020_kd060_t3_sched	outputs/cifar100_4agent_25cls_hetero4arch_ipc10_tune2_alex_ep075_fr020_kd060_t3_sched/packet_hub/dsdm/agent_2_dsdm_packet.pt	3126768	model/checkpoint/packet payload	planned
cifar100_4agent_25cls_hetero4arch_ipc10_tune2_alex_ep075_fr020_kd060_t3_sched	outputs/cifar100_4agent_25cls_hetero4arch_ipc10_tune2_alex_ep075_fr020_kd060_t3_sched/packet_hub/dsdm/agent_3_dsdm_packet.pt	3126768	model/checkpoint/packet payload	planned
cifar100_4agent_25cls_hetero4arch_ipc10_tune2_alex_fr020_kd060_t3_sched	outputs/cifar100_4agent_25cls_hetero4arch_ipc10_tune2_alex_fr020_kd060_t3_sched/agents/agent_0/packets/dsdm_packet.pt	3126768	model/checkpoint/packet payload	planned
cifar100_4agent_25cls_hetero4arch_ipc10_tune2_alex_fr020_kd060_t3_sched	outputs/cifar100_4agent_25cls_hetero4arch_ipc10_tune2_alex_fr020_kd060_t3_sched/agents/agent_0/checkpoints/expert_model.pt	2023046	model/checkpoint/packet payload	planned
cifar100_4agent_25cls_hetero4arch_ipc10_tune2_alex_fr020_kd060_t3_sched	outputs/cifar100_4agent_25cls_hetero4arch_ipc10_tune2_alex_fr020_kd060_t3_sched/agents/agent_1/packets/dsdm_packet.pt	3126768	model/checkpoint/packet payload	planned
cifar100_4agent_25cls_hetero4arch_ipc10_tune2_alex_fr020_kd060_t3_sched	outputs/cifar100_4agent_25cls_hetero4arch_ipc10_tune2_alex_fr020_kd060_t3_sched/agents/agent_1/checkpoints/expert_model.pt	4325454	model/checkpoint/packet payload	planned
cifar100_4agent_25cls_hetero4arch_ipc10_tune2_alex_fr020_kd060_t3_sched	outputs/cifar100_4agent_25cls_hetero4arch_ipc10_tune2_alex_fr020_kd060_t3_sched/agents/agent_2/packets/dsdm_packet.pt	3126768	model/checkpoint/packet payload	planned
cifar100_4agent_25cls_hetero4arch_ipc10_tune2_alex_fr020_kd060_t3_sched	outputs/cifar100_4agent_25cls_hetero4arch_ipc10_tune2_alex_fr020_kd060_t3_sched/agents/agent_2/checkpoints/expert_model.pt	39239126	model/checkpoint/packet payload	planned
cifar100_4agent_25cls_hetero4arch_ipc10_tune2_alex_fr020_kd060_t3_sched	outputs/cifar100_4agent_25cls_hetero4arch_ipc10_tune2_alex_fr020_kd060_t3_sched/agents/agent_3/packets/dsdm_packet.pt	3126768	model/checkpoint/packet payload	planned
cifar100_4agent_25cls_hetero4arch_ipc10_tune2_alex_fr020_kd060_t3_sched	outputs/cifar100_4agent_25cls_hetero4arch_ipc10_tune2_alex_fr020_kd060_t3_sched/agents/agent_3/checkpoints/expert_model.pt	28123900	model/checkpoint/packet payload	planned
cifar100_4agent_25cls_hetero4arch_ipc10_tune2_alex_fr020_kd060_t3_sched	outputs/cifar100_4agent_25cls_hetero4arch_ipc10_tune2_alex_fr020_kd060_t3_sched/packet_hub/dsdm/agent_0_dsdm_packet.pt	3126768	model/checkpoint/packet payload	planned
cifar100_4agent_25cls_hetero4arch_ipc10_tune2_alex_fr020_kd060_t3_sched	outputs/cifar100_4agent_25cls_hetero4arch_ipc10_tune2_alex_fr020_kd060_t3_sched/packet_hub/dsdm/agent_1_dsdm_packet.pt	3126768	model/checkpoint/packet payload	planned
cifar100_4agent_25cls_hetero4arch_ipc10_tune2_alex_fr020_kd060_t3_sched	outputs/cifar100_4agent_25cls_hetero4arch_ipc10_tune2_alex_fr020_kd060_t3_sched/packet_hub/dsdm/agent_2_dsdm_packet.pt	3126768	model/checkpoint/packet payload	planned
cifar100_4agent_25cls_hetero4arch_ipc10_tune2_alex_fr020_kd060_t3_sched	outputs/cifar100_4agent_25cls_hetero4arch_ipc10_tune2_alex_fr020_kd060_t3_sched/packet_hub/dsdm/agent_3_dsdm_packet.pt	3126768	model/checkpoint/packet payload	planned
cifar100_4agent_25cls_hetero4arch_ipc10_tune2_alex_fr020_kd060_t3_sched_self15	outputs/cifar100_4agent_25cls_hetero4arch_ipc10_tune2_alex_fr020_kd060_t3_sched_self15/agents/agent_0/packets/dsdm_packet.pt	3126768	model/checkpoint/packet payload	planned
cifar100_4agent_25cls_hetero4arch_ipc10_tune2_alex_fr020_kd060_t3_sched_self15	outputs/cifar100_4agent_25cls_hetero4arch_ipc10_tune2_alex_fr020_kd060_t3_sched_self15/agents/agent_0/checkpoints/expert_model.pt	2023046	model/checkpoint/packet payload	planned
cifar100_4agent_25cls_hetero4arch_ipc10_tune2_alex_fr020_kd060_t3_sched_self15	outputs/cifar100_4agent_25cls_hetero4arch_ipc10_tune2_alex_fr020_kd060_t3_sched_self15/agents/agent_1/packets/dsdm_packet.pt	3126768	model/checkpoint/packet payload	planned
cifar100_4agent_25cls_hetero4arch_ipc10_tune2_alex_fr020_kd060_t3_sched_self15	outputs/cifar100_4agent_25cls_hetero4arch_ipc10_tune2_alex_fr020_kd060_t3_sched_self15/agents/agent_1/checkpoints/expert_model.pt	4325454	model/checkpoint/packet payload	planned
cifar100_4agent_25cls_hetero4arch_ipc10_tune2_alex_fr020_kd060_t3_sched_self15	outputs/cifar100_4agent_25cls_hetero4arch_ipc10_tune2_alex_fr020_kd060_t3_sched_self15/agents/agent_2/packets/dsdm_packet.pt	3126768	model/checkpoint/packet payload	planned
cifar100_4agent_25cls_hetero4arch_ipc10_tune2_alex_fr020_kd060_t3_sched_self15	outputs/cifar100_4agent_25cls_hetero4arch_ipc10_tune2_alex_fr020_kd060_t3_sched_self15/agents/agent_2/checkpoints/expert_model.pt	39239126	model/checkpoint/packet payload	planned
cifar100_4agent_25cls_hetero4arch_ipc10_tune2_alex_fr020_kd060_t3_sched_self15	outputs/cifar100_4agent_25cls_hetero4arch_ipc10_tune2_alex_fr020_kd060_t3_sched_self15/agents/agent_3/packets/dsdm_packet.pt	3126768	model/checkpoint/packet payload	planned
cifar100_4agent_25cls_hetero4arch_ipc10_tune2_alex_fr020_kd060_t3_sched_self15	outputs/cifar100_4agent_25cls_hetero4arch_ipc10_tune2_alex_fr020_kd060_t3_sched_self15/agents/agent_3/checkpoints/expert_model.pt	28123900	model/checkpoint/packet payload	planned
cifar100_4agent_25cls_hetero4arch_ipc10_tune2_alex_fr020_kd060_t3_sched_self15	outputs/cifar100_4agent_25cls_hetero4arch_ipc10_tune2_alex_fr020_kd060_t3_sched_self15/packet_hub/dsdm/agent_0_dsdm_packet.pt	3126768	model/checkpoint/packet payload	planned
cifar100_4agent_25cls_hetero4arch_ipc10_tune2_alex_fr020_kd060_t3_sched_self15	outputs/cifar100_4agent_25cls_hetero4arch_ipc10_tune2_alex_fr020_kd060_t3_sched_self15/packet_hub/dsdm/agent_1_dsdm_packet.pt	3126768	model/checkpoint/packet payload	planned
cifar100_4agent_25cls_hetero4arch_ipc10_tune2_alex_fr020_kd060_t3_sched_self15	outputs/cifar100_4agent_25cls_hetero4arch_ipc10_tune2_alex_fr020_kd060_t3_sched_self15/packet_hub/dsdm/agent_2_dsdm_packet.pt	3126768	model/checkpoint/packet payload	planned
cifar100_4agent_25cls_hetero4arch_ipc10_tune2_alex_fr020_kd060_t3_sched_self15	outputs/cifar100_4agent_25cls_hetero4arch_ipc10_tune2_alex_fr020_kd060_t3_sched_self15/packet_hub/dsdm/agent_3_dsdm_packet.pt	3126768	model/checkpoint/packet payload	planned
cifar100_4agent_25cls_hetero4arch_ipc10_tune2_alex_fr020_kd060_t4_sched	outputs/cifar100_4agent_25cls_hetero4arch_ipc10_tune2_alex_fr020_kd060_t4_sched/agents/agent_0/packets/dsdm_packet.pt	3126768	model/checkpoint/packet payload	planned
cifar100_4agent_25cls_hetero4arch_ipc10_tune2_alex_fr020_kd060_t4_sched	outputs/cifar100_4agent_25cls_hetero4arch_ipc10_tune2_alex_fr020_kd060_t4_sched/agents/agent_0/checkpoints/expert_model.pt	2023046	model/checkpoint/packet payload	planned
cifar100_4agent_25cls_hetero4arch_ipc10_tune2_alex_fr020_kd060_t4_sched	outputs/cifar100_4agent_25cls_hetero4arch_ipc10_tune2_alex_fr020_kd060_t4_sched/agents/agent_1/packets/dsdm_packet.pt	3126768	model/checkpoint/packet payload	planned
cifar100_4agent_25cls_hetero4arch_ipc10_tune2_alex_fr020_kd060_t4_sched	outputs/cifar100_4agent_25cls_hetero4arch_ipc10_tune2_alex_fr020_kd060_t4_sched/agents/agent_1/checkpoints/expert_model.pt	4325454	model/checkpoint/packet payload	planned
cifar100_4agent_25cls_hetero4arch_ipc10_tune2_alex_fr020_kd060_t4_sched	outputs/cifar100_4agent_25cls_hetero4arch_ipc10_tune2_alex_fr020_kd060_t4_sched/agents/agent_2/packets/dsdm_packet.pt	3126768	model/checkpoint/packet payload	planned
cifar100_4agent_25cls_hetero4arch_ipc10_tune2_alex_fr020_kd060_t4_sched	outputs/cifar100_4agent_25cls_hetero4arch_ipc10_tune2_alex_fr020_kd060_t4_sched/agents/agent_2/checkpoints/expert_model.pt	39239126	model/checkpoint/packet payload	planned
cifar100_4agent_25cls_hetero4arch_ipc10_tune2_alex_fr020_kd060_t4_sched	outputs/cifar100_4agent_25cls_hetero4arch_ipc10_tune2_alex_fr020_kd060_t4_sched/agents/agent_3/packets/dsdm_packet.pt	3126768	model/checkpoint/packet payload	planned
cifar100_4agent_25cls_hetero4arch_ipc10_tune2_alex_fr020_kd060_t4_sched	outputs/cifar100_4agent_25cls_hetero4arch_ipc10_tune2_alex_fr020_kd060_t4_sched/agents/agent_3/checkpoints/expert_model.pt	28123900	model/checkpoint/packet payload	planned
cifar100_4agent_25cls_hetero4arch_ipc10_tune2_alex_fr020_kd060_t4_sched	outputs/cifar100_4agent_25cls_hetero4arch_ipc10_tune2_alex_fr020_kd060_t4_sched/packet_hub/dsdm/agent_0_dsdm_packet.pt	3126768	model/checkpoint/packet payload	planned
cifar100_4agent_25cls_hetero4arch_ipc10_tune2_alex_fr020_kd060_t4_sched	outputs/cifar100_4agent_25cls_hetero4arch_ipc10_tune2_alex_fr020_kd060_t4_sched/packet_hub/dsdm/agent_1_dsdm_packet.pt	3126768	model/checkpoint/packet payload	planned
cifar100_4agent_25cls_hetero4arch_ipc10_tune2_alex_fr020_kd060_t4_sched	outputs/cifar100_4agent_25cls_hetero4arch_ipc10_tune2_alex_fr020_kd060_t4_sched/packet_hub/dsdm/agent_2_dsdm_packet.pt	3126768	model/checkpoint/packet payload	planned
cifar100_4agent_25cls_hetero4arch_ipc10_tune2_alex_fr020_kd060_t4_sched	outputs/cifar100_4agent_25cls_hetero4arch_ipc10_tune2_alex_fr020_kd060_t4_sched/packet_hub/dsdm/agent_3_dsdm_packet.pt	3126768	model/checkpoint/packet payload	planned
cifar100_4agent_25cls_hetero4arch_ipc10_tune2_alex_fr020_kd070_t3_sched	outputs/cifar100_4agent_25cls_hetero4arch_ipc10_tune2_alex_fr020_kd070_t3_sched/agents/agent_0/packets/dsdm_packet.pt	3126768	model/checkpoint/packet payload	planned
cifar100_4agent_25cls_hetero4arch_ipc10_tune2_alex_fr020_kd070_t3_sched	outputs/cifar100_4agent_25cls_hetero4arch_ipc10_tune2_alex_fr020_kd070_t3_sched/agents/agent_0/checkpoints/expert_model.pt	2023046	model/checkpoint/packet payload	planned
cifar100_4agent_25cls_hetero4arch_ipc10_tune2_alex_fr020_kd070_t3_sched	outputs/cifar100_4agent_25cls_hetero4arch_ipc10_tune2_alex_fr020_kd070_t3_sched/agents/agent_1/packets/dsdm_packet.pt	3126768	model/checkpoint/packet payload	planned
cifar100_4agent_25cls_hetero4arch_ipc10_tune2_alex_fr020_kd070_t3_sched	outputs/cifar100_4agent_25cls_hetero4arch_ipc10_tune2_alex_fr020_kd070_t3_sched/agents/agent_1/checkpoints/expert_model.pt	4325454	model/checkpoint/packet payload	planned
cifar100_4agent_25cls_hetero4arch_ipc10_tune2_alex_fr020_kd070_t3_sched	outputs/cifar100_4agent_25cls_hetero4arch_ipc10_tune2_alex_fr020_kd070_t3_sched/agents/agent_2/packets/dsdm_packet.pt	3126768	model/checkpoint/packet payload	planned
cifar100_4agent_25cls_hetero4arch_ipc10_tune2_alex_fr020_kd070_t3_sched	outputs/cifar100_4agent_25cls_hetero4arch_ipc10_tune2_alex_fr020_kd070_t3_sched/agents/agent_2/checkpoints/expert_model.pt	39239126	model/checkpoint/packet payload	planned
cifar100_4agent_25cls_hetero4arch_ipc10_tune2_alex_fr020_kd070_t3_sched	outputs/cifar100_4agent_25cls_hetero4arch_ipc10_tune2_alex_fr020_kd070_t3_sched/agents/agent_3/packets/dsdm_packet.pt	3126768	model/checkpoint/packet payload	planned
cifar100_4agent_25cls_hetero4arch_ipc10_tune2_alex_fr020_kd070_t3_sched	outputs/cifar100_4agent_25cls_hetero4arch_ipc10_tune2_alex_fr020_kd070_t3_sched/agents/agent_3/checkpoints/expert_model.pt	28123900	model/checkpoint/packet payload	planned
cifar100_4agent_25cls_hetero4arch_ipc10_tune2_alex_fr020_kd070_t3_sched	outputs/cifar100_4agent_25cls_hetero4arch_ipc10_tune2_alex_fr020_kd070_t3_sched/packet_hub/dsdm/agent_0_dsdm_packet.pt	3126768	model/checkpoint/packet payload	planned
cifar100_4agent_25cls_hetero4arch_ipc10_tune2_alex_fr020_kd070_t3_sched	outputs/cifar100_4agent_25cls_hetero4arch_ipc10_tune2_alex_fr020_kd070_t3_sched/packet_hub/dsdm/agent_1_dsdm_packet.pt	3126768	model/checkpoint/packet payload	planned
cifar100_4agent_25cls_hetero4arch_ipc10_tune2_alex_fr020_kd070_t3_sched	outputs/cifar100_4agent_25cls_hetero4arch_ipc10_tune2_alex_fr020_kd070_t3_sched/packet_hub/dsdm/agent_2_dsdm_packet.pt	3126768	model/checkpoint/packet payload	planned
cifar100_4agent_25cls_hetero4arch_ipc10_tune2_alex_fr020_kd070_t3_sched	outputs/cifar100_4agent_25cls_hetero4arch_ipc10_tune2_alex_fr020_kd070_t3_sched/packet_hub/dsdm/agent_3_dsdm_packet.pt	3126768	model/checkpoint/packet payload	planned
cifar100_4agent_25cls_hetero4arch_ipc10_tune2_alex_fr025_kd060_t3_sched	outputs/cifar100_4agent_25cls_hetero4arch_ipc10_tune2_alex_fr025_kd060_t3_sched/agents/agent_0/packets/dsdm_packet.pt	3126768	model/checkpoint/packet payload	planned
cifar100_4agent_25cls_hetero4arch_ipc10_tune2_alex_fr025_kd060_t3_sched	outputs/cifar100_4agent_25cls_hetero4arch_ipc10_tune2_alex_fr025_kd060_t3_sched/agents/agent_0/checkpoints/expert_model.pt	2023046	model/checkpoint/packet payload	planned
cifar100_4agent_25cls_hetero4arch_ipc10_tune2_alex_fr025_kd060_t3_sched	outputs/cifar100_4agent_25cls_hetero4arch_ipc10_tune2_alex_fr025_kd060_t3_sched/agents/agent_1/packets/dsdm_packet.pt	3126768	model/checkpoint/packet payload	planned
cifar100_4agent_25cls_hetero4arch_ipc10_tune2_alex_fr025_kd060_t3_sched	outputs/cifar100_4agent_25cls_hetero4arch_ipc10_tune2_alex_fr025_kd060_t3_sched/agents/agent_1/checkpoints/expert_model.pt	4325454	model/checkpoint/packet payload	planned
cifar100_4agent_25cls_hetero4arch_ipc10_tune2_alex_fr025_kd060_t3_sched	outputs/cifar100_4agent_25cls_hetero4arch_ipc10_tune2_alex_fr025_kd060_t3_sched/agents/agent_2/packets/dsdm_packet.pt	3126768	model/checkpoint/packet payload	planned
cifar100_4agent_25cls_hetero4arch_ipc10_tune2_alex_fr025_kd060_t3_sched	outputs/cifar100_4agent_25cls_hetero4arch_ipc10_tune2_alex_fr025_kd060_t3_sched/agents/agent_2/checkpoints/expert_model.pt	39239126	model/checkpoint/packet payload	planned
cifar100_4agent_25cls_hetero4arch_ipc10_tune2_alex_fr025_kd060_t3_sched	outputs/cifar100_4agent_25cls_hetero4arch_ipc10_tune2_alex_fr025_kd060_t3_sched/agents/agent_3/packets/dsdm_packet.pt	3126768	model/checkpoint/packet payload	planned
cifar100_4agent_25cls_hetero4arch_ipc10_tune2_alex_fr025_kd060_t3_sched	outputs/cifar100_4agent_25cls_hetero4arch_ipc10_tune2_alex_fr025_kd060_t3_sched/agents/agent_3/checkpoints/expert_model.pt	28123900	model/checkpoint/packet payload	planned
cifar100_4agent_25cls_hetero4arch_ipc10_tune2_alex_fr025_kd060_t3_sched	outputs/cifar100_4agent_25cls_hetero4arch_ipc10_tune2_alex_fr025_kd060_t3_sched/packet_hub/dsdm/agent_0_dsdm_packet.pt	3126768	model/checkpoint/packet payload	planned
cifar100_4agent_25cls_hetero4arch_ipc10_tune2_alex_fr025_kd060_t3_sched	outputs/cifar100_4agent_25cls_hetero4arch_ipc10_tune2_alex_fr025_kd060_t3_sched/packet_hub/dsdm/agent_1_dsdm_packet.pt	3126768	model/checkpoint/packet payload	planned
cifar100_4agent_25cls_hetero4arch_ipc10_tune2_alex_fr025_kd060_t3_sched	outputs/cifar100_4agent_25cls_hetero4arch_ipc10_tune2_alex_fr025_kd060_t3_sched/packet_hub/dsdm/agent_2_dsdm_packet.pt	3126768	model/checkpoint/packet payload	planned
cifar100_4agent_25cls_hetero4arch_ipc10_tune2_alex_fr025_kd060_t3_sched	outputs/cifar100_4agent_25cls_hetero4arch_ipc10_tune2_alex_fr025_kd060_t3_sched/packet_hub/dsdm/agent_3_dsdm_packet.pt	3126768	model/checkpoint/packet payload	planned
cifar100_4agent_25cls_hetero4arch_ipc10_tune2_vgg_ep075_fr020_kd060_t3_sched_self20	outputs/cifar100_4agent_25cls_hetero4arch_ipc10_tune2_vgg_ep075_fr020_kd060_t3_sched_self20/agents/agent_0/packets/dsdm_packet.pt	3126768	model/checkpoint/packet payload	planned
cifar100_4agent_25cls_hetero4arch_ipc10_tune2_vgg_ep075_fr020_kd060_t3_sched_self20	outputs/cifar100_4agent_25cls_hetero4arch_ipc10_tune2_vgg_ep075_fr020_kd060_t3_sched_self20/agents/agent_0/checkpoints/expert_model.pt	2023046	model/checkpoint/packet payload	planned
cifar100_4agent_25cls_hetero4arch_ipc10_tune2_vgg_ep075_fr020_kd060_t3_sched_self20	outputs/cifar100_4agent_25cls_hetero4arch_ipc10_tune2_vgg_ep075_fr020_kd060_t3_sched_self20/agents/agent_1/packets/dsdm_packet.pt	3126768	model/checkpoint/packet payload	planned
cifar100_4agent_25cls_hetero4arch_ipc10_tune2_vgg_ep075_fr020_kd060_t3_sched_self20	outputs/cifar100_4agent_25cls_hetero4arch_ipc10_tune2_vgg_ep075_fr020_kd060_t3_sched_self20/agents/agent_1/checkpoints/expert_model.pt	4325454	model/checkpoint/packet payload	planned
cifar100_4agent_25cls_hetero4arch_ipc10_tune2_vgg_ep075_fr020_kd060_t3_sched_self20	outputs/cifar100_4agent_25cls_hetero4arch_ipc10_tune2_vgg_ep075_fr020_kd060_t3_sched_self20/agents/agent_2/packets/dsdm_packet.pt	3126768	model/checkpoint/packet payload	planned
cifar100_4agent_25cls_hetero4arch_ipc10_tune2_vgg_ep075_fr020_kd060_t3_sched_self20	outputs/cifar100_4agent_25cls_hetero4arch_ipc10_tune2_vgg_ep075_fr020_kd060_t3_sched_self20/agents/agent_2/checkpoints/expert_model.pt	39239126	model/checkpoint/packet payload	planned
cifar100_4agent_25cls_hetero4arch_ipc10_tune2_vgg_ep075_fr020_kd060_t3_sched_self20	outputs/cifar100_4agent_25cls_hetero4arch_ipc10_tune2_vgg_ep075_fr020_kd060_t3_sched_self20/agents/agent_3/packets/dsdm_packet.pt	3126768	model/checkpoint/packet payload	planned
cifar100_4agent_25cls_hetero4arch_ipc10_tune2_vgg_ep075_fr020_kd060_t3_sched_self20	outputs/cifar100_4agent_25cls_hetero4arch_ipc10_tune2_vgg_ep075_fr020_kd060_t3_sched_self20/agents/agent_3/checkpoints/expert_model.pt	28123900	model/checkpoint/packet payload	planned
cifar100_4agent_25cls_hetero4arch_ipc10_tune2_vgg_ep075_fr020_kd060_t3_sched_self20	outputs/cifar100_4agent_25cls_hetero4arch_ipc10_tune2_vgg_ep075_fr020_kd060_t3_sched_self20/packet_hub/dsdm/agent_0_dsdm_packet.pt	3126768	model/checkpoint/packet payload	planned
cifar100_4agent_25cls_hetero4arch_ipc10_tune2_vgg_ep075_fr020_kd060_t3_sched_self20	outputs/cifar100_4agent_25cls_hetero4arch_ipc10_tune2_vgg_ep075_fr020_kd060_t3_sched_self20/packet_hub/dsdm/agent_1_dsdm_packet.pt	3126768	model/checkpoint/packet payload	planned
cifar100_4agent_25cls_hetero4arch_ipc10_tune2_vgg_ep075_fr020_kd060_t3_sched_self20	outputs/cifar100_4agent_25cls_hetero4arch_ipc10_tune2_vgg_ep075_fr020_kd060_t3_sched_self20/packet_hub/dsdm/agent_2_dsdm_packet.pt	3126768	model/checkpoint/packet payload	planned
cifar100_4agent_25cls_hetero4arch_ipc10_tune2_vgg_ep075_fr020_kd060_t3_sched_self20	outputs/cifar100_4agent_25cls_hetero4arch_ipc10_tune2_vgg_ep075_fr020_kd060_t3_sched_self20/packet_hub/dsdm/agent_3_dsdm_packet.pt	3126768	model/checkpoint/packet payload	planned
cifar100_4agent_25cls_hetero4arch_ipc10_tune2_vgg_fr020_kd050_t3_sched_self20	outputs/cifar100_4agent_25cls_hetero4arch_ipc10_tune2_vgg_fr020_kd050_t3_sched_self20/agents/agent_0/packets/dsdm_packet.pt	3126768	model/checkpoint/packet payload	planned
cifar100_4agent_25cls_hetero4arch_ipc10_tune2_vgg_fr020_kd050_t3_sched_self20	outputs/cifar100_4agent_25cls_hetero4arch_ipc10_tune2_vgg_fr020_kd050_t3_sched_self20/agents/agent_0/checkpoints/expert_model.pt	2023046	model/checkpoint/packet payload	planned
cifar100_4agent_25cls_hetero4arch_ipc10_tune2_vgg_fr020_kd050_t3_sched_self20	outputs/cifar100_4agent_25cls_hetero4arch_ipc10_tune2_vgg_fr020_kd050_t3_sched_self20/agents/agent_1/packets/dsdm_packet.pt	3126768	model/checkpoint/packet payload	planned
cifar100_4agent_25cls_hetero4arch_ipc10_tune2_vgg_fr020_kd050_t3_sched_self20	outputs/cifar100_4agent_25cls_hetero4arch_ipc10_tune2_vgg_fr020_kd050_t3_sched_self20/agents/agent_1/checkpoints/expert_model.pt	4325454	model/checkpoint/packet payload	planned
cifar100_4agent_25cls_hetero4arch_ipc10_tune2_vgg_fr020_kd050_t3_sched_self20	outputs/cifar100_4agent_25cls_hetero4arch_ipc10_tune2_vgg_fr020_kd050_t3_sched_self20/agents/agent_2/packets/dsdm_packet.pt	3126768	model/checkpoint/packet payload	planned
cifar100_4agent_25cls_hetero4arch_ipc10_tune2_vgg_fr020_kd050_t3_sched_self20	outputs/cifar100_4agent_25cls_hetero4arch_ipc10_tune2_vgg_fr020_kd050_t3_sched_self20/agents/agent_2/checkpoints/expert_model.pt	39239126	model/checkpoint/packet payload	planned
cifar100_4agent_25cls_hetero4arch_ipc10_tune2_vgg_fr020_kd050_t3_sched_self20	outputs/cifar100_4agent_25cls_hetero4arch_ipc10_tune2_vgg_fr020_kd050_t3_sched_self20/agents/agent_3/packets/dsdm_packet.pt	3126768	model/checkpoint/packet payload	planned
cifar100_4agent_25cls_hetero4arch_ipc10_tune2_vgg_fr020_kd050_t3_sched_self20	outputs/cifar100_4agent_25cls_hetero4arch_ipc10_tune2_vgg_fr020_kd050_t3_sched_self20/agents/agent_3/checkpoints/expert_model.pt	28123900	model/checkpoint/packet payload	planned
cifar100_4agent_25cls_hetero4arch_ipc10_tune2_vgg_fr020_kd050_t3_sched_self20	outputs/cifar100_4agent_25cls_hetero4arch_ipc10_tune2_vgg_fr020_kd050_t3_sched_self20/packet_hub/dsdm/agent_0_dsdm_packet.pt	3126768	model/checkpoint/packet payload	planned
cifar100_4agent_25cls_hetero4arch_ipc10_tune2_vgg_fr020_kd050_t3_sched_self20	outputs/cifar100_4agent_25cls_hetero4arch_ipc10_tune2_vgg_fr020_kd050_t3_sched_self20/packet_hub/dsdm/agent_1_dsdm_packet.pt	3126768	model/checkpoint/packet payload	planned
cifar100_4agent_25cls_hetero4arch_ipc10_tune2_vgg_fr020_kd050_t3_sched_self20	outputs/cifar100_4agent_25cls_hetero4arch_ipc10_tune2_vgg_fr020_kd050_t3_sched_self20/packet_hub/dsdm/agent_2_dsdm_packet.pt	3126768	model/checkpoint/packet payload	planned
cifar100_4agent_25cls_hetero4arch_ipc10_tune2_vgg_fr020_kd050_t3_sched_self20	outputs/cifar100_4agent_25cls_hetero4arch_ipc10_tune2_vgg_fr020_kd050_t3_sched_self20/packet_hub/dsdm/agent_3_dsdm_packet.pt	3126768	model/checkpoint/packet payload	planned
cifar100_4agent_25cls_hetero4arch_ipc10_tune2_vgg_fr020_kd060_t3_latefr_self20	outputs/cifar100_4agent_25cls_hetero4arch_ipc10_tune2_vgg_fr020_kd060_t3_latefr_self20/agents/agent_0/packets/dsdm_packet.pt	3126768	model/checkpoint/packet payload	planned
cifar100_4agent_25cls_hetero4arch_ipc10_tune2_vgg_fr020_kd060_t3_latefr_self20	outputs/cifar100_4agent_25cls_hetero4arch_ipc10_tune2_vgg_fr020_kd060_t3_latefr_self20/agents/agent_0/checkpoints/expert_model.pt	2023046	model/checkpoint/packet payload	planned
cifar100_4agent_25cls_hetero4arch_ipc10_tune2_vgg_fr020_kd060_t3_latefr_self20	outputs/cifar100_4agent_25cls_hetero4arch_ipc10_tune2_vgg_fr020_kd060_t3_latefr_self20/agents/agent_1/packets/dsdm_packet.pt	3126768	model/checkpoint/packet payload	planned
cifar100_4agent_25cls_hetero4arch_ipc10_tune2_vgg_fr020_kd060_t3_latefr_self20	outputs/cifar100_4agent_25cls_hetero4arch_ipc10_tune2_vgg_fr020_kd060_t3_latefr_self20/agents/agent_1/checkpoints/expert_model.pt	4325454	model/checkpoint/packet payload	planned
cifar100_4agent_25cls_hetero4arch_ipc10_tune2_vgg_fr020_kd060_t3_latefr_self20	outputs/cifar100_4agent_25cls_hetero4arch_ipc10_tune2_vgg_fr020_kd060_t3_latefr_self20/agents/agent_2/packets/dsdm_packet.pt	3126768	model/checkpoint/packet payload	planned
cifar100_4agent_25cls_hetero4arch_ipc10_tune2_vgg_fr020_kd060_t3_latefr_self20	outputs/cifar100_4agent_25cls_hetero4arch_ipc10_tune2_vgg_fr020_kd060_t3_latefr_self20/agents/agent_2/checkpoints/expert_model.pt	39239126	model/checkpoint/packet payload	planned
cifar100_4agent_25cls_hetero4arch_ipc10_tune2_vgg_fr020_kd060_t3_latefr_self20	outputs/cifar100_4agent_25cls_hetero4arch_ipc10_tune2_vgg_fr020_kd060_t3_latefr_self20/agents/agent_3/packets/dsdm_packet.pt	3126768	model/checkpoint/packet payload	planned
cifar100_4agent_25cls_hetero4arch_ipc10_tune2_vgg_fr020_kd060_t3_latefr_self20	outputs/cifar100_4agent_25cls_hetero4arch_ipc10_tune2_vgg_fr020_kd060_t3_latefr_self20/agents/agent_3/checkpoints/expert_model.pt	28123900	model/checkpoint/packet payload	planned
cifar100_4agent_25cls_hetero4arch_ipc10_tune2_vgg_fr020_kd060_t3_latefr_self20	outputs/cifar100_4agent_25cls_hetero4arch_ipc10_tune2_vgg_fr020_kd060_t3_latefr_self20/packet_hub/dsdm/agent_0_dsdm_packet.pt	3126768	model/checkpoint/packet payload	planned
cifar100_4agent_25cls_hetero4arch_ipc10_tune2_vgg_fr020_kd060_t3_latefr_self20	outputs/cifar100_4agent_25cls_hetero4arch_ipc10_tune2_vgg_fr020_kd060_t3_latefr_self20/packet_hub/dsdm/agent_1_dsdm_packet.pt	3126768	model/checkpoint/packet payload	planned
cifar100_4agent_25cls_hetero4arch_ipc10_tune2_vgg_fr020_kd060_t3_latefr_self20	outputs/cifar100_4agent_25cls_hetero4arch_ipc10_tune2_vgg_fr020_kd060_t3_latefr_self20/packet_hub/dsdm/agent_2_dsdm_packet.pt	3126768	model/checkpoint/packet payload	planned
cifar100_4agent_25cls_hetero4arch_ipc10_tune2_vgg_fr020_kd060_t3_latefr_self20	outputs/cifar100_4agent_25cls_hetero4arch_ipc10_tune2_vgg_fr020_kd060_t3_latefr_self20/packet_hub/dsdm/agent_3_dsdm_packet.pt	3126768	model/checkpoint/packet payload	planned
cifar100_4agent_25cls_hetero4arch_ipc10_tune2_vgg_fr020_kd060_t3_sched_self20	outputs/cifar100_4agent_25cls_hetero4arch_ipc10_tune2_vgg_fr020_kd060_t3_sched_self20/agents/agent_0/packets/dsdm_packet.pt	3126768	model/checkpoint/packet payload	planned
cifar100_4agent_25cls_hetero4arch_ipc10_tune2_vgg_fr020_kd060_t3_sched_self20	outputs/cifar100_4agent_25cls_hetero4arch_ipc10_tune2_vgg_fr020_kd060_t3_sched_self20/agents/agent_0/checkpoints/expert_model.pt	2023046	model/checkpoint/packet payload	planned
cifar100_4agent_25cls_hetero4arch_ipc10_tune2_vgg_fr020_kd060_t3_sched_self20	outputs/cifar100_4agent_25cls_hetero4arch_ipc10_tune2_vgg_fr020_kd060_t3_sched_self20/agents/agent_1/packets/dsdm_packet.pt	3126768	model/checkpoint/packet payload	planned
cifar100_4agent_25cls_hetero4arch_ipc10_tune2_vgg_fr020_kd060_t3_sched_self20	outputs/cifar100_4agent_25cls_hetero4arch_ipc10_tune2_vgg_fr020_kd060_t3_sched_self20/agents/agent_1/checkpoints/expert_model.pt	4325454	model/checkpoint/packet payload	planned
cifar100_4agent_25cls_hetero4arch_ipc10_tune2_vgg_fr020_kd060_t3_sched_self20	outputs/cifar100_4agent_25cls_hetero4arch_ipc10_tune2_vgg_fr020_kd060_t3_sched_self20/agents/agent_2/packets/dsdm_packet.pt	3126768	model/checkpoint/packet payload	planned
cifar100_4agent_25cls_hetero4arch_ipc10_tune2_vgg_fr020_kd060_t3_sched_self20	outputs/cifar100_4agent_25cls_hetero4arch_ipc10_tune2_vgg_fr020_kd060_t3_sched_self20/agents/agent_2/checkpoints/expert_model.pt	39239126	model/checkpoint/packet payload	planned
cifar100_4agent_25cls_hetero4arch_ipc10_tune2_vgg_fr020_kd060_t3_sched_self20	outputs/cifar100_4agent_25cls_hetero4arch_ipc10_tune2_vgg_fr020_kd060_t3_sched_self20/agents/agent_3/packets/dsdm_packet.pt	3126768	model/checkpoint/packet payload	planned
cifar100_4agent_25cls_hetero4arch_ipc10_tune2_vgg_fr020_kd060_t3_sched_self20	outputs/cifar100_4agent_25cls_hetero4arch_ipc10_tune2_vgg_fr020_kd060_t3_sched_self20/agents/agent_3/checkpoints/expert_model.pt	28123900	model/checkpoint/packet payload	planned
cifar100_4agent_25cls_hetero4arch_ipc10_tune2_vgg_fr020_kd060_t3_sched_self20	outputs/cifar100_4agent_25cls_hetero4arch_ipc10_tune2_vgg_fr020_kd060_t3_sched_self20/packet_hub/dsdm/agent_0_dsdm_packet.pt	3126768	model/checkpoint/packet payload	planned
cifar100_4agent_25cls_hetero4arch_ipc10_tune2_vgg_fr020_kd060_t3_sched_self20	outputs/cifar100_4agent_25cls_hetero4arch_ipc10_tune2_vgg_fr020_kd060_t3_sched_self20/packet_hub/dsdm/agent_1_dsdm_packet.pt	3126768	model/checkpoint/packet payload	planned
cifar100_4agent_25cls_hetero4arch_ipc10_tune2_vgg_fr020_kd060_t3_sched_self20	outputs/cifar100_4agent_25cls_hetero4arch_ipc10_tune2_vgg_fr020_kd060_t3_sched_self20/packet_hub/dsdm/agent_2_dsdm_packet.pt	3126768	model/checkpoint/packet payload	planned
cifar100_4agent_25cls_hetero4arch_ipc10_tune2_vgg_fr020_kd060_t3_sched_self20	outputs/cifar100_4agent_25cls_hetero4arch_ipc10_tune2_vgg_fr020_kd060_t3_sched_self20/packet_hub/dsdm/agent_3_dsdm_packet.pt	3126768	model/checkpoint/packet payload	planned
cifar100_4agent_25cls_hetero4arch_ipc10_tune2_vgg_fr020_kd060_t3_sched_self30	outputs/cifar100_4agent_25cls_hetero4arch_ipc10_tune2_vgg_fr020_kd060_t3_sched_self30/agents/agent_0/packets/dsdm_packet.pt	3126768	model/checkpoint/packet payload	planned
cifar100_4agent_25cls_hetero4arch_ipc10_tune2_vgg_fr020_kd060_t3_sched_self30	outputs/cifar100_4agent_25cls_hetero4arch_ipc10_tune2_vgg_fr020_kd060_t3_sched_self30/agents/agent_0/checkpoints/expert_model.pt	2023046	model/checkpoint/packet payload	planned
cifar100_4agent_25cls_hetero4arch_ipc10_tune2_vgg_fr020_kd060_t3_sched_self30	outputs/cifar100_4agent_25cls_hetero4arch_ipc10_tune2_vgg_fr020_kd060_t3_sched_self30/agents/agent_1/packets/dsdm_packet.pt	3126768	model/checkpoint/packet payload	planned
cifar100_4agent_25cls_hetero4arch_ipc10_tune2_vgg_fr020_kd060_t3_sched_self30	outputs/cifar100_4agent_25cls_hetero4arch_ipc10_tune2_vgg_fr020_kd060_t3_sched_self30/agents/agent_1/checkpoints/expert_model.pt	4325454	model/checkpoint/packet payload	planned
cifar100_4agent_25cls_hetero4arch_ipc10_tune2_vgg_fr020_kd060_t3_sched_self30	outputs/cifar100_4agent_25cls_hetero4arch_ipc10_tune2_vgg_fr020_kd060_t3_sched_self30/agents/agent_2/packets/dsdm_packet.pt	3126768	model/checkpoint/packet payload	planned
cifar100_4agent_25cls_hetero4arch_ipc10_tune2_vgg_fr020_kd060_t3_sched_self30	outputs/cifar100_4agent_25cls_hetero4arch_ipc10_tune2_vgg_fr020_kd060_t3_sched_self30/agents/agent_2/checkpoints/expert_model.pt	39239126	model/checkpoint/packet payload	planned
cifar100_4agent_25cls_hetero4arch_ipc10_tune2_vgg_fr020_kd060_t3_sched_self30	outputs/cifar100_4agent_25cls_hetero4arch_ipc10_tune2_vgg_fr020_kd060_t3_sched_self30/agents/agent_3/packets/dsdm_packet.pt	3126768	model/checkpoint/packet payload	planned
cifar100_4agent_25cls_hetero4arch_ipc10_tune2_vgg_fr020_kd060_t3_sched_self30	outputs/cifar100_4agent_25cls_hetero4arch_ipc10_tune2_vgg_fr020_kd060_t3_sched_self30/agents/agent_3/checkpoints/expert_model.pt	28123900	model/checkpoint/packet payload	planned
cifar100_4agent_25cls_hetero4arch_ipc10_tune2_vgg_fr020_kd060_t3_sched_self30	outputs/cifar100_4agent_25cls_hetero4arch_ipc10_tune2_vgg_fr020_kd060_t3_sched_self30/packet_hub/dsdm/agent_0_dsdm_packet.pt	3126768	model/checkpoint/packet payload	planned
cifar100_4agent_25cls_hetero4arch_ipc10_tune2_vgg_fr020_kd060_t3_sched_self30	outputs/cifar100_4agent_25cls_hetero4arch_ipc10_tune2_vgg_fr020_kd060_t3_sched_self30/packet_hub/dsdm/agent_1_dsdm_packet.pt	3126768	model/checkpoint/packet payload	planned
cifar100_4agent_25cls_hetero4arch_ipc10_tune2_vgg_fr020_kd060_t3_sched_self30	outputs/cifar100_4agent_25cls_hetero4arch_ipc10_tune2_vgg_fr020_kd060_t3_sched_self30/packet_hub/dsdm/agent_2_dsdm_packet.pt	3126768	model/checkpoint/packet payload	planned
cifar100_4agent_25cls_hetero4arch_ipc10_tune2_vgg_fr020_kd060_t3_sched_self30	outputs/cifar100_4agent_25cls_hetero4arch_ipc10_tune2_vgg_fr020_kd060_t3_sched_self30/packet_hub/dsdm/agent_3_dsdm_packet.pt	3126768	model/checkpoint/packet payload	planned
cifar100_4agent_25cls_hetero4arch_ipc10_tune2_vgg_fr020_kd070_t4_sched_self20	outputs/cifar100_4agent_25cls_hetero4arch_ipc10_tune2_vgg_fr020_kd070_t4_sched_self20/agents/agent_0/packets/dsdm_packet.pt	3126768	model/checkpoint/packet payload	planned
cifar100_4agent_25cls_hetero4arch_ipc10_tune2_vgg_fr020_kd070_t4_sched_self20	outputs/cifar100_4agent_25cls_hetero4arch_ipc10_tune2_vgg_fr020_kd070_t4_sched_self20/agents/agent_0/checkpoints/expert_model.pt	2023046	model/checkpoint/packet payload	planned
cifar100_4agent_25cls_hetero4arch_ipc10_tune2_vgg_fr020_kd070_t4_sched_self20	outputs/cifar100_4agent_25cls_hetero4arch_ipc10_tune2_vgg_fr020_kd070_t4_sched_self20/agents/agent_1/packets/dsdm_packet.pt	3126768	model/checkpoint/packet payload	planned
cifar100_4agent_25cls_hetero4arch_ipc10_tune2_vgg_fr020_kd070_t4_sched_self20	outputs/cifar100_4agent_25cls_hetero4arch_ipc10_tune2_vgg_fr020_kd070_t4_sched_self20/agents/agent_1/checkpoints/expert_model.pt	4325454	model/checkpoint/packet payload	planned
cifar100_4agent_25cls_hetero4arch_ipc10_tune2_vgg_fr020_kd070_t4_sched_self20	outputs/cifar100_4agent_25cls_hetero4arch_ipc10_tune2_vgg_fr020_kd070_t4_sched_self20/agents/agent_2/packets/dsdm_packet.pt	3126768	model/checkpoint/packet payload	planned
cifar100_4agent_25cls_hetero4arch_ipc10_tune2_vgg_fr020_kd070_t4_sched_self20	outputs/cifar100_4agent_25cls_hetero4arch_ipc10_tune2_vgg_fr020_kd070_t4_sched_self20/agents/agent_2/checkpoints/expert_model.pt	39239126	model/checkpoint/packet payload	planned
cifar100_4agent_25cls_hetero4arch_ipc10_tune2_vgg_fr020_kd070_t4_sched_self20	outputs/cifar100_4agent_25cls_hetero4arch_ipc10_tune2_vgg_fr020_kd070_t4_sched_self20/agents/agent_3/packets/dsdm_packet.pt	3126768	model/checkpoint/packet payload	planned
cifar100_4agent_25cls_hetero4arch_ipc10_tune2_vgg_fr020_kd070_t4_sched_self20	outputs/cifar100_4agent_25cls_hetero4arch_ipc10_tune2_vgg_fr020_kd070_t4_sched_self20/agents/agent_3/checkpoints/expert_model.pt	28123900	model/checkpoint/packet payload	planned
cifar100_4agent_25cls_hetero4arch_ipc10_tune2_vgg_fr020_kd070_t4_sched_self20	outputs/cifar100_4agent_25cls_hetero4arch_ipc10_tune2_vgg_fr020_kd070_t4_sched_self20/packet_hub/dsdm/agent_0_dsdm_packet.pt	3126768	model/checkpoint/packet payload	planned
cifar100_4agent_25cls_hetero4arch_ipc10_tune2_vgg_fr020_kd070_t4_sched_self20	outputs/cifar100_4agent_25cls_hetero4arch_ipc10_tune2_vgg_fr020_kd070_t4_sched_self20/packet_hub/dsdm/agent_1_dsdm_packet.pt	3126768	model/checkpoint/packet payload	planned
cifar100_4agent_25cls_hetero4arch_ipc10_tune2_vgg_fr020_kd070_t4_sched_self20	outputs/cifar100_4agent_25cls_hetero4arch_ipc10_tune2_vgg_fr020_kd070_t4_sched_self20/packet_hub/dsdm/agent_2_dsdm_packet.pt	3126768	model/checkpoint/packet payload	planned
cifar100_4agent_25cls_hetero4arch_ipc10_tune2_vgg_fr020_kd070_t4_sched_self20	outputs/cifar100_4agent_25cls_hetero4arch_ipc10_tune2_vgg_fr020_kd070_t4_sched_self20/packet_hub/dsdm/agent_3_dsdm_packet.pt	3126768	model/checkpoint/packet payload	planned
cifar100_4agent_25cls_hetero4arch_ipc10_tune2_vgg_fr025_kd060_t3_sched_self20	outputs/cifar100_4agent_25cls_hetero4arch_ipc10_tune2_vgg_fr025_kd060_t3_sched_self20/agents/agent_0/packets/dsdm_packet.pt	3126768	model/checkpoint/packet payload	planned
cifar100_4agent_25cls_hetero4arch_ipc10_tune2_vgg_fr025_kd060_t3_sched_self20	outputs/cifar100_4agent_25cls_hetero4arch_ipc10_tune2_vgg_fr025_kd060_t3_sched_self20/agents/agent_0/checkpoints/expert_model.pt	2023046	model/checkpoint/packet payload	planned
cifar100_4agent_25cls_hetero4arch_ipc10_tune2_vgg_fr025_kd060_t3_sched_self20	outputs/cifar100_4agent_25cls_hetero4arch_ipc10_tune2_vgg_fr025_kd060_t3_sched_self20/agents/agent_1/packets/dsdm_packet.pt	3126768	model/checkpoint/packet payload	planned
cifar100_4agent_25cls_hetero4arch_ipc10_tune2_vgg_fr025_kd060_t3_sched_self20	outputs/cifar100_4agent_25cls_hetero4arch_ipc10_tune2_vgg_fr025_kd060_t3_sched_self20/agents/agent_1/checkpoints/expert_model.pt	4325454	model/checkpoint/packet payload	planned
cifar100_4agent_25cls_hetero4arch_ipc10_tune2_vgg_fr025_kd060_t3_sched_self20	outputs/cifar100_4agent_25cls_hetero4arch_ipc10_tune2_vgg_fr025_kd060_t3_sched_self20/agents/agent_2/packets/dsdm_packet.pt	3126768	model/checkpoint/packet payload	planned
cifar100_4agent_25cls_hetero4arch_ipc10_tune2_vgg_fr025_kd060_t3_sched_self20	outputs/cifar100_4agent_25cls_hetero4arch_ipc10_tune2_vgg_fr025_kd060_t3_sched_self20/agents/agent_2/checkpoints/expert_model.pt	39239126	model/checkpoint/packet payload	planned
cifar100_4agent_25cls_hetero4arch_ipc10_tune2_vgg_fr025_kd060_t3_sched_self20	outputs/cifar100_4agent_25cls_hetero4arch_ipc10_tune2_vgg_fr025_kd060_t3_sched_self20/agents/agent_3/packets/dsdm_packet.pt	3126768	model/checkpoint/packet payload	planned
cifar100_4agent_25cls_hetero4arch_ipc10_tune2_vgg_fr025_kd060_t3_sched_self20	outputs/cifar100_4agent_25cls_hetero4arch_ipc10_tune2_vgg_fr025_kd060_t3_sched_self20/agents/agent_3/checkpoints/expert_model.pt	28123900	model/checkpoint/packet payload	planned
cifar100_4agent_25cls_hetero4arch_ipc10_tune2_vgg_fr025_kd060_t3_sched_self20	outputs/cifar100_4agent_25cls_hetero4arch_ipc10_tune2_vgg_fr025_kd060_t3_sched_self20/packet_hub/dsdm/agent_0_dsdm_packet.pt	3126768	model/checkpoint/packet payload	planned
cifar100_4agent_25cls_hetero4arch_ipc10_tune2_vgg_fr025_kd060_t3_sched_self20	outputs/cifar100_4agent_25cls_hetero4arch_ipc10_tune2_vgg_fr025_kd060_t3_sched_self20/packet_hub/dsdm/agent_1_dsdm_packet.pt	3126768	model/checkpoint/packet payload	planned
cifar100_4agent_25cls_hetero4arch_ipc10_tune2_vgg_fr025_kd060_t3_sched_self20	outputs/cifar100_4agent_25cls_hetero4arch_ipc10_tune2_vgg_fr025_kd060_t3_sched_self20/packet_hub/dsdm/agent_2_dsdm_packet.pt	3126768	model/checkpoint/packet payload	planned
cifar100_4agent_25cls_hetero4arch_ipc10_tune2_vgg_fr025_kd060_t3_sched_self20	outputs/cifar100_4agent_25cls_hetero4arch_ipc10_tune2_vgg_fr025_kd060_t3_sched_self20/packet_hub/dsdm/agent_3_dsdm_packet.pt	3126768	model/checkpoint/packet payload	planned
cifar100_4agent_25cls_hetero4arch_ipc10_tune2_vgg_fr030_kd060_t3_sched_self20	outputs/cifar100_4agent_25cls_hetero4arch_ipc10_tune2_vgg_fr030_kd060_t3_sched_self20/agents/agent_0/packets/dsdm_packet.pt	3126768	model/checkpoint/packet payload	planned
cifar100_4agent_25cls_hetero4arch_ipc10_tune2_vgg_fr030_kd060_t3_sched_self20	outputs/cifar100_4agent_25cls_hetero4arch_ipc10_tune2_vgg_fr030_kd060_t3_sched_self20/agents/agent_0/checkpoints/expert_model.pt	2023046	model/checkpoint/packet payload	planned
cifar100_4agent_25cls_hetero4arch_ipc10_tune2_vgg_fr030_kd060_t3_sched_self20	outputs/cifar100_4agent_25cls_hetero4arch_ipc10_tune2_vgg_fr030_kd060_t3_sched_self20/agents/agent_1/packets/dsdm_packet.pt	3126768	model/checkpoint/packet payload	planned
cifar100_4agent_25cls_hetero4arch_ipc10_tune2_vgg_fr030_kd060_t3_sched_self20	outputs/cifar100_4agent_25cls_hetero4arch_ipc10_tune2_vgg_fr030_kd060_t3_sched_self20/agents/agent_1/checkpoints/expert_model.pt	4325454	model/checkpoint/packet payload	planned
cifar100_4agent_25cls_hetero4arch_ipc10_tune2_vgg_fr030_kd060_t3_sched_self20	outputs/cifar100_4agent_25cls_hetero4arch_ipc10_tune2_vgg_fr030_kd060_t3_sched_self20/agents/agent_2/packets/dsdm_packet.pt	3126768	model/checkpoint/packet payload	planned
cifar100_4agent_25cls_hetero4arch_ipc10_tune2_vgg_fr030_kd060_t3_sched_self20	outputs/cifar100_4agent_25cls_hetero4arch_ipc10_tune2_vgg_fr030_kd060_t3_sched_self20/agents/agent_2/checkpoints/expert_model.pt	39239126	model/checkpoint/packet payload	planned
cifar100_4agent_25cls_hetero4arch_ipc10_tune2_vgg_fr030_kd060_t3_sched_self20	outputs/cifar100_4agent_25cls_hetero4arch_ipc10_tune2_vgg_fr030_kd060_t3_sched_self20/agents/agent_3/packets/dsdm_packet.pt	3126768	model/checkpoint/packet payload	planned
cifar100_4agent_25cls_hetero4arch_ipc10_tune2_vgg_fr030_kd060_t3_sched_self20	outputs/cifar100_4agent_25cls_hetero4arch_ipc10_tune2_vgg_fr030_kd060_t3_sched_self20/agents/agent_3/checkpoints/expert_model.pt	28123900	model/checkpoint/packet payload	planned
cifar100_4agent_25cls_hetero4arch_ipc10_tune2_vgg_fr030_kd060_t3_sched_self20	outputs/cifar100_4agent_25cls_hetero4arch_ipc10_tune2_vgg_fr030_kd060_t3_sched_self20/packet_hub/dsdm/agent_0_dsdm_packet.pt	3126768	model/checkpoint/packet payload	planned
cifar100_4agent_25cls_hetero4arch_ipc10_tune2_vgg_fr030_kd060_t3_sched_self20	outputs/cifar100_4agent_25cls_hetero4arch_ipc10_tune2_vgg_fr030_kd060_t3_sched_self20/packet_hub/dsdm/agent_1_dsdm_packet.pt	3126768	model/checkpoint/packet payload	planned
cifar100_4agent_25cls_hetero4arch_ipc10_tune2_vgg_fr030_kd060_t3_sched_self20	outputs/cifar100_4agent_25cls_hetero4arch_ipc10_tune2_vgg_fr030_kd060_t3_sched_self20/packet_hub/dsdm/agent_2_dsdm_packet.pt	3126768	model/checkpoint/packet payload	planned
cifar100_4agent_25cls_hetero4arch_ipc10_tune2_vgg_fr030_kd060_t3_sched_self20	outputs/cifar100_4agent_25cls_hetero4arch_ipc10_tune2_vgg_fr030_kd060_t3_sched_self20/packet_hub/dsdm/agent_3_dsdm_packet.pt	3126768	model/checkpoint/packet payload	planned
cifar100_4agent_25cls_hetero4arch_ipc10_tune_ep050_fr020_kd050_t2	outputs/cifar100_4agent_25cls_hetero4arch_ipc10_tune_ep050_fr020_kd050_t2/agents/agent_0/packets/dsdm_packet.pt	3126768	model/checkpoint/packet payload	planned
cifar100_4agent_25cls_hetero4arch_ipc10_tune_ep050_fr020_kd050_t2	outputs/cifar100_4agent_25cls_hetero4arch_ipc10_tune_ep050_fr020_kd050_t2/agents/agent_0/checkpoints/expert_model.pt	2023046	model/checkpoint/packet payload	planned
cifar100_4agent_25cls_hetero4arch_ipc10_tune_ep050_fr020_kd050_t2	outputs/cifar100_4agent_25cls_hetero4arch_ipc10_tune_ep050_fr020_kd050_t2/agents/agent_1/packets/dsdm_packet.pt	3126768	model/checkpoint/packet payload	planned
cifar100_4agent_25cls_hetero4arch_ipc10_tune_ep050_fr020_kd050_t2	outputs/cifar100_4agent_25cls_hetero4arch_ipc10_tune_ep050_fr020_kd050_t2/agents/agent_1/checkpoints/expert_model.pt	4325454	model/checkpoint/packet payload	planned
cifar100_4agent_25cls_hetero4arch_ipc10_tune_ep050_fr020_kd050_t2	outputs/cifar100_4agent_25cls_hetero4arch_ipc10_tune_ep050_fr020_kd050_t2/agents/agent_2/packets/dsdm_packet.pt	3126768	model/checkpoint/packet payload	planned
cifar100_4agent_25cls_hetero4arch_ipc10_tune_ep050_fr020_kd050_t2	outputs/cifar100_4agent_25cls_hetero4arch_ipc10_tune_ep050_fr020_kd050_t2/agents/agent_2/checkpoints/expert_model.pt	39239126	model/checkpoint/packet payload	planned
cifar100_4agent_25cls_hetero4arch_ipc10_tune_ep050_fr020_kd050_t2	outputs/cifar100_4agent_25cls_hetero4arch_ipc10_tune_ep050_fr020_kd050_t2/agents/agent_3/packets/dsdm_packet.pt	3126768	model/checkpoint/packet payload	planned
cifar100_4agent_25cls_hetero4arch_ipc10_tune_ep050_fr020_kd050_t2	outputs/cifar100_4agent_25cls_hetero4arch_ipc10_tune_ep050_fr020_kd050_t2/agents/agent_3/checkpoints/expert_model.pt	28123900	model/checkpoint/packet payload	planned
cifar100_4agent_25cls_hetero4arch_ipc10_tune_ep050_fr020_kd050_t2	outputs/cifar100_4agent_25cls_hetero4arch_ipc10_tune_ep050_fr020_kd050_t2/packet_hub/dsdm/agent_0_dsdm_packet.pt	3126768	model/checkpoint/packet payload	planned
cifar100_4agent_25cls_hetero4arch_ipc10_tune_ep050_fr020_kd050_t2	outputs/cifar100_4agent_25cls_hetero4arch_ipc10_tune_ep050_fr020_kd050_t2/packet_hub/dsdm/agent_1_dsdm_packet.pt	3126768	model/checkpoint/packet payload	planned
cifar100_4agent_25cls_hetero4arch_ipc10_tune_ep050_fr020_kd050_t2	outputs/cifar100_4agent_25cls_hetero4arch_ipc10_tune_ep050_fr020_kd050_t2/packet_hub/dsdm/agent_2_dsdm_packet.pt	3126768	model/checkpoint/packet payload	planned
cifar100_4agent_25cls_hetero4arch_ipc10_tune_ep050_fr020_kd050_t2	outputs/cifar100_4agent_25cls_hetero4arch_ipc10_tune_ep050_fr020_kd050_t2/packet_hub/dsdm/agent_3_dsdm_packet.pt	3126768	model/checkpoint/packet payload	planned
cifar100_4agent_25cls_hetero4arch_ipc10_tune_ep050_fr020_kd050_t2_partial_20260706_122417	outputs/cifar100_4agent_25cls_hetero4arch_ipc10_tune_ep050_fr020_kd050_t2_partial_20260706_122417/agents/agent_0/packets/dsdm_packet.pt	3126768	model/checkpoint/packet payload	planned
cifar100_4agent_25cls_hetero4arch_ipc10_tune_ep050_fr020_kd050_t2_partial_20260706_122417	outputs/cifar100_4agent_25cls_hetero4arch_ipc10_tune_ep050_fr020_kd050_t2_partial_20260706_122417/agents/agent_0/checkpoints/expert_model.pt	2023046	model/checkpoint/packet payload	planned
cifar100_4agent_25cls_hetero4arch_ipc10_tune_ep050_fr020_kd050_t2_partial_20260706_122417	outputs/cifar100_4agent_25cls_hetero4arch_ipc10_tune_ep050_fr020_kd050_t2_partial_20260706_122417/agents/agent_1/packets/dsdm_packet.pt	3126768	model/checkpoint/packet payload	planned
cifar100_4agent_25cls_hetero4arch_ipc10_tune_ep050_fr020_kd050_t2_partial_20260706_122417	outputs/cifar100_4agent_25cls_hetero4arch_ipc10_tune_ep050_fr020_kd050_t2_partial_20260706_122417/agents/agent_1/checkpoints/expert_model.pt	4325454	model/checkpoint/packet payload	planned
cifar100_4agent_25cls_hetero4arch_ipc10_tune_ep050_fr020_kd050_t2_partial_20260706_122417	outputs/cifar100_4agent_25cls_hetero4arch_ipc10_tune_ep050_fr020_kd050_t2_partial_20260706_122417/agents/agent_2/packets/dsdm_packet.pt	3126768	model/checkpoint/packet payload	planned
cifar100_4agent_25cls_hetero4arch_ipc10_tune_ep050_fr020_kd050_t2_partial_20260706_122417	outputs/cifar100_4agent_25cls_hetero4arch_ipc10_tune_ep050_fr020_kd050_t2_partial_20260706_122417/agents/agent_2/checkpoints/expert_model.pt	39239126	model/checkpoint/packet payload	planned
cifar100_4agent_25cls_hetero4arch_ipc10_tune_ep050_fr020_kd050_t2_partial_20260706_122417	outputs/cifar100_4agent_25cls_hetero4arch_ipc10_tune_ep050_fr020_kd050_t2_partial_20260706_122417/agents/agent_3/packets/dsdm_packet.pt	3126768	model/checkpoint/packet payload	planned
cifar100_4agent_25cls_hetero4arch_ipc10_tune_ep050_fr020_kd050_t2_partial_20260706_122417	outputs/cifar100_4agent_25cls_hetero4arch_ipc10_tune_ep050_fr020_kd050_t2_partial_20260706_122417/agents/agent_3/checkpoints/expert_model.pt	28123900	model/checkpoint/packet payload	planned
cifar100_4agent_25cls_hetero4arch_ipc10_tune_ep050_fr020_kd050_t2_partial_20260706_122417	outputs/cifar100_4agent_25cls_hetero4arch_ipc10_tune_ep050_fr020_kd050_t2_partial_20260706_122417/packet_hub/dsdm/agent_0_dsdm_packet.pt	3126768	model/checkpoint/packet payload	planned
cifar100_4agent_25cls_hetero4arch_ipc10_tune_ep050_fr020_kd050_t2_partial_20260706_122417	outputs/cifar100_4agent_25cls_hetero4arch_ipc10_tune_ep050_fr020_kd050_t2_partial_20260706_122417/packet_hub/dsdm/agent_1_dsdm_packet.pt	3126768	model/checkpoint/packet payload	planned
cifar100_4agent_25cls_hetero4arch_ipc10_tune_ep050_fr020_kd050_t2_partial_20260706_122417	outputs/cifar100_4agent_25cls_hetero4arch_ipc10_tune_ep050_fr020_kd050_t2_partial_20260706_122417/packet_hub/dsdm/agent_2_dsdm_packet.pt	3126768	model/checkpoint/packet payload	planned
cifar100_4agent_25cls_hetero4arch_ipc10_tune_ep050_fr020_kd050_t2_partial_20260706_122417	outputs/cifar100_4agent_25cls_hetero4arch_ipc10_tune_ep050_fr020_kd050_t2_partial_20260706_122417/packet_hub/dsdm/agent_3_dsdm_packet.pt	3126768	model/checkpoint/packet payload	planned
cifar100_4agent_25cls_hetero4arch_ipc10_tune_ep055_fr020_kd060_t2	outputs/cifar100_4agent_25cls_hetero4arch_ipc10_tune_ep055_fr020_kd060_t2/agents/agent_0/packets/dsdm_packet.pt	3126768	model/checkpoint/packet payload	planned
cifar100_4agent_25cls_hetero4arch_ipc10_tune_ep055_fr020_kd060_t2	outputs/cifar100_4agent_25cls_hetero4arch_ipc10_tune_ep055_fr020_kd060_t2/agents/agent_0/checkpoints/expert_model.pt	2023046	model/checkpoint/packet payload	planned
cifar100_4agent_25cls_hetero4arch_ipc10_tune_ep055_fr020_kd060_t2	outputs/cifar100_4agent_25cls_hetero4arch_ipc10_tune_ep055_fr020_kd060_t2/agents/agent_1/packets/dsdm_packet.pt	3126768	model/checkpoint/packet payload	planned
cifar100_4agent_25cls_hetero4arch_ipc10_tune_ep055_fr020_kd060_t2	outputs/cifar100_4agent_25cls_hetero4arch_ipc10_tune_ep055_fr020_kd060_t2/agents/agent_1/checkpoints/expert_model.pt	4325454	model/checkpoint/packet payload	planned
cifar100_4agent_25cls_hetero4arch_ipc10_tune_ep055_fr020_kd060_t2	outputs/cifar100_4agent_25cls_hetero4arch_ipc10_tune_ep055_fr020_kd060_t2/agents/agent_2/packets/dsdm_packet.pt	3126768	model/checkpoint/packet payload	planned
cifar100_4agent_25cls_hetero4arch_ipc10_tune_ep055_fr020_kd060_t2	outputs/cifar100_4agent_25cls_hetero4arch_ipc10_tune_ep055_fr020_kd060_t2/agents/agent_2/checkpoints/expert_model.pt	39239126	model/checkpoint/packet payload	planned
cifar100_4agent_25cls_hetero4arch_ipc10_tune_ep055_fr020_kd060_t2	outputs/cifar100_4agent_25cls_hetero4arch_ipc10_tune_ep055_fr020_kd060_t2/agents/agent_3/packets/dsdm_packet.pt	3126768	model/checkpoint/packet payload	planned
cifar100_4agent_25cls_hetero4arch_ipc10_tune_ep055_fr020_kd060_t2	outputs/cifar100_4agent_25cls_hetero4arch_ipc10_tune_ep055_fr020_kd060_t2/agents/agent_3/checkpoints/expert_model.pt	28123900	model/checkpoint/packet payload	planned
cifar100_4agent_25cls_hetero4arch_ipc10_tune_ep055_fr020_kd060_t2	outputs/cifar100_4agent_25cls_hetero4arch_ipc10_tune_ep055_fr020_kd060_t2/packet_hub/dsdm/agent_0_dsdm_packet.pt	3126768	model/checkpoint/packet payload	planned
cifar100_4agent_25cls_hetero4arch_ipc10_tune_ep055_fr020_kd060_t2	outputs/cifar100_4agent_25cls_hetero4arch_ipc10_tune_ep055_fr020_kd060_t2/packet_hub/dsdm/agent_1_dsdm_packet.pt	3126768	model/checkpoint/packet payload	planned
cifar100_4agent_25cls_hetero4arch_ipc10_tune_ep055_fr020_kd060_t2	outputs/cifar100_4agent_25cls_hetero4arch_ipc10_tune_ep055_fr020_kd060_t2/packet_hub/dsdm/agent_2_dsdm_packet.pt	3126768	model/checkpoint/packet payload	planned
cifar100_4agent_25cls_hetero4arch_ipc10_tune_ep055_fr020_kd060_t2	outputs/cifar100_4agent_25cls_hetero4arch_ipc10_tune_ep055_fr020_kd060_t2/packet_hub/dsdm/agent_3_dsdm_packet.pt	3126768	model/checkpoint/packet payload	planned
cifar100_4agent_25cls_hetero4arch_ipc10_tune_ep055_fr020_kd060_t2_partial_20260706_122417	outputs/cifar100_4agent_25cls_hetero4arch_ipc10_tune_ep055_fr020_kd060_t2_partial_20260706_122417/agents/agent_0/packets/dsdm_packet.pt	3126768	model/checkpoint/packet payload	planned
cifar100_4agent_25cls_hetero4arch_ipc10_tune_ep055_fr020_kd060_t2_partial_20260706_122417	outputs/cifar100_4agent_25cls_hetero4arch_ipc10_tune_ep055_fr020_kd060_t2_partial_20260706_122417/agents/agent_0/checkpoints/expert_model.pt	2023046	model/checkpoint/packet payload	planned
cifar100_4agent_25cls_hetero4arch_ipc10_tune_ep055_fr020_kd060_t2_partial_20260706_122417	outputs/cifar100_4agent_25cls_hetero4arch_ipc10_tune_ep055_fr020_kd060_t2_partial_20260706_122417/agents/agent_1/packets/dsdm_packet.pt	3126768	model/checkpoint/packet payload	planned
cifar100_4agent_25cls_hetero4arch_ipc10_tune_ep055_fr020_kd060_t2_partial_20260706_122417	outputs/cifar100_4agent_25cls_hetero4arch_ipc10_tune_ep055_fr020_kd060_t2_partial_20260706_122417/agents/agent_1/checkpoints/expert_model.pt	4325454	model/checkpoint/packet payload	planned
cifar100_4agent_25cls_hetero4arch_ipc10_tune_ep055_fr020_kd060_t2_partial_20260706_122417	outputs/cifar100_4agent_25cls_hetero4arch_ipc10_tune_ep055_fr020_kd060_t2_partial_20260706_122417/agents/agent_2/packets/dsdm_packet.pt	3126768	model/checkpoint/packet payload	planned
cifar100_4agent_25cls_hetero4arch_ipc10_tune_ep055_fr020_kd060_t2_partial_20260706_122417	outputs/cifar100_4agent_25cls_hetero4arch_ipc10_tune_ep055_fr020_kd060_t2_partial_20260706_122417/agents/agent_2/checkpoints/expert_model.pt	39239126	model/checkpoint/packet payload	planned
cifar100_4agent_25cls_hetero4arch_ipc10_tune_ep055_fr020_kd060_t2_partial_20260706_122417	outputs/cifar100_4agent_25cls_hetero4arch_ipc10_tune_ep055_fr020_kd060_t2_partial_20260706_122417/agents/agent_3/packets/dsdm_packet.pt	3126768	model/checkpoint/packet payload	planned
cifar100_4agent_25cls_hetero4arch_ipc10_tune_ep055_fr020_kd060_t2_partial_20260706_122417	outputs/cifar100_4agent_25cls_hetero4arch_ipc10_tune_ep055_fr020_kd060_t2_partial_20260706_122417/agents/agent_3/checkpoints/expert_model.pt	28123900	model/checkpoint/packet payload	planned
cifar100_4agent_25cls_hetero4arch_ipc10_tune_ep055_fr020_kd060_t2_partial_20260706_122417	outputs/cifar100_4agent_25cls_hetero4arch_ipc10_tune_ep055_fr020_kd060_t2_partial_20260706_122417/packet_hub/dsdm/agent_0_dsdm_packet.pt	3126768	model/checkpoint/packet payload	planned
cifar100_4agent_25cls_hetero4arch_ipc10_tune_ep055_fr020_kd060_t2_partial_20260706_122417	outputs/cifar100_4agent_25cls_hetero4arch_ipc10_tune_ep055_fr020_kd060_t2_partial_20260706_122417/packet_hub/dsdm/agent_1_dsdm_packet.pt	3126768	model/checkpoint/packet payload	planned
cifar100_4agent_25cls_hetero4arch_ipc10_tune_ep055_fr020_kd060_t2_partial_20260706_122417	outputs/cifar100_4agent_25cls_hetero4arch_ipc10_tune_ep055_fr020_kd060_t2_partial_20260706_122417/packet_hub/dsdm/agent_2_dsdm_packet.pt	3126768	model/checkpoint/packet payload	planned
cifar100_4agent_25cls_hetero4arch_ipc10_tune_ep055_fr020_kd060_t2_partial_20260706_122417	outputs/cifar100_4agent_25cls_hetero4arch_ipc10_tune_ep055_fr020_kd060_t2_partial_20260706_122417/packet_hub/dsdm/agent_3_dsdm_packet.pt	3126768	model/checkpoint/packet payload	planned
cifar100_4agent_25cls_hetero4arch_ipc10_tune_ep060_fr015_kd050_t2	outputs/cifar100_4agent_25cls_hetero4arch_ipc10_tune_ep060_fr015_kd050_t2/agents/agent_0/packets/dsdm_packet.pt	3126768	model/checkpoint/packet payload	planned
cifar100_4agent_25cls_hetero4arch_ipc10_tune_ep060_fr015_kd050_t2	outputs/cifar100_4agent_25cls_hetero4arch_ipc10_tune_ep060_fr015_kd050_t2/agents/agent_0/checkpoints/expert_model.pt	2023046	model/checkpoint/packet payload	planned
cifar100_4agent_25cls_hetero4arch_ipc10_tune_ep060_fr015_kd050_t2	outputs/cifar100_4agent_25cls_hetero4arch_ipc10_tune_ep060_fr015_kd050_t2/agents/agent_1/packets/dsdm_packet.pt	3126768	model/checkpoint/packet payload	planned
cifar100_4agent_25cls_hetero4arch_ipc10_tune_ep060_fr015_kd050_t2	outputs/cifar100_4agent_25cls_hetero4arch_ipc10_tune_ep060_fr015_kd050_t2/agents/agent_1/checkpoints/expert_model.pt	4325454	model/checkpoint/packet payload	planned
cifar100_4agent_25cls_hetero4arch_ipc10_tune_ep060_fr015_kd050_t2	outputs/cifar100_4agent_25cls_hetero4arch_ipc10_tune_ep060_fr015_kd050_t2/agents/agent_2/packets/dsdm_packet.pt	3126768	model/checkpoint/packet payload	planned
cifar100_4agent_25cls_hetero4arch_ipc10_tune_ep060_fr015_kd050_t2	outputs/cifar100_4agent_25cls_hetero4arch_ipc10_tune_ep060_fr015_kd050_t2/agents/agent_2/checkpoints/expert_model.pt	39239126	model/checkpoint/packet payload	planned
cifar100_4agent_25cls_hetero4arch_ipc10_tune_ep060_fr015_kd050_t2	outputs/cifar100_4agent_25cls_hetero4arch_ipc10_tune_ep060_fr015_kd050_t2/agents/agent_3/packets/dsdm_packet.pt	3126768	model/checkpoint/packet payload	planned
cifar100_4agent_25cls_hetero4arch_ipc10_tune_ep060_fr015_kd050_t2	outputs/cifar100_4agent_25cls_hetero4arch_ipc10_tune_ep060_fr015_kd050_t2/agents/agent_3/checkpoints/expert_model.pt	28123900	model/checkpoint/packet payload	planned
cifar100_4agent_25cls_hetero4arch_ipc10_tune_ep060_fr015_kd050_t2	outputs/cifar100_4agent_25cls_hetero4arch_ipc10_tune_ep060_fr015_kd050_t2/packet_hub/dsdm/agent_0_dsdm_packet.pt	3126768	model/checkpoint/packet payload	planned
cifar100_4agent_25cls_hetero4arch_ipc10_tune_ep060_fr015_kd050_t2	outputs/cifar100_4agent_25cls_hetero4arch_ipc10_tune_ep060_fr015_kd050_t2/packet_hub/dsdm/agent_1_dsdm_packet.pt	3126768	model/checkpoint/packet payload	planned
cifar100_4agent_25cls_hetero4arch_ipc10_tune_ep060_fr015_kd050_t2	outputs/cifar100_4agent_25cls_hetero4arch_ipc10_tune_ep060_fr015_kd050_t2/packet_hub/dsdm/agent_2_dsdm_packet.pt	3126768	model/checkpoint/packet payload	planned
cifar100_4agent_25cls_hetero4arch_ipc10_tune_ep060_fr015_kd050_t2	outputs/cifar100_4agent_25cls_hetero4arch_ipc10_tune_ep060_fr015_kd050_t2/packet_hub/dsdm/agent_3_dsdm_packet.pt	3126768	model/checkpoint/packet payload	planned
cifar100_4agent_25cls_hetero4arch_ipc10_tune_ep060_fr020_kd050_t2	outputs/cifar100_4agent_25cls_hetero4arch_ipc10_tune_ep060_fr020_kd050_t2/agents/agent_0/packets/dsdm_packet.pt	3126768	model/checkpoint/packet payload	planned
cifar100_4agent_25cls_hetero4arch_ipc10_tune_ep060_fr020_kd050_t2	outputs/cifar100_4agent_25cls_hetero4arch_ipc10_tune_ep060_fr020_kd050_t2/agents/agent_0/checkpoints/expert_model.pt	2023046	model/checkpoint/packet payload	planned
cifar100_4agent_25cls_hetero4arch_ipc10_tune_ep060_fr020_kd050_t2	outputs/cifar100_4agent_25cls_hetero4arch_ipc10_tune_ep060_fr020_kd050_t2/agents/agent_1/packets/dsdm_packet.pt	3126768	model/checkpoint/packet payload	planned
cifar100_4agent_25cls_hetero4arch_ipc10_tune_ep060_fr020_kd050_t2	outputs/cifar100_4agent_25cls_hetero4arch_ipc10_tune_ep060_fr020_kd050_t2/agents/agent_1/checkpoints/expert_model.pt	4325454	model/checkpoint/packet payload	planned
cifar100_4agent_25cls_hetero4arch_ipc10_tune_ep060_fr020_kd050_t2	outputs/cifar100_4agent_25cls_hetero4arch_ipc10_tune_ep060_fr020_kd050_t2/agents/agent_2/packets/dsdm_packet.pt	3126768	model/checkpoint/packet payload	planned
cifar100_4agent_25cls_hetero4arch_ipc10_tune_ep060_fr020_kd050_t2	outputs/cifar100_4agent_25cls_hetero4arch_ipc10_tune_ep060_fr020_kd050_t2/agents/agent_2/checkpoints/expert_model.pt	39239126	model/checkpoint/packet payload	planned
cifar100_4agent_25cls_hetero4arch_ipc10_tune_ep060_fr020_kd050_t2	outputs/cifar100_4agent_25cls_hetero4arch_ipc10_tune_ep060_fr020_kd050_t2/agents/agent_3/packets/dsdm_packet.pt	3126768	model/checkpoint/packet payload	planned
cifar100_4agent_25cls_hetero4arch_ipc10_tune_ep060_fr020_kd050_t2	outputs/cifar100_4agent_25cls_hetero4arch_ipc10_tune_ep060_fr020_kd050_t2/agents/agent_3/checkpoints/expert_model.pt	28123900	model/checkpoint/packet payload	planned
cifar100_4agent_25cls_hetero4arch_ipc10_tune_ep060_fr020_kd050_t2	outputs/cifar100_4agent_25cls_hetero4arch_ipc10_tune_ep060_fr020_kd050_t2/packet_hub/dsdm/agent_0_dsdm_packet.pt	3126768	model/checkpoint/packet payload	planned
cifar100_4agent_25cls_hetero4arch_ipc10_tune_ep060_fr020_kd050_t2	outputs/cifar100_4agent_25cls_hetero4arch_ipc10_tune_ep060_fr020_kd050_t2/packet_hub/dsdm/agent_1_dsdm_packet.pt	3126768	model/checkpoint/packet payload	planned
cifar100_4agent_25cls_hetero4arch_ipc10_tune_ep060_fr020_kd050_t2	outputs/cifar100_4agent_25cls_hetero4arch_ipc10_tune_ep060_fr020_kd050_t2/packet_hub/dsdm/agent_2_dsdm_packet.pt	3126768	model/checkpoint/packet payload	planned
cifar100_4agent_25cls_hetero4arch_ipc10_tune_ep060_fr020_kd050_t2	outputs/cifar100_4agent_25cls_hetero4arch_ipc10_tune_ep060_fr020_kd050_t2/packet_hub/dsdm/agent_3_dsdm_packet.pt	3126768	model/checkpoint/packet payload	planned
cifar100_4agent_25cls_hetero4arch_ipc10_tune_ep060_fr020_kd060_t1	outputs/cifar100_4agent_25cls_hetero4arch_ipc10_tune_ep060_fr020_kd060_t1/agents/agent_0/packets/dsdm_packet.pt	3126768	model/checkpoint/packet payload	planned
cifar100_4agent_25cls_hetero4arch_ipc10_tune_ep060_fr020_kd060_t1	outputs/cifar100_4agent_25cls_hetero4arch_ipc10_tune_ep060_fr020_kd060_t1/agents/agent_0/checkpoints/expert_model.pt	2023046	model/checkpoint/packet payload	planned
cifar100_4agent_25cls_hetero4arch_ipc10_tune_ep060_fr020_kd060_t1	outputs/cifar100_4agent_25cls_hetero4arch_ipc10_tune_ep060_fr020_kd060_t1/agents/agent_1/packets/dsdm_packet.pt	3126768	model/checkpoint/packet payload	planned
cifar100_4agent_25cls_hetero4arch_ipc10_tune_ep060_fr020_kd060_t1	outputs/cifar100_4agent_25cls_hetero4arch_ipc10_tune_ep060_fr020_kd060_t1/agents/agent_1/checkpoints/expert_model.pt	4325454	model/checkpoint/packet payload	planned
cifar100_4agent_25cls_hetero4arch_ipc10_tune_ep060_fr020_kd060_t1	outputs/cifar100_4agent_25cls_hetero4arch_ipc10_tune_ep060_fr020_kd060_t1/agents/agent_2/packets/dsdm_packet.pt	3126768	model/checkpoint/packet payload	planned
cifar100_4agent_25cls_hetero4arch_ipc10_tune_ep060_fr020_kd060_t1	outputs/cifar100_4agent_25cls_hetero4arch_ipc10_tune_ep060_fr020_kd060_t1/agents/agent_2/checkpoints/expert_model.pt	39239126	model/checkpoint/packet payload	planned
cifar100_4agent_25cls_hetero4arch_ipc10_tune_ep060_fr020_kd060_t1	outputs/cifar100_4agent_25cls_hetero4arch_ipc10_tune_ep060_fr020_kd060_t1/agents/agent_3/packets/dsdm_packet.pt	3126768	model/checkpoint/packet payload	planned
cifar100_4agent_25cls_hetero4arch_ipc10_tune_ep060_fr020_kd060_t1	outputs/cifar100_4agent_25cls_hetero4arch_ipc10_tune_ep060_fr020_kd060_t1/agents/agent_3/checkpoints/expert_model.pt	28123900	model/checkpoint/packet payload	planned
cifar100_4agent_25cls_hetero4arch_ipc10_tune_ep060_fr020_kd060_t1	outputs/cifar100_4agent_25cls_hetero4arch_ipc10_tune_ep060_fr020_kd060_t1/packet_hub/dsdm/agent_0_dsdm_packet.pt	3126768	model/checkpoint/packet payload	planned
cifar100_4agent_25cls_hetero4arch_ipc10_tune_ep060_fr020_kd060_t1	outputs/cifar100_4agent_25cls_hetero4arch_ipc10_tune_ep060_fr020_kd060_t1/packet_hub/dsdm/agent_1_dsdm_packet.pt	3126768	model/checkpoint/packet payload	planned
cifar100_4agent_25cls_hetero4arch_ipc10_tune_ep060_fr020_kd060_t1	outputs/cifar100_4agent_25cls_hetero4arch_ipc10_tune_ep060_fr020_kd060_t1/packet_hub/dsdm/agent_2_dsdm_packet.pt	3126768	model/checkpoint/packet payload	planned
cifar100_4agent_25cls_hetero4arch_ipc10_tune_ep060_fr020_kd060_t1	outputs/cifar100_4agent_25cls_hetero4arch_ipc10_tune_ep060_fr020_kd060_t1/packet_hub/dsdm/agent_3_dsdm_packet.pt	3126768	model/checkpoint/packet payload	planned
cifar100_4agent_25cls_hetero4arch_ipc10_tune_ep060_fr020_kd060_t2	outputs/cifar100_4agent_25cls_hetero4arch_ipc10_tune_ep060_fr020_kd060_t2/agents/agent_0/packets/dsdm_packet.pt	3126768	model/checkpoint/packet payload	planned
cifar100_4agent_25cls_hetero4arch_ipc10_tune_ep060_fr020_kd060_t2	outputs/cifar100_4agent_25cls_hetero4arch_ipc10_tune_ep060_fr020_kd060_t2/agents/agent_0/checkpoints/expert_model.pt	2023046	model/checkpoint/packet payload	planned
cifar100_4agent_25cls_hetero4arch_ipc10_tune_ep060_fr020_kd060_t2	outputs/cifar100_4agent_25cls_hetero4arch_ipc10_tune_ep060_fr020_kd060_t2/agents/agent_1/packets/dsdm_packet.pt	3126768	model/checkpoint/packet payload	planned
cifar100_4agent_25cls_hetero4arch_ipc10_tune_ep060_fr020_kd060_t2	outputs/cifar100_4agent_25cls_hetero4arch_ipc10_tune_ep060_fr020_kd060_t2/agents/agent_1/checkpoints/expert_model.pt	4325454	model/checkpoint/packet payload	planned
cifar100_4agent_25cls_hetero4arch_ipc10_tune_ep060_fr020_kd060_t2	outputs/cifar100_4agent_25cls_hetero4arch_ipc10_tune_ep060_fr020_kd060_t2/agents/agent_2/packets/dsdm_packet.pt	3126768	model/checkpoint/packet payload	planned
cifar100_4agent_25cls_hetero4arch_ipc10_tune_ep060_fr020_kd060_t2	outputs/cifar100_4agent_25cls_hetero4arch_ipc10_tune_ep060_fr020_kd060_t2/agents/agent_2/checkpoints/expert_model.pt	39239126	model/checkpoint/packet payload	planned
cifar100_4agent_25cls_hetero4arch_ipc10_tune_ep060_fr020_kd060_t2	outputs/cifar100_4agent_25cls_hetero4arch_ipc10_tune_ep060_fr020_kd060_t2/agents/agent_3/packets/dsdm_packet.pt	3126768	model/checkpoint/packet payload	planned
cifar100_4agent_25cls_hetero4arch_ipc10_tune_ep060_fr020_kd060_t2	outputs/cifar100_4agent_25cls_hetero4arch_ipc10_tune_ep060_fr020_kd060_t2/agents/agent_3/checkpoints/expert_model.pt	28123900	model/checkpoint/packet payload	planned
cifar100_4agent_25cls_hetero4arch_ipc10_tune_ep060_fr020_kd060_t2	outputs/cifar100_4agent_25cls_hetero4arch_ipc10_tune_ep060_fr020_kd060_t2/packet_hub/dsdm/agent_0_dsdm_packet.pt	3126768	model/checkpoint/packet payload	planned
cifar100_4agent_25cls_hetero4arch_ipc10_tune_ep060_fr020_kd060_t2	outputs/cifar100_4agent_25cls_hetero4arch_ipc10_tune_ep060_fr020_kd060_t2/packet_hub/dsdm/agent_1_dsdm_packet.pt	3126768	model/checkpoint/packet payload	planned
cifar100_4agent_25cls_hetero4arch_ipc10_tune_ep060_fr020_kd060_t2	outputs/cifar100_4agent_25cls_hetero4arch_ipc10_tune_ep060_fr020_kd060_t2/packet_hub/dsdm/agent_2_dsdm_packet.pt	3126768	model/checkpoint/packet payload	planned
cifar100_4agent_25cls_hetero4arch_ipc10_tune_ep060_fr020_kd060_t2	outputs/cifar100_4agent_25cls_hetero4arch_ipc10_tune_ep060_fr020_kd060_t2/packet_hub/dsdm/agent_3_dsdm_packet.pt	3126768	model/checkpoint/packet payload	planned
cifar100_4agent_25cls_hetero4arch_ipc10_tune_ep060_fr020_kd060_t2_latesched	outputs/cifar100_4agent_25cls_hetero4arch_ipc10_tune_ep060_fr020_kd060_t2_latesched/agents/agent_0/packets/dsdm_packet.pt	3126768	model/checkpoint/packet payload	planned
cifar100_4agent_25cls_hetero4arch_ipc10_tune_ep060_fr020_kd060_t2_latesched	outputs/cifar100_4agent_25cls_hetero4arch_ipc10_tune_ep060_fr020_kd060_t2_latesched/agents/agent_0/checkpoints/expert_model.pt	2023046	model/checkpoint/packet payload	planned
cifar100_4agent_25cls_hetero4arch_ipc10_tune_ep060_fr020_kd060_t2_latesched	outputs/cifar100_4agent_25cls_hetero4arch_ipc10_tune_ep060_fr020_kd060_t2_latesched/agents/agent_1/packets/dsdm_packet.pt	3126768	model/checkpoint/packet payload	planned
cifar100_4agent_25cls_hetero4arch_ipc10_tune_ep060_fr020_kd060_t2_latesched	outputs/cifar100_4agent_25cls_hetero4arch_ipc10_tune_ep060_fr020_kd060_t2_latesched/agents/agent_1/checkpoints/expert_model.pt	4325454	model/checkpoint/packet payload	planned
cifar100_4agent_25cls_hetero4arch_ipc10_tune_ep060_fr020_kd060_t2_latesched	outputs/cifar100_4agent_25cls_hetero4arch_ipc10_tune_ep060_fr020_kd060_t2_latesched/agents/agent_2/packets/dsdm_packet.pt	3126768	model/checkpoint/packet payload	planned
cifar100_4agent_25cls_hetero4arch_ipc10_tune_ep060_fr020_kd060_t2_latesched	outputs/cifar100_4agent_25cls_hetero4arch_ipc10_tune_ep060_fr020_kd060_t2_latesched/agents/agent_2/checkpoints/expert_model.pt	39239126	model/checkpoint/packet payload	planned
cifar100_4agent_25cls_hetero4arch_ipc10_tune_ep060_fr020_kd060_t2_latesched	outputs/cifar100_4agent_25cls_hetero4arch_ipc10_tune_ep060_fr020_kd060_t2_latesched/agents/agent_3/packets/dsdm_packet.pt	3126768	model/checkpoint/packet payload	planned
cifar100_4agent_25cls_hetero4arch_ipc10_tune_ep060_fr020_kd060_t2_latesched	outputs/cifar100_4agent_25cls_hetero4arch_ipc10_tune_ep060_fr020_kd060_t2_latesched/agents/agent_3/checkpoints/expert_model.pt	28123900	model/checkpoint/packet payload	planned
cifar100_4agent_25cls_hetero4arch_ipc10_tune_ep060_fr020_kd060_t2_latesched	outputs/cifar100_4agent_25cls_hetero4arch_ipc10_tune_ep060_fr020_kd060_t2_latesched/packet_hub/dsdm/agent_0_dsdm_packet.pt	3126768	model/checkpoint/packet payload	planned
cifar100_4agent_25cls_hetero4arch_ipc10_tune_ep060_fr020_kd060_t2_latesched	outputs/cifar100_4agent_25cls_hetero4arch_ipc10_tune_ep060_fr020_kd060_t2_latesched/packet_hub/dsdm/agent_1_dsdm_packet.pt	3126768	model/checkpoint/packet payload	planned
cifar100_4agent_25cls_hetero4arch_ipc10_tune_ep060_fr020_kd060_t2_latesched	outputs/cifar100_4agent_25cls_hetero4arch_ipc10_tune_ep060_fr020_kd060_t2_latesched/packet_hub/dsdm/agent_2_dsdm_packet.pt	3126768	model/checkpoint/packet payload	planned
cifar100_4agent_25cls_hetero4arch_ipc10_tune_ep060_fr020_kd060_t2_latesched	outputs/cifar100_4agent_25cls_hetero4arch_ipc10_tune_ep060_fr020_kd060_t2_latesched/packet_hub/dsdm/agent_3_dsdm_packet.pt	3126768	model/checkpoint/packet payload	planned
cifar100_4agent_25cls_hetero4arch_ipc10_tune_ep060_fr020_kd060_t2_sched	outputs/cifar100_4agent_25cls_hetero4arch_ipc10_tune_ep060_fr020_kd060_t2_sched/agents/agent_0/packets/dsdm_packet.pt	3126768	model/checkpoint/packet payload	planned
cifar100_4agent_25cls_hetero4arch_ipc10_tune_ep060_fr020_kd060_t2_sched	outputs/cifar100_4agent_25cls_hetero4arch_ipc10_tune_ep060_fr020_kd060_t2_sched/agents/agent_0/checkpoints/expert_model.pt	2023046	model/checkpoint/packet payload	planned
cifar100_4agent_25cls_hetero4arch_ipc10_tune_ep060_fr020_kd060_t2_sched	outputs/cifar100_4agent_25cls_hetero4arch_ipc10_tune_ep060_fr020_kd060_t2_sched/agents/agent_1/packets/dsdm_packet.pt	3126768	model/checkpoint/packet payload	planned
cifar100_4agent_25cls_hetero4arch_ipc10_tune_ep060_fr020_kd060_t2_sched	outputs/cifar100_4agent_25cls_hetero4arch_ipc10_tune_ep060_fr020_kd060_t2_sched/agents/agent_1/checkpoints/expert_model.pt	4325454	model/checkpoint/packet payload	planned
cifar100_4agent_25cls_hetero4arch_ipc10_tune_ep060_fr020_kd060_t2_sched	outputs/cifar100_4agent_25cls_hetero4arch_ipc10_tune_ep060_fr020_kd060_t2_sched/agents/agent_2/packets/dsdm_packet.pt	3126768	model/checkpoint/packet payload	planned
cifar100_4agent_25cls_hetero4arch_ipc10_tune_ep060_fr020_kd060_t2_sched	outputs/cifar100_4agent_25cls_hetero4arch_ipc10_tune_ep060_fr020_kd060_t2_sched/agents/agent_2/checkpoints/expert_model.pt	39239126	model/checkpoint/packet payload	planned
cifar100_4agent_25cls_hetero4arch_ipc10_tune_ep060_fr020_kd060_t2_sched	outputs/cifar100_4agent_25cls_hetero4arch_ipc10_tune_ep060_fr020_kd060_t2_sched/agents/agent_3/packets/dsdm_packet.pt	3126768	model/checkpoint/packet payload	planned
cifar100_4agent_25cls_hetero4arch_ipc10_tune_ep060_fr020_kd060_t2_sched	outputs/cifar100_4agent_25cls_hetero4arch_ipc10_tune_ep060_fr020_kd060_t2_sched/agents/agent_3/checkpoints/expert_model.pt	28123900	model/checkpoint/packet payload	planned
cifar100_4agent_25cls_hetero4arch_ipc10_tune_ep060_fr020_kd060_t2_sched	outputs/cifar100_4agent_25cls_hetero4arch_ipc10_tune_ep060_fr020_kd060_t2_sched/packet_hub/dsdm/agent_0_dsdm_packet.pt	3126768	model/checkpoint/packet payload	planned
cifar100_4agent_25cls_hetero4arch_ipc10_tune_ep060_fr020_kd060_t2_sched	outputs/cifar100_4agent_25cls_hetero4arch_ipc10_tune_ep060_fr020_kd060_t2_sched/packet_hub/dsdm/agent_1_dsdm_packet.pt	3126768	model/checkpoint/packet payload	planned
cifar100_4agent_25cls_hetero4arch_ipc10_tune_ep060_fr020_kd060_t2_sched	outputs/cifar100_4agent_25cls_hetero4arch_ipc10_tune_ep060_fr020_kd060_t2_sched/packet_hub/dsdm/agent_2_dsdm_packet.pt	3126768	model/checkpoint/packet payload	planned
cifar100_4agent_25cls_hetero4arch_ipc10_tune_ep060_fr020_kd060_t2_sched	outputs/cifar100_4agent_25cls_hetero4arch_ipc10_tune_ep060_fr020_kd060_t2_sched/packet_hub/dsdm/agent_3_dsdm_packet.pt	3126768	model/checkpoint/packet payload	planned
cifar100_4agent_25cls_hetero4arch_ipc10_tune_ep060_fr020_kd060_t2_sched_latesched	outputs/cifar100_4agent_25cls_hetero4arch_ipc10_tune_ep060_fr020_kd060_t2_sched_latesched/agents/agent_0/packets/dsdm_packet.pt	3126768	model/checkpoint/packet payload	planned
cifar100_4agent_25cls_hetero4arch_ipc10_tune_ep060_fr020_kd060_t2_sched_latesched	outputs/cifar100_4agent_25cls_hetero4arch_ipc10_tune_ep060_fr020_kd060_t2_sched_latesched/agents/agent_0/checkpoints/expert_model.pt	2023046	model/checkpoint/packet payload	planned
cifar100_4agent_25cls_hetero4arch_ipc10_tune_ep060_fr020_kd060_t2_sched_latesched	outputs/cifar100_4agent_25cls_hetero4arch_ipc10_tune_ep060_fr020_kd060_t2_sched_latesched/agents/agent_1/packets/dsdm_packet.pt	3126768	model/checkpoint/packet payload	planned
cifar100_4agent_25cls_hetero4arch_ipc10_tune_ep060_fr020_kd060_t2_sched_latesched	outputs/cifar100_4agent_25cls_hetero4arch_ipc10_tune_ep060_fr020_kd060_t2_sched_latesched/agents/agent_1/checkpoints/expert_model.pt	4325454	model/checkpoint/packet payload	planned
cifar100_4agent_25cls_hetero4arch_ipc10_tune_ep060_fr020_kd060_t2_sched_latesched	outputs/cifar100_4agent_25cls_hetero4arch_ipc10_tune_ep060_fr020_kd060_t2_sched_latesched/agents/agent_2/packets/dsdm_packet.pt	3126768	model/checkpoint/packet payload	planned
cifar100_4agent_25cls_hetero4arch_ipc10_tune_ep060_fr020_kd060_t2_sched_latesched	outputs/cifar100_4agent_25cls_hetero4arch_ipc10_tune_ep060_fr020_kd060_t2_sched_latesched/agents/agent_2/checkpoints/expert_model.pt	39239126	model/checkpoint/packet payload	planned
cifar100_4agent_25cls_hetero4arch_ipc10_tune_ep060_fr020_kd060_t2_sched_latesched	outputs/cifar100_4agent_25cls_hetero4arch_ipc10_tune_ep060_fr020_kd060_t2_sched_latesched/agents/agent_3/packets/dsdm_packet.pt	3126768	model/checkpoint/packet payload	planned
cifar100_4agent_25cls_hetero4arch_ipc10_tune_ep060_fr020_kd060_t2_sched_latesched	outputs/cifar100_4agent_25cls_hetero4arch_ipc10_tune_ep060_fr020_kd060_t2_sched_latesched/agents/agent_3/checkpoints/expert_model.pt	28123900	model/checkpoint/packet payload	planned
cifar100_4agent_25cls_hetero4arch_ipc10_tune_ep060_fr020_kd060_t2_sched_latesched	outputs/cifar100_4agent_25cls_hetero4arch_ipc10_tune_ep060_fr020_kd060_t2_sched_latesched/packet_hub/dsdm/agent_0_dsdm_packet.pt	3126768	model/checkpoint/packet payload	planned
cifar100_4agent_25cls_hetero4arch_ipc10_tune_ep060_fr020_kd060_t2_sched_latesched	outputs/cifar100_4agent_25cls_hetero4arch_ipc10_tune_ep060_fr020_kd060_t2_sched_latesched/packet_hub/dsdm/agent_1_dsdm_packet.pt	3126768	model/checkpoint/packet payload	planned
cifar100_4agent_25cls_hetero4arch_ipc10_tune_ep060_fr020_kd060_t2_sched_latesched	outputs/cifar100_4agent_25cls_hetero4arch_ipc10_tune_ep060_fr020_kd060_t2_sched_latesched/packet_hub/dsdm/agent_2_dsdm_packet.pt	3126768	model/checkpoint/packet payload	planned
cifar100_4agent_25cls_hetero4arch_ipc10_tune_ep060_fr020_kd060_t2_sched_latesched	outputs/cifar100_4agent_25cls_hetero4arch_ipc10_tune_ep060_fr020_kd060_t2_sched_latesched/packet_hub/dsdm/agent_3_dsdm_packet.pt	3126768	model/checkpoint/packet payload	planned
cifar100_4agent_25cls_hetero4arch_ipc10_tune_ep060_fr020_kd060_t2_sched_self15	outputs/cifar100_4agent_25cls_hetero4arch_ipc10_tune_ep060_fr020_kd060_t2_sched_self15/agents/agent_0/packets/dsdm_packet.pt	3126768	model/checkpoint/packet payload	planned
cifar100_4agent_25cls_hetero4arch_ipc10_tune_ep060_fr020_kd060_t2_sched_self15	outputs/cifar100_4agent_25cls_hetero4arch_ipc10_tune_ep060_fr020_kd060_t2_sched_self15/agents/agent_0/checkpoints/expert_model.pt	2023046	model/checkpoint/packet payload	planned
cifar100_4agent_25cls_hetero4arch_ipc10_tune_ep060_fr020_kd060_t2_sched_self15	outputs/cifar100_4agent_25cls_hetero4arch_ipc10_tune_ep060_fr020_kd060_t2_sched_self15/agents/agent_1/packets/dsdm_packet.pt	3126768	model/checkpoint/packet payload	planned
cifar100_4agent_25cls_hetero4arch_ipc10_tune_ep060_fr020_kd060_t2_sched_self15	outputs/cifar100_4agent_25cls_hetero4arch_ipc10_tune_ep060_fr020_kd060_t2_sched_self15/agents/agent_1/checkpoints/expert_model.pt	4325454	model/checkpoint/packet payload	planned
cifar100_4agent_25cls_hetero4arch_ipc10_tune_ep060_fr020_kd060_t2_sched_self15	outputs/cifar100_4agent_25cls_hetero4arch_ipc10_tune_ep060_fr020_kd060_t2_sched_self15/agents/agent_2/packets/dsdm_packet.pt	3126768	model/checkpoint/packet payload	planned
cifar100_4agent_25cls_hetero4arch_ipc10_tune_ep060_fr020_kd060_t2_sched_self15	outputs/cifar100_4agent_25cls_hetero4arch_ipc10_tune_ep060_fr020_kd060_t2_sched_self15/agents/agent_2/checkpoints/expert_model.pt	39239126	model/checkpoint/packet payload	planned
cifar100_4agent_25cls_hetero4arch_ipc10_tune_ep060_fr020_kd060_t2_sched_self15	outputs/cifar100_4agent_25cls_hetero4arch_ipc10_tune_ep060_fr020_kd060_t2_sched_self15/agents/agent_3/packets/dsdm_packet.pt	3126768	model/checkpoint/packet payload	planned
cifar100_4agent_25cls_hetero4arch_ipc10_tune_ep060_fr020_kd060_t2_sched_self15	outputs/cifar100_4agent_25cls_hetero4arch_ipc10_tune_ep060_fr020_kd060_t2_sched_self15/agents/agent_3/checkpoints/expert_model.pt	28123900	model/checkpoint/packet payload	planned
cifar100_4agent_25cls_hetero4arch_ipc10_tune_ep060_fr020_kd060_t2_sched_self15	outputs/cifar100_4agent_25cls_hetero4arch_ipc10_tune_ep060_fr020_kd060_t2_sched_self15/packet_hub/dsdm/agent_0_dsdm_packet.pt	3126768	model/checkpoint/packet payload	planned
cifar100_4agent_25cls_hetero4arch_ipc10_tune_ep060_fr020_kd060_t2_sched_self15	outputs/cifar100_4agent_25cls_hetero4arch_ipc10_tune_ep060_fr020_kd060_t2_sched_self15/packet_hub/dsdm/agent_1_dsdm_packet.pt	3126768	model/checkpoint/packet payload	planned
cifar100_4agent_25cls_hetero4arch_ipc10_tune_ep060_fr020_kd060_t2_sched_self15	outputs/cifar100_4agent_25cls_hetero4arch_ipc10_tune_ep060_fr020_kd060_t2_sched_self15/packet_hub/dsdm/agent_2_dsdm_packet.pt	3126768	model/checkpoint/packet payload	planned
cifar100_4agent_25cls_hetero4arch_ipc10_tune_ep060_fr020_kd060_t2_sched_self15	outputs/cifar100_4agent_25cls_hetero4arch_ipc10_tune_ep060_fr020_kd060_t2_sched_self15/packet_hub/dsdm/agent_3_dsdm_packet.pt	3126768	model/checkpoint/packet payload	planned
cifar100_4agent_25cls_hetero4arch_ipc10_tune_ep060_fr020_kd060_t2_self15	outputs/cifar100_4agent_25cls_hetero4arch_ipc10_tune_ep060_fr020_kd060_t2_self15/agents/agent_0/packets/dsdm_packet.pt	3126768	model/checkpoint/packet payload	planned
cifar100_4agent_25cls_hetero4arch_ipc10_tune_ep060_fr020_kd060_t2_self15	outputs/cifar100_4agent_25cls_hetero4arch_ipc10_tune_ep060_fr020_kd060_t2_self15/agents/agent_0/checkpoints/expert_model.pt	2023046	model/checkpoint/packet payload	planned
cifar100_4agent_25cls_hetero4arch_ipc10_tune_ep060_fr020_kd060_t2_self15	outputs/cifar100_4agent_25cls_hetero4arch_ipc10_tune_ep060_fr020_kd060_t2_self15/agents/agent_1/packets/dsdm_packet.pt	3126768	model/checkpoint/packet payload	planned
cifar100_4agent_25cls_hetero4arch_ipc10_tune_ep060_fr020_kd060_t2_self15	outputs/cifar100_4agent_25cls_hetero4arch_ipc10_tune_ep060_fr020_kd060_t2_self15/agents/agent_1/checkpoints/expert_model.pt	4325454	model/checkpoint/packet payload	planned
cifar100_4agent_25cls_hetero4arch_ipc10_tune_ep060_fr020_kd060_t2_self15	outputs/cifar100_4agent_25cls_hetero4arch_ipc10_tune_ep060_fr020_kd060_t2_self15/agents/agent_2/packets/dsdm_packet.pt	3126768	model/checkpoint/packet payload	planned
cifar100_4agent_25cls_hetero4arch_ipc10_tune_ep060_fr020_kd060_t2_self15	outputs/cifar100_4agent_25cls_hetero4arch_ipc10_tune_ep060_fr020_kd060_t2_self15/agents/agent_2/checkpoints/expert_model.pt	39239126	model/checkpoint/packet payload	planned
cifar100_4agent_25cls_hetero4arch_ipc10_tune_ep060_fr020_kd060_t2_self15	outputs/cifar100_4agent_25cls_hetero4arch_ipc10_tune_ep060_fr020_kd060_t2_self15/agents/agent_3/packets/dsdm_packet.pt	3126768	model/checkpoint/packet payload	planned
cifar100_4agent_25cls_hetero4arch_ipc10_tune_ep060_fr020_kd060_t2_self15	outputs/cifar100_4agent_25cls_hetero4arch_ipc10_tune_ep060_fr020_kd060_t2_self15/agents/agent_3/checkpoints/expert_model.pt	28123900	model/checkpoint/packet payload	planned
cifar100_4agent_25cls_hetero4arch_ipc10_tune_ep060_fr020_kd060_t2_self15	outputs/cifar100_4agent_25cls_hetero4arch_ipc10_tune_ep060_fr020_kd060_t2_self15/packet_hub/dsdm/agent_0_dsdm_packet.pt	3126768	model/checkpoint/packet payload	planned
cifar100_4agent_25cls_hetero4arch_ipc10_tune_ep060_fr020_kd060_t2_self15	outputs/cifar100_4agent_25cls_hetero4arch_ipc10_tune_ep060_fr020_kd060_t2_self15/packet_hub/dsdm/agent_1_dsdm_packet.pt	3126768	model/checkpoint/packet payload	planned
cifar100_4agent_25cls_hetero4arch_ipc10_tune_ep060_fr020_kd060_t2_self15	outputs/cifar100_4agent_25cls_hetero4arch_ipc10_tune_ep060_fr020_kd060_t2_self15/packet_hub/dsdm/agent_2_dsdm_packet.pt	3126768	model/checkpoint/packet payload	planned
cifar100_4agent_25cls_hetero4arch_ipc10_tune_ep060_fr020_kd060_t2_self15	outputs/cifar100_4agent_25cls_hetero4arch_ipc10_tune_ep060_fr020_kd060_t2_self15/packet_hub/dsdm/agent_3_dsdm_packet.pt	3126768	model/checkpoint/packet payload	planned
cifar100_4agent_25cls_hetero4arch_ipc10_tune_ep060_fr020_kd060_t2_self20	outputs/cifar100_4agent_25cls_hetero4arch_ipc10_tune_ep060_fr020_kd060_t2_self20/agents/agent_0/packets/dsdm_packet.pt	3126768	model/checkpoint/packet payload	planned
cifar100_4agent_25cls_hetero4arch_ipc10_tune_ep060_fr020_kd060_t2_self20	outputs/cifar100_4agent_25cls_hetero4arch_ipc10_tune_ep060_fr020_kd060_t2_self20/agents/agent_0/checkpoints/expert_model.pt	2023046	model/checkpoint/packet payload	planned
cifar100_4agent_25cls_hetero4arch_ipc10_tune_ep060_fr020_kd060_t2_self20	outputs/cifar100_4agent_25cls_hetero4arch_ipc10_tune_ep060_fr020_kd060_t2_self20/agents/agent_1/packets/dsdm_packet.pt	3126768	model/checkpoint/packet payload	planned
cifar100_4agent_25cls_hetero4arch_ipc10_tune_ep060_fr020_kd060_t2_self20	outputs/cifar100_4agent_25cls_hetero4arch_ipc10_tune_ep060_fr020_kd060_t2_self20/agents/agent_1/checkpoints/expert_model.pt	4325454	model/checkpoint/packet payload	planned
cifar100_4agent_25cls_hetero4arch_ipc10_tune_ep060_fr020_kd060_t2_self20	outputs/cifar100_4agent_25cls_hetero4arch_ipc10_tune_ep060_fr020_kd060_t2_self20/agents/agent_2/packets/dsdm_packet.pt	3126768	model/checkpoint/packet payload	planned
cifar100_4agent_25cls_hetero4arch_ipc10_tune_ep060_fr020_kd060_t2_self20	outputs/cifar100_4agent_25cls_hetero4arch_ipc10_tune_ep060_fr020_kd060_t2_self20/agents/agent_2/checkpoints/expert_model.pt	39239126	model/checkpoint/packet payload	planned
cifar100_4agent_25cls_hetero4arch_ipc10_tune_ep060_fr020_kd060_t2_self20	outputs/cifar100_4agent_25cls_hetero4arch_ipc10_tune_ep060_fr020_kd060_t2_self20/agents/agent_3/packets/dsdm_packet.pt	3126768	model/checkpoint/packet payload	planned
cifar100_4agent_25cls_hetero4arch_ipc10_tune_ep060_fr020_kd060_t2_self20	outputs/cifar100_4agent_25cls_hetero4arch_ipc10_tune_ep060_fr020_kd060_t2_self20/agents/agent_3/checkpoints/expert_model.pt	28123900	model/checkpoint/packet payload	planned
cifar100_4agent_25cls_hetero4arch_ipc10_tune_ep060_fr020_kd060_t2_self20	outputs/cifar100_4agent_25cls_hetero4arch_ipc10_tune_ep060_fr020_kd060_t2_self20/packet_hub/dsdm/agent_0_dsdm_packet.pt	3126768	model/checkpoint/packet payload	planned
cifar100_4agent_25cls_hetero4arch_ipc10_tune_ep060_fr020_kd060_t2_self20	outputs/cifar100_4agent_25cls_hetero4arch_ipc10_tune_ep060_fr020_kd060_t2_self20/packet_hub/dsdm/agent_1_dsdm_packet.pt	3126768	model/checkpoint/packet payload	planned
cifar100_4agent_25cls_hetero4arch_ipc10_tune_ep060_fr020_kd060_t2_self20	outputs/cifar100_4agent_25cls_hetero4arch_ipc10_tune_ep060_fr020_kd060_t2_self20/packet_hub/dsdm/agent_2_dsdm_packet.pt	3126768	model/checkpoint/packet payload	planned
cifar100_4agent_25cls_hetero4arch_ipc10_tune_ep060_fr020_kd060_t2_self20	outputs/cifar100_4agent_25cls_hetero4arch_ipc10_tune_ep060_fr020_kd060_t2_self20/packet_hub/dsdm/agent_3_dsdm_packet.pt	3126768	model/checkpoint/packet payload	planned
cifar100_4agent_25cls_hetero4arch_ipc10_tune_ep060_fr020_kd060_t3	outputs/cifar100_4agent_25cls_hetero4arch_ipc10_tune_ep060_fr020_kd060_t3/agents/agent_0/packets/dsdm_packet.pt	3126768	model/checkpoint/packet payload	planned
cifar100_4agent_25cls_hetero4arch_ipc10_tune_ep060_fr020_kd060_t3	outputs/cifar100_4agent_25cls_hetero4arch_ipc10_tune_ep060_fr020_kd060_t3/agents/agent_0/checkpoints/expert_model.pt	2023046	model/checkpoint/packet payload	planned
cifar100_4agent_25cls_hetero4arch_ipc10_tune_ep060_fr020_kd060_t3	outputs/cifar100_4agent_25cls_hetero4arch_ipc10_tune_ep060_fr020_kd060_t3/agents/agent_1/packets/dsdm_packet.pt	3126768	model/checkpoint/packet payload	planned
cifar100_4agent_25cls_hetero4arch_ipc10_tune_ep060_fr020_kd060_t3	outputs/cifar100_4agent_25cls_hetero4arch_ipc10_tune_ep060_fr020_kd060_t3/agents/agent_1/checkpoints/expert_model.pt	4325454	model/checkpoint/packet payload	planned
cifar100_4agent_25cls_hetero4arch_ipc10_tune_ep060_fr020_kd060_t3	outputs/cifar100_4agent_25cls_hetero4arch_ipc10_tune_ep060_fr020_kd060_t3/agents/agent_2/packets/dsdm_packet.pt	3126768	model/checkpoint/packet payload	planned
cifar100_4agent_25cls_hetero4arch_ipc10_tune_ep060_fr020_kd060_t3	outputs/cifar100_4agent_25cls_hetero4arch_ipc10_tune_ep060_fr020_kd060_t3/agents/agent_2/checkpoints/expert_model.pt	39239126	model/checkpoint/packet payload	planned
cifar100_4agent_25cls_hetero4arch_ipc10_tune_ep060_fr020_kd060_t3	outputs/cifar100_4agent_25cls_hetero4arch_ipc10_tune_ep060_fr020_kd060_t3/agents/agent_3/packets/dsdm_packet.pt	3126768	model/checkpoint/packet payload	planned
cifar100_4agent_25cls_hetero4arch_ipc10_tune_ep060_fr020_kd060_t3	outputs/cifar100_4agent_25cls_hetero4arch_ipc10_tune_ep060_fr020_kd060_t3/agents/agent_3/checkpoints/expert_model.pt	28123900	model/checkpoint/packet payload	planned
cifar100_4agent_25cls_hetero4arch_ipc10_tune_ep060_fr020_kd060_t3	outputs/cifar100_4agent_25cls_hetero4arch_ipc10_tune_ep060_fr020_kd060_t3/packet_hub/dsdm/agent_0_dsdm_packet.pt	3126768	model/checkpoint/packet payload	planned
cifar100_4agent_25cls_hetero4arch_ipc10_tune_ep060_fr020_kd060_t3	outputs/cifar100_4agent_25cls_hetero4arch_ipc10_tune_ep060_fr020_kd060_t3/packet_hub/dsdm/agent_1_dsdm_packet.pt	3126768	model/checkpoint/packet payload	planned
cifar100_4agent_25cls_hetero4arch_ipc10_tune_ep060_fr020_kd060_t3	outputs/cifar100_4agent_25cls_hetero4arch_ipc10_tune_ep060_fr020_kd060_t3/packet_hub/dsdm/agent_2_dsdm_packet.pt	3126768	model/checkpoint/packet payload	planned
cifar100_4agent_25cls_hetero4arch_ipc10_tune_ep060_fr020_kd060_t3	outputs/cifar100_4agent_25cls_hetero4arch_ipc10_tune_ep060_fr020_kd060_t3/packet_hub/dsdm/agent_3_dsdm_packet.pt	3126768	model/checkpoint/packet payload	planned
cifar100_4agent_25cls_hetero4arch_ipc10_tune_ep060_fr020_kd060_t3_sched	outputs/cifar100_4agent_25cls_hetero4arch_ipc10_tune_ep060_fr020_kd060_t3_sched/agents/agent_0/packets/dsdm_packet.pt	3126768	model/checkpoint/packet payload	planned
cifar100_4agent_25cls_hetero4arch_ipc10_tune_ep060_fr020_kd060_t3_sched	outputs/cifar100_4agent_25cls_hetero4arch_ipc10_tune_ep060_fr020_kd060_t3_sched/agents/agent_0/checkpoints/expert_model.pt	2023046	model/checkpoint/packet payload	planned
cifar100_4agent_25cls_hetero4arch_ipc10_tune_ep060_fr020_kd060_t3_sched	outputs/cifar100_4agent_25cls_hetero4arch_ipc10_tune_ep060_fr020_kd060_t3_sched/agents/agent_1/packets/dsdm_packet.pt	3126768	model/checkpoint/packet payload	planned
cifar100_4agent_25cls_hetero4arch_ipc10_tune_ep060_fr020_kd060_t3_sched	outputs/cifar100_4agent_25cls_hetero4arch_ipc10_tune_ep060_fr020_kd060_t3_sched/agents/agent_1/checkpoints/expert_model.pt	4325454	model/checkpoint/packet payload	planned
cifar100_4agent_25cls_hetero4arch_ipc10_tune_ep060_fr020_kd060_t3_sched	outputs/cifar100_4agent_25cls_hetero4arch_ipc10_tune_ep060_fr020_kd060_t3_sched/agents/agent_2/packets/dsdm_packet.pt	3126768	model/checkpoint/packet payload	planned
cifar100_4agent_25cls_hetero4arch_ipc10_tune_ep060_fr020_kd060_t3_sched	outputs/cifar100_4agent_25cls_hetero4arch_ipc10_tune_ep060_fr020_kd060_t3_sched/agents/agent_2/checkpoints/expert_model.pt	39239126	model/checkpoint/packet payload	planned
cifar100_4agent_25cls_hetero4arch_ipc10_tune_ep060_fr020_kd060_t3_sched	outputs/cifar100_4agent_25cls_hetero4arch_ipc10_tune_ep060_fr020_kd060_t3_sched/agents/agent_3/packets/dsdm_packet.pt	3126768	model/checkpoint/packet payload	planned
cifar100_4agent_25cls_hetero4arch_ipc10_tune_ep060_fr020_kd060_t3_sched	outputs/cifar100_4agent_25cls_hetero4arch_ipc10_tune_ep060_fr020_kd060_t3_sched/agents/agent_3/checkpoints/expert_model.pt	28123900	model/checkpoint/packet payload	planned
cifar100_4agent_25cls_hetero4arch_ipc10_tune_ep060_fr020_kd060_t3_sched	outputs/cifar100_4agent_25cls_hetero4arch_ipc10_tune_ep060_fr020_kd060_t3_sched/packet_hub/dsdm/agent_0_dsdm_packet.pt	3126768	model/checkpoint/packet payload	planned
cifar100_4agent_25cls_hetero4arch_ipc10_tune_ep060_fr020_kd060_t3_sched	outputs/cifar100_4agent_25cls_hetero4arch_ipc10_tune_ep060_fr020_kd060_t3_sched/packet_hub/dsdm/agent_1_dsdm_packet.pt	3126768	model/checkpoint/packet payload	planned
cifar100_4agent_25cls_hetero4arch_ipc10_tune_ep060_fr020_kd060_t3_sched	outputs/cifar100_4agent_25cls_hetero4arch_ipc10_tune_ep060_fr020_kd060_t3_sched/packet_hub/dsdm/agent_2_dsdm_packet.pt	3126768	model/checkpoint/packet payload	planned
cifar100_4agent_25cls_hetero4arch_ipc10_tune_ep060_fr020_kd060_t3_sched	outputs/cifar100_4agent_25cls_hetero4arch_ipc10_tune_ep060_fr020_kd060_t3_sched/packet_hub/dsdm/agent_3_dsdm_packet.pt	3126768	model/checkpoint/packet payload	planned
cifar100_4agent_25cls_hetero4arch_ipc10_tune_ep060_fr020_kd060_t4	outputs/cifar100_4agent_25cls_hetero4arch_ipc10_tune_ep060_fr020_kd060_t4/agents/agent_0/packets/dsdm_packet.pt	3126768	model/checkpoint/packet payload	planned
cifar100_4agent_25cls_hetero4arch_ipc10_tune_ep060_fr020_kd060_t4	outputs/cifar100_4agent_25cls_hetero4arch_ipc10_tune_ep060_fr020_kd060_t4/agents/agent_0/checkpoints/expert_model.pt	2023046	model/checkpoint/packet payload	planned
cifar100_4agent_25cls_hetero4arch_ipc10_tune_ep060_fr020_kd060_t4	outputs/cifar100_4agent_25cls_hetero4arch_ipc10_tune_ep060_fr020_kd060_t4/agents/agent_1/packets/dsdm_packet.pt	3126768	model/checkpoint/packet payload	planned
cifar100_4agent_25cls_hetero4arch_ipc10_tune_ep060_fr020_kd060_t4	outputs/cifar100_4agent_25cls_hetero4arch_ipc10_tune_ep060_fr020_kd060_t4/agents/agent_1/checkpoints/expert_model.pt	4325454	model/checkpoint/packet payload	planned
cifar100_4agent_25cls_hetero4arch_ipc10_tune_ep060_fr020_kd060_t4	outputs/cifar100_4agent_25cls_hetero4arch_ipc10_tune_ep060_fr020_kd060_t4/agents/agent_2/packets/dsdm_packet.pt	3126768	model/checkpoint/packet payload	planned
cifar100_4agent_25cls_hetero4arch_ipc10_tune_ep060_fr020_kd060_t4	outputs/cifar100_4agent_25cls_hetero4arch_ipc10_tune_ep060_fr020_kd060_t4/agents/agent_2/checkpoints/expert_model.pt	39239126	model/checkpoint/packet payload	planned
cifar100_4agent_25cls_hetero4arch_ipc10_tune_ep060_fr020_kd060_t4	outputs/cifar100_4agent_25cls_hetero4arch_ipc10_tune_ep060_fr020_kd060_t4/agents/agent_3/packets/dsdm_packet.pt	3126768	model/checkpoint/packet payload	planned
cifar100_4agent_25cls_hetero4arch_ipc10_tune_ep060_fr020_kd060_t4	outputs/cifar100_4agent_25cls_hetero4arch_ipc10_tune_ep060_fr020_kd060_t4/agents/agent_3/checkpoints/expert_model.pt	28123900	model/checkpoint/packet payload	planned
cifar100_4agent_25cls_hetero4arch_ipc10_tune_ep060_fr020_kd060_t4	outputs/cifar100_4agent_25cls_hetero4arch_ipc10_tune_ep060_fr020_kd060_t4/packet_hub/dsdm/agent_0_dsdm_packet.pt	3126768	model/checkpoint/packet payload	planned
cifar100_4agent_25cls_hetero4arch_ipc10_tune_ep060_fr020_kd060_t4	outputs/cifar100_4agent_25cls_hetero4arch_ipc10_tune_ep060_fr020_kd060_t4/packet_hub/dsdm/agent_1_dsdm_packet.pt	3126768	model/checkpoint/packet payload	planned
cifar100_4agent_25cls_hetero4arch_ipc10_tune_ep060_fr020_kd060_t4	outputs/cifar100_4agent_25cls_hetero4arch_ipc10_tune_ep060_fr020_kd060_t4/packet_hub/dsdm/agent_2_dsdm_packet.pt	3126768	model/checkpoint/packet payload	planned
cifar100_4agent_25cls_hetero4arch_ipc10_tune_ep060_fr020_kd060_t4	outputs/cifar100_4agent_25cls_hetero4arch_ipc10_tune_ep060_fr020_kd060_t4/packet_hub/dsdm/agent_3_dsdm_packet.pt	3126768	model/checkpoint/packet payload	planned
cifar100_4agent_25cls_hetero4arch_ipc10_tune_ep060_fr020_kd070_t3	outputs/cifar100_4agent_25cls_hetero4arch_ipc10_tune_ep060_fr020_kd070_t3/agents/agent_0/packets/dsdm_packet.pt	3126768	model/checkpoint/packet payload	planned
cifar100_4agent_25cls_hetero4arch_ipc10_tune_ep060_fr020_kd070_t3	outputs/cifar100_4agent_25cls_hetero4arch_ipc10_tune_ep060_fr020_kd070_t3/agents/agent_0/checkpoints/expert_model.pt	2023046	model/checkpoint/packet payload	planned
cifar100_4agent_25cls_hetero4arch_ipc10_tune_ep060_fr020_kd070_t3	outputs/cifar100_4agent_25cls_hetero4arch_ipc10_tune_ep060_fr020_kd070_t3/agents/agent_1/packets/dsdm_packet.pt	3126768	model/checkpoint/packet payload	planned
cifar100_4agent_25cls_hetero4arch_ipc10_tune_ep060_fr020_kd070_t3	outputs/cifar100_4agent_25cls_hetero4arch_ipc10_tune_ep060_fr020_kd070_t3/agents/agent_1/checkpoints/expert_model.pt	4325454	model/checkpoint/packet payload	planned
cifar100_4agent_25cls_hetero4arch_ipc10_tune_ep060_fr020_kd070_t3	outputs/cifar100_4agent_25cls_hetero4arch_ipc10_tune_ep060_fr020_kd070_t3/agents/agent_2/packets/dsdm_packet.pt	3126768	model/checkpoint/packet payload	planned
cifar100_4agent_25cls_hetero4arch_ipc10_tune_ep060_fr020_kd070_t3	outputs/cifar100_4agent_25cls_hetero4arch_ipc10_tune_ep060_fr020_kd070_t3/agents/agent_2/checkpoints/expert_model.pt	39239126	model/checkpoint/packet payload	planned
cifar100_4agent_25cls_hetero4arch_ipc10_tune_ep060_fr020_kd070_t3	outputs/cifar100_4agent_25cls_hetero4arch_ipc10_tune_ep060_fr020_kd070_t3/agents/agent_3/packets/dsdm_packet.pt	3126768	model/checkpoint/packet payload	planned
cifar100_4agent_25cls_hetero4arch_ipc10_tune_ep060_fr020_kd070_t3	outputs/cifar100_4agent_25cls_hetero4arch_ipc10_tune_ep060_fr020_kd070_t3/agents/agent_3/checkpoints/expert_model.pt	28123900	model/checkpoint/packet payload	planned
cifar100_4agent_25cls_hetero4arch_ipc10_tune_ep060_fr020_kd070_t3	outputs/cifar100_4agent_25cls_hetero4arch_ipc10_tune_ep060_fr020_kd070_t3/packet_hub/dsdm/agent_0_dsdm_packet.pt	3126768	model/checkpoint/packet payload	planned
cifar100_4agent_25cls_hetero4arch_ipc10_tune_ep060_fr020_kd070_t3	outputs/cifar100_4agent_25cls_hetero4arch_ipc10_tune_ep060_fr020_kd070_t3/packet_hub/dsdm/agent_1_dsdm_packet.pt	3126768	model/checkpoint/packet payload	planned
cifar100_4agent_25cls_hetero4arch_ipc10_tune_ep060_fr020_kd070_t3	outputs/cifar100_4agent_25cls_hetero4arch_ipc10_tune_ep060_fr020_kd070_t3/packet_hub/dsdm/agent_2_dsdm_packet.pt	3126768	model/checkpoint/packet payload	planned
cifar100_4agent_25cls_hetero4arch_ipc10_tune_ep060_fr020_kd070_t3	outputs/cifar100_4agent_25cls_hetero4arch_ipc10_tune_ep060_fr020_kd070_t3/packet_hub/dsdm/agent_3_dsdm_packet.pt	3126768	model/checkpoint/packet payload	planned
cifar100_4agent_25cls_hetero4arch_ipc10_tune_ep060_fr025_kd050_t2	outputs/cifar100_4agent_25cls_hetero4arch_ipc10_tune_ep060_fr025_kd050_t2/agents/agent_0/packets/dsdm_packet.pt	3126768	model/checkpoint/packet payload	planned
cifar100_4agent_25cls_hetero4arch_ipc10_tune_ep060_fr025_kd050_t2	outputs/cifar100_4agent_25cls_hetero4arch_ipc10_tune_ep060_fr025_kd050_t2/agents/agent_0/checkpoints/expert_model.pt	2023046	model/checkpoint/packet payload	planned
cifar100_4agent_25cls_hetero4arch_ipc10_tune_ep060_fr025_kd050_t2	outputs/cifar100_4agent_25cls_hetero4arch_ipc10_tune_ep060_fr025_kd050_t2/agents/agent_1/packets/dsdm_packet.pt	3126768	model/checkpoint/packet payload	planned
cifar100_4agent_25cls_hetero4arch_ipc10_tune_ep060_fr025_kd050_t2	outputs/cifar100_4agent_25cls_hetero4arch_ipc10_tune_ep060_fr025_kd050_t2/agents/agent_1/checkpoints/expert_model.pt	4325454	model/checkpoint/packet payload	planned
cifar100_4agent_25cls_hetero4arch_ipc10_tune_ep060_fr025_kd050_t2	outputs/cifar100_4agent_25cls_hetero4arch_ipc10_tune_ep060_fr025_kd050_t2/agents/agent_2/packets/dsdm_packet.pt	3126768	model/checkpoint/packet payload	planned
cifar100_4agent_25cls_hetero4arch_ipc10_tune_ep060_fr025_kd050_t2	outputs/cifar100_4agent_25cls_hetero4arch_ipc10_tune_ep060_fr025_kd050_t2/agents/agent_2/checkpoints/expert_model.pt	39239126	model/checkpoint/packet payload	planned
cifar100_4agent_25cls_hetero4arch_ipc10_tune_ep060_fr025_kd050_t2	outputs/cifar100_4agent_25cls_hetero4arch_ipc10_tune_ep060_fr025_kd050_t2/agents/agent_3/packets/dsdm_packet.pt	3126768	model/checkpoint/packet payload	planned
cifar100_4agent_25cls_hetero4arch_ipc10_tune_ep060_fr025_kd050_t2	outputs/cifar100_4agent_25cls_hetero4arch_ipc10_tune_ep060_fr025_kd050_t2/agents/agent_3/checkpoints/expert_model.pt	28123900	model/checkpoint/packet payload	planned
cifar100_4agent_25cls_hetero4arch_ipc10_tune_ep060_fr025_kd050_t2	outputs/cifar100_4agent_25cls_hetero4arch_ipc10_tune_ep060_fr025_kd050_t2/packet_hub/dsdm/agent_0_dsdm_packet.pt	3126768	model/checkpoint/packet payload	planned
cifar100_4agent_25cls_hetero4arch_ipc10_tune_ep060_fr025_kd050_t2	outputs/cifar100_4agent_25cls_hetero4arch_ipc10_tune_ep060_fr025_kd050_t2/packet_hub/dsdm/agent_1_dsdm_packet.pt	3126768	model/checkpoint/packet payload	planned
cifar100_4agent_25cls_hetero4arch_ipc10_tune_ep060_fr025_kd050_t2	outputs/cifar100_4agent_25cls_hetero4arch_ipc10_tune_ep060_fr025_kd050_t2/packet_hub/dsdm/agent_2_dsdm_packet.pt	3126768	model/checkpoint/packet payload	planned
cifar100_4agent_25cls_hetero4arch_ipc10_tune_ep060_fr025_kd050_t2	outputs/cifar100_4agent_25cls_hetero4arch_ipc10_tune_ep060_fr025_kd050_t2/packet_hub/dsdm/agent_3_dsdm_packet.pt	3126768	model/checkpoint/packet payload	planned
cifar100_4agent_25cls_hetero4arch_ipc10_tune_ep060_fr025_kd060_t2	outputs/cifar100_4agent_25cls_hetero4arch_ipc10_tune_ep060_fr025_kd060_t2/agents/agent_0/packets/dsdm_packet.pt	3126768	model/checkpoint/packet payload	planned
cifar100_4agent_25cls_hetero4arch_ipc10_tune_ep060_fr025_kd060_t2	outputs/cifar100_4agent_25cls_hetero4arch_ipc10_tune_ep060_fr025_kd060_t2/agents/agent_0/checkpoints/expert_model.pt	2023046	model/checkpoint/packet payload	planned
cifar100_4agent_25cls_hetero4arch_ipc10_tune_ep060_fr025_kd060_t2	outputs/cifar100_4agent_25cls_hetero4arch_ipc10_tune_ep060_fr025_kd060_t2/agents/agent_1/packets/dsdm_packet.pt	3126768	model/checkpoint/packet payload	planned
cifar100_4agent_25cls_hetero4arch_ipc10_tune_ep060_fr025_kd060_t2	outputs/cifar100_4agent_25cls_hetero4arch_ipc10_tune_ep060_fr025_kd060_t2/agents/agent_1/checkpoints/expert_model.pt	4325454	model/checkpoint/packet payload	planned
cifar100_4agent_25cls_hetero4arch_ipc10_tune_ep060_fr025_kd060_t2	outputs/cifar100_4agent_25cls_hetero4arch_ipc10_tune_ep060_fr025_kd060_t2/agents/agent_2/packets/dsdm_packet.pt	3126768	model/checkpoint/packet payload	planned
cifar100_4agent_25cls_hetero4arch_ipc10_tune_ep060_fr025_kd060_t2	outputs/cifar100_4agent_25cls_hetero4arch_ipc10_tune_ep060_fr025_kd060_t2/agents/agent_2/checkpoints/expert_model.pt	39239126	model/checkpoint/packet payload	planned
cifar100_4agent_25cls_hetero4arch_ipc10_tune_ep060_fr025_kd060_t2	outputs/cifar100_4agent_25cls_hetero4arch_ipc10_tune_ep060_fr025_kd060_t2/agents/agent_3/packets/dsdm_packet.pt	3126768	model/checkpoint/packet payload	planned
cifar100_4agent_25cls_hetero4arch_ipc10_tune_ep060_fr025_kd060_t2	outputs/cifar100_4agent_25cls_hetero4arch_ipc10_tune_ep060_fr025_kd060_t2/agents/agent_3/checkpoints/expert_model.pt	28123900	model/checkpoint/packet payload	planned
cifar100_4agent_25cls_hetero4arch_ipc10_tune_ep060_fr025_kd060_t2	outputs/cifar100_4agent_25cls_hetero4arch_ipc10_tune_ep060_fr025_kd060_t2/packet_hub/dsdm/agent_0_dsdm_packet.pt	3126768	model/checkpoint/packet payload	planned
cifar100_4agent_25cls_hetero4arch_ipc10_tune_ep060_fr025_kd060_t2	outputs/cifar100_4agent_25cls_hetero4arch_ipc10_tune_ep060_fr025_kd060_t2/packet_hub/dsdm/agent_1_dsdm_packet.pt	3126768	model/checkpoint/packet payload	planned
cifar100_4agent_25cls_hetero4arch_ipc10_tune_ep060_fr025_kd060_t2	outputs/cifar100_4agent_25cls_hetero4arch_ipc10_tune_ep060_fr025_kd060_t2/packet_hub/dsdm/agent_2_dsdm_packet.pt	3126768	model/checkpoint/packet payload	planned
cifar100_4agent_25cls_hetero4arch_ipc10_tune_ep060_fr025_kd060_t2	outputs/cifar100_4agent_25cls_hetero4arch_ipc10_tune_ep060_fr025_kd060_t2/packet_hub/dsdm/agent_3_dsdm_packet.pt	3126768	model/checkpoint/packet payload	planned
cifar100_4agent_25cls_hetero4arch_ipc10_tune_ep060_fr030_kd060_t2	outputs/cifar100_4agent_25cls_hetero4arch_ipc10_tune_ep060_fr030_kd060_t2/agents/agent_0/packets/dsdm_packet.pt	3126768	model/checkpoint/packet payload	planned
cifar100_4agent_25cls_hetero4arch_ipc10_tune_ep060_fr030_kd060_t2	outputs/cifar100_4agent_25cls_hetero4arch_ipc10_tune_ep060_fr030_kd060_t2/agents/agent_0/checkpoints/expert_model.pt	2023046	model/checkpoint/packet payload	planned
cifar100_4agent_25cls_hetero4arch_ipc10_tune_ep060_fr030_kd060_t2	outputs/cifar100_4agent_25cls_hetero4arch_ipc10_tune_ep060_fr030_kd060_t2/agents/agent_1/packets/dsdm_packet.pt	3126768	model/checkpoint/packet payload	planned
cifar100_4agent_25cls_hetero4arch_ipc10_tune_ep060_fr030_kd060_t2	outputs/cifar100_4agent_25cls_hetero4arch_ipc10_tune_ep060_fr030_kd060_t2/agents/agent_1/checkpoints/expert_model.pt	4325454	model/checkpoint/packet payload	planned
cifar100_4agent_25cls_hetero4arch_ipc10_tune_ep060_fr030_kd060_t2	outputs/cifar100_4agent_25cls_hetero4arch_ipc10_tune_ep060_fr030_kd060_t2/agents/agent_2/packets/dsdm_packet.pt	3126768	model/checkpoint/packet payload	planned
cifar100_4agent_25cls_hetero4arch_ipc10_tune_ep060_fr030_kd060_t2	outputs/cifar100_4agent_25cls_hetero4arch_ipc10_tune_ep060_fr030_kd060_t2/agents/agent_2/checkpoints/expert_model.pt	39239126	model/checkpoint/packet payload	planned
cifar100_4agent_25cls_hetero4arch_ipc10_tune_ep060_fr030_kd060_t2	outputs/cifar100_4agent_25cls_hetero4arch_ipc10_tune_ep060_fr030_kd060_t2/agents/agent_3/packets/dsdm_packet.pt	3126768	model/checkpoint/packet payload	planned
cifar100_4agent_25cls_hetero4arch_ipc10_tune_ep060_fr030_kd060_t2	outputs/cifar100_4agent_25cls_hetero4arch_ipc10_tune_ep060_fr030_kd060_t2/agents/agent_3/checkpoints/expert_model.pt	28123900	model/checkpoint/packet payload	planned
cifar100_4agent_25cls_hetero4arch_ipc10_tune_ep060_fr030_kd060_t2	outputs/cifar100_4agent_25cls_hetero4arch_ipc10_tune_ep060_fr030_kd060_t2/packet_hub/dsdm/agent_0_dsdm_packet.pt	3126768	model/checkpoint/packet payload	planned
cifar100_4agent_25cls_hetero4arch_ipc10_tune_ep060_fr030_kd060_t2	outputs/cifar100_4agent_25cls_hetero4arch_ipc10_tune_ep060_fr030_kd060_t2/packet_hub/dsdm/agent_1_dsdm_packet.pt	3126768	model/checkpoint/packet payload	planned
cifar100_4agent_25cls_hetero4arch_ipc10_tune_ep060_fr030_kd060_t2	outputs/cifar100_4agent_25cls_hetero4arch_ipc10_tune_ep060_fr030_kd060_t2/packet_hub/dsdm/agent_2_dsdm_packet.pt	3126768	model/checkpoint/packet payload	planned
cifar100_4agent_25cls_hetero4arch_ipc10_tune_ep060_fr030_kd060_t2	outputs/cifar100_4agent_25cls_hetero4arch_ipc10_tune_ep060_fr030_kd060_t2/packet_hub/dsdm/agent_3_dsdm_packet.pt	3126768	model/checkpoint/packet payload	planned
cifar100_4agent_25cls_hetero4arch_ipc10_tune_ep065_fr020_kd060_t2	outputs/cifar100_4agent_25cls_hetero4arch_ipc10_tune_ep065_fr020_kd060_t2/agents/agent_0/packets/dsdm_packet.pt	3126768	model/checkpoint/packet payload	planned
cifar100_4agent_25cls_hetero4arch_ipc10_tune_ep065_fr020_kd060_t2	outputs/cifar100_4agent_25cls_hetero4arch_ipc10_tune_ep065_fr020_kd060_t2/agents/agent_0/checkpoints/expert_model.pt	2023046	model/checkpoint/packet payload	planned
cifar100_4agent_25cls_hetero4arch_ipc10_tune_ep065_fr020_kd060_t2	outputs/cifar100_4agent_25cls_hetero4arch_ipc10_tune_ep065_fr020_kd060_t2/agents/agent_1/packets/dsdm_packet.pt	3126768	model/checkpoint/packet payload	planned
cifar100_4agent_25cls_hetero4arch_ipc10_tune_ep065_fr020_kd060_t2	outputs/cifar100_4agent_25cls_hetero4arch_ipc10_tune_ep065_fr020_kd060_t2/agents/agent_1/checkpoints/expert_model.pt	4325454	model/checkpoint/packet payload	planned
cifar100_4agent_25cls_hetero4arch_ipc10_tune_ep065_fr020_kd060_t2	outputs/cifar100_4agent_25cls_hetero4arch_ipc10_tune_ep065_fr020_kd060_t2/agents/agent_2/packets/dsdm_packet.pt	3126768	model/checkpoint/packet payload	planned
cifar100_4agent_25cls_hetero4arch_ipc10_tune_ep065_fr020_kd060_t2	outputs/cifar100_4agent_25cls_hetero4arch_ipc10_tune_ep065_fr020_kd060_t2/agents/agent_2/checkpoints/expert_model.pt	39239126	model/checkpoint/packet payload	planned
cifar100_4agent_25cls_hetero4arch_ipc10_tune_ep065_fr020_kd060_t2	outputs/cifar100_4agent_25cls_hetero4arch_ipc10_tune_ep065_fr020_kd060_t2/agents/agent_3/packets/dsdm_packet.pt	3126768	model/checkpoint/packet payload	planned
cifar100_4agent_25cls_hetero4arch_ipc10_tune_ep065_fr020_kd060_t2	outputs/cifar100_4agent_25cls_hetero4arch_ipc10_tune_ep065_fr020_kd060_t2/agents/agent_3/checkpoints/expert_model.pt	28123900	model/checkpoint/packet payload	planned
cifar100_4agent_25cls_hetero4arch_ipc10_tune_ep065_fr020_kd060_t2	outputs/cifar100_4agent_25cls_hetero4arch_ipc10_tune_ep065_fr020_kd060_t2/packet_hub/dsdm/agent_0_dsdm_packet.pt	3126768	model/checkpoint/packet payload	planned
cifar100_4agent_25cls_hetero4arch_ipc10_tune_ep065_fr020_kd060_t2	outputs/cifar100_4agent_25cls_hetero4arch_ipc10_tune_ep065_fr020_kd060_t2/packet_hub/dsdm/agent_1_dsdm_packet.pt	3126768	model/checkpoint/packet payload	planned
cifar100_4agent_25cls_hetero4arch_ipc10_tune_ep065_fr020_kd060_t2	outputs/cifar100_4agent_25cls_hetero4arch_ipc10_tune_ep065_fr020_kd060_t2/packet_hub/dsdm/agent_2_dsdm_packet.pt	3126768	model/checkpoint/packet payload	planned
cifar100_4agent_25cls_hetero4arch_ipc10_tune_ep065_fr020_kd060_t2	outputs/cifar100_4agent_25cls_hetero4arch_ipc10_tune_ep065_fr020_kd060_t2/packet_hub/dsdm/agent_3_dsdm_packet.pt	3126768	model/checkpoint/packet payload	planned
cifar100_4agent_25cls_hetero4arch_ipc10_vgg_selfreal_A_lr0p005_fr0p30_kd0p50_t3_selfreal_w2p0	outputs/cifar100_4agent_25cls_hetero4arch_ipc10_vgg_selfreal_A_lr0p005_fr0p30_kd0p50_t3_selfreal_w2p0/agents/agent_0/checkpoints/expert_model.pt	2023046	model/checkpoint/packet payload	planned
cifar100_4agent_25cls_hetero4arch_ipc10_vgg_selfreal_A_lr0p005_fr0p30_kd0p50_t3_selfreal_w2p0	outputs/cifar100_4agent_25cls_hetero4arch_ipc10_vgg_selfreal_A_lr0p005_fr0p30_kd0p50_t3_selfreal_w2p0/agents/agent_0/packets/dsdm_packet.pt	3126768	model/checkpoint/packet payload	planned
cifar100_4agent_25cls_hetero4arch_ipc10_vgg_selfreal_A_lr0p005_fr0p30_kd0p50_t3_selfreal_w2p0	outputs/cifar100_4agent_25cls_hetero4arch_ipc10_vgg_selfreal_A_lr0p005_fr0p30_kd0p50_t3_selfreal_w2p0/agents/agent_1/checkpoints/expert_model.pt	4325454	model/checkpoint/packet payload	planned
cifar100_4agent_25cls_hetero4arch_ipc10_vgg_selfreal_A_lr0p005_fr0p30_kd0p50_t3_selfreal_w2p0	outputs/cifar100_4agent_25cls_hetero4arch_ipc10_vgg_selfreal_A_lr0p005_fr0p30_kd0p50_t3_selfreal_w2p0/agents/agent_1/packets/dsdm_packet.pt	3126768	model/checkpoint/packet payload	planned
cifar100_4agent_25cls_hetero4arch_ipc10_vgg_selfreal_A_lr0p005_fr0p30_kd0p50_t3_selfreal_w2p0	outputs/cifar100_4agent_25cls_hetero4arch_ipc10_vgg_selfreal_A_lr0p005_fr0p30_kd0p50_t3_selfreal_w2p0/agents/agent_2/checkpoints/expert_model.pt	39239126	model/checkpoint/packet payload	planned
cifar100_4agent_25cls_hetero4arch_ipc10_vgg_selfreal_A_lr0p005_fr0p30_kd0p50_t3_selfreal_w2p0	outputs/cifar100_4agent_25cls_hetero4arch_ipc10_vgg_selfreal_A_lr0p005_fr0p30_kd0p50_t3_selfreal_w2p0/agents/agent_2/packets/dsdm_packet.pt	3126768	model/checkpoint/packet payload	planned
cifar100_4agent_25cls_hetero4arch_ipc10_vgg_selfreal_A_lr0p005_fr0p30_kd0p50_t3_selfreal_w2p0	outputs/cifar100_4agent_25cls_hetero4arch_ipc10_vgg_selfreal_A_lr0p005_fr0p30_kd0p50_t3_selfreal_w2p0/agents/agent_3/checkpoints/expert_model.pt	28123900	model/checkpoint/packet payload	planned
cifar100_4agent_25cls_hetero4arch_ipc10_vgg_selfreal_A_lr0p005_fr0p30_kd0p50_t3_selfreal_w2p0	outputs/cifar100_4agent_25cls_hetero4arch_ipc10_vgg_selfreal_A_lr0p005_fr0p30_kd0p50_t3_selfreal_w2p0/agents/agent_3/packets/dsdm_packet.pt	3126768	model/checkpoint/packet payload	planned
cifar100_4agent_25cls_hetero4arch_ipc10_vgg_selfreal_A_lr0p005_fr0p30_kd0p50_t3_selfreal_w2p0	outputs/cifar100_4agent_25cls_hetero4arch_ipc10_vgg_selfreal_A_lr0p005_fr0p30_kd0p50_t3_selfreal_w2p0/packet_hub/dsdm/agent_0_dsdm_packet.pt	3126768	model/checkpoint/packet payload	planned
cifar100_4agent_25cls_hetero4arch_ipc10_vgg_selfreal_A_lr0p005_fr0p30_kd0p50_t3_selfreal_w2p0	outputs/cifar100_4agent_25cls_hetero4arch_ipc10_vgg_selfreal_A_lr0p005_fr0p30_kd0p50_t3_selfreal_w2p0/packet_hub/dsdm/agent_1_dsdm_packet.pt	3126768	model/checkpoint/packet payload	planned
cifar100_4agent_25cls_hetero4arch_ipc10_vgg_selfreal_A_lr0p005_fr0p30_kd0p50_t3_selfreal_w2p0	outputs/cifar100_4agent_25cls_hetero4arch_ipc10_vgg_selfreal_A_lr0p005_fr0p30_kd0p50_t3_selfreal_w2p0/packet_hub/dsdm/agent_2_dsdm_packet.pt	3126768	model/checkpoint/packet payload	planned
cifar100_4agent_25cls_hetero4arch_ipc10_vgg_selfreal_A_lr0p005_fr0p30_kd0p50_t3_selfreal_w2p0	outputs/cifar100_4agent_25cls_hetero4arch_ipc10_vgg_selfreal_A_lr0p005_fr0p30_kd0p50_t3_selfreal_w2p0/packet_hub/dsdm/agent_3_dsdm_packet.pt	3126768	model/checkpoint/packet payload	planned
cifar100_4agent_25cls_hetero4arch_ipc10_vgg_selfreal_A_lr0p005_fr0p30_kd0p50_t3_selfreal_w2p0	outputs/cifar100_4agent_25cls_hetero4arch_ipc10_vgg_selfreal_A_lr0p005_fr0p30_kd0p50_t3_selfreal_w2p0/social_learning/receiver_agent_2/checkpoints/dsdm_logit_expert/before_social.pt	39239952	model/checkpoint/packet payload	planned
cifar100_4agent_25cls_hetero4arch_ipc10_vgg_selfreal_A_lr0p005_fr0p30_kd0p50_t3_selfreal_w2p0	outputs/cifar100_4agent_25cls_hetero4arch_ipc10_vgg_selfreal_A_lr0p005_fr0p30_kd0p50_t3_selfreal_w2p0/social_learning/receiver_agent_2/checkpoints/dsdm_logit_expert/after_social.pt	39239894	model/checkpoint/packet payload	planned
cifar100_4agent_25cls_hetero4arch_ipc10_vgg_selfreal_E_p40_lr0p005_fr0p20_kd0p60_t3_selfreal_w1p0	outputs/cifar100_4agent_25cls_hetero4arch_ipc10_vgg_selfreal_E_p40_lr0p005_fr0p20_kd0p60_t3_selfreal_w1p0/agents/agent_0/checkpoints/expert_model.pt	2023046	model/checkpoint/packet payload	planned
cifar100_4agent_25cls_hetero4arch_ipc10_vgg_selfreal_E_p40_lr0p005_fr0p20_kd0p60_t3_selfreal_w1p0	outputs/cifar100_4agent_25cls_hetero4arch_ipc10_vgg_selfreal_E_p40_lr0p005_fr0p20_kd0p60_t3_selfreal_w1p0/agents/agent_0/packets/dsdm_packet.pt	3126768	model/checkpoint/packet payload	planned
cifar100_4agent_25cls_hetero4arch_ipc10_vgg_selfreal_E_p40_lr0p005_fr0p20_kd0p60_t3_selfreal_w1p0	outputs/cifar100_4agent_25cls_hetero4arch_ipc10_vgg_selfreal_E_p40_lr0p005_fr0p20_kd0p60_t3_selfreal_w1p0/agents/agent_1/checkpoints/expert_model.pt	4325454	model/checkpoint/packet payload	planned
cifar100_4agent_25cls_hetero4arch_ipc10_vgg_selfreal_E_p40_lr0p005_fr0p20_kd0p60_t3_selfreal_w1p0	outputs/cifar100_4agent_25cls_hetero4arch_ipc10_vgg_selfreal_E_p40_lr0p005_fr0p20_kd0p60_t3_selfreal_w1p0/agents/agent_1/packets/dsdm_packet.pt	3126768	model/checkpoint/packet payload	planned
cifar100_4agent_25cls_hetero4arch_ipc10_vgg_selfreal_E_p40_lr0p005_fr0p20_kd0p60_t3_selfreal_w1p0	outputs/cifar100_4agent_25cls_hetero4arch_ipc10_vgg_selfreal_E_p40_lr0p005_fr0p20_kd0p60_t3_selfreal_w1p0/agents/agent_2/checkpoints/expert_model.pt	39239126	model/checkpoint/packet payload	planned
cifar100_4agent_25cls_hetero4arch_ipc10_vgg_selfreal_E_p40_lr0p005_fr0p20_kd0p60_t3_selfreal_w1p0	outputs/cifar100_4agent_25cls_hetero4arch_ipc10_vgg_selfreal_E_p40_lr0p005_fr0p20_kd0p60_t3_selfreal_w1p0/agents/agent_2/packets/dsdm_packet.pt	3126768	model/checkpoint/packet payload	planned
cifar100_4agent_25cls_hetero4arch_ipc10_vgg_selfreal_E_p40_lr0p005_fr0p20_kd0p60_t3_selfreal_w1p0	outputs/cifar100_4agent_25cls_hetero4arch_ipc10_vgg_selfreal_E_p40_lr0p005_fr0p20_kd0p60_t3_selfreal_w1p0/agents/agent_3/checkpoints/expert_model.pt	28123900	model/checkpoint/packet payload	planned
cifar100_4agent_25cls_hetero4arch_ipc10_vgg_selfreal_E_p40_lr0p005_fr0p20_kd0p60_t3_selfreal_w1p0	outputs/cifar100_4agent_25cls_hetero4arch_ipc10_vgg_selfreal_E_p40_lr0p005_fr0p20_kd0p60_t3_selfreal_w1p0/agents/agent_3/packets/dsdm_packet.pt	3126768	model/checkpoint/packet payload	planned
cifar100_4agent_25cls_hetero4arch_ipc10_vgg_selfreal_E_p40_lr0p005_fr0p20_kd0p60_t3_selfreal_w1p0	outputs/cifar100_4agent_25cls_hetero4arch_ipc10_vgg_selfreal_E_p40_lr0p005_fr0p20_kd0p60_t3_selfreal_w1p0/packet_hub/dsdm/agent_0_dsdm_packet.pt	3126768	model/checkpoint/packet payload	planned
cifar100_4agent_25cls_hetero4arch_ipc10_vgg_selfreal_E_p40_lr0p005_fr0p20_kd0p60_t3_selfreal_w1p0	outputs/cifar100_4agent_25cls_hetero4arch_ipc10_vgg_selfreal_E_p40_lr0p005_fr0p20_kd0p60_t3_selfreal_w1p0/packet_hub/dsdm/agent_1_dsdm_packet.pt	3126768	model/checkpoint/packet payload	planned
cifar100_4agent_25cls_hetero4arch_ipc10_vgg_selfreal_E_p40_lr0p005_fr0p20_kd0p60_t3_selfreal_w1p0	outputs/cifar100_4agent_25cls_hetero4arch_ipc10_vgg_selfreal_E_p40_lr0p005_fr0p20_kd0p60_t3_selfreal_w1p0/packet_hub/dsdm/agent_2_dsdm_packet.pt	3126768	model/checkpoint/packet payload	planned
cifar100_4agent_25cls_hetero4arch_ipc10_vgg_selfreal_E_p40_lr0p005_fr0p20_kd0p60_t3_selfreal_w1p0	outputs/cifar100_4agent_25cls_hetero4arch_ipc10_vgg_selfreal_E_p40_lr0p005_fr0p20_kd0p60_t3_selfreal_w1p0/packet_hub/dsdm/agent_3_dsdm_packet.pt	3126768	model/checkpoint/packet payload	planned
cifar100_4agent_25cls_hetero4arch_ipc10_vgg_selfreal_E_p40_lr0p005_fr0p20_kd0p60_t3_selfreal_w1p0	outputs/cifar100_4agent_25cls_hetero4arch_ipc10_vgg_selfreal_E_p40_lr0p005_fr0p20_kd0p60_t3_selfreal_w1p0/social_learning/receiver_agent_2/checkpoints/dsdm_logit_expert/before_social.pt	39239952	model/checkpoint/packet payload	planned
cifar100_4agent_25cls_hetero4arch_ipc10_vgg_selfreal_E_p40_lr0p005_fr0p20_kd0p60_t3_selfreal_w1p0	outputs/cifar100_4agent_25cls_hetero4arch_ipc10_vgg_selfreal_E_p40_lr0p005_fr0p20_kd0p60_t3_selfreal_w1p0/social_learning/receiver_agent_2/checkpoints/dsdm_logit_expert/after_social.pt	39239894	model/checkpoint/packet payload	planned
cifar100_4agent_25cls_hetero4arch_ipc10_vgg_selfreal_H_p10_lr0p005_fr0p20_kd0p60_t3_selfreal_w1p0	outputs/cifar100_4agent_25cls_hetero4arch_ipc10_vgg_selfreal_H_p10_lr0p005_fr0p20_kd0p60_t3_selfreal_w1p0/agents/agent_0/checkpoints/expert_model.pt	2023046	model/checkpoint/packet payload	planned
cifar100_4agent_25cls_hetero4arch_ipc10_vgg_selfreal_H_p10_lr0p005_fr0p20_kd0p60_t3_selfreal_w1p0	outputs/cifar100_4agent_25cls_hetero4arch_ipc10_vgg_selfreal_H_p10_lr0p005_fr0p20_kd0p60_t3_selfreal_w1p0/agents/agent_0/packets/dsdm_packet.pt	3126768	model/checkpoint/packet payload	planned
cifar100_4agent_25cls_hetero4arch_ipc10_vgg_selfreal_H_p10_lr0p005_fr0p20_kd0p60_t3_selfreal_w1p0	outputs/cifar100_4agent_25cls_hetero4arch_ipc10_vgg_selfreal_H_p10_lr0p005_fr0p20_kd0p60_t3_selfreal_w1p0/agents/agent_1/checkpoints/expert_model.pt	4325454	model/checkpoint/packet payload	planned
cifar100_4agent_25cls_hetero4arch_ipc10_vgg_selfreal_H_p10_lr0p005_fr0p20_kd0p60_t3_selfreal_w1p0	outputs/cifar100_4agent_25cls_hetero4arch_ipc10_vgg_selfreal_H_p10_lr0p005_fr0p20_kd0p60_t3_selfreal_w1p0/agents/agent_1/packets/dsdm_packet.pt	3126768	model/checkpoint/packet payload	planned
cifar100_4agent_25cls_hetero4arch_ipc10_vgg_selfreal_H_p10_lr0p005_fr0p20_kd0p60_t3_selfreal_w1p0	outputs/cifar100_4agent_25cls_hetero4arch_ipc10_vgg_selfreal_H_p10_lr0p005_fr0p20_kd0p60_t3_selfreal_w1p0/agents/agent_2/checkpoints/expert_model.pt	39239126	model/checkpoint/packet payload	planned
cifar100_4agent_25cls_hetero4arch_ipc10_vgg_selfreal_H_p10_lr0p005_fr0p20_kd0p60_t3_selfreal_w1p0	outputs/cifar100_4agent_25cls_hetero4arch_ipc10_vgg_selfreal_H_p10_lr0p005_fr0p20_kd0p60_t3_selfreal_w1p0/agents/agent_2/packets/dsdm_packet.pt	3126768	model/checkpoint/packet payload	planned
cifar100_4agent_25cls_hetero4arch_ipc10_vgg_selfreal_H_p10_lr0p005_fr0p20_kd0p60_t3_selfreal_w1p0	outputs/cifar100_4agent_25cls_hetero4arch_ipc10_vgg_selfreal_H_p10_lr0p005_fr0p20_kd0p60_t3_selfreal_w1p0/agents/agent_3/checkpoints/expert_model.pt	28123900	model/checkpoint/packet payload	planned
cifar100_4agent_25cls_hetero4arch_ipc10_vgg_selfreal_H_p10_lr0p005_fr0p20_kd0p60_t3_selfreal_w1p0	outputs/cifar100_4agent_25cls_hetero4arch_ipc10_vgg_selfreal_H_p10_lr0p005_fr0p20_kd0p60_t3_selfreal_w1p0/agents/agent_3/packets/dsdm_packet.pt	3126768	model/checkpoint/packet payload	planned
cifar100_4agent_25cls_hetero4arch_ipc10_vgg_selfreal_H_p10_lr0p005_fr0p20_kd0p60_t3_selfreal_w1p0	outputs/cifar100_4agent_25cls_hetero4arch_ipc10_vgg_selfreal_H_p10_lr0p005_fr0p20_kd0p60_t3_selfreal_w1p0/packet_hub/dsdm/agent_0_dsdm_packet.pt	3126768	model/checkpoint/packet payload	planned
cifar100_4agent_25cls_hetero4arch_ipc10_vgg_selfreal_H_p10_lr0p005_fr0p20_kd0p60_t3_selfreal_w1p0	outputs/cifar100_4agent_25cls_hetero4arch_ipc10_vgg_selfreal_H_p10_lr0p005_fr0p20_kd0p60_t3_selfreal_w1p0/packet_hub/dsdm/agent_1_dsdm_packet.pt	3126768	model/checkpoint/packet payload	planned
cifar100_4agent_25cls_hetero4arch_ipc10_vgg_selfreal_H_p10_lr0p005_fr0p20_kd0p60_t3_selfreal_w1p0	outputs/cifar100_4agent_25cls_hetero4arch_ipc10_vgg_selfreal_H_p10_lr0p005_fr0p20_kd0p60_t3_selfreal_w1p0/packet_hub/dsdm/agent_2_dsdm_packet.pt	3126768	model/checkpoint/packet payload	planned
cifar100_4agent_25cls_hetero4arch_ipc10_vgg_selfreal_H_p10_lr0p005_fr0p20_kd0p60_t3_selfreal_w1p0	outputs/cifar100_4agent_25cls_hetero4arch_ipc10_vgg_selfreal_H_p10_lr0p005_fr0p20_kd0p60_t3_selfreal_w1p0/packet_hub/dsdm/agent_3_dsdm_packet.pt	3126768	model/checkpoint/packet payload	planned
cifar100_4agent_25cls_hetero4arch_ipc10_vgg_selfreal_H_p10_lr0p005_fr0p20_kd0p60_t3_selfreal_w1p0	outputs/cifar100_4agent_25cls_hetero4arch_ipc10_vgg_selfreal_H_p10_lr0p005_fr0p20_kd0p60_t3_selfreal_w1p0/social_learning/receiver_agent_2/checkpoints/dsdm_logit_expert/before_social.pt	39239952	model/checkpoint/packet payload	planned
cifar100_4agent_25cls_hetero4arch_ipc10_vgg_selfreal_H_p10_lr0p005_fr0p20_kd0p60_t3_selfreal_w1p0	outputs/cifar100_4agent_25cls_hetero4arch_ipc10_vgg_selfreal_H_p10_lr0p005_fr0p20_kd0p60_t3_selfreal_w1p0/social_learning/receiver_agent_2/checkpoints/dsdm_logit_expert/after_social.pt	39239894	model/checkpoint/packet payload	planned
cifar100_4agent_25cls_hetero4arch_ipc10_vgg_selfreal_I_p20_lr0p005_fr0p20_kd0p60_t3_selfreal_w1p0	outputs/cifar100_4agent_25cls_hetero4arch_ipc10_vgg_selfreal_I_p20_lr0p005_fr0p20_kd0p60_t3_selfreal_w1p0/agents/agent_0/checkpoints/expert_model.pt	2023046	model/checkpoint/packet payload	planned
cifar100_4agent_25cls_hetero4arch_ipc10_vgg_selfreal_I_p20_lr0p005_fr0p20_kd0p60_t3_selfreal_w1p0	outputs/cifar100_4agent_25cls_hetero4arch_ipc10_vgg_selfreal_I_p20_lr0p005_fr0p20_kd0p60_t3_selfreal_w1p0/agents/agent_0/packets/dsdm_packet.pt	3126768	model/checkpoint/packet payload	planned
cifar100_4agent_25cls_hetero4arch_ipc10_vgg_selfreal_I_p20_lr0p005_fr0p20_kd0p60_t3_selfreal_w1p0	outputs/cifar100_4agent_25cls_hetero4arch_ipc10_vgg_selfreal_I_p20_lr0p005_fr0p20_kd0p60_t3_selfreal_w1p0/agents/agent_1/checkpoints/expert_model.pt	4325454	model/checkpoint/packet payload	planned
cifar100_4agent_25cls_hetero4arch_ipc10_vgg_selfreal_I_p20_lr0p005_fr0p20_kd0p60_t3_selfreal_w1p0	outputs/cifar100_4agent_25cls_hetero4arch_ipc10_vgg_selfreal_I_p20_lr0p005_fr0p20_kd0p60_t3_selfreal_w1p0/agents/agent_1/packets/dsdm_packet.pt	3126768	model/checkpoint/packet payload	planned
cifar100_4agent_25cls_hetero4arch_ipc10_vgg_selfreal_I_p20_lr0p005_fr0p20_kd0p60_t3_selfreal_w1p0	outputs/cifar100_4agent_25cls_hetero4arch_ipc10_vgg_selfreal_I_p20_lr0p005_fr0p20_kd0p60_t3_selfreal_w1p0/agents/agent_2/checkpoints/expert_model.pt	39239126	model/checkpoint/packet payload	planned
cifar100_4agent_25cls_hetero4arch_ipc10_vgg_selfreal_I_p20_lr0p005_fr0p20_kd0p60_t3_selfreal_w1p0	outputs/cifar100_4agent_25cls_hetero4arch_ipc10_vgg_selfreal_I_p20_lr0p005_fr0p20_kd0p60_t3_selfreal_w1p0/agents/agent_2/packets/dsdm_packet.pt	3126768	model/checkpoint/packet payload	planned
cifar100_4agent_25cls_hetero4arch_ipc10_vgg_selfreal_I_p20_lr0p005_fr0p20_kd0p60_t3_selfreal_w1p0	outputs/cifar100_4agent_25cls_hetero4arch_ipc10_vgg_selfreal_I_p20_lr0p005_fr0p20_kd0p60_t3_selfreal_w1p0/agents/agent_3/checkpoints/expert_model.pt	28123900	model/checkpoint/packet payload	planned
cifar100_4agent_25cls_hetero4arch_ipc10_vgg_selfreal_I_p20_lr0p005_fr0p20_kd0p60_t3_selfreal_w1p0	outputs/cifar100_4agent_25cls_hetero4arch_ipc10_vgg_selfreal_I_p20_lr0p005_fr0p20_kd0p60_t3_selfreal_w1p0/agents/agent_3/packets/dsdm_packet.pt	3126768	model/checkpoint/packet payload	planned
cifar100_4agent_25cls_hetero4arch_ipc10_vgg_selfreal_I_p20_lr0p005_fr0p20_kd0p60_t3_selfreal_w1p0	outputs/cifar100_4agent_25cls_hetero4arch_ipc10_vgg_selfreal_I_p20_lr0p005_fr0p20_kd0p60_t3_selfreal_w1p0/packet_hub/dsdm/agent_0_dsdm_packet.pt	3126768	model/checkpoint/packet payload	planned
cifar100_4agent_25cls_hetero4arch_ipc10_vgg_selfreal_I_p20_lr0p005_fr0p20_kd0p60_t3_selfreal_w1p0	outputs/cifar100_4agent_25cls_hetero4arch_ipc10_vgg_selfreal_I_p20_lr0p005_fr0p20_kd0p60_t3_selfreal_w1p0/packet_hub/dsdm/agent_1_dsdm_packet.pt	3126768	model/checkpoint/packet payload	planned
cifar100_4agent_25cls_hetero4arch_ipc10_vgg_selfreal_I_p20_lr0p005_fr0p20_kd0p60_t3_selfreal_w1p0	outputs/cifar100_4agent_25cls_hetero4arch_ipc10_vgg_selfreal_I_p20_lr0p005_fr0p20_kd0p60_t3_selfreal_w1p0/packet_hub/dsdm/agent_2_dsdm_packet.pt	3126768	model/checkpoint/packet payload	planned
cifar100_4agent_25cls_hetero4arch_ipc10_vgg_selfreal_I_p20_lr0p005_fr0p20_kd0p60_t3_selfreal_w1p0	outputs/cifar100_4agent_25cls_hetero4arch_ipc10_vgg_selfreal_I_p20_lr0p005_fr0p20_kd0p60_t3_selfreal_w1p0/packet_hub/dsdm/agent_3_dsdm_packet.pt	3126768	model/checkpoint/packet payload	planned
cifar100_4agent_25cls_hetero4arch_ipc10_vgg_selfreal_I_p20_lr0p005_fr0p20_kd0p60_t3_selfreal_w1p0	outputs/cifar100_4agent_25cls_hetero4arch_ipc10_vgg_selfreal_I_p20_lr0p005_fr0p20_kd0p60_t3_selfreal_w1p0/social_learning/receiver_agent_2/checkpoints/dsdm_logit_expert/before_social.pt	39239952	model/checkpoint/packet payload	planned
cifar100_4agent_25cls_hetero4arch_ipc10_vgg_selfreal_I_p20_lr0p005_fr0p20_kd0p60_t3_selfreal_w1p0	outputs/cifar100_4agent_25cls_hetero4arch_ipc10_vgg_selfreal_I_p20_lr0p005_fr0p20_kd0p60_t3_selfreal_w1p0/social_learning/receiver_agent_2/checkpoints/dsdm_logit_expert/after_social.pt	39239894	model/checkpoint/packet payload	planned
cifar100_4agent_25cls_hetero4arch_ipc50	outputs/cifar100_4agent_25cls_hetero4arch_ipc50/agents/agent_0/checkpoints/expert_model.pt	2023046	model/checkpoint/packet payload	planned
cifar100_4agent_25cls_hetero4arch_ipc50	outputs/cifar100_4agent_25cls_hetero4arch_ipc50/agents/agent_0/checkpoints/dsdm_pretrained/cifar100_model_0.pth	2023118	model/checkpoint/packet payload	planned
cifar100_4agent_25cls_hetero4arch_ipc50	outputs/cifar100_4agent_25cls_hetero4arch_ipc50/agents/agent_0/checkpoints/dsdm_pretrained/cifar100_model_1.pth	2023118	model/checkpoint/packet payload	planned
cifar100_4agent_25cls_hetero4arch_ipc50	outputs/cifar100_4agent_25cls_hetero4arch_ipc50/agents/agent_0/checkpoints/dsdm_pretrained/cifar100_model_2.pth	2023118	model/checkpoint/packet payload	planned
cifar100_4agent_25cls_hetero4arch_ipc50	outputs/cifar100_4agent_25cls_hetero4arch_ipc50/agents/agent_0/checkpoints/dsdm_pretrained/cifar100_model_3.pth	2023118	model/checkpoint/packet payload	planned
cifar100_4agent_25cls_hetero4arch_ipc50	outputs/cifar100_4agent_25cls_hetero4arch_ipc50/agents/agent_0/checkpoints/dsdm_pretrained/cifar100_model_4.pth	2023118	model/checkpoint/packet payload	planned
cifar100_4agent_25cls_hetero4arch_ipc50	outputs/cifar100_4agent_25cls_hetero4arch_ipc50/agents/agent_0/checkpoints/dsdm_pretrained/cifar100_model_5.pth	2023118	model/checkpoint/packet payload	planned
cifar100_4agent_25cls_hetero4arch_ipc50	outputs/cifar100_4agent_25cls_hetero4arch_ipc50/agents/agent_0/checkpoints/dsdm_pretrained/cifar100_model_6.pth	2023118	model/checkpoint/packet payload	planned
cifar100_4agent_25cls_hetero4arch_ipc50	outputs/cifar100_4agent_25cls_hetero4arch_ipc50/agents/agent_0/checkpoints/dsdm_pretrained/cifar100_model_7.pth	2023118	model/checkpoint/packet payload	planned
cifar100_4agent_25cls_hetero4arch_ipc50	outputs/cifar100_4agent_25cls_hetero4arch_ipc50/agents/agent_0/checkpoints/dsdm_pretrained/cifar100_model_8.pth	2023118	model/checkpoint/packet payload	planned
cifar100_4agent_25cls_hetero4arch_ipc50	outputs/cifar100_4agent_25cls_hetero4arch_ipc50/agents/agent_0/checkpoints/dsdm_pretrained/cifar100_model_9.pth	2023118	model/checkpoint/packet payload	planned
cifar100_4agent_25cls_hetero4arch_ipc50	outputs/cifar100_4agent_25cls_hetero4arch_ipc50/agents/agent_0/packets/dsdm_packet.pt	15622768	model/checkpoint/packet payload	planned
cifar100_4agent_25cls_hetero4arch_ipc50	outputs/cifar100_4agent_25cls_hetero4arch_ipc50/agents/agent_0/synthetic/data_best.pt	15371684	model/checkpoint/packet payload	planned
cifar100_4agent_25cls_hetero4arch_ipc50	outputs/cifar100_4agent_25cls_hetero4arch_ipc50/agents/agent_1/checkpoints/expert_model.pt	4325454	model/checkpoint/packet payload	planned
cifar100_4agent_25cls_hetero4arch_ipc50	outputs/cifar100_4agent_25cls_hetero4arch_ipc50/agents/agent_1/checkpoints/dsdm_pretrained/cifar100_model_1.pth	4325542	model/checkpoint/packet payload	planned
cifar100_4agent_25cls_hetero4arch_ipc50	outputs/cifar100_4agent_25cls_hetero4arch_ipc50/agents/agent_1/checkpoints/dsdm_pretrained/cifar100_model_2.pth	4325542	model/checkpoint/packet payload	planned
cifar100_4agent_25cls_hetero4arch_ipc50	outputs/cifar100_4agent_25cls_hetero4arch_ipc50/agents/agent_1/checkpoints/dsdm_pretrained/cifar100_model_3.pth	4325542	model/checkpoint/packet payload	planned
cifar100_4agent_25cls_hetero4arch_ipc50	outputs/cifar100_4agent_25cls_hetero4arch_ipc50/agents/agent_1/checkpoints/dsdm_pretrained/cifar100_model_4.pth	4325542	model/checkpoint/packet payload	planned
cifar100_4agent_25cls_hetero4arch_ipc50	outputs/cifar100_4agent_25cls_hetero4arch_ipc50/agents/agent_1/checkpoints/dsdm_pretrained/cifar100_model_5.pth	4325542	model/checkpoint/packet payload	planned
cifar100_4agent_25cls_hetero4arch_ipc50	outputs/cifar100_4agent_25cls_hetero4arch_ipc50/agents/agent_1/checkpoints/dsdm_pretrained/cifar100_model_6.pth	4325542	model/checkpoint/packet payload	planned
cifar100_4agent_25cls_hetero4arch_ipc50	outputs/cifar100_4agent_25cls_hetero4arch_ipc50/agents/agent_1/checkpoints/dsdm_pretrained/cifar100_model_7.pth	4325542	model/checkpoint/packet payload	planned
cifar100_4agent_25cls_hetero4arch_ipc50	outputs/cifar100_4agent_25cls_hetero4arch_ipc50/agents/agent_1/checkpoints/dsdm_pretrained/cifar100_model_8.pth	4325542	model/checkpoint/packet payload	planned
cifar100_4agent_25cls_hetero4arch_ipc50	outputs/cifar100_4agent_25cls_hetero4arch_ipc50/agents/agent_1/checkpoints/dsdm_pretrained/cifar100_model_9.pth	4325542	model/checkpoint/packet payload	planned
cifar100_4agent_25cls_hetero4arch_ipc50	outputs/cifar100_4agent_25cls_hetero4arch_ipc50/agents/agent_1/checkpoints/dsdm_pretrained/cifar100_model_0.pth	4325542	model/checkpoint/packet payload	planned
cifar100_4agent_25cls_hetero4arch_ipc50	outputs/cifar100_4agent_25cls_hetero4arch_ipc50/agents/agent_1/packets/dsdm_packet.pt	15622768	model/checkpoint/packet payload	planned
cifar100_4agent_25cls_hetero4arch_ipc50	outputs/cifar100_4agent_25cls_hetero4arch_ipc50/agents/agent_1/synthetic/data_best.pt	15371684	model/checkpoint/packet payload	planned
cifar100_4agent_25cls_hetero4arch_ipc50	outputs/cifar100_4agent_25cls_hetero4arch_ipc50/agents/agent_2/checkpoints/guide_model_0.pt	39239952	model/checkpoint/packet payload	planned
cifar100_4agent_25cls_hetero4arch_ipc50	outputs/cifar100_4agent_25cls_hetero4arch_ipc50/agents/agent_2/checkpoints/guide_model_1.pt	39239952	model/checkpoint/packet payload	planned
cifar100_4agent_25cls_hetero4arch_ipc50	outputs/cifar100_4agent_25cls_hetero4arch_ipc50/agents/agent_2/checkpoints/guide_model_2.pt	39239952	model/checkpoint/packet payload	planned
cifar100_4agent_25cls_hetero4arch_ipc50	outputs/cifar100_4agent_25cls_hetero4arch_ipc50/agents/agent_2/checkpoints/guide_model_3.pt	39239952	model/checkpoint/packet payload	planned
cifar100_4agent_25cls_hetero4arch_ipc50	outputs/cifar100_4agent_25cls_hetero4arch_ipc50/agents/agent_2/checkpoints/guide_model_4.pt	39239952	model/checkpoint/packet payload	planned
cifar100_4agent_25cls_hetero4arch_ipc50	outputs/cifar100_4agent_25cls_hetero4arch_ipc50/agents/agent_2/checkpoints/guide_model_5.pt	39239952	model/checkpoint/packet payload	planned
cifar100_4agent_25cls_hetero4arch_ipc50	outputs/cifar100_4agent_25cls_hetero4arch_ipc50/agents/agent_2/checkpoints/guide_model_6.pt	39239952	model/checkpoint/packet payload	planned
cifar100_4agent_25cls_hetero4arch_ipc50	outputs/cifar100_4agent_25cls_hetero4arch_ipc50/agents/agent_2/checkpoints/guide_model_7.pt	39239952	model/checkpoint/packet payload	planned
cifar100_4agent_25cls_hetero4arch_ipc50	outputs/cifar100_4agent_25cls_hetero4arch_ipc50/agents/agent_2/checkpoints/guide_model_8.pt	39239952	model/checkpoint/packet payload	planned
cifar100_4agent_25cls_hetero4arch_ipc50	outputs/cifar100_4agent_25cls_hetero4arch_ipc50/agents/agent_2/checkpoints/guide_model_9.pt	39239952	model/checkpoint/packet payload	planned
cifar100_4agent_25cls_hetero4arch_ipc50	outputs/cifar100_4agent_25cls_hetero4arch_ipc50/agents/agent_2/checkpoints/expert_model.pt	39239126	model/checkpoint/packet payload	planned
cifar100_4agent_25cls_hetero4arch_ipc50	outputs/cifar100_4agent_25cls_hetero4arch_ipc50/agents/agent_2/checkpoints/data_best.pt	15371428	model/checkpoint/packet payload	planned
cifar100_4agent_25cls_hetero4arch_ipc50	outputs/cifar100_4agent_25cls_hetero4arch_ipc50/agents/agent_2/checkpoints/dsdm_pretrained/cifar100_model_0.pth	39239358	model/checkpoint/packet payload	planned
cifar100_4agent_25cls_hetero4arch_ipc50	outputs/cifar100_4agent_25cls_hetero4arch_ipc50/agents/agent_2/checkpoints/dsdm_pretrained/cifar100_model_1.pth	39239358	model/checkpoint/packet payload	planned
cifar100_4agent_25cls_hetero4arch_ipc50	outputs/cifar100_4agent_25cls_hetero4arch_ipc50/agents/agent_2/checkpoints/dsdm_pretrained/cifar100_model_2.pth	39239358	model/checkpoint/packet payload	planned
cifar100_4agent_25cls_hetero4arch_ipc50	outputs/cifar100_4agent_25cls_hetero4arch_ipc50/agents/agent_2/checkpoints/dsdm_pretrained/cifar100_model_3.pth	39239358	model/checkpoint/packet payload	planned
cifar100_4agent_25cls_hetero4arch_ipc50	outputs/cifar100_4agent_25cls_hetero4arch_ipc50/agents/agent_2/checkpoints/dsdm_pretrained/cifar100_model_4.pth	39239358	model/checkpoint/packet payload	planned
cifar100_4agent_25cls_hetero4arch_ipc50	outputs/cifar100_4agent_25cls_hetero4arch_ipc50/agents/agent_2/checkpoints/dsdm_pretrained/cifar100_model_5.pth	39239358	model/checkpoint/packet payload	planned
cifar100_4agent_25cls_hetero4arch_ipc50	outputs/cifar100_4agent_25cls_hetero4arch_ipc50/agents/agent_2/checkpoints/dsdm_pretrained/cifar100_model_6.pth	39239358	model/checkpoint/packet payload	planned
cifar100_4agent_25cls_hetero4arch_ipc50	outputs/cifar100_4agent_25cls_hetero4arch_ipc50/agents/agent_2/checkpoints/dsdm_pretrained/cifar100_model_7.pth	39239358	model/checkpoint/packet payload	planned
cifar100_4agent_25cls_hetero4arch_ipc50	outputs/cifar100_4agent_25cls_hetero4arch_ipc50/agents/agent_2/checkpoints/dsdm_pretrained/cifar100_model_8.pth	39239358	model/checkpoint/packet payload	planned
cifar100_4agent_25cls_hetero4arch_ipc50	outputs/cifar100_4agent_25cls_hetero4arch_ipc50/agents/agent_2/checkpoints/dsdm_pretrained/cifar100_model_9.pth	39239358	model/checkpoint/packet payload	planned
cifar100_4agent_25cls_hetero4arch_ipc50	outputs/cifar100_4agent_25cls_hetero4arch_ipc50/agents/agent_2/packets/dsdm_packet.pt	15622768	model/checkpoint/packet payload	planned
cifar100_4agent_25cls_hetero4arch_ipc50	outputs/cifar100_4agent_25cls_hetero4arch_ipc50/agents/agent_2/synthetic/data_best.pt	15371684	model/checkpoint/packet payload	planned
cifar100_4agent_25cls_hetero4arch_ipc50	outputs/cifar100_4agent_25cls_hetero4arch_ipc50/agents/agent_3/checkpoints/guide_model_0.pt	28124457	model/checkpoint/packet payload	planned
cifar100_4agent_25cls_hetero4arch_ipc50	outputs/cifar100_4agent_25cls_hetero4arch_ipc50/agents/agent_3/checkpoints/guide_model_1.pt	28124457	model/checkpoint/packet payload	planned
cifar100_4agent_25cls_hetero4arch_ipc50	outputs/cifar100_4agent_25cls_hetero4arch_ipc50/agents/agent_3/checkpoints/guide_model_2.pt	28124457	model/checkpoint/packet payload	planned
cifar100_4agent_25cls_hetero4arch_ipc50	outputs/cifar100_4agent_25cls_hetero4arch_ipc50/agents/agent_3/checkpoints/guide_model_3.pt	28124457	model/checkpoint/packet payload	planned
cifar100_4agent_25cls_hetero4arch_ipc50	outputs/cifar100_4agent_25cls_hetero4arch_ipc50/agents/agent_3/checkpoints/guide_model_4.pt	28124457	model/checkpoint/packet payload	planned
cifar100_4agent_25cls_hetero4arch_ipc50	outputs/cifar100_4agent_25cls_hetero4arch_ipc50/agents/agent_3/checkpoints/guide_model_5.pt	28124457	model/checkpoint/packet payload	planned
cifar100_4agent_25cls_hetero4arch_ipc50	outputs/cifar100_4agent_25cls_hetero4arch_ipc50/agents/agent_3/checkpoints/guide_model_6.pt	28124457	model/checkpoint/packet payload	planned
cifar100_4agent_25cls_hetero4arch_ipc50	outputs/cifar100_4agent_25cls_hetero4arch_ipc50/agents/agent_3/checkpoints/guide_model_7.pt	28124457	model/checkpoint/packet payload	planned
cifar100_4agent_25cls_hetero4arch_ipc50	outputs/cifar100_4agent_25cls_hetero4arch_ipc50/agents/agent_3/checkpoints/guide_model_8.pt	28124457	model/checkpoint/packet payload	planned
cifar100_4agent_25cls_hetero4arch_ipc50	outputs/cifar100_4agent_25cls_hetero4arch_ipc50/agents/agent_3/checkpoints/guide_model_9.pt	28124457	model/checkpoint/packet payload	planned
cifar100_4agent_25cls_hetero4arch_ipc50	outputs/cifar100_4agent_25cls_hetero4arch_ipc50/agents/agent_3/checkpoints/expert_model.pt	28123900	model/checkpoint/packet payload	planned
cifar100_4agent_25cls_hetero4arch_ipc50	outputs/cifar100_4agent_25cls_hetero4arch_ipc50/agents/agent_3/checkpoints/data_best.pt	15371428	model/checkpoint/packet payload	planned
cifar100_4agent_25cls_hetero4arch_ipc50	outputs/cifar100_4agent_25cls_hetero4arch_ipc50/agents/agent_3/checkpoints/dsdm_pretrained/cifar100_model_0.pth	28124080	model/checkpoint/packet payload	planned
cifar100_4agent_25cls_hetero4arch_ipc50	outputs/cifar100_4agent_25cls_hetero4arch_ipc50/agents/agent_3/checkpoints/dsdm_pretrained/cifar100_model_1.pth	28124080	model/checkpoint/packet payload	planned
cifar100_4agent_25cls_hetero4arch_ipc50	outputs/cifar100_4agent_25cls_hetero4arch_ipc50/agents/agent_3/checkpoints/dsdm_pretrained/cifar100_model_2.pth	28124080	model/checkpoint/packet payload	planned
cifar100_4agent_25cls_hetero4arch_ipc50	outputs/cifar100_4agent_25cls_hetero4arch_ipc50/agents/agent_3/checkpoints/dsdm_pretrained/cifar100_model_3.pth	28124080	model/checkpoint/packet payload	planned
cifar100_4agent_25cls_hetero4arch_ipc50	outputs/cifar100_4agent_25cls_hetero4arch_ipc50/agents/agent_3/checkpoints/dsdm_pretrained/cifar100_model_4.pth	28124080	model/checkpoint/packet payload	planned
cifar100_4agent_25cls_hetero4arch_ipc50	outputs/cifar100_4agent_25cls_hetero4arch_ipc50/agents/agent_3/checkpoints/dsdm_pretrained/cifar100_model_5.pth	28124080	model/checkpoint/packet payload	planned
cifar100_4agent_25cls_hetero4arch_ipc50	outputs/cifar100_4agent_25cls_hetero4arch_ipc50/agents/agent_3/checkpoints/dsdm_pretrained/cifar100_model_6.pth	28124080	model/checkpoint/packet payload	planned
cifar100_4agent_25cls_hetero4arch_ipc50	outputs/cifar100_4agent_25cls_hetero4arch_ipc50/agents/agent_3/checkpoints/dsdm_pretrained/cifar100_model_7.pth	28124080	model/checkpoint/packet payload	planned
cifar100_4agent_25cls_hetero4arch_ipc50	outputs/cifar100_4agent_25cls_hetero4arch_ipc50/agents/agent_3/checkpoints/dsdm_pretrained/cifar100_model_8.pth	28124080	model/checkpoint/packet payload	planned
cifar100_4agent_25cls_hetero4arch_ipc50	outputs/cifar100_4agent_25cls_hetero4arch_ipc50/agents/agent_3/checkpoints/dsdm_pretrained/cifar100_model_9.pth	28124080	model/checkpoint/packet payload	planned
cifar100_4agent_25cls_hetero4arch_ipc50	outputs/cifar100_4agent_25cls_hetero4arch_ipc50/agents/agent_3/packets/dsdm_packet.pt	15622768	model/checkpoint/packet payload	planned
cifar100_4agent_25cls_hetero4arch_ipc50	outputs/cifar100_4agent_25cls_hetero4arch_ipc50/agents/agent_3/synthetic/data_best.pt	15371684	model/checkpoint/packet payload	planned
cifar100_4agent_25cls_hetero4arch_ipc50	outputs/cifar100_4agent_25cls_hetero4arch_ipc50/agents/agent_3/backups/before_gpu1_restart_20260706_194709/dsdm_packet.pt	15371888	model/checkpoint/packet payload	planned
cifar100_4agent_25cls_hetero4arch_ipc50	outputs/cifar100_4agent_25cls_hetero4arch_ipc50/agents/agent_3/backups/before_gpu1_restart_20260706_194709/data_best.pt	15371684	model/checkpoint/packet payload	planned
cifar100_4agent_25cls_hetero4arch_ipc50	outputs/cifar100_4agent_25cls_hetero4arch_ipc50/packet_hub/dsdm/agent_0_dsdm_packet.pt	15622768	model/checkpoint/packet payload	planned
cifar100_4agent_25cls_hetero4arch_ipc50	outputs/cifar100_4agent_25cls_hetero4arch_ipc50/packet_hub/dsdm/agent_1_dsdm_packet.pt	15622768	model/checkpoint/packet payload	planned
cifar100_4agent_25cls_hetero4arch_ipc50	outputs/cifar100_4agent_25cls_hetero4arch_ipc50/packet_hub/dsdm/agent_2_dsdm_packet.pt	15622768	model/checkpoint/packet payload	planned
cifar100_4agent_25cls_hetero4arch_ipc50	outputs/cifar100_4agent_25cls_hetero4arch_ipc50/packet_hub/dsdm/agent_3_dsdm_packet.pt	15622768	model/checkpoint/packet payload	planned
cifar100_4agent_25cls_hetero4arch_ipc50_fullreal_eval_20260707_1032	outputs/cifar100_4agent_25cls_hetero4arch_ipc50_fullreal_eval_20260707_1032/agents/agent_0/checkpoints/expert_model.pt	2023046	model/checkpoint/packet payload	planned
cifar100_4agent_25cls_hetero4arch_ipc50_fullreal_eval_20260707_1032	outputs/cifar100_4agent_25cls_hetero4arch_ipc50_fullreal_eval_20260707_1032/agents/agent_0/packets/full_real_packet.pt	153701774	model/checkpoint/packet payload	planned
cifar100_4agent_25cls_hetero4arch_ipc50_fullreal_eval_20260707_1032	outputs/cifar100_4agent_25cls_hetero4arch_ipc50_fullreal_eval_20260707_1032/agents/agent_1/checkpoints/expert_model.pt	4325454	model/checkpoint/packet payload	planned
cifar100_4agent_25cls_hetero4arch_ipc50_fullreal_eval_20260707_1032	outputs/cifar100_4agent_25cls_hetero4arch_ipc50_fullreal_eval_20260707_1032/agents/agent_1/packets/full_real_packet.pt	153701774	model/checkpoint/packet payload	planned
cifar100_4agent_25cls_hetero4arch_ipc50_fullreal_eval_20260707_1032	outputs/cifar100_4agent_25cls_hetero4arch_ipc50_fullreal_eval_20260707_1032/agents/agent_2/checkpoints/expert_model.pt	39239126	model/checkpoint/packet payload	planned
cifar100_4agent_25cls_hetero4arch_ipc50_fullreal_eval_20260707_1032	outputs/cifar100_4agent_25cls_hetero4arch_ipc50_fullreal_eval_20260707_1032/agents/agent_2/packets/full_real_packet.pt	153701774	model/checkpoint/packet payload	planned
cifar100_4agent_25cls_hetero4arch_ipc50_fullreal_eval_20260707_1032	outputs/cifar100_4agent_25cls_hetero4arch_ipc50_fullreal_eval_20260707_1032/agents/agent_3/checkpoints/expert_model.pt	28123900	model/checkpoint/packet payload	planned
cifar100_4agent_25cls_hetero4arch_ipc50_fullreal_eval_20260707_1032	outputs/cifar100_4agent_25cls_hetero4arch_ipc50_fullreal_eval_20260707_1032/agents/agent_3/packets/full_real_packet.pt	153701774	model/checkpoint/packet payload	planned
cifar100_4agent_25cls_hetero4arch_ipc50_fullreal_eval_20260707_1032	outputs/cifar100_4agent_25cls_hetero4arch_ipc50_fullreal_eval_20260707_1032/packet_hub/full_real/agent_0_full_real_packet.pt	153701774	model/checkpoint/packet payload	planned
cifar100_4agent_25cls_hetero4arch_ipc50_fullreal_eval_20260707_1032	outputs/cifar100_4agent_25cls_hetero4arch_ipc50_fullreal_eval_20260707_1032/packet_hub/full_real/agent_1_full_real_packet.pt	153701774	model/checkpoint/packet payload	planned
cifar100_4agent_25cls_hetero4arch_ipc50_fullreal_eval_20260707_1032	outputs/cifar100_4agent_25cls_hetero4arch_ipc50_fullreal_eval_20260707_1032/packet_hub/full_real/agent_2_full_real_packet.pt	153701774	model/checkpoint/packet payload	planned
cifar100_4agent_25cls_hetero4arch_ipc50_fullreal_eval_20260707_1032	outputs/cifar100_4agent_25cls_hetero4arch_ipc50_fullreal_eval_20260707_1032/packet_hub/full_real/agent_3_full_real_packet.pt	153701774	model/checkpoint/packet payload	planned
cifar100_4agent_25cls_hetero4arch_ipc50_fullreal_eval_20260707_1032	outputs/cifar100_4agent_25cls_hetero4arch_ipc50_fullreal_eval_20260707_1032/social_learning/receiver_agent_0/checkpoints/full_real_expert/before_social.pt	2023192	model/checkpoint/packet payload	planned
cifar100_4agent_25cls_hetero4arch_ipc50_fullreal_eval_20260707_1032	outputs/cifar100_4agent_25cls_hetero4arch_ipc50_fullreal_eval_20260707_1032/social_learning/receiver_agent_0/checkpoints/full_real_expert/after_social.pt	2023174	model/checkpoint/packet payload	planned
cifar100_4agent_25cls_hetero4arch_ipc50_fullreal_eval_20260707_1032	outputs/cifar100_4agent_25cls_hetero4arch_ipc50_fullreal_eval_20260707_1032/social_learning/receiver_agent_1/checkpoints/full_real_expert/before_social.pt	4325668	model/checkpoint/packet payload	planned
cifar100_4agent_25cls_hetero4arch_ipc50_fullreal_eval_20260707_1032	outputs/cifar100_4agent_25cls_hetero4arch_ipc50_fullreal_eval_20260707_1032/social_learning/receiver_agent_1/checkpoints/full_real_expert/after_social.pt	4325646	model/checkpoint/packet payload	planned
cifar100_4agent_25cls_hetero4arch_ipc50_fullreal_eval_20260707_1032	outputs/cifar100_4agent_25cls_hetero4arch_ipc50_fullreal_eval_20260707_1032/social_learning/receiver_agent_2/checkpoints/full_real_expert/before_social.pt	39239952	model/checkpoint/packet payload	planned
cifar100_4agent_25cls_hetero4arch_ipc50_fullreal_eval_20260707_1032	outputs/cifar100_4agent_25cls_hetero4arch_ipc50_fullreal_eval_20260707_1032/social_learning/receiver_agent_2/checkpoints/full_real_expert/after_social.pt	39239894	model/checkpoint/packet payload	planned
cifar100_4agent_25cls_hetero4arch_ipc50_fullreal_eval_20260707_1032	outputs/cifar100_4agent_25cls_hetero4arch_ipc50_fullreal_eval_20260707_1032/social_learning/receiver_agent_3/checkpoints/full_real_expert/before_social.pt	28124457	model/checkpoint/packet payload	planned
cifar100_4agent_25cls_hetero4arch_ipc50_fullreal_eval_20260707_1032	outputs/cifar100_4agent_25cls_hetero4arch_ipc50_fullreal_eval_20260707_1032/social_learning/receiver_agent_3/checkpoints/full_real_expert/after_social.pt	28124412	model/checkpoint/packet payload	planned
cifar100_4agent_25cls_hetero4arch_ipc50_heuristic_eval_20260707_1032	outputs/cifar100_4agent_25cls_hetero4arch_ipc50_heuristic_eval_20260707_1032/agents/agent_0/checkpoints/expert_model.pt	2023046	model/checkpoint/packet payload	planned
cifar100_4agent_25cls_hetero4arch_ipc50_heuristic_eval_20260707_1032	outputs/cifar100_4agent_25cls_hetero4arch_ipc50_heuristic_eval_20260707_1032/agents/agent_0/packets/heuristic_packet.pt	15435160	model/checkpoint/packet payload	planned
cifar100_4agent_25cls_hetero4arch_ipc50_heuristic_eval_20260707_1032	outputs/cifar100_4agent_25cls_hetero4arch_ipc50_heuristic_eval_20260707_1032/agents/agent_1/checkpoints/expert_model.pt	4325454	model/checkpoint/packet payload	planned
cifar100_4agent_25cls_hetero4arch_ipc50_heuristic_eval_20260707_1032	outputs/cifar100_4agent_25cls_hetero4arch_ipc50_heuristic_eval_20260707_1032/agents/agent_1/packets/heuristic_packet.pt	15435160	model/checkpoint/packet payload	planned
cifar100_4agent_25cls_hetero4arch_ipc50_heuristic_eval_20260707_1032	outputs/cifar100_4agent_25cls_hetero4arch_ipc50_heuristic_eval_20260707_1032/agents/agent_2/checkpoints/expert_model.pt	39239126	model/checkpoint/packet payload	planned
cifar100_4agent_25cls_hetero4arch_ipc50_heuristic_eval_20260707_1032	outputs/cifar100_4agent_25cls_hetero4arch_ipc50_heuristic_eval_20260707_1032/agents/agent_2/packets/heuristic_packet.pt	15435160	model/checkpoint/packet payload	planned
cifar100_4agent_25cls_hetero4arch_ipc50_heuristic_eval_20260707_1032	outputs/cifar100_4agent_25cls_hetero4arch_ipc50_heuristic_eval_20260707_1032/agents/agent_3/checkpoints/expert_model.pt	28123900	model/checkpoint/packet payload	planned
cifar100_4agent_25cls_hetero4arch_ipc50_heuristic_eval_20260707_1032	outputs/cifar100_4agent_25cls_hetero4arch_ipc50_heuristic_eval_20260707_1032/agents/agent_3/packets/heuristic_packet.pt	15435160	model/checkpoint/packet payload	planned
cifar100_4agent_25cls_hetero4arch_ipc50_heuristic_eval_20260707_1032	outputs/cifar100_4agent_25cls_hetero4arch_ipc50_heuristic_eval_20260707_1032/packet_hub/heuristic/agent_0_heuristic_packet.pt	15435160	model/checkpoint/packet payload	planned
cifar100_4agent_25cls_hetero4arch_ipc50_heuristic_eval_20260707_1032	outputs/cifar100_4agent_25cls_hetero4arch_ipc50_heuristic_eval_20260707_1032/packet_hub/heuristic/agent_1_heuristic_packet.pt	15435160	model/checkpoint/packet payload	planned
cifar100_4agent_25cls_hetero4arch_ipc50_heuristic_eval_20260707_1032	outputs/cifar100_4agent_25cls_hetero4arch_ipc50_heuristic_eval_20260707_1032/packet_hub/heuristic/agent_2_heuristic_packet.pt	15435160	model/checkpoint/packet payload	planned
cifar100_4agent_25cls_hetero4arch_ipc50_heuristic_eval_20260707_1032	outputs/cifar100_4agent_25cls_hetero4arch_ipc50_heuristic_eval_20260707_1032/packet_hub/heuristic/agent_3_heuristic_packet.pt	15435160	model/checkpoint/packet payload	planned
cifar100_4agent_25cls_hetero4arch_ipc50_heuristic_eval_20260707_1032	outputs/cifar100_4agent_25cls_hetero4arch_ipc50_heuristic_eval_20260707_1032/social_learning/receiver_agent_0/checkpoints/heuristic_logit_expert/before_social.pt	2023192	model/checkpoint/packet payload	planned
cifar100_4agent_25cls_hetero4arch_ipc50_heuristic_eval_20260707_1032	outputs/cifar100_4agent_25cls_hetero4arch_ipc50_heuristic_eval_20260707_1032/social_learning/receiver_agent_0/checkpoints/heuristic_logit_expert/after_social.pt	2023174	model/checkpoint/packet payload	planned
cifar100_4agent_25cls_hetero4arch_ipc50_heuristic_eval_20260707_1032	outputs/cifar100_4agent_25cls_hetero4arch_ipc50_heuristic_eval_20260707_1032/social_learning/receiver_agent_1/checkpoints/heuristic_logit_expert/before_social.pt	4325668	model/checkpoint/packet payload	planned
cifar100_4agent_25cls_hetero4arch_ipc50_heuristic_eval_20260707_1032	outputs/cifar100_4agent_25cls_hetero4arch_ipc50_heuristic_eval_20260707_1032/social_learning/receiver_agent_1/checkpoints/heuristic_logit_expert/after_social.pt	4325646	model/checkpoint/packet payload	planned
cifar100_4agent_25cls_hetero4arch_ipc50_heuristic_eval_20260707_1032	outputs/cifar100_4agent_25cls_hetero4arch_ipc50_heuristic_eval_20260707_1032/social_learning/receiver_agent_2/checkpoints/heuristic_logit_expert/before_social.pt	39239952	model/checkpoint/packet payload	planned
cifar100_4agent_25cls_hetero4arch_ipc50_heuristic_eval_20260707_1032	outputs/cifar100_4agent_25cls_hetero4arch_ipc50_heuristic_eval_20260707_1032/social_learning/receiver_agent_2/checkpoints/heuristic_logit_expert/after_social.pt	39239894	model/checkpoint/packet payload	planned
cifar100_4agent_25cls_hetero4arch_ipc50_heuristic_eval_20260707_1032	outputs/cifar100_4agent_25cls_hetero4arch_ipc50_heuristic_eval_20260707_1032/social_learning/receiver_agent_3/checkpoints/heuristic_logit_expert/before_social.pt	28124457	model/checkpoint/packet payload	planned
cifar100_4agent_25cls_hetero4arch_ipc50_heuristic_eval_20260707_1032	outputs/cifar100_4agent_25cls_hetero4arch_ipc50_heuristic_eval_20260707_1032/social_learning/receiver_agent_3/checkpoints/heuristic_logit_expert/after_social.pt	28124412	model/checkpoint/packet payload	planned
cifar100_4agent_25cls_hetero4arch_ipc50_midpacket_eval_20260707_0825	outputs/cifar100_4agent_25cls_hetero4arch_ipc50_midpacket_eval_20260707_0825/agents/agent_0/packets/dsdm_packet.pt	15622768	model/checkpoint/packet payload	planned
cifar100_4agent_25cls_hetero4arch_ipc50_midpacket_eval_20260707_0825	outputs/cifar100_4agent_25cls_hetero4arch_ipc50_midpacket_eval_20260707_0825/agents/agent_0/checkpoints/expert_model.pt	2023046	model/checkpoint/packet payload	planned
cifar100_4agent_25cls_hetero4arch_ipc50_midpacket_eval_20260707_0825	outputs/cifar100_4agent_25cls_hetero4arch_ipc50_midpacket_eval_20260707_0825/agents/agent_0/synthetic/data_best.pt	15371684	model/checkpoint/packet payload	planned
cifar100_4agent_25cls_hetero4arch_ipc50_midpacket_eval_20260707_0825	outputs/cifar100_4agent_25cls_hetero4arch_ipc50_midpacket_eval_20260707_0825/agents/agent_1/packets/dsdm_packet.pt	15622768	model/checkpoint/packet payload	planned
cifar100_4agent_25cls_hetero4arch_ipc50_midpacket_eval_20260707_0825	outputs/cifar100_4agent_25cls_hetero4arch_ipc50_midpacket_eval_20260707_0825/agents/agent_1/checkpoints/expert_model.pt	4325454	model/checkpoint/packet payload	planned
cifar100_4agent_25cls_hetero4arch_ipc50_midpacket_eval_20260707_0825	outputs/cifar100_4agent_25cls_hetero4arch_ipc50_midpacket_eval_20260707_0825/agents/agent_1/synthetic/data_best.pt	15371684	model/checkpoint/packet payload	planned
cifar100_4agent_25cls_hetero4arch_ipc50_midpacket_eval_20260707_0825	outputs/cifar100_4agent_25cls_hetero4arch_ipc50_midpacket_eval_20260707_0825/agents/agent_2/packets/dsdm_packet.pt	15622768	model/checkpoint/packet payload	planned
cifar100_4agent_25cls_hetero4arch_ipc50_midpacket_eval_20260707_0825	outputs/cifar100_4agent_25cls_hetero4arch_ipc50_midpacket_eval_20260707_0825/agents/agent_2/checkpoints/expert_model.pt	39239126	model/checkpoint/packet payload	planned
cifar100_4agent_25cls_hetero4arch_ipc50_midpacket_eval_20260707_0825	outputs/cifar100_4agent_25cls_hetero4arch_ipc50_midpacket_eval_20260707_0825/agents/agent_2/synthetic/data_best.pt	15371684	model/checkpoint/packet payload	planned
cifar100_4agent_25cls_hetero4arch_ipc50_midpacket_eval_20260707_0825	outputs/cifar100_4agent_25cls_hetero4arch_ipc50_midpacket_eval_20260707_0825/agents/agent_3/packets/dsdm_packet.pt	15622768	model/checkpoint/packet payload	planned
cifar100_4agent_25cls_hetero4arch_ipc50_midpacket_eval_20260707_0825	outputs/cifar100_4agent_25cls_hetero4arch_ipc50_midpacket_eval_20260707_0825/agents/agent_3/checkpoints/expert_model.pt	28123900	model/checkpoint/packet payload	planned
cifar100_4agent_25cls_hetero4arch_ipc50_midpacket_eval_20260707_0825	outputs/cifar100_4agent_25cls_hetero4arch_ipc50_midpacket_eval_20260707_0825/agents/agent_3/synthetic/data_best.pt	15371684	model/checkpoint/packet payload	planned
cifar100_4agent_25cls_hetero4arch_ipc50_midpacket_eval_20260707_0825	outputs/cifar100_4agent_25cls_hetero4arch_ipc50_midpacket_eval_20260707_0825/packet_hub/dsdm/agent_0_dsdm_packet.pt	15622768	model/checkpoint/packet payload	planned
cifar100_4agent_25cls_hetero4arch_ipc50_midpacket_eval_20260707_0825	outputs/cifar100_4agent_25cls_hetero4arch_ipc50_midpacket_eval_20260707_0825/packet_hub/dsdm/agent_1_dsdm_packet.pt	15622768	model/checkpoint/packet payload	planned
cifar100_4agent_25cls_hetero4arch_ipc50_midpacket_eval_20260707_0825	outputs/cifar100_4agent_25cls_hetero4arch_ipc50_midpacket_eval_20260707_0825/packet_hub/dsdm/agent_2_dsdm_packet.pt	15622768	model/checkpoint/packet payload	planned
cifar100_4agent_25cls_hetero4arch_ipc50_midpacket_eval_20260707_0825	outputs/cifar100_4agent_25cls_hetero4arch_ipc50_midpacket_eval_20260707_0825/packet_hub/dsdm/agent_3_dsdm_packet.pt	15622768	model/checkpoint/packet payload	planned
cifar100_4agent_25cls_hetero4arch_ipc50_midpacket_eval_20260707_0825	outputs/cifar100_4agent_25cls_hetero4arch_ipc50_midpacket_eval_20260707_0825/social_learning/receiver_agent_0/checkpoints/dsdm_logit_expert/before_social.pt	2023192	model/checkpoint/packet payload	planned
cifar100_4agent_25cls_hetero4arch_ipc50_midpacket_eval_20260707_0825	outputs/cifar100_4agent_25cls_hetero4arch_ipc50_midpacket_eval_20260707_0825/social_learning/receiver_agent_0/checkpoints/dsdm_logit_expert/after_social.pt	2023174	model/checkpoint/packet payload	planned
cifar100_4agent_25cls_hetero4arch_ipc50_midpacket_eval_20260707_0825	outputs/cifar100_4agent_25cls_hetero4arch_ipc50_midpacket_eval_20260707_0825/social_learning/receiver_agent_1/checkpoints/dsdm_logit_expert/before_social.pt	4325668	model/checkpoint/packet payload	planned
cifar100_4agent_25cls_hetero4arch_ipc50_midpacket_eval_20260707_0825	outputs/cifar100_4agent_25cls_hetero4arch_ipc50_midpacket_eval_20260707_0825/social_learning/receiver_agent_1/checkpoints/dsdm_logit_expert/after_social.pt	4325646	model/checkpoint/packet payload	planned
cifar100_4agent_25cls_hetero4arch_ipc50_midpacket_eval_20260707_0825	outputs/cifar100_4agent_25cls_hetero4arch_ipc50_midpacket_eval_20260707_0825/social_learning/receiver_agent_2/checkpoints/dsdm_logit_expert/before_social.pt	39239952	model/checkpoint/packet payload	planned
cifar100_4agent_25cls_hetero4arch_ipc50_midpacket_eval_20260707_0825	outputs/cifar100_4agent_25cls_hetero4arch_ipc50_midpacket_eval_20260707_0825/social_learning/receiver_agent_2/checkpoints/dsdm_logit_expert/after_social.pt	39239894	model/checkpoint/packet payload	planned
cifar100_4agent_25cls_hetero4arch_ipc50_midpacket_eval_20260707_0825	outputs/cifar100_4agent_25cls_hetero4arch_ipc50_midpacket_eval_20260707_0825/social_learning/receiver_agent_3/checkpoints/dsdm_logit_expert/before_social.pt	28124457	model/checkpoint/packet payload	planned
cifar100_4agent_25cls_hetero4arch_ipc50_midpacket_eval_20260707_0825	outputs/cifar100_4agent_25cls_hetero4arch_ipc50_midpacket_eval_20260707_0825/social_learning/receiver_agent_3/checkpoints/dsdm_logit_expert/after_social.pt	28124412	model/checkpoint/packet payload	planned
cifar100_4agent_25cls_hetero4arch_ipc50_midpacket_snapshot_20260707_0825	outputs/cifar100_4agent_25cls_hetero4arch_ipc50_midpacket_snapshot_20260707_0825/agents/agent_0/packets/dsdm_packet.pt	15622768	model/checkpoint/packet payload	planned
cifar100_4agent_25cls_hetero4arch_ipc50_midpacket_snapshot_20260707_0825	outputs/cifar100_4agent_25cls_hetero4arch_ipc50_midpacket_snapshot_20260707_0825/agents/agent_0/checkpoints/expert_model.pt	2023046	model/checkpoint/packet payload	planned
cifar100_4agent_25cls_hetero4arch_ipc50_midpacket_snapshot_20260707_0825	outputs/cifar100_4agent_25cls_hetero4arch_ipc50_midpacket_snapshot_20260707_0825/agents/agent_0/synthetic/data_best.pt	15371684	model/checkpoint/packet payload	planned
cifar100_4agent_25cls_hetero4arch_ipc50_midpacket_snapshot_20260707_0825	outputs/cifar100_4agent_25cls_hetero4arch_ipc50_midpacket_snapshot_20260707_0825/agents/agent_1/packets/dsdm_packet.pt	15622768	model/checkpoint/packet payload	planned
cifar100_4agent_25cls_hetero4arch_ipc50_midpacket_snapshot_20260707_0825	outputs/cifar100_4agent_25cls_hetero4arch_ipc50_midpacket_snapshot_20260707_0825/agents/agent_1/checkpoints/expert_model.pt	4325454	model/checkpoint/packet payload	planned
cifar100_4agent_25cls_hetero4arch_ipc50_midpacket_snapshot_20260707_0825	outputs/cifar100_4agent_25cls_hetero4arch_ipc50_midpacket_snapshot_20260707_0825/agents/agent_1/synthetic/data_best.pt	15371684	model/checkpoint/packet payload	planned
cifar100_4agent_25cls_hetero4arch_ipc50_midpacket_snapshot_20260707_0825	outputs/cifar100_4agent_25cls_hetero4arch_ipc50_midpacket_snapshot_20260707_0825/agents/agent_2/packets/dsdm_packet.pt	15371888	model/checkpoint/packet payload	planned
cifar100_4agent_25cls_hetero4arch_ipc50_midpacket_snapshot_20260707_0825	outputs/cifar100_4agent_25cls_hetero4arch_ipc50_midpacket_snapshot_20260707_0825/agents/agent_2/checkpoints/expert_model.pt	39239126	model/checkpoint/packet payload	planned
cifar100_4agent_25cls_hetero4arch_ipc50_midpacket_snapshot_20260707_0825	outputs/cifar100_4agent_25cls_hetero4arch_ipc50_midpacket_snapshot_20260707_0825/agents/agent_2/synthetic/data_best.pt	15371684	model/checkpoint/packet payload	planned
cifar100_4agent_25cls_hetero4arch_ipc50_midpacket_snapshot_20260707_0825	outputs/cifar100_4agent_25cls_hetero4arch_ipc50_midpacket_snapshot_20260707_0825/agents/agent_3/packets/dsdm_packet.pt	15371888	model/checkpoint/packet payload	planned
cifar100_4agent_25cls_hetero4arch_ipc50_midpacket_snapshot_20260707_0825	outputs/cifar100_4agent_25cls_hetero4arch_ipc50_midpacket_snapshot_20260707_0825/agents/agent_3/checkpoints/expert_model.pt	28123900	model/checkpoint/packet payload	planned
cifar100_4agent_25cls_hetero4arch_ipc50_midpacket_snapshot_20260707_0825	outputs/cifar100_4agent_25cls_hetero4arch_ipc50_midpacket_snapshot_20260707_0825/agents/agent_3/synthetic/data_best.pt	15371684	model/checkpoint/packet payload	planned
