action	size_bytes	sha256	canonical	path	note
hardlinked	153701774	7bccf81da061997da4175cc7cc48f95ab46759424dcab448587dfbe253dd5f76	outputs/cifar100_4agent_25cls_conv_family_ipc10/packet_hub/full_real/agent_0_full_real_packet.pt	outputs/cifar100_4agent_25cls_ipc10_logit/packet_hub/full_real/agent_0_full_real_packet.pt	exact duplicate content preserved by path
hardlinked	153701774	7bccf81da061997da4175cc7cc48f95ab46759424dcab448587dfbe253dd5f76	outputs/cifar100_4agent_25cls_conv_family_ipc10/packet_hub/full_real/agent_0_full_real_packet.pt	outputs/cifar100_4agent_25cls_upper_bound/packet_hub/full_real/agent_0_full_real_packet.pt	exact duplicate content preserved by path
hardlinked	153701774	ea12fcc0c4f924262063b17879f8c6e086319c773bc3ab96eaefe6a10cced725	outputs/cifar100_4agent_25cls_conv_family_ipc10/packet_hub/full_real/agent_1_full_real_packet.pt	outputs/cifar100_4agent_25cls_ipc10_logit/packet_hub/full_real/agent_1_full_real_packet.pt	exact duplicate content preserved by path
hardlinked	153701774	ea12fcc0c4f924262063b17879f8c6e086319c773bc3ab96eaefe6a10cced725	outputs/cifar100_4agent_25cls_conv_family_ipc10/packet_hub/full_real/agent_1_full_real_packet.pt	outputs/cifar100_4agent_25cls_upper_bound/packet_hub/full_real/agent_1_full_real_packet.pt	exact duplicate content preserved by path
hardlinked	153701774	15780e61d6529c2e96cc1430c65c585276f3ff6767b8fe870a1954798813af1a	outputs/cifar100_4agent_25cls_conv_family_ipc10/packet_hub/full_real/agent_2_full_real_packet.pt	outputs/cifar100_4agent_25cls_ipc10_logit/packet_hub/full_real/agent_2_full_real_packet.pt	exact duplicate content preserved by path
hardlinked	153701774	15780e61d6529c2e96cc1430c65c585276f3ff6767b8fe870a1954798813af1a	outputs/cifar100_4agent_25cls_conv_family_ipc10/packet_hub/full_real/agent_2_full_real_packet.pt	outputs/cifar100_4agent_25cls_upper_bound/packet_hub/full_real/agent_2_full_real_packet.pt	exact duplicate content preserved by path
hardlinked	153701774	94a536229de8acffd6683fbcdad3a401a388a31f240c698119e7b90b01c4d40e	outputs/cifar100_4agent_25cls_conv_family_ipc10/packet_hub/full_real/agent_3_full_real_packet.pt	outputs/cifar100_4agent_25cls_ipc10_logit/packet_hub/full_real/agent_3_full_real_packet.pt	exact duplicate content preserved by path
hardlinked	153701774	94a536229de8acffd6683fbcdad3a401a388a31f240c698119e7b90b01c4d40e	outputs/cifar100_4agent_25cls_conv_family_ipc10/packet_hub/full_real/agent_3_full_real_packet.pt	outputs/cifar100_4agent_25cls_upper_bound/packet_hub/full_real/agent_3_full_real_packet.pt	exact duplicate content preserved by path
hardlinked	153701774	ea2be2c0817bf71af3f5e9db5b74c9693b11e10c9a5c63120260dc70d19de540	outputs/cifar100_4agent_25cls_ipc50_allconvnet-conv70/packet_hub/full_real/agent_0_full_real_packet.pt	outputs/cifar100_4agent_25cls_ipc50_allconvnet/packet_hub/full_real/agent_0_full_real_packet.pt	exact duplicate content preserved by path
hardlinked	153701774	ea2be2c0817bf71af3f5e9db5b74c9693b11e10c9a5c63120260dc70d19de540	outputs/cifar100_4agent_25cls_ipc50_allconvnet-conv70/packet_hub/full_real/agent_0_full_real_packet.pt	outputs/cifar100_4agent_25cls_ipc50_allconvnet_baseline_nologit/packet_hub/full_real/agent_0_full_real_packet.pt	exact duplicate content preserved by path
hardlinked	153701774	ea2be2c0817bf71af3f5e9db5b74c9693b11e10c9a5c63120260dc70d19de540	outputs/cifar100_4agent_25cls_ipc50_allconvnet-conv70/packet_hub/full_real/agent_0_full_real_packet.pt	outputs/cifar100_4agent_25cls_ipc50_allconvnet_cov70_baseline_nologit/packet_hub/full_real/agent_0_full_real_packet.pt	exact duplicate content preserved by path
hardlinked	153701774	87686d24b27ff733d3d8f2eac462b31752333dfcc1e6b62c11d6f74bc2c64378	outputs/cifar100_4agent_25cls_ipc50_allconvnet-conv70/packet_hub/full_real/agent_1_full_real_packet.pt	outputs/cifar100_4agent_25cls_ipc50_allconvnet/packet_hub/full_real/agent_1_full_real_packet.pt	exact duplicate content preserved by path
hardlinked	153701774	87686d24b27ff733d3d8f2eac462b31752333dfcc1e6b62c11d6f74bc2c64378	outputs/cifar100_4agent_25cls_ipc50_allconvnet-conv70/packet_hub/full_real/agent_1_full_real_packet.pt	outputs/cifar100_4agent_25cls_ipc50_allconvnet_baseline_nologit/packet_hub/full_real/agent_1_full_real_packet.pt	exact duplicate content preserved by path
hardlinked	153701774	87686d24b27ff733d3d8f2eac462b31752333dfcc1e6b62c11d6f74bc2c64378	outputs/cifar100_4agent_25cls_ipc50_allconvnet-conv70/packet_hub/full_real/agent_1_full_real_packet.pt	outputs/cifar100_4agent_25cls_ipc50_allconvnet_cov70_baseline_nologit/packet_hub/full_real/agent_1_full_real_packet.pt	exact duplicate content preserved by path
hardlinked	153701774	8b32d855cf6ec9f8f81542dca86c3f0769a3b0ba05bfa8673363826b9654d201	outputs/cifar100_4agent_25cls_ipc50_allconvnet-conv70/packet_hub/full_real/agent_2_full_real_packet.pt	outputs/cifar100_4agent_25cls_ipc50_allconvnet/packet_hub/full_real/agent_2_full_real_packet.pt	exact duplicate content preserved by path
hardlinked	153701774	8b32d855cf6ec9f8f81542dca86c3f0769a3b0ba05bfa8673363826b9654d201	outputs/cifar100_4agent_25cls_ipc50_allconvnet-conv70/packet_hub/full_real/agent_2_full_real_packet.pt	outputs/cifar100_4agent_25cls_ipc50_allconvnet_baseline_nologit/packet_hub/full_real/agent_2_full_real_packet.pt	exact duplicate content preserved by path
hardlinked	153701774	8b32d855cf6ec9f8f81542dca86c3f0769a3b0ba05bfa8673363826b9654d201	outputs/cifar100_4agent_25cls_ipc50_allconvnet-conv70/packet_hub/full_real/agent_2_full_real_packet.pt	outputs/cifar100_4agent_25cls_ipc50_allconvnet_cov70_baseline_nologit/packet_hub/full_real/agent_2_full_real_packet.pt	exact duplicate content preserved by path
hardlinked	153701774	ef54cd235bbface64949f2feb87875949cc35cc6762596e01598ecbd0405efe0	outputs/cifar100_4agent_25cls_ipc50_allconvnet-conv70/packet_hub/full_real/agent_3_full_real_packet.pt	outputs/cifar100_4agent_25cls_ipc50_allconvnet/packet_hub/full_real/agent_3_full_real_packet.pt	exact duplicate content preserved by path
hardlinked	153701774	ef54cd235bbface64949f2feb87875949cc35cc6762596e01598ecbd0405efe0	outputs/cifar100_4agent_25cls_ipc50_allconvnet-conv70/packet_hub/full_real/agent_3_full_real_packet.pt	outputs/cifar100_4agent_25cls_ipc50_allconvnet_baseline_nologit/packet_hub/full_real/agent_3_full_real_packet.pt	exact duplicate content preserved by path
hardlinked	153701774	ef54cd235bbface64949f2feb87875949cc35cc6762596e01598ecbd0405efe0	outputs/cifar100_4agent_25cls_ipc50_allconvnet-conv70/packet_hub/full_real/agent_3_full_real_packet.pt	outputs/cifar100_4agent_25cls_ipc50_allconvnet_cov70_baseline_nologit/packet_hub/full_real/agent_3_full_real_packet.pt	exact duplicate content preserved by path
hardlinked	39239126	b5d5d87e435d825f9dda3ad8554bacfcf71d41e28827c16b906a6f1d997f5f6c	outputs/cifar100_4agent_25cls_hetero4arch_ipc10_guardian_alex_dense_ep60_lr0p01_fr0p25_kd0p5_t3p0/agents/agent_2/checkpoints/expert_model.pt	outputs/cifar100_4agent_25cls_hetero4arch_ipc10_guardian_alex_dense_ep60_lr0p01_fr0p25_kd0p5_t4p0/agents/agent_2/checkpoints/expert_model.pt	exact duplicate content preserved by path
hardlinked	39239126	b5d5d87e435d825f9dda3ad8554bacfcf71d41e28827c16b906a6f1d997f5f6c	outputs/cifar100_4agent_25cls_hetero4arch_ipc10_guardian_alex_dense_ep60_lr0p01_fr0p25_kd0p5_t3p0/agents/agent_2/checkpoints/expert_model.pt	outputs/cifar100_4agent_25cls_hetero4arch_ipc10_guardian_alex_g3_ep090_fr020_kd060_t3_sched/agents/agent_2/checkpoints/expert_model.pt	exact duplicate content preserved by path
hardlinked	39239126	b5d5d87e435d825f9dda3ad8554bacfcf71d41e28827c16b906a6f1d997f5f6c	outputs/cifar100_4agent_25cls_hetero4arch_ipc10_guardian_alex_dense_ep60_lr0p01_fr0p25_kd0p5_t3p0/agents/agent_2/checkpoints/expert_model.pt	outputs/cifar100_4agent_25cls_hetero4arch_ipc10_guardian_alex_g3_fr020_kd060_t3_sched_self20/agents/agent_2/checkpoints/expert_model.pt	exact duplicate content preserved by path
hardlinked	39239126	b5d5d87e435d825f9dda3ad8554bacfcf71d41e28827c16b906a6f1d997f5f6c	outputs/cifar100_4agent_25cls_hetero4arch_ipc10_guardian_alex_dense_ep60_lr0p01_fr0p25_kd0p5_t3p0/agents/agent_2/checkpoints/expert_model.pt	outputs/cifar100_4agent_25cls_hetero4arch_ipc10_guardian_alex_g3_fr020_kd070_t4_sched/agents/agent_2/checkpoints/expert_model.pt	exact duplicate content preserved by path
hardlinked	39239126	b5d5d87e435d825f9dda3ad8554bacfcf71d41e28827c16b906a6f1d997f5f6c	outputs/cifar100_4agent_25cls_hetero4arch_ipc10_guardian_alex_dense_ep60_lr0p01_fr0p25_kd0p5_t3p0/agents/agent_2/checkpoints/expert_model.pt	outputs/cifar100_4agent_25cls_hetero4arch_ipc10_guardian_alex_g3_fr020_kd080_t3_sched/agents/agent_2/checkpoints/expert_model.pt	exact duplicate content preserved by path
hardlinked	39239126	b5d5d87e435d825f9dda3ad8554bacfcf71d41e28827c16b906a6f1d997f5f6c	outputs/cifar100_4agent_25cls_hetero4arch_ipc10_guardian_alex_dense_ep60_lr0p01_fr0p25_kd0p5_t3p0/agents/agent_2/checkpoints/expert_model.pt	outputs/cifar100_4agent_25cls_hetero4arch_ipc10_guardian_alex_g3_fr025_kd070_t3_sched_self15/agents/agent_2/checkpoints/expert_model.pt	exact duplicate content preserved by path
hardlinked	39239126	b5d5d87e435d825f9dda3ad8554bacfcf71d41e28827c16b906a6f1d997f5f6c	outputs/cifar100_4agent_25cls_hetero4arch_ipc10_guardian_alex_dense_ep60_lr0p01_fr0p25_kd0p5_t3p0/agents/agent_2/checkpoints/expert_model.pt	outputs/cifar100_4agent_25cls_hetero4arch_ipc10_guardian_alex_g3_fr030_kd060_t3_sched/agents/agent_2/checkpoints/expert_model.pt	exact duplicate content preserved by path
hardlinked	39239126	b5d5d87e435d825f9dda3ad8554bacfcf71d41e28827c16b906a6f1d997f5f6c	outputs/cifar100_4agent_25cls_hetero4arch_ipc10_guardian_alex_dense_ep60_lr0p01_fr0p25_kd0p5_t3p0/agents/agent_2/checkpoints/expert_model.pt	outputs/cifar100_4agent_25cls_hetero4arch_ipc10_guardian_vgg_dense_ep60_lr0p01_fr0p25_kd0p3_t3p0_self2p5/agents/agent_2/checkpoints/expert_model.pt	exact duplicate content preserved by path
hardlinked	39239126	b5d5d87e435d825f9dda3ad8554bacfcf71d41e28827c16b906a6f1d997f5f6c	outputs/cifar100_4agent_25cls_hetero4arch_ipc10_guardian_alex_dense_ep60_lr0p01_fr0p25_kd0p5_t3p0/agents/agent_2/checkpoints/expert_model.pt	outputs/cifar100_4agent_25cls_hetero4arch_ipc10_guardian_vgg_dense_ep60_lr0p01_fr0p25_kd0p3_t3p0_self3p0/agents/agent_2/checkpoints/expert_model.pt	exact duplicate content preserved by path
hardlinked	39239126	b5d5d87e435d825f9dda3ad8554bacfcf71d41e28827c16b906a6f1d997f5f6c	outputs/cifar100_4agent_25cls_hetero4arch_ipc10_guardian_alex_dense_ep60_lr0p01_fr0p25_kd0p5_t3p0/agents/agent_2/checkpoints/expert_model.pt	outputs/cifar100_4agent_25cls_hetero4arch_ipc10_guardian_vgg_dense_ep60_lr0p01_fr0p25_kd0p3_t3p0_self4p0/agents/agent_2/checkpoints/expert_model.pt	exact duplicate content preserved by path
hardlinked	39239126	b5d5d87e435d825f9dda3ad8554bacfcf71d41e28827c16b906a6f1d997f5f6c	outputs/cifar100_4agent_25cls_hetero4arch_ipc10_guardian_alex_dense_ep60_lr0p01_fr0p25_kd0p5_t3p0/agents/agent_2/checkpoints/expert_model.pt	outputs/cifar100_4agent_25cls_hetero4arch_ipc10_guardian_vgg_dense_ep60_lr0p01_fr0p25_kd0p3_t4p0_self2p5/agents/agent_2/checkpoints/expert_model.pt	exact duplicate content preserved by path
hardlinked	39239126	b5d5d87e435d825f9dda3ad8554bacfcf71d41e28827c16b906a6f1d997f5f6c	outputs/cifar100_4agent_25cls_hetero4arch_ipc10_guardian_alex_dense_ep60_lr0p01_fr0p25_kd0p5_t3p0/agents/agent_2/checkpoints/expert_model.pt	outputs/cifar100_4agent_25cls_hetero4arch_ipc10_guardian_vgg_dense_ep60_lr0p01_fr0p25_kd0p3_t4p0_self3p0/agents/agent_2/checkpoints/expert_model.pt	exact duplicate content preserved by path
hardlinked	39239126	b5d5d87e435d825f9dda3ad8554bacfcf71d41e28827c16b906a6f1d997f5f6c	outputs/cifar100_4agent_25cls_hetero4arch_ipc10_guardian_alex_dense_ep60_lr0p01_fr0p25_kd0p5_t3p0/agents/agent_2/checkpoints/expert_model.pt	outputs/cifar100_4agent_25cls_hetero4arch_ipc10_guardian_vgg_dense_ep60_lr0p01_fr0p25_kd0p3_t4p0_self4p0/agents/agent_2/checkpoints/expert_model.pt	exact duplicate content preserved by path
hardlinked	39239126	b5d5d87e435d825f9dda3ad8554bacfcf71d41e28827c16b906a6f1d997f5f6c	outputs/cifar100_4agent_25cls_hetero4arch_ipc10_guardian_alex_dense_ep60_lr0p01_fr0p25_kd0p5_t3p0/agents/agent_2/checkpoints/expert_model.pt	outputs/cifar100_4agent_25cls_hetero4arch_ipc10_guardian_vgg_dense_ep60_lr0p01_fr0p25_kd0p4_t3p0_self2p5/agents/agent_2/checkpoints/expert_model.pt	exact duplicate content preserved by path
hardlinked	39239126	b5d5d87e435d825f9dda3ad8554bacfcf71d41e28827c16b906a6f1d997f5f6c	outputs/cifar100_4agent_25cls_hetero4arch_ipc10_guardian_alex_dense_ep60_lr0p01_fr0p25_kd0p5_t3p0/agents/agent_2/checkpoints/expert_model.pt	outputs/cifar100_4agent_25cls_hetero4arch_ipc10_guardian_vgg_dense_ep60_lr0p01_fr0p25_kd0p4_t3p0_self3p0/agents/agent_2/checkpoints/expert_model.pt	exact duplicate content preserved by path
hardlinked	39239126	b5d5d87e435d825f9dda3ad8554bacfcf71d41e28827c16b906a6f1d997f5f6c	outputs/cifar100_4agent_25cls_hetero4arch_ipc10_guardian_alex_dense_ep60_lr0p01_fr0p25_kd0p5_t3p0/agents/agent_2/checkpoints/expert_model.pt	outputs/cifar100_4agent_25cls_hetero4arch_ipc10_guardian_vgg_dense_ep60_lr0p01_fr0p25_kd0p4_t3p0_self4p0/agents/agent_2/checkpoints/expert_model.pt	exact duplicate content preserved by path
hardlinked	39239126	b5d5d87e435d825f9dda3ad8554bacfcf71d41e28827c16b906a6f1d997f5f6c	outputs/cifar100_4agent_25cls_hetero4arch_ipc10_guardian_alex_dense_ep60_lr0p01_fr0p25_kd0p5_t3p0/agents/agent_2/checkpoints/expert_model.pt	outputs/cifar100_4agent_25cls_hetero4arch_ipc10_guardian_vgg_dense_ep60_lr0p01_fr0p25_kd0p4_t4p0_self2p5/agents/agent_2/checkpoints/expert_model.pt	exact duplicate content preserved by path
hardlinked	39239126	b5d5d87e435d825f9dda3ad8554bacfcf71d41e28827c16b906a6f1d997f5f6c	outputs/cifar100_4agent_25cls_hetero4arch_ipc10_guardian_alex_dense_ep60_lr0p01_fr0p25_kd0p5_t3p0/agents/agent_2/checkpoints/expert_model.pt	outputs/cifar100_4agent_25cls_hetero4arch_ipc10_guardian_vgg_dense_ep60_lr0p01_fr0p25_kd0p4_t4p0_self3p0/agents/agent_2/checkpoints/expert_model.pt	exact duplicate content preserved by path
hardlinked	39239126	b5d5d87e435d825f9dda3ad8554bacfcf71d41e28827c16b906a6f1d997f5f6c	outputs/cifar100_4agent_25cls_hetero4arch_ipc10_guardian_alex_dense_ep60_lr0p01_fr0p25_kd0p5_t3p0/agents/agent_2/checkpoints/expert_model.pt	outputs/cifar100_4agent_25cls_hetero4arch_ipc10_guardian_vgg_dense_ep60_lr0p01_fr0p25_kd0p4_t4p0_self4p0/agents/agent_2/checkpoints/expert_model.pt	exact duplicate content preserved by path
hardlinked	39239126	b5d5d87e435d825f9dda3ad8554bacfcf71d41e28827c16b906a6f1d997f5f6c	outputs/cifar100_4agent_25cls_hetero4arch_ipc10_guardian_alex_dense_ep60_lr0p01_fr0p25_kd0p5_t3p0/agents/agent_2/checkpoints/expert_model.pt	outputs/cifar100_4agent_25cls_hetero4arch_ipc10_guardian_vgg_dense_ep60_lr0p01_fr0p25_kd0p5_t3p0_self2p5/agents/agent_2/checkpoints/expert_model.pt	exact duplicate content preserved by path
hardlinked	39239126	b5d5d87e435d825f9dda3ad8554bacfcf71d41e28827c16b906a6f1d997f5f6c	outputs/cifar100_4agent_25cls_hetero4arch_ipc10_guardian_alex_dense_ep60_lr0p01_fr0p25_kd0p5_t3p0/agents/agent_2/checkpoints/expert_model.pt	outputs/cifar100_4agent_25cls_hetero4arch_ipc10_guardian_vgg_dense_ep60_lr0p01_fr0p25_kd0p5_t3p0_self3p0/agents/agent_2/checkpoints/expert_model.pt	exact duplicate content preserved by path
hardlinked	39239126	b5d5d87e435d825f9dda3ad8554bacfcf71d41e28827c16b906a6f1d997f5f6c	outputs/cifar100_4agent_25cls_hetero4arch_ipc10_guardian_alex_dense_ep60_lr0p01_fr0p25_kd0p5_t3p0/agents/agent_2/checkpoints/expert_model.pt	outputs/cifar100_4agent_25cls_hetero4arch_ipc10_guardian_vgg_dense_ep60_lr0p01_fr0p25_kd0p5_t3p0_self4p0/agents/agent_2/checkpoints/expert_model.pt	exact duplicate content preserved by path
hardlinked	39239126	b5d5d87e435d825f9dda3ad8554bacfcf71d41e28827c16b906a6f1d997f5f6c	outputs/cifar100_4agent_25cls_hetero4arch_ipc10_guardian_alex_dense_ep60_lr0p01_fr0p25_kd0p5_t3p0/agents/agent_2/checkpoints/expert_model.pt	outputs/cifar100_4agent_25cls_hetero4arch_ipc10_guardian_vgg_dense_ep60_lr0p01_fr0p25_kd0p5_t4p0_self2p5/agents/agent_2/checkpoints/expert_model.pt	exact duplicate content preserved by path
hardlinked	39239126	b5d5d87e435d825f9dda3ad8554bacfcf71d41e28827c16b906a6f1d997f5f6c	outputs/cifar100_4agent_25cls_hetero4arch_ipc10_guardian_alex_dense_ep60_lr0p01_fr0p25_kd0p5_t3p0/agents/agent_2/checkpoints/expert_model.pt	outputs/cifar100_4agent_25cls_hetero4arch_ipc10_guardian_vgg_dense_ep60_lr0p01_fr0p25_kd0p5_t4p0_self3p0/agents/agent_2/checkpoints/expert_model.pt	exact duplicate content preserved by path
hardlinked	39239126	b5d5d87e435d825f9dda3ad8554bacfcf71d41e28827c16b906a6f1d997f5f6c	outputs/cifar100_4agent_25cls_hetero4arch_ipc10_guardian_alex_dense_ep60_lr0p01_fr0p25_kd0p5_t3p0/agents/agent_2/checkpoints/expert_model.pt	outputs/cifar100_4agent_25cls_hetero4arch_ipc10_guardian_vgg_dense_ep60_lr0p01_fr0p25_kd0p5_t4p0_self4p0/agents/agent_2/checkpoints/expert_model.pt	exact duplicate content preserved by path
hardlinked	39239126	b5d5d87e435d825f9dda3ad8554bacfcf71d41e28827c16b906a6f1d997f5f6c	outputs/cifar100_4agent_25cls_hetero4arch_ipc10_guardian_alex_dense_ep60_lr0p01_fr0p25_kd0p5_t3p0/agents/agent_2/checkpoints/expert_model.pt	outputs/cifar100_4agent_25cls_hetero4arch_ipc10_guardian_vgg_dense_ep60_lr0p01_fr0p25_kd0p6_t3p0_self2p5/agents/agent_2/checkpoints/expert_model.pt	exact duplicate content preserved by path
hardlinked	39239126	b5d5d87e435d825f9dda3ad8554bacfcf71d41e28827c16b906a6f1d997f5f6c	outputs/cifar100_4agent_25cls_hetero4arch_ipc10_guardian_alex_dense_ep60_lr0p01_fr0p25_kd0p5_t3p0/agents/agent_2/checkpoints/expert_model.pt	outputs/cifar100_4agent_25cls_hetero4arch_ipc10_guardian_vgg_dense_ep60_lr0p01_fr0p25_kd0p6_t3p0_self3p0/agents/agent_2/checkpoints/expert_model.pt	exact duplicate content preserved by path
hardlinked	39239126	b5d5d87e435d825f9dda3ad8554bacfcf71d41e28827c16b906a6f1d997f5f6c	outputs/cifar100_4agent_25cls_hetero4arch_ipc10_guardian_alex_dense_ep60_lr0p01_fr0p25_kd0p5_t3p0/agents/agent_2/checkpoints/expert_model.pt	outputs/cifar100_4agent_25cls_hetero4arch_ipc10_guardian_vgg_dense_ep60_lr0p01_fr0p25_kd0p6_t3p0_self4p0/agents/agent_2/checkpoints/expert_model.pt	exact duplicate content preserved by path
hardlinked	39239126	b5d5d87e435d825f9dda3ad8554bacfcf71d41e28827c16b906a6f1d997f5f6c	outputs/cifar100_4agent_25cls_hetero4arch_ipc10_guardian_alex_dense_ep60_lr0p01_fr0p25_kd0p5_t3p0/agents/agent_2/checkpoints/expert_model.pt	outputs/cifar100_4agent_25cls_hetero4arch_ipc10_guardian_vgg_dense_ep60_lr0p01_fr0p25_kd0p6_t4p0_self2p5/agents/agent_2/checkpoints/expert_model.pt	exact duplicate content preserved by path
hardlinked	39239126	b5d5d87e435d825f9dda3ad8554bacfcf71d41e28827c16b906a6f1d997f5f6c	outputs/cifar100_4agent_25cls_hetero4arch_ipc10_guardian_alex_dense_ep60_lr0p01_fr0p25_kd0p5_t3p0/agents/agent_2/checkpoints/expert_model.pt	outputs/cifar100_4agent_25cls_hetero4arch_ipc10_guardian_vgg_dense_ep60_lr0p01_fr0p25_kd0p6_t4p0_self3p0/agents/agent_2/checkpoints/expert_model.pt	exact duplicate content preserved by path
hardlinked	39239126	b5d5d87e435d825f9dda3ad8554bacfcf71d41e28827c16b906a6f1d997f5f6c	outputs/cifar100_4agent_25cls_hetero4arch_ipc10_guardian_alex_dense_ep60_lr0p01_fr0p25_kd0p5_t3p0/agents/agent_2/checkpoints/expert_model.pt	outputs/cifar100_4agent_25cls_hetero4arch_ipc10_guardian_vgg_dense_ep60_lr0p01_fr0p25_kd0p6_t4p0_self4p0/agents/agent_2/checkpoints/expert_model.pt	exact duplicate content preserved by path
hardlinked	39239126	b5d5d87e435d825f9dda3ad8554bacfcf71d41e28827c16b906a6f1d997f5f6c	outputs/cifar100_4agent_25cls_hetero4arch_ipc10_guardian_alex_dense_ep60_lr0p01_fr0p25_kd0p5_t3p0/agents/agent_2/checkpoints/expert_model.pt	outputs/cifar100_4agent_25cls_hetero4arch_ipc10_guardian_vgg_dense_ep60_lr0p01_fr0p35_kd0p3_t3p0_self2p5/agents/agent_2/checkpoints/expert_model.pt	exact duplicate content preserved by path
hardlinked	39239126	b5d5d87e435d825f9dda3ad8554bacfcf71d41e28827c16b906a6f1d997f5f6c	outputs/cifar100_4agent_25cls_hetero4arch_ipc10_guardian_alex_dense_ep60_lr0p01_fr0p25_kd0p5_t3p0/agents/agent_2/checkpoints/expert_model.pt	outputs/cifar100_4agent_25cls_hetero4arch_ipc10_guardian_vgg_dense_ep60_lr0p01_fr0p35_kd0p3_t3p0_self3p0/agents/agent_2/checkpoints/expert_model.pt	exact duplicate content preserved by path
hardlinked	39239126	b5d5d87e435d825f9dda3ad8554bacfcf71d41e28827c16b906a6f1d997f5f6c	outputs/cifar100_4agent_25cls_hetero4arch_ipc10_guardian_alex_dense_ep60_lr0p01_fr0p25_kd0p5_t3p0/agents/agent_2/checkpoints/expert_model.pt	outputs/cifar100_4agent_25cls_hetero4arch_ipc10_guardian_vgg_dense_ep60_lr0p01_fr0p35_kd0p3_t3p0_self4p0/agents/agent_2/checkpoints/expert_model.pt	exact duplicate content preserved by path
hardlinked	39239126	b5d5d87e435d825f9dda3ad8554bacfcf71d41e28827c16b906a6f1d997f5f6c	outputs/cifar100_4agent_25cls_hetero4arch_ipc10_guardian_alex_dense_ep60_lr0p01_fr0p25_kd0p5_t3p0/agents/agent_2/checkpoints/expert_model.pt	outputs/cifar100_4agent_25cls_hetero4arch_ipc10_guardian_vgg_dense_ep60_lr0p01_fr0p35_kd0p3_t4p0_self2p5/agents/agent_2/checkpoints/expert_model.pt	exact duplicate content preserved by path
hardlinked	39239126	b5d5d87e435d825f9dda3ad8554bacfcf71d41e28827c16b906a6f1d997f5f6c	outputs/cifar100_4agent_25cls_hetero4arch_ipc10_guardian_alex_dense_ep60_lr0p01_fr0p25_kd0p5_t3p0/agents/agent_2/checkpoints/expert_model.pt	outputs/cifar100_4agent_25cls_hetero4arch_ipc10_guardian_vgg_dense_ep60_lr0p01_fr0p35_kd0p3_t4p0_self3p0/agents/agent_2/checkpoints/expert_model.pt	exact duplicate content preserved by path
hardlinked	39239126	b5d5d87e435d825f9dda3ad8554bacfcf71d41e28827c16b906a6f1d997f5f6c	outputs/cifar100_4agent_25cls_hetero4arch_ipc10_guardian_alex_dense_ep60_lr0p01_fr0p25_kd0p5_t3p0/agents/agent_2/checkpoints/expert_model.pt	outputs/cifar100_4agent_25cls_hetero4arch_ipc10_guardian_vgg_dense_ep60_lr0p01_fr0p35_kd0p3_t4p0_self4p0/agents/agent_2/checkpoints/expert_model.pt	exact duplicate content preserved by path
hardlinked	39239126	b5d5d87e435d825f9dda3ad8554bacfcf71d41e28827c16b906a6f1d997f5f6c	outputs/cifar100_4agent_25cls_hetero4arch_ipc10_guardian_alex_dense_ep60_lr0p01_fr0p25_kd0p5_t3p0/agents/agent_2/checkpoints/expert_model.pt	outputs/cifar100_4agent_25cls_hetero4arch_ipc10_guardian_vgg_dense_ep60_lr0p01_fr0p35_kd0p4_t3p0_self2p5/agents/agent_2/checkpoints/expert_model.pt	exact duplicate content preserved by path
hardlinked	39239126	b5d5d87e435d825f9dda3ad8554bacfcf71d41e28827c16b906a6f1d997f5f6c	outputs/cifar100_4agent_25cls_hetero4arch_ipc10_guardian_alex_dense_ep60_lr0p01_fr0p25_kd0p5_t3p0/agents/agent_2/checkpoints/expert_model.pt	outputs/cifar100_4agent_25cls_hetero4arch_ipc10_guardian_vgg_dense_ep60_lr0p01_fr0p35_kd0p4_t3p0_self3p0/agents/agent_2/checkpoints/expert_model.pt	exact duplicate content preserved by path
hardlinked	39239126	b5d5d87e435d825f9dda3ad8554bacfcf71d41e28827c16b906a6f1d997f5f6c	outputs/cifar100_4agent_25cls_hetero4arch_ipc10_guardian_alex_dense_ep60_lr0p01_fr0p25_kd0p5_t3p0/agents/agent_2/checkpoints/expert_model.pt	outputs/cifar100_4agent_25cls_hetero4arch_ipc10_guardian_vgg_dense_ep60_lr0p01_fr0p35_kd0p4_t3p0_self4p0/agents/agent_2/checkpoints/expert_model.pt	exact duplicate content preserved by path
hardlinked	39239126	b5d5d87e435d825f9dda3ad8554bacfcf71d41e28827c16b906a6f1d997f5f6c	outputs/cifar100_4agent_25cls_hetero4arch_ipc10_guardian_alex_dense_ep60_lr0p01_fr0p25_kd0p5_t3p0/agents/agent_2/checkpoints/expert_model.pt	outputs/cifar100_4agent_25cls_hetero4arch_ipc10_guardian_vgg_dense_ep60_lr0p01_fr0p35_kd0p4_t4p0_self2p5/agents/agent_2/checkpoints/expert_model.pt	exact duplicate content preserved by path
hardlinked	39239126	b5d5d87e435d825f9dda3ad8554bacfcf71d41e28827c16b906a6f1d997f5f6c	outputs/cifar100_4agent_25cls_hetero4arch_ipc10_guardian_alex_dense_ep60_lr0p01_fr0p25_kd0p5_t3p0/agents/agent_2/checkpoints/expert_model.pt	outputs/cifar100_4agent_25cls_hetero4arch_ipc10_guardian_vgg_dense_ep60_lr0p01_fr0p35_kd0p4_t4p0_self3p0/agents/agent_2/checkpoints/expert_model.pt	exact duplicate content preserved by path
hardlinked	39239126	b5d5d87e435d825f9dda3ad8554bacfcf71d41e28827c16b906a6f1d997f5f6c	outputs/cifar100_4agent_25cls_hetero4arch_ipc10_guardian_alex_dense_ep60_lr0p01_fr0p25_kd0p5_t3p0/agents/agent_2/checkpoints/expert_model.pt	outputs/cifar100_4agent_25cls_hetero4arch_ipc10_guardian_vgg_dense_ep60_lr0p01_fr0p35_kd0p4_t4p0_self4p0/agents/agent_2/checkpoints/expert_model.pt	exact duplicate content preserved by path
hardlinked	39239126	b5d5d87e435d825f9dda3ad8554bacfcf71d41e28827c16b906a6f1d997f5f6c	outputs/cifar100_4agent_25cls_hetero4arch_ipc10_guardian_alex_dense_ep60_lr0p01_fr0p25_kd0p5_t3p0/agents/agent_2/checkpoints/expert_model.pt	outputs/cifar100_4agent_25cls_hetero4arch_ipc10_guardian_vgg_dense_ep60_lr0p01_fr0p35_kd0p5_t3p0_self2p5/agents/agent_2/checkpoints/expert_model.pt	exact duplicate content preserved by path
hardlinked	39239126	b5d5d87e435d825f9dda3ad8554bacfcf71d41e28827c16b906a6f1d997f5f6c	outputs/cifar100_4agent_25cls_hetero4arch_ipc10_guardian_alex_dense_ep60_lr0p01_fr0p25_kd0p5_t3p0/agents/agent_2/checkpoints/expert_model.pt	outputs/cifar100_4agent_25cls_hetero4arch_ipc10_guardian_vgg_dense_ep60_lr0p01_fr0p35_kd0p5_t3p0_self3p0/agents/agent_2/checkpoints/expert_model.pt	exact duplicate content preserved by path
hardlinked	39239126	b5d5d87e435d825f9dda3ad8554bacfcf71d41e28827c16b906a6f1d997f5f6c	outputs/cifar100_4agent_25cls_hetero4arch_ipc10_guardian_alex_dense_ep60_lr0p01_fr0p25_kd0p5_t3p0/agents/agent_2/checkpoints/expert_model.pt	outputs/cifar100_4agent_25cls_hetero4arch_ipc10_guardian_vgg_dense_ep60_lr0p01_fr0p35_kd0p5_t3p0_self4p0/agents/agent_2/checkpoints/expert_model.pt	exact duplicate content preserved by path
hardlinked	39239126	b5d5d87e435d825f9dda3ad8554bacfcf71d41e28827c16b906a6f1d997f5f6c	outputs/cifar100_4agent_25cls_hetero4arch_ipc10_guardian_alex_dense_ep60_lr0p01_fr0p25_kd0p5_t3p0/agents/agent_2/checkpoints/expert_model.pt	outputs/cifar100_4agent_25cls_hetero4arch_ipc10_guardian_vgg_dense_ep60_lr0p01_fr0p35_kd0p5_t4p0_self2p5/agents/agent_2/checkpoints/expert_model.pt	exact duplicate content preserved by path
hardlinked	39239126	b5d5d87e435d825f9dda3ad8554bacfcf71d41e28827c16b906a6f1d997f5f6c	outputs/cifar100_4agent_25cls_hetero4arch_ipc10_guardian_alex_dense_ep60_lr0p01_fr0p25_kd0p5_t3p0/agents/agent_2/checkpoints/expert_model.pt	outputs/cifar100_4agent_25cls_hetero4arch_ipc10_guardian_vgg_dense_ep60_lr0p01_fr0p35_kd0p5_t4p0_self3p0/agents/agent_2/checkpoints/expert_model.pt	exact duplicate content preserved by path
hardlinked	39239126	b5d5d87e435d825f9dda3ad8554bacfcf71d41e28827c16b906a6f1d997f5f6c	outputs/cifar100_4agent_25cls_hetero4arch_ipc10_guardian_alex_dense_ep60_lr0p01_fr0p25_kd0p5_t3p0/agents/agent_2/checkpoints/expert_model.pt	outputs/cifar100_4agent_25cls_hetero4arch_ipc10_guardian_vgg_dense_ep60_lr0p01_fr0p35_kd0p5_t4p0_self4p0/agents/agent_2/checkpoints/expert_model.pt	exact duplicate content preserved by path
hardlinked	39239126	b5d5d87e435d825f9dda3ad8554bacfcf71d41e28827c16b906a6f1d997f5f6c	outputs/cifar100_4agent_25cls_hetero4arch_ipc10_guardian_alex_dense_ep60_lr0p01_fr0p25_kd0p5_t3p0/agents/agent_2/checkpoints/expert_model.pt	outputs/cifar100_4agent_25cls_hetero4arch_ipc10_guardian_vgg_dense_ep60_lr0p01_fr0p35_kd0p6_t3p0_self2p5/agents/agent_2/checkpoints/expert_model.pt	exact duplicate content preserved by path
hardlinked	39239126	b5d5d87e435d825f9dda3ad8554bacfcf71d41e28827c16b906a6f1d997f5f6c	outputs/cifar100_4agent_25cls_hetero4arch_ipc10_guardian_alex_dense_ep60_lr0p01_fr0p25_kd0p5_t3p0/agents/agent_2/checkpoints/expert_model.pt	outputs/cifar100_4agent_25cls_hetero4arch_ipc10_guardian_vgg_dense_ep60_lr0p01_fr0p35_kd0p6_t3p0_self3p0/agents/agent_2/checkpoints/expert_model.pt	exact duplicate content preserved by path
hardlinked	39239126	b5d5d87e435d825f9dda3ad8554bacfcf71d41e28827c16b906a6f1d997f5f6c	outputs/cifar100_4agent_25cls_hetero4arch_ipc10_guardian_alex_dense_ep60_lr0p01_fr0p25_kd0p5_t3p0/agents/agent_2/checkpoints/expert_model.pt	outputs/cifar100_4agent_25cls_hetero4arch_ipc10_guardian_vgg_dense_ep60_lr0p01_fr0p35_kd0p6_t3p0_self4p0/agents/agent_2/checkpoints/expert_model.pt	exact duplicate content preserved by path
hardlinked	39239126	b5d5d87e435d825f9dda3ad8554bacfcf71d41e28827c16b906a6f1d997f5f6c	outputs/cifar100_4agent_25cls_hetero4arch_ipc10_guardian_alex_dense_ep60_lr0p01_fr0p25_kd0p5_t3p0/agents/agent_2/checkpoints/expert_model.pt	outputs/cifar100_4agent_25cls_hetero4arch_ipc10_guardian_vgg_dense_ep60_lr0p01_fr0p35_kd0p6_t4p0_self2p5/agents/agent_2/checkpoints/expert_model.pt	exact duplicate content preserved by path
hardlinked	39239126	b5d5d87e435d825f9dda3ad8554bacfcf71d41e28827c16b906a6f1d997f5f6c	outputs/cifar100_4agent_25cls_hetero4arch_ipc10_guardian_alex_dense_ep60_lr0p01_fr0p25_kd0p5_t3p0/agents/agent_2/checkpoints/expert_model.pt	outputs/cifar100_4agent_25cls_hetero4arch_ipc10_guardian_vgg_dense_ep60_lr0p01_fr0p35_kd0p6_t4p0_self3p0/agents/agent_2/checkpoints/expert_model.pt	exact duplicate content preserved by path
hardlinked	39239126	b5d5d87e435d825f9dda3ad8554bacfcf71d41e28827c16b906a6f1d997f5f6c	outputs/cifar100_4agent_25cls_hetero4arch_ipc10_guardian_alex_dense_ep60_lr0p01_fr0p25_kd0p5_t3p0/agents/agent_2/checkpoints/expert_model.pt	outputs/cifar100_4agent_25cls_hetero4arch_ipc10_guardian_vgg_dense_ep60_lr0p01_fr0p35_kd0p6_t4p0_self4p0/agents/agent_2/checkpoints/expert_model.pt	exact duplicate content preserved by path
hardlinked	39239126	b5d5d87e435d825f9dda3ad8554bacfcf71d41e28827c16b906a6f1d997f5f6c	outputs/cifar100_4agent_25cls_hetero4arch_ipc10_guardian_alex_dense_ep60_lr0p01_fr0p25_kd0p5_t3p0/agents/agent_2/checkpoints/expert_model.pt	outputs/cifar100_4agent_25cls_hetero4arch_ipc10_guardian_vgg_dense_ep60_lr0p01_fr0p3_kd0p3_t3p0_self2p5/agents/agent_2/checkpoints/expert_model.pt	exact duplicate content preserved by path
hardlinked	39239126	b5d5d87e435d825f9dda3ad8554bacfcf71d41e28827c16b906a6f1d997f5f6c	outputs/cifar100_4agent_25cls_hetero4arch_ipc10_guardian_alex_dense_ep60_lr0p01_fr0p25_kd0p5_t3p0/agents/agent_2/checkpoints/expert_model.pt	outputs/cifar100_4agent_25cls_hetero4arch_ipc10_guardian_vgg_dense_ep60_lr0p01_fr0p3_kd0p3_t3p0_self3p0/agents/agent_2/checkpoints/expert_model.pt	exact duplicate content preserved by path
hardlinked	39239126	b5d5d87e435d825f9dda3ad8554bacfcf71d41e28827c16b906a6f1d997f5f6c	outputs/cifar100_4agent_25cls_hetero4arch_ipc10_guardian_alex_dense_ep60_lr0p01_fr0p25_kd0p5_t3p0/agents/agent_2/checkpoints/expert_model.pt	outputs/cifar100_4agent_25cls_hetero4arch_ipc10_guardian_vgg_dense_ep60_lr0p01_fr0p3_kd0p3_t3p0_self4p0/agents/agent_2/checkpoints/expert_model.pt	exact duplicate content preserved by path
hardlinked	39239126	b5d5d87e435d825f9dda3ad8554bacfcf71d41e28827c16b906a6f1d997f5f6c	outputs/cifar100_4agent_25cls_hetero4arch_ipc10_guardian_alex_dense_ep60_lr0p01_fr0p25_kd0p5_t3p0/agents/agent_2/checkpoints/expert_model.pt	outputs/cifar100_4agent_25cls_hetero4arch_ipc10_guardian_vgg_dense_ep60_lr0p01_fr0p3_kd0p3_t4p0_self2p5/agents/agent_2/checkpoints/expert_model.pt	exact duplicate content preserved by path
hardlinked	39239126	b5d5d87e435d825f9dda3ad8554bacfcf71d41e28827c16b906a6f1d997f5f6c	outputs/cifar100_4agent_25cls_hetero4arch_ipc10_guardian_alex_dense_ep60_lr0p01_fr0p25_kd0p5_t3p0/agents/agent_2/checkpoints/expert_model.pt	outputs/cifar100_4agent_25cls_hetero4arch_ipc10_guardian_vgg_dense_ep60_lr0p01_fr0p3_kd0p3_t4p0_self3p0/agents/agent_2/checkpoints/expert_model.pt	exact duplicate content preserved by path
hardlinked	39239126	b5d5d87e435d825f9dda3ad8554bacfcf71d41e28827c16b906a6f1d997f5f6c	outputs/cifar100_4agent_25cls_hetero4arch_ipc10_guardian_alex_dense_ep60_lr0p01_fr0p25_kd0p5_t3p0/agents/agent_2/checkpoints/expert_model.pt	outputs/cifar100_4agent_25cls_hetero4arch_ipc10_guardian_vgg_dense_ep60_lr0p01_fr0p3_kd0p3_t4p0_self4p0/agents/agent_2/checkpoints/expert_model.pt	exact duplicate content preserved by path
hardlinked	39239126	b5d5d87e435d825f9dda3ad8554bacfcf71d41e28827c16b906a6f1d997f5f6c	outputs/cifar100_4agent_25cls_hetero4arch_ipc10_guardian_alex_dense_ep60_lr0p01_fr0p25_kd0p5_t3p0/agents/agent_2/checkpoints/expert_model.pt	outputs/cifar100_4agent_25cls_hetero4arch_ipc10_guardian_vgg_dense_ep60_lr0p01_fr0p3_kd0p4_t3p0_self2p5/agents/agent_2/checkpoints/expert_model.pt	exact duplicate content preserved by path
hardlinked	39239126	b5d5d87e435d825f9dda3ad8554bacfcf71d41e28827c16b906a6f1d997f5f6c	outputs/cifar100_4agent_25cls_hetero4arch_ipc10_guardian_alex_dense_ep60_lr0p01_fr0p25_kd0p5_t3p0/agents/agent_2/checkpoints/expert_model.pt	outputs/cifar100_4agent_25cls_hetero4arch_ipc10_guardian_vgg_dense_ep60_lr0p01_fr0p3_kd0p4_t3p0_self3p0/agents/agent_2/checkpoints/expert_model.pt	exact duplicate content preserved by path
hardlinked	39239126	b5d5d87e435d825f9dda3ad8554bacfcf71d41e28827c16b906a6f1d997f5f6c	outputs/cifar100_4agent_25cls_hetero4arch_ipc10_guardian_alex_dense_ep60_lr0p01_fr0p25_kd0p5_t3p0/agents/agent_2/checkpoints/expert_model.pt	outputs/cifar100_4agent_25cls_hetero4arch_ipc10_guardian_vgg_dense_ep60_lr0p01_fr0p3_kd0p4_t3p0_self4p0/agents/agent_2/checkpoints/expert_model.pt	exact duplicate content preserved by path
hardlinked	39239126	b5d5d87e435d825f9dda3ad8554bacfcf71d41e28827c16b906a6f1d997f5f6c	outputs/cifar100_4agent_25cls_hetero4arch_ipc10_guardian_alex_dense_ep60_lr0p01_fr0p25_kd0p5_t3p0/agents/agent_2/checkpoints/expert_model.pt	outputs/cifar100_4agent_25cls_hetero4arch_ipc10_guardian_vgg_dense_ep60_lr0p01_fr0p3_kd0p4_t4p0_self2p5/agents/agent_2/checkpoints/expert_model.pt	exact duplicate content preserved by path
hardlinked	39239126	b5d5d87e435d825f9dda3ad8554bacfcf71d41e28827c16b906a6f1d997f5f6c	outputs/cifar100_4agent_25cls_hetero4arch_ipc10_guardian_alex_dense_ep60_lr0p01_fr0p25_kd0p5_t3p0/agents/agent_2/checkpoints/expert_model.pt	outputs/cifar100_4agent_25cls_hetero4arch_ipc10_guardian_vgg_dense_ep60_lr0p01_fr0p3_kd0p4_t4p0_self3p0/agents/agent_2/checkpoints/expert_model.pt	exact duplicate content preserved by path
hardlinked	39239126	b5d5d87e435d825f9dda3ad8554bacfcf71d41e28827c16b906a6f1d997f5f6c	outputs/cifar100_4agent_25cls_hetero4arch_ipc10_guardian_alex_dense_ep60_lr0p01_fr0p25_kd0p5_t3p0/agents/agent_2/checkpoints/expert_model.pt	outputs/cifar100_4agent_25cls_hetero4arch_ipc10_guardian_vgg_dense_ep60_lr0p01_fr0p3_kd0p4_t4p0_self4p0/agents/agent_2/checkpoints/expert_model.pt	exact duplicate content preserved by path
hardlinked	39239126	b5d5d87e435d825f9dda3ad8554bacfcf71d41e28827c16b906a6f1d997f5f6c	outputs/cifar100_4agent_25cls_hetero4arch_ipc10_guardian_alex_dense_ep60_lr0p01_fr0p25_kd0p5_t3p0/agents/agent_2/checkpoints/expert_model.pt	outputs/cifar100_4agent_25cls_hetero4arch_ipc10_guardian_vgg_dense_ep60_lr0p01_fr0p3_kd0p5_t3p0_self2p5/agents/agent_2/checkpoints/expert_model.pt	exact duplicate content preserved by path
hardlinked	39239126	b5d5d87e435d825f9dda3ad8554bacfcf71d41e28827c16b906a6f1d997f5f6c	outputs/cifar100_4agent_25cls_hetero4arch_ipc10_guardian_alex_dense_ep60_lr0p01_fr0p25_kd0p5_t3p0/agents/agent_2/checkpoints/expert_model.pt	outputs/cifar100_4agent_25cls_hetero4arch_ipc10_guardian_vgg_dense_ep60_lr0p01_fr0p3_kd0p5_t3p0_self3p0/agents/agent_2/checkpoints/expert_model.pt	exact duplicate content preserved by path
hardlinked	39239126	b5d5d87e435d825f9dda3ad8554bacfcf71d41e28827c16b906a6f1d997f5f6c	outputs/cifar100_4agent_25cls_hetero4arch_ipc10_guardian_alex_dense_ep60_lr0p01_fr0p25_kd0p5_t3p0/agents/agent_2/checkpoints/expert_model.pt	outputs/cifar100_4agent_25cls_hetero4arch_ipc10_guardian_vgg_dense_ep60_lr0p01_fr0p3_kd0p5_t3p0_self4p0/agents/agent_2/checkpoints/expert_model.pt	exact duplicate content preserved by path
hardlinked	39239126	b5d5d87e435d825f9dda3ad8554bacfcf71d41e28827c16b906a6f1d997f5f6c	outputs/cifar100_4agent_25cls_hetero4arch_ipc10_guardian_alex_dense_ep60_lr0p01_fr0p25_kd0p5_t3p0/agents/agent_2/checkpoints/expert_model.pt	outputs/cifar100_4agent_25cls_hetero4arch_ipc10_guardian_vgg_dense_ep60_lr0p01_fr0p3_kd0p5_t4p0_self2p5/agents/agent_2/checkpoints/expert_model.pt	exact duplicate content preserved by path
hardlinked	39239126	b5d5d87e435d825f9dda3ad8554bacfcf71d41e28827c16b906a6f1d997f5f6c	outputs/cifar100_4agent_25cls_hetero4arch_ipc10_guardian_alex_dense_ep60_lr0p01_fr0p25_kd0p5_t3p0/agents/agent_2/checkpoints/expert_model.pt	outputs/cifar100_4agent_25cls_hetero4arch_ipc10_guardian_vgg_dense_ep60_lr0p01_fr0p3_kd0p5_t4p0_self3p0/agents/agent_2/checkpoints/expert_model.pt	exact duplicate content preserved by path
hardlinked	39239126	b5d5d87e435d825f9dda3ad8554bacfcf71d41e28827c16b906a6f1d997f5f6c	outputs/cifar100_4agent_25cls_hetero4arch_ipc10_guardian_alex_dense_ep60_lr0p01_fr0p25_kd0p5_t3p0/agents/agent_2/checkpoints/expert_model.pt	outputs/cifar100_4agent_25cls_hetero4arch_ipc10_guardian_vgg_dense_ep60_lr0p01_fr0p3_kd0p5_t4p0_self4p0/agents/agent_2/checkpoints/expert_model.pt	exact duplicate content preserved by path
hardlinked	39239126	b5d5d87e435d825f9dda3ad8554bacfcf71d41e28827c16b906a6f1d997f5f6c	outputs/cifar100_4agent_25cls_hetero4arch_ipc10_guardian_alex_dense_ep60_lr0p01_fr0p25_kd0p5_t3p0/agents/agent_2/checkpoints/expert_model.pt	outputs/cifar100_4agent_25cls_hetero4arch_ipc10_guardian_vgg_dense_ep60_lr0p01_fr0p3_kd0p6_t3p0_self2p5/agents/agent_2/checkpoints/expert_model.pt	exact duplicate content preserved by path
hardlinked	39239126	b5d5d87e435d825f9dda3ad8554bacfcf71d41e28827c16b906a6f1d997f5f6c	outputs/cifar100_4agent_25cls_hetero4arch_ipc10_guardian_alex_dense_ep60_lr0p01_fr0p25_kd0p5_t3p0/agents/agent_2/checkpoints/expert_model.pt	outputs/cifar100_4agent_25cls_hetero4arch_ipc10_guardian_vgg_dense_ep60_lr0p01_fr0p3_kd0p6_t3p0_self3p0/agents/agent_2/checkpoints/expert_model.pt	exact duplicate content preserved by path
hardlinked	39239126	b5d5d87e435d825f9dda3ad8554bacfcf71d41e28827c16b906a6f1d997f5f6c	outputs/cifar100_4agent_25cls_hetero4arch_ipc10_guardian_alex_dense_ep60_lr0p01_fr0p25_kd0p5_t3p0/agents/agent_2/checkpoints/expert_model.pt	outputs/cifar100_4agent_25cls_hetero4arch_ipc10_guardian_vgg_dense_ep60_lr0p01_fr0p3_kd0p6_t3p0_self4p0/agents/agent_2/checkpoints/expert_model.pt	exact duplicate content preserved by path
hardlinked	39239126	b5d5d87e435d825f9dda3ad8554bacfcf71d41e28827c16b906a6f1d997f5f6c	outputs/cifar100_4agent_25cls_hetero4arch_ipc10_guardian_alex_dense_ep60_lr0p01_fr0p25_kd0p5_t3p0/agents/agent_2/checkpoints/expert_model.pt	outputs/cifar100_4agent_25cls_hetero4arch_ipc10_guardian_vgg_dense_ep60_lr0p01_fr0p3_kd0p6_t4p0_self2p5/agents/agent_2/checkpoints/expert_model.pt	exact duplicate content preserved by path
hardlinked	39239126	b5d5d87e435d825f9dda3ad8554bacfcf71d41e28827c16b906a6f1d997f5f6c	outputs/cifar100_4agent_25cls_hetero4arch_ipc10_guardian_alex_dense_ep60_lr0p01_fr0p25_kd0p5_t3p0/agents/agent_2/checkpoints/expert_model.pt	outputs/cifar100_4agent_25cls_hetero4arch_ipc10_guardian_vgg_dense_ep60_lr0p01_fr0p3_kd0p6_t4p0_self3p0/agents/agent_2/checkpoints/expert_model.pt	exact duplicate content preserved by path
hardlinked	39239126	b5d5d87e435d825f9dda3ad8554bacfcf71d41e28827c16b906a6f1d997f5f6c	outputs/cifar100_4agent_25cls_hetero4arch_ipc10_guardian_alex_dense_ep60_lr0p01_fr0p25_kd0p5_t3p0/agents/agent_2/checkpoints/expert_model.pt	outputs/cifar100_4agent_25cls_hetero4arch_ipc10_guardian_vgg_dense_ep60_lr0p01_fr0p3_kd0p6_t4p0_self4p0/agents/agent_2/checkpoints/expert_model.pt	exact duplicate content preserved by path
hardlinked	39239126	b5d5d87e435d825f9dda3ad8554bacfcf71d41e28827c16b906a6f1d997f5f6c	outputs/cifar100_4agent_25cls_hetero4arch_ipc10_guardian_alex_dense_ep60_lr0p01_fr0p25_kd0p5_t3p0/agents/agent_2/checkpoints/expert_model.pt	outputs/cifar100_4agent_25cls_hetero4arch_ipc10_guardian_vgg_dense_ep60_lr0p01_fr0p4_kd0p3_t3p0_self2p5/agents/agent_2/checkpoints/expert_model.pt	exact duplicate content preserved by path
hardlinked	39239126	b5d5d87e435d825f9dda3ad8554bacfcf71d41e28827c16b906a6f1d997f5f6c	outputs/cifar100_4agent_25cls_hetero4arch_ipc10_guardian_alex_dense_ep60_lr0p01_fr0p25_kd0p5_t3p0/agents/agent_2/checkpoints/expert_model.pt	outputs/cifar100_4agent_25cls_hetero4arch_ipc10_guardian_vgg_dense_ep60_lr0p01_fr0p4_kd0p3_t3p0_self3p0/agents/agent_2/checkpoints/expert_model.pt	exact duplicate content preserved by path
hardlinked	39239126	b5d5d87e435d825f9dda3ad8554bacfcf71d41e28827c16b906a6f1d997f5f6c	outputs/cifar100_4agent_25cls_hetero4arch_ipc10_guardian_alex_dense_ep60_lr0p01_fr0p25_kd0p5_t3p0/agents/agent_2/checkpoints/expert_model.pt	outputs/cifar100_4agent_25cls_hetero4arch_ipc10_guardian_vgg_dense_ep60_lr0p01_fr0p4_kd0p3_t3p0_self4p0/agents/agent_2/checkpoints/expert_model.pt	exact duplicate content preserved by path
hardlinked	39239126	b5d5d87e435d825f9dda3ad8554bacfcf71d41e28827c16b906a6f1d997f5f6c	outputs/cifar100_4agent_25cls_hetero4arch_ipc10_guardian_alex_dense_ep60_lr0p01_fr0p25_kd0p5_t3p0/agents/agent_2/checkpoints/expert_model.pt	outputs/cifar100_4agent_25cls_hetero4arch_ipc10_guardian_vgg_dense_ep60_lr0p01_fr0p4_kd0p3_t4p0_self2p5/agents/agent_2/checkpoints/expert_model.pt	exact duplicate content preserved by path
hardlinked	39239126	b5d5d87e435d825f9dda3ad8554bacfcf71d41e28827c16b906a6f1d997f5f6c	outputs/cifar100_4agent_25cls_hetero4arch_ipc10_guardian_alex_dense_ep60_lr0p01_fr0p25_kd0p5_t3p0/agents/agent_2/checkpoints/expert_model.pt	outputs/cifar100_4agent_25cls_hetero4arch_ipc10_guardian_vgg_dense_ep60_lr0p01_fr0p4_kd0p3_t4p0_self3p0/agents/agent_2/checkpoints/expert_model.pt	exact duplicate content preserved by path
hardlinked	39239126	b5d5d87e435d825f9dda3ad8554bacfcf71d41e28827c16b906a6f1d997f5f6c	outputs/cifar100_4agent_25cls_hetero4arch_ipc10_guardian_alex_dense_ep60_lr0p01_fr0p25_kd0p5_t3p0/agents/agent_2/checkpoints/expert_model.pt	outputs/cifar100_4agent_25cls_hetero4arch_ipc10_guardian_vgg_dense_ep60_lr0p01_fr0p4_kd0p3_t4p0_self4p0/agents/agent_2/checkpoints/expert_model.pt	exact duplicate content preserved by path
hardlinked	39239126	b5d5d87e435d825f9dda3ad8554bacfcf71d41e28827c16b906a6f1d997f5f6c	outputs/cifar100_4agent_25cls_hetero4arch_ipc10_guardian_alex_dense_ep60_lr0p01_fr0p25_kd0p5_t3p0/agents/agent_2/checkpoints/expert_model.pt	outputs/cifar100_4agent_25cls_hetero4arch_ipc10_guardian_vgg_dense_ep60_lr0p01_fr0p4_kd0p4_t3p0_self2p5/agents/agent_2/checkpoints/expert_model.pt	exact duplicate content preserved by path
hardlinked	39239126	b5d5d87e435d825f9dda3ad8554bacfcf71d41e28827c16b906a6f1d997f5f6c	outputs/cifar100_4agent_25cls_hetero4arch_ipc10_guardian_alex_dense_ep60_lr0p01_fr0p25_kd0p5_t3p0/agents/agent_2/checkpoints/expert_model.pt	outputs/cifar100_4agent_25cls_hetero4arch_ipc10_guardian_vgg_dense_ep60_lr0p01_fr0p4_kd0p4_t3p0_self3p0/agents/agent_2/checkpoints/expert_model.pt	exact duplicate content preserved by path
hardlinked	39239126	b5d5d87e435d825f9dda3ad8554bacfcf71d41e28827c16b906a6f1d997f5f6c	outputs/cifar100_4agent_25cls_hetero4arch_ipc10_guardian_alex_dense_ep60_lr0p01_fr0p25_kd0p5_t3p0/agents/agent_2/checkpoints/expert_model.pt	outputs/cifar100_4agent_25cls_hetero4arch_ipc10_guardian_vgg_dense_ep60_lr0p01_fr0p4_kd0p4_t3p0_self4p0/agents/agent_2/checkpoints/expert_model.pt	exact duplicate content preserved by path
hardlinked	39239126	b5d5d87e435d825f9dda3ad8554bacfcf71d41e28827c16b906a6f1d997f5f6c	outputs/cifar100_4agent_25cls_hetero4arch_ipc10_guardian_alex_dense_ep60_lr0p01_fr0p25_kd0p5_t3p0/agents/agent_2/checkpoints/expert_model.pt	outputs/cifar100_4agent_25cls_hetero4arch_ipc10_guardian_vgg_dense_ep60_lr0p01_fr0p4_kd0p4_t4p0_self2p5/agents/agent_2/checkpoints/expert_model.pt	exact duplicate content preserved by path
hardlinked	39239126	b5d5d87e435d825f9dda3ad8554bacfcf71d41e28827c16b906a6f1d997f5f6c	outputs/cifar100_4agent_25cls_hetero4arch_ipc10_guardian_alex_dense_ep60_lr0p01_fr0p25_kd0p5_t3p0/agents/agent_2/checkpoints/expert_model.pt	outputs/cifar100_4agent_25cls_hetero4arch_ipc10_guardian_vgg_dense_ep60_lr0p01_fr0p4_kd0p4_t4p0_self3p0/agents/agent_2/checkpoints/expert_model.pt	exact duplicate content preserved by path
hardlinked	39239126	b5d5d87e435d825f9dda3ad8554bacfcf71d41e28827c16b906a6f1d997f5f6c	outputs/cifar100_4agent_25cls_hetero4arch_ipc10_guardian_alex_dense_ep60_lr0p01_fr0p25_kd0p5_t3p0/agents/agent_2/checkpoints/expert_model.pt	outputs/cifar100_4agent_25cls_hetero4arch_ipc10_guardian_vgg_dense_ep60_lr0p01_fr0p4_kd0p4_t4p0_self4p0/agents/agent_2/checkpoints/expert_model.pt	exact duplicate content preserved by path
hardlinked	39239126	b5d5d87e435d825f9dda3ad8554bacfcf71d41e28827c16b906a6f1d997f5f6c	outputs/cifar100_4agent_25cls_hetero4arch_ipc10_guardian_alex_dense_ep60_lr0p01_fr0p25_kd0p5_t3p0/agents/agent_2/checkpoints/expert_model.pt	outputs/cifar100_4agent_25cls_hetero4arch_ipc10_guardian_vgg_dense_ep60_lr0p01_fr0p4_kd0p5_t3p0_self2p5/agents/agent_2/checkpoints/expert_model.pt	exact duplicate content preserved by path
hardlinked	39239126	b5d5d87e435d825f9dda3ad8554bacfcf71d41e28827c16b906a6f1d997f5f6c	outputs/cifar100_4agent_25cls_hetero4arch_ipc10_guardian_alex_dense_ep60_lr0p01_fr0p25_kd0p5_t3p0/agents/agent_2/checkpoints/expert_model.pt	outputs/cifar100_4agent_25cls_hetero4arch_ipc10_guardian_vgg_dense_ep60_lr0p01_fr0p4_kd0p5_t3p0_self3p0/agents/agent_2/checkpoints/expert_model.pt	exact duplicate content preserved by path
hardlinked	39239126	b5d5d87e435d825f9dda3ad8554bacfcf71d41e28827c16b906a6f1d997f5f6c	outputs/cifar100_4agent_25cls_hetero4arch_ipc10_guardian_alex_dense_ep60_lr0p01_fr0p25_kd0p5_t3p0/agents/agent_2/checkpoints/expert_model.pt	outputs/cifar100_4agent_25cls_hetero4arch_ipc10_guardian_vgg_dense_ep60_lr0p01_fr0p4_kd0p5_t3p0_self4p0/agents/agent_2/checkpoints/expert_model.pt	exact duplicate content preserved by path
hardlinked	39239126	b5d5d87e435d825f9dda3ad8554bacfcf71d41e28827c16b906a6f1d997f5f6c	outputs/cifar100_4agent_25cls_hetero4arch_ipc10_guardian_alex_dense_ep60_lr0p01_fr0p25_kd0p5_t3p0/agents/agent_2/checkpoints/expert_model.pt	outputs/cifar100_4agent_25cls_hetero4arch_ipc10_guardian_vgg_dense_ep60_lr0p01_fr0p4_kd0p5_t4p0_self2p5/agents/agent_2/checkpoints/expert_model.pt	exact duplicate content preserved by path
hardlinked	39239126	b5d5d87e435d825f9dda3ad8554bacfcf71d41e28827c16b906a6f1d997f5f6c	outputs/cifar100_4agent_25cls_hetero4arch_ipc10_guardian_alex_dense_ep60_lr0p01_fr0p25_kd0p5_t3p0/agents/agent_2/checkpoints/expert_model.pt	outputs/cifar100_4agent_25cls_hetero4arch_ipc10_guardian_vgg_dense_ep60_lr0p01_fr0p4_kd0p5_t4p0_self3p0/agents/agent_2/checkpoints/expert_model.pt	exact duplicate content preserved by path
hardlinked	39239126	b5d5d87e435d825f9dda3ad8554bacfcf71d41e28827c16b906a6f1d997f5f6c	outputs/cifar100_4agent_25cls_hetero4arch_ipc10_guardian_alex_dense_ep60_lr0p01_fr0p25_kd0p5_t3p0/agents/agent_2/checkpoints/expert_model.pt	outputs/cifar100_4agent_25cls_hetero4arch_ipc10_guardian_vgg_dense_ep60_lr0p01_fr0p4_kd0p5_t4p0_self4p0/agents/agent_2/checkpoints/expert_model.pt	exact duplicate content preserved by path
hardlinked	39239126	b5d5d87e435d825f9dda3ad8554bacfcf71d41e28827c16b906a6f1d997f5f6c	outputs/cifar100_4agent_25cls_hetero4arch_ipc10_guardian_alex_dense_ep60_lr0p01_fr0p25_kd0p5_t3p0/agents/agent_2/checkpoints/expert_model.pt	outputs/cifar100_4agent_25cls_hetero4arch_ipc10_guardian_vgg_dense_ep60_lr0p01_fr0p4_kd0p6_t3p0_self2p5/agents/agent_2/checkpoints/expert_model.pt	exact duplicate content preserved by path
hardlinked	39239126	b5d5d87e435d825f9dda3ad8554bacfcf71d41e28827c16b906a6f1d997f5f6c	outputs/cifar100_4agent_25cls_hetero4arch_ipc10_guardian_alex_dense_ep60_lr0p01_fr0p25_kd0p5_t3p0/agents/agent_2/checkpoints/expert_model.pt	outputs/cifar100_4agent_25cls_hetero4arch_ipc10_guardian_vgg_dense_ep60_lr0p01_fr0p4_kd0p6_t3p0_self3p0/agents/agent_2/checkpoints/expert_model.pt	exact duplicate content preserved by path
hardlinked	39239126	b5d5d87e435d825f9dda3ad8554bacfcf71d41e28827c16b906a6f1d997f5f6c	outputs/cifar100_4agent_25cls_hetero4arch_ipc10_guardian_alex_dense_ep60_lr0p01_fr0p25_kd0p5_t3p0/agents/agent_2/checkpoints/expert_model.pt	outputs/cifar100_4agent_25cls_hetero4arch_ipc10_guardian_vgg_dense_ep60_lr0p01_fr0p4_kd0p6_t3p0_self4p0/agents/agent_2/checkpoints/expert_model.pt	exact duplicate content preserved by path
hardlinked	39239126	b5d5d87e435d825f9dda3ad8554bacfcf71d41e28827c16b906a6f1d997f5f6c	outputs/cifar100_4agent_25cls_hetero4arch_ipc10_guardian_alex_dense_ep60_lr0p01_fr0p25_kd0p5_t3p0/agents/agent_2/checkpoints/expert_model.pt	outputs/cifar100_4agent_25cls_hetero4arch_ipc10_guardian_vgg_dense_ep60_lr0p01_fr0p4_kd0p6_t4p0_self2p5/agents/agent_2/checkpoints/expert_model.pt	exact duplicate content preserved by path
hardlinked	39239126	b5d5d87e435d825f9dda3ad8554bacfcf71d41e28827c16b906a6f1d997f5f6c	outputs/cifar100_4agent_25cls_hetero4arch_ipc10_guardian_alex_dense_ep60_lr0p01_fr0p25_kd0p5_t3p0/agents/agent_2/checkpoints/expert_model.pt	outputs/cifar100_4agent_25cls_hetero4arch_ipc10_guardian_vgg_dense_ep60_lr0p01_fr0p4_kd0p6_t4p0_self3p0/agents/agent_2/checkpoints/expert_model.pt	exact duplicate content preserved by path
hardlinked	39239126	b5d5d87e435d825f9dda3ad8554bacfcf71d41e28827c16b906a6f1d997f5f6c	outputs/cifar100_4agent_25cls_hetero4arch_ipc10_guardian_alex_dense_ep60_lr0p01_fr0p25_kd0p5_t3p0/agents/agent_2/checkpoints/expert_model.pt	outputs/cifar100_4agent_25cls_hetero4arch_ipc10_guardian_vgg_dense_ep60_lr0p01_fr0p4_kd0p6_t4p0_self4p0/agents/agent_2/checkpoints/expert_model.pt	exact duplicate content preserved by path
hardlinked	39239126	b5d5d87e435d825f9dda3ad8554bacfcf71d41e28827c16b906a6f1d997f5f6c	outputs/cifar100_4agent_25cls_hetero4arch_ipc10_guardian_alex_dense_ep60_lr0p01_fr0p25_kd0p5_t3p0/agents/agent_2/checkpoints/expert_model.pt	outputs/cifar100_4agent_25cls_hetero4arch_ipc10_guardian_vgg_dense_ep75_lr0p01_fr0p25_kd0p3_t3p0_self3p0/agents/agent_2/checkpoints/expert_model.pt	exact duplicate content preserved by path
hardlinked	39239126	b5d5d87e435d825f9dda3ad8554bacfcf71d41e28827c16b906a6f1d997f5f6c	outputs/cifar100_4agent_25cls_hetero4arch_ipc10_guardian_alex_dense_ep60_lr0p01_fr0p25_kd0p5_t3p0/agents/agent_2/checkpoints/expert_model.pt	outputs/cifar100_4agent_25cls_hetero4arch_ipc10_guardian_vgg_dense_ep75_lr0p01_fr0p25_kd0p3_t4p0_self3p0/agents/agent_2/checkpoints/expert_model.pt	exact duplicate content preserved by path
hardlinked	39239126	b5d5d87e435d825f9dda3ad8554bacfcf71d41e28827c16b906a6f1d997f5f6c	outputs/cifar100_4agent_25cls_hetero4arch_ipc10_guardian_alex_dense_ep60_lr0p01_fr0p25_kd0p5_t3p0/agents/agent_2/checkpoints/expert_model.pt	outputs/cifar100_4agent_25cls_hetero4arch_ipc10_guardian_vgg_dense_ep75_lr0p01_fr0p25_kd0p4_t3p0_self3p0/agents/agent_2/checkpoints/expert_model.pt	exact duplicate content preserved by path
hardlinked	39239126	b5d5d87e435d825f9dda3ad8554bacfcf71d41e28827c16b906a6f1d997f5f6c	outputs/cifar100_4agent_25cls_hetero4arch_ipc10_guardian_alex_dense_ep60_lr0p01_fr0p25_kd0p5_t3p0/agents/agent_2/checkpoints/expert_model.pt	outputs/cifar100_4agent_25cls_hetero4arch_ipc10_guardian_vgg_dense_ep75_lr0p01_fr0p25_kd0p4_t4p0_self3p0/agents/agent_2/checkpoints/expert_model.pt	exact duplicate content preserved by path
hardlinked	39239126	b5d5d87e435d825f9dda3ad8554bacfcf71d41e28827c16b906a6f1d997f5f6c	outputs/cifar100_4agent_25cls_hetero4arch_ipc10_guardian_alex_dense_ep60_lr0p01_fr0p25_kd0p5_t3p0/agents/agent_2/checkpoints/expert_model.pt	outputs/cifar100_4agent_25cls_hetero4arch_ipc10_guardian_vgg_dense_ep75_lr0p01_fr0p25_kd0p5_t3p0_self3p0/agents/agent_2/checkpoints/expert_model.pt	exact duplicate content preserved by path
hardlinked	39239126	b5d5d87e435d825f9dda3ad8554bacfcf71d41e28827c16b906a6f1d997f5f6c	outputs/cifar100_4agent_25cls_hetero4arch_ipc10_guardian_alex_dense_ep60_lr0p01_fr0p25_kd0p5_t3p0/agents/agent_2/checkpoints/expert_model.pt	outputs/cifar100_4agent_25cls_hetero4arch_ipc10_guardian_vgg_dense_ep75_lr0p01_fr0p25_kd0p5_t4p0_self3p0/agents/agent_2/checkpoints/expert_model.pt	exact duplicate content preserved by path
hardlinked	39239126	b5d5d87e435d825f9dda3ad8554bacfcf71d41e28827c16b906a6f1d997f5f6c	outputs/cifar100_4agent_25cls_hetero4arch_ipc10_guardian_alex_dense_ep60_lr0p01_fr0p25_kd0p5_t3p0/agents/agent_2/checkpoints/expert_model.pt	outputs/cifar100_4agent_25cls_hetero4arch_ipc10_guardian_vgg_dense_ep75_lr0p01_fr0p25_kd0p6_t3p0_self3p0/agents/agent_2/checkpoints/expert_model.pt	exact duplicate content preserved by path
hardlinked	39239126	b5d5d87e435d825f9dda3ad8554bacfcf71d41e28827c16b906a6f1d997f5f6c	outputs/cifar100_4agent_25cls_hetero4arch_ipc10_guardian_alex_dense_ep60_lr0p01_fr0p25_kd0p5_t3p0/agents/agent_2/checkpoints/expert_model.pt	outputs/cifar100_4agent_25cls_hetero4arch_ipc10_guardian_vgg_dense_ep75_lr0p01_fr0p25_kd0p6_t4p0_self3p0/agents/agent_2/checkpoints/expert_model.pt	exact duplicate content preserved by path
hardlinked	39239126	b5d5d87e435d825f9dda3ad8554bacfcf71d41e28827c16b906a6f1d997f5f6c	outputs/cifar100_4agent_25cls_hetero4arch_ipc10_guardian_alex_dense_ep60_lr0p01_fr0p25_kd0p5_t3p0/agents/agent_2/checkpoints/expert_model.pt	outputs/cifar100_4agent_25cls_hetero4arch_ipc10_guardian_vgg_dense_ep75_lr0p01_fr0p3_kd0p3_t3p0_self3p0/agents/agent_2/checkpoints/expert_model.pt	exact duplicate content preserved by path
hardlinked	39239126	b5d5d87e435d825f9dda3ad8554bacfcf71d41e28827c16b906a6f1d997f5f6c	outputs/cifar100_4agent_25cls_hetero4arch_ipc10_guardian_alex_dense_ep60_lr0p01_fr0p25_kd0p5_t3p0/agents/agent_2/checkpoints/expert_model.pt	outputs/cifar100_4agent_25cls_hetero4arch_ipc10_guardian_vgg_dense_ep75_lr0p01_fr0p3_kd0p3_t4p0_self3p0/agents/agent_2/checkpoints/expert_model.pt	exact duplicate content preserved by path
hardlinked	39239126	b5d5d87e435d825f9dda3ad8554bacfcf71d41e28827c16b906a6f1d997f5f6c	outputs/cifar100_4agent_25cls_hetero4arch_ipc10_guardian_alex_dense_ep60_lr0p01_fr0p25_kd0p5_t3p0/agents/agent_2/checkpoints/expert_model.pt	outputs/cifar100_4agent_25cls_hetero4arch_ipc10_guardian_vgg_dense_ep75_lr0p01_fr0p3_kd0p4_t3p0_self3p0/agents/agent_2/checkpoints/expert_model.pt	exact duplicate content preserved by path
hardlinked	39239126	b5d5d87e435d825f9dda3ad8554bacfcf71d41e28827c16b906a6f1d997f5f6c	outputs/cifar100_4agent_25cls_hetero4arch_ipc10_guardian_alex_dense_ep60_lr0p01_fr0p25_kd0p5_t3p0/agents/agent_2/checkpoints/expert_model.pt	outputs/cifar100_4agent_25cls_hetero4arch_ipc10_guardian_vgg_dense_ep75_lr0p01_fr0p3_kd0p4_t4p0_self3p0/agents/agent_2/checkpoints/expert_model.pt	exact duplicate content preserved by path
hardlinked	39239126	b5d5d87e435d825f9dda3ad8554bacfcf71d41e28827c16b906a6f1d997f5f6c	outputs/cifar100_4agent_25cls_hetero4arch_ipc10_guardian_alex_dense_ep60_lr0p01_fr0p25_kd0p5_t3p0/agents/agent_2/checkpoints/expert_model.pt	outputs/cifar100_4agent_25cls_hetero4arch_ipc10_guardian_vgg_dense_ep75_lr0p01_fr0p3_kd0p5_t3p0_self3p0/agents/agent_2/checkpoints/expert_model.pt	exact duplicate content preserved by path
hardlinked	39239126	b5d5d87e435d825f9dda3ad8554bacfcf71d41e28827c16b906a6f1d997f5f6c	outputs/cifar100_4agent_25cls_hetero4arch_ipc10_guardian_alex_dense_ep60_lr0p01_fr0p25_kd0p5_t3p0/agents/agent_2/checkpoints/expert_model.pt	outputs/cifar100_4agent_25cls_hetero4arch_ipc10_guardian_vgg_dense_ep75_lr0p01_fr0p3_kd0p5_t4p0_self3p0/agents/agent_2/checkpoints/expert_model.pt	exact duplicate content preserved by path
hardlinked	39239126	b5d5d87e435d825f9dda3ad8554bacfcf71d41e28827c16b906a6f1d997f5f6c	outputs/cifar100_4agent_25cls_hetero4arch_ipc10_guardian_alex_dense_ep60_lr0p01_fr0p25_kd0p5_t3p0/agents/agent_2/checkpoints/expert_model.pt	outputs/cifar100_4agent_25cls_hetero4arch_ipc10_guardian_vgg_dense_ep75_lr0p01_fr0p3_kd0p6_t3p0_self3p0/agents/agent_2/checkpoints/expert_model.pt	exact duplicate content preserved by path
hardlinked	39239126	b5d5d87e435d825f9dda3ad8554bacfcf71d41e28827c16b906a6f1d997f5f6c	outputs/cifar100_4agent_25cls_hetero4arch_ipc10_guardian_alex_dense_ep60_lr0p01_fr0p25_kd0p5_t3p0/agents/agent_2/checkpoints/expert_model.pt	outputs/cifar100_4agent_25cls_hetero4arch_ipc10_guardian_vgg_dense_ep75_lr0p01_fr0p3_kd0p6_t4p0_self3p0/agents/agent_2/checkpoints/expert_model.pt	exact duplicate content preserved by path
hardlinked	39239126	b5d5d87e435d825f9dda3ad8554bacfcf71d41e28827c16b906a6f1d997f5f6c	outputs/cifar100_4agent_25cls_hetero4arch_ipc10_guardian_alex_dense_ep60_lr0p01_fr0p25_kd0p5_t3p0/agents/agent_2/checkpoints/expert_model.pt	outputs/cifar100_4agent_25cls_hetero4arch_ipc10_guardian_vgg_g3_ep090_fr025_kd050_t3_sched_self20/agents/agent_2/checkpoints/expert_model.pt	exact duplicate content preserved by path
hardlinked	39239126	b5d5d87e435d825f9dda3ad8554bacfcf71d41e28827c16b906a6f1d997f5f6c	outputs/cifar100_4agent_25cls_hetero4arch_ipc10_guardian_alex_dense_ep60_lr0p01_fr0p25_kd0p5_t3p0/agents/agent_2/checkpoints/expert_model.pt	outputs/cifar100_4agent_25cls_hetero4arch_ipc10_guardian_vgg_g3_ep090_fr030_kd050_t3_sched_self30/agents/agent_2/checkpoints/expert_model.pt	exact duplicate content preserved by path
hardlinked	39239126	b5d5d87e435d825f9dda3ad8554bacfcf71d41e28827c16b906a6f1d997f5f6c	outputs/cifar100_4agent_25cls_hetero4arch_ipc10_guardian_alex_dense_ep60_lr0p01_fr0p25_kd0p5_t3p0/agents/agent_2/checkpoints/expert_model.pt	outputs/cifar100_4agent_25cls_hetero4arch_ipc10_guardian_vgg_g3_fr020_kd040_t4_sched_self30/agents/agent_2/checkpoints/expert_model.pt	exact duplicate content preserved by path
hardlinked	39239126	b5d5d87e435d825f9dda3ad8554bacfcf71d41e28827c16b906a6f1d997f5f6c	outputs/cifar100_4agent_25cls_hetero4arch_ipc10_guardian_alex_dense_ep60_lr0p01_fr0p25_kd0p5_t3p0/agents/agent_2/checkpoints/expert_model.pt	outputs/cifar100_4agent_25cls_hetero4arch_ipc10_guardian_vgg_g3_fr025_kd050_t3_sched_self30/agents/agent_2/checkpoints/expert_model.pt	exact duplicate content preserved by path
hardlinked	39239126	b5d5d87e435d825f9dda3ad8554bacfcf71d41e28827c16b906a6f1d997f5f6c	outputs/cifar100_4agent_25cls_hetero4arch_ipc10_guardian_alex_dense_ep60_lr0p01_fr0p25_kd0p5_t3p0/agents/agent_2/checkpoints/expert_model.pt	outputs/cifar100_4agent_25cls_hetero4arch_ipc10_guardian_vgg_g3_fr030_kd040_t3_sched_self30/agents/agent_2/checkpoints/expert_model.pt	exact duplicate content preserved by path
hardlinked	39239126	b5d5d87e435d825f9dda3ad8554bacfcf71d41e28827c16b906a6f1d997f5f6c	outputs/cifar100_4agent_25cls_hetero4arch_ipc10_guardian_alex_dense_ep60_lr0p01_fr0p25_kd0p5_t3p0/agents/agent_2/checkpoints/expert_model.pt	outputs/cifar100_4agent_25cls_hetero4arch_ipc10_guardian_vgg_g3_fr030_kd050_t3_sched_self30/agents/agent_2/checkpoints/expert_model.pt	exact duplicate content preserved by path
hardlinked	39239126	b5d5d87e435d825f9dda3ad8554bacfcf71d41e28827c16b906a6f1d997f5f6c	outputs/cifar100_4agent_25cls_hetero4arch_ipc10_guardian_alex_dense_ep60_lr0p01_fr0p25_kd0p5_t3p0/agents/agent_2/checkpoints/expert_model.pt	outputs/cifar100_4agent_25cls_hetero4arch_ipc10_guardian_vgg_g3_fr035_kd060_t3_sched_self20/agents/agent_2/checkpoints/expert_model.pt	exact duplicate content preserved by path
hardlinked	39239126	b5d5d87e435d825f9dda3ad8554bacfcf71d41e28827c16b906a6f1d997f5f6c	outputs/cifar100_4agent_25cls_hetero4arch_ipc10_guardian_alex_dense_ep60_lr0p01_fr0p25_kd0p5_t3p0/agents/agent_2/checkpoints/expert_model.pt	outputs/cifar100_4agent_25cls_hetero4arch_ipc10_guardian_vgg_g3_fr040_kd060_t3_sched_self20/agents/agent_2/checkpoints/expert_model.pt	exact duplicate content preserved by path
hardlinked	39239126	b5d5d87e435d825f9dda3ad8554bacfcf71d41e28827c16b906a6f1d997f5f6c	outputs/cifar100_4agent_25cls_hetero4arch_ipc10_guardian_alex_dense_ep60_lr0p01_fr0p25_kd0p5_t3p0/agents/agent_2/checkpoints/expert_model.pt	outputs/cifar100_4agent_25cls_hetero4arch_ipc10_tune2_alex_ep075_fr020_kd060_t3_sched/agents/agent_2/checkpoints/expert_model.pt	exact duplicate content preserved by path
hardlinked	39239126	b5d5d87e435d825f9dda3ad8554bacfcf71d41e28827c16b906a6f1d997f5f6c	outputs/cifar100_4agent_25cls_hetero4arch_ipc10_guardian_alex_dense_ep60_lr0p01_fr0p25_kd0p5_t3p0/agents/agent_2/checkpoints/expert_model.pt	outputs/cifar100_4agent_25cls_hetero4arch_ipc10_tune2_alex_fr020_kd060_t3_sched/agents/agent_2/checkpoints/expert_model.pt	exact duplicate content preserved by path
hardlinked	39239126	b5d5d87e435d825f9dda3ad8554bacfcf71d41e28827c16b906a6f1d997f5f6c	outputs/cifar100_4agent_25cls_hetero4arch_ipc10_guardian_alex_dense_ep60_lr0p01_fr0p25_kd0p5_t3p0/agents/agent_2/checkpoints/expert_model.pt	outputs/cifar100_4agent_25cls_hetero4arch_ipc10_tune2_alex_fr020_kd060_t3_sched_self15/agents/agent_2/checkpoints/expert_model.pt	exact duplicate content preserved by path
hardlinked	39239126	b5d5d87e435d825f9dda3ad8554bacfcf71d41e28827c16b906a6f1d997f5f6c	outputs/cifar100_4agent_25cls_hetero4arch_ipc10_guardian_alex_dense_ep60_lr0p01_fr0p25_kd0p5_t3p0/agents/agent_2/checkpoints/expert_model.pt	outputs/cifar100_4agent_25cls_hetero4arch_ipc10_tune2_alex_fr020_kd060_t4_sched/agents/agent_2/checkpoints/expert_model.pt	exact duplicate content preserved by path
hardlinked	39239126	b5d5d87e435d825f9dda3ad8554bacfcf71d41e28827c16b906a6f1d997f5f6c	outputs/cifar100_4agent_25cls_hetero4arch_ipc10_guardian_alex_dense_ep60_lr0p01_fr0p25_kd0p5_t3p0/agents/agent_2/checkpoints/expert_model.pt	outputs/cifar100_4agent_25cls_hetero4arch_ipc10_tune2_alex_fr020_kd070_t3_sched/agents/agent_2/checkpoints/expert_model.pt	exact duplicate content preserved by path
hardlinked	39239126	b5d5d87e435d825f9dda3ad8554bacfcf71d41e28827c16b906a6f1d997f5f6c	outputs/cifar100_4agent_25cls_hetero4arch_ipc10_guardian_alex_dense_ep60_lr0p01_fr0p25_kd0p5_t3p0/agents/agent_2/checkpoints/expert_model.pt	outputs/cifar100_4agent_25cls_hetero4arch_ipc10_tune2_alex_fr025_kd060_t3_sched/agents/agent_2/checkpoints/expert_model.pt	exact duplicate content preserved by path
hardlinked	39239126	b5d5d87e435d825f9dda3ad8554bacfcf71d41e28827c16b906a6f1d997f5f6c	outputs/cifar100_4agent_25cls_hetero4arch_ipc10_guardian_alex_dense_ep60_lr0p01_fr0p25_kd0p5_t3p0/agents/agent_2/checkpoints/expert_model.pt	outputs/cifar100_4agent_25cls_hetero4arch_ipc10_tune2_vgg_ep075_fr020_kd060_t3_sched_self20/agents/agent_2/checkpoints/expert_model.pt	exact duplicate content preserved by path
hardlinked	39239126	b5d5d87e435d825f9dda3ad8554bacfcf71d41e28827c16b906a6f1d997f5f6c	outputs/cifar100_4agent_25cls_hetero4arch_ipc10_guardian_alex_dense_ep60_lr0p01_fr0p25_kd0p5_t3p0/agents/agent_2/checkpoints/expert_model.pt	outputs/cifar100_4agent_25cls_hetero4arch_ipc10_tune2_vgg_fr020_kd050_t3_sched_self20/agents/agent_2/checkpoints/expert_model.pt	exact duplicate content preserved by path
hardlinked	39239126	b5d5d87e435d825f9dda3ad8554bacfcf71d41e28827c16b906a6f1d997f5f6c	outputs/cifar100_4agent_25cls_hetero4arch_ipc10_guardian_alex_dense_ep60_lr0p01_fr0p25_kd0p5_t3p0/agents/agent_2/checkpoints/expert_model.pt	outputs/cifar100_4agent_25cls_hetero4arch_ipc10_tune2_vgg_fr020_kd060_t3_latefr_self20/agents/agent_2/checkpoints/expert_model.pt	exact duplicate content preserved by path
hardlinked	39239126	b5d5d87e435d825f9dda3ad8554bacfcf71d41e28827c16b906a6f1d997f5f6c	outputs/cifar100_4agent_25cls_hetero4arch_ipc10_guardian_alex_dense_ep60_lr0p01_fr0p25_kd0p5_t3p0/agents/agent_2/checkpoints/expert_model.pt	outputs/cifar100_4agent_25cls_hetero4arch_ipc10_tune2_vgg_fr020_kd060_t3_sched_self20/agents/agent_2/checkpoints/expert_model.pt	exact duplicate content preserved by path
hardlinked	39239126	b5d5d87e435d825f9dda3ad8554bacfcf71d41e28827c16b906a6f1d997f5f6c	outputs/cifar100_4agent_25cls_hetero4arch_ipc10_guardian_alex_dense_ep60_lr0p01_fr0p25_kd0p5_t3p0/agents/agent_2/checkpoints/expert_model.pt	outputs/cifar100_4agent_25cls_hetero4arch_ipc10_tune2_vgg_fr020_kd060_t3_sched_self30/agents/agent_2/checkpoints/expert_model.pt	exact duplicate content preserved by path
hardlinked	39239126	b5d5d87e435d825f9dda3ad8554bacfcf71d41e28827c16b906a6f1d997f5f6c	outputs/cifar100_4agent_25cls_hetero4arch_ipc10_guardian_alex_dense_ep60_lr0p01_fr0p25_kd0p5_t3p0/agents/agent_2/checkpoints/expert_model.pt	outputs/cifar100_4agent_25cls_hetero4arch_ipc10_tune2_vgg_fr020_kd070_t4_sched_self20/agents/agent_2/checkpoints/expert_model.pt	exact duplicate content preserved by path
hardlinked	39239126	b5d5d87e435d825f9dda3ad8554bacfcf71d41e28827c16b906a6f1d997f5f6c	outputs/cifar100_4agent_25cls_hetero4arch_ipc10_guardian_alex_dense_ep60_lr0p01_fr0p25_kd0p5_t3p0/agents/agent_2/checkpoints/expert_model.pt	outputs/cifar100_4agent_25cls_hetero4arch_ipc10_tune2_vgg_fr025_kd060_t3_sched_self20/agents/agent_2/checkpoints/expert_model.pt	exact duplicate content preserved by path
hardlinked	39239126	b5d5d87e435d825f9dda3ad8554bacfcf71d41e28827c16b906a6f1d997f5f6c	outputs/cifar100_4agent_25cls_hetero4arch_ipc10_guardian_alex_dense_ep60_lr0p01_fr0p25_kd0p5_t3p0/agents/agent_2/checkpoints/expert_model.pt	outputs/cifar100_4agent_25cls_hetero4arch_ipc10_tune2_vgg_fr030_kd060_t3_sched_self20/agents/agent_2/checkpoints/expert_model.pt	exact duplicate content preserved by path
hardlinked	39239126	b5d5d87e435d825f9dda3ad8554bacfcf71d41e28827c16b906a6f1d997f5f6c	outputs/cifar100_4agent_25cls_hetero4arch_ipc10_guardian_alex_dense_ep60_lr0p01_fr0p25_kd0p5_t3p0/agents/agent_2/checkpoints/expert_model.pt	outputs/cifar100_4agent_25cls_hetero4arch_ipc10_tune_ep050_fr020_kd050_t2/agents/agent_2/checkpoints/expert_model.pt	exact duplicate content preserved by path
hardlinked	39239126	b5d5d87e435d825f9dda3ad8554bacfcf71d41e28827c16b906a6f1d997f5f6c	outputs/cifar100_4agent_25cls_hetero4arch_ipc10_guardian_alex_dense_ep60_lr0p01_fr0p25_kd0p5_t3p0/agents/agent_2/checkpoints/expert_model.pt	outputs/cifar100_4agent_25cls_hetero4arch_ipc10_tune_ep050_fr020_kd050_t2_partial_20260706_122417/agents/agent_2/checkpoints/expert_model.pt	exact duplicate content preserved by path
hardlinked	39239126	b5d5d87e435d825f9dda3ad8554bacfcf71d41e28827c16b906a6f1d997f5f6c	outputs/cifar100_4agent_25cls_hetero4arch_ipc10_guardian_alex_dense_ep60_lr0p01_fr0p25_kd0p5_t3p0/agents/agent_2/checkpoints/expert_model.pt	outputs/cifar100_4agent_25cls_hetero4arch_ipc10_tune_ep055_fr020_kd060_t2/agents/agent_2/checkpoints/expert_model.pt	exact duplicate content preserved by path
hardlinked	39239126	b5d5d87e435d825f9dda3ad8554bacfcf71d41e28827c16b906a6f1d997f5f6c	outputs/cifar100_4agent_25cls_hetero4arch_ipc10_guardian_alex_dense_ep60_lr0p01_fr0p25_kd0p5_t3p0/agents/agent_2/checkpoints/expert_model.pt	outputs/cifar100_4agent_25cls_hetero4arch_ipc10_tune_ep055_fr020_kd060_t2_partial_20260706_122417/agents/agent_2/checkpoints/expert_model.pt	exact duplicate content preserved by path
hardlinked	39239126	b5d5d87e435d825f9dda3ad8554bacfcf71d41e28827c16b906a6f1d997f5f6c	outputs/cifar100_4agent_25cls_hetero4arch_ipc10_guardian_alex_dense_ep60_lr0p01_fr0p25_kd0p5_t3p0/agents/agent_2/checkpoints/expert_model.pt	outputs/cifar100_4agent_25cls_hetero4arch_ipc10_tune_ep060_fr015_kd050_t2/agents/agent_2/checkpoints/expert_model.pt	exact duplicate content preserved by path
hardlinked	39239126	b5d5d87e435d825f9dda3ad8554bacfcf71d41e28827c16b906a6f1d997f5f6c	outputs/cifar100_4agent_25cls_hetero4arch_ipc10_guardian_alex_dense_ep60_lr0p01_fr0p25_kd0p5_t3p0/agents/agent_2/checkpoints/expert_model.pt	outputs/cifar100_4agent_25cls_hetero4arch_ipc10_tune_ep060_fr020_kd050_t2/agents/agent_2/checkpoints/expert_model.pt	exact duplicate content preserved by path
hardlinked	39239126	b5d5d87e435d825f9dda3ad8554bacfcf71d41e28827c16b906a6f1d997f5f6c	outputs/cifar100_4agent_25cls_hetero4arch_ipc10_guardian_alex_dense_ep60_lr0p01_fr0p25_kd0p5_t3p0/agents/agent_2/checkpoints/expert_model.pt	outputs/cifar100_4agent_25cls_hetero4arch_ipc10_tune_ep060_fr020_kd060_t1/agents/agent_2/checkpoints/expert_model.pt	exact duplicate content preserved by path
hardlinked	39239126	b5d5d87e435d825f9dda3ad8554bacfcf71d41e28827c16b906a6f1d997f5f6c	outputs/cifar100_4agent_25cls_hetero4arch_ipc10_guardian_alex_dense_ep60_lr0p01_fr0p25_kd0p5_t3p0/agents/agent_2/checkpoints/expert_model.pt	outputs/cifar100_4agent_25cls_hetero4arch_ipc10_tune_ep060_fr020_kd060_t2/agents/agent_2/checkpoints/expert_model.pt	exact duplicate content preserved by path
hardlinked	39239126	b5d5d87e435d825f9dda3ad8554bacfcf71d41e28827c16b906a6f1d997f5f6c	outputs/cifar100_4agent_25cls_hetero4arch_ipc10_guardian_alex_dense_ep60_lr0p01_fr0p25_kd0p5_t3p0/agents/agent_2/checkpoints/expert_model.pt	outputs/cifar100_4agent_25cls_hetero4arch_ipc10_tune_ep060_fr020_kd060_t2_latesched/agents/agent_2/checkpoints/expert_model.pt	exact duplicate content preserved by path
hardlinked	39239126	b5d5d87e435d825f9dda3ad8554bacfcf71d41e28827c16b906a6f1d997f5f6c	outputs/cifar100_4agent_25cls_hetero4arch_ipc10_guardian_alex_dense_ep60_lr0p01_fr0p25_kd0p5_t3p0/agents/agent_2/checkpoints/expert_model.pt	outputs/cifar100_4agent_25cls_hetero4arch_ipc10_tune_ep060_fr020_kd060_t2_sched/agents/agent_2/checkpoints/expert_model.pt	exact duplicate content preserved by path
hardlinked	39239126	b5d5d87e435d825f9dda3ad8554bacfcf71d41e28827c16b906a6f1d997f5f6c	outputs/cifar100_4agent_25cls_hetero4arch_ipc10_guardian_alex_dense_ep60_lr0p01_fr0p25_kd0p5_t3p0/agents/agent_2/checkpoints/expert_model.pt	outputs/cifar100_4agent_25cls_hetero4arch_ipc10_tune_ep060_fr020_kd060_t2_sched_latesched/agents/agent_2/checkpoints/expert_model.pt	exact duplicate content preserved by path
hardlinked	39239126	b5d5d87e435d825f9dda3ad8554bacfcf71d41e28827c16b906a6f1d997f5f6c	outputs/cifar100_4agent_25cls_hetero4arch_ipc10_guardian_alex_dense_ep60_lr0p01_fr0p25_kd0p5_t3p0/agents/agent_2/checkpoints/expert_model.pt	outputs/cifar100_4agent_25cls_hetero4arch_ipc10_tune_ep060_fr020_kd060_t2_sched_self15/agents/agent_2/checkpoints/expert_model.pt	exact duplicate content preserved by path
hardlinked	39239126	b5d5d87e435d825f9dda3ad8554bacfcf71d41e28827c16b906a6f1d997f5f6c	outputs/cifar100_4agent_25cls_hetero4arch_ipc10_guardian_alex_dense_ep60_lr0p01_fr0p25_kd0p5_t3p0/agents/agent_2/checkpoints/expert_model.pt	outputs/cifar100_4agent_25cls_hetero4arch_ipc10_tune_ep060_fr020_kd060_t2_self15/agents/agent_2/checkpoints/expert_model.pt	exact duplicate content preserved by path
hardlinked	39239126	b5d5d87e435d825f9dda3ad8554bacfcf71d41e28827c16b906a6f1d997f5f6c	outputs/cifar100_4agent_25cls_hetero4arch_ipc10_guardian_alex_dense_ep60_lr0p01_fr0p25_kd0p5_t3p0/agents/agent_2/checkpoints/expert_model.pt	outputs/cifar100_4agent_25cls_hetero4arch_ipc10_tune_ep060_fr020_kd060_t2_self20/agents/agent_2/checkpoints/expert_model.pt	exact duplicate content preserved by path
hardlinked	39239126	b5d5d87e435d825f9dda3ad8554bacfcf71d41e28827c16b906a6f1d997f5f6c	outputs/cifar100_4agent_25cls_hetero4arch_ipc10_guardian_alex_dense_ep60_lr0p01_fr0p25_kd0p5_t3p0/agents/agent_2/checkpoints/expert_model.pt	outputs/cifar100_4agent_25cls_hetero4arch_ipc10_tune_ep060_fr020_kd060_t3/agents/agent_2/checkpoints/expert_model.pt	exact duplicate content preserved by path
hardlinked	39239126	b5d5d87e435d825f9dda3ad8554bacfcf71d41e28827c16b906a6f1d997f5f6c	outputs/cifar100_4agent_25cls_hetero4arch_ipc10_guardian_alex_dense_ep60_lr0p01_fr0p25_kd0p5_t3p0/agents/agent_2/checkpoints/expert_model.pt	outputs/cifar100_4agent_25cls_hetero4arch_ipc10_tune_ep060_fr020_kd060_t3_sched/agents/agent_2/checkpoints/expert_model.pt	exact duplicate content preserved by path
hardlinked	39239126	b5d5d87e435d825f9dda3ad8554bacfcf71d41e28827c16b906a6f1d997f5f6c	outputs/cifar100_4agent_25cls_hetero4arch_ipc10_guardian_alex_dense_ep60_lr0p01_fr0p25_kd0p5_t3p0/agents/agent_2/checkpoints/expert_model.pt	outputs/cifar100_4agent_25cls_hetero4arch_ipc10_tune_ep060_fr020_kd060_t4/agents/agent_2/checkpoints/expert_model.pt	exact duplicate content preserved by path
hardlinked	39239126	b5d5d87e435d825f9dda3ad8554bacfcf71d41e28827c16b906a6f1d997f5f6c	outputs/cifar100_4agent_25cls_hetero4arch_ipc10_guardian_alex_dense_ep60_lr0p01_fr0p25_kd0p5_t3p0/agents/agent_2/checkpoints/expert_model.pt	outputs/cifar100_4agent_25cls_hetero4arch_ipc10_tune_ep060_fr020_kd070_t3/agents/agent_2/checkpoints/expert_model.pt	exact duplicate content preserved by path
hardlinked	39239126	b5d5d87e435d825f9dda3ad8554bacfcf71d41e28827c16b906a6f1d997f5f6c	outputs/cifar100_4agent_25cls_hetero4arch_ipc10_guardian_alex_dense_ep60_lr0p01_fr0p25_kd0p5_t3p0/agents/agent_2/checkpoints/expert_model.pt	outputs/cifar100_4agent_25cls_hetero4arch_ipc10_tune_ep060_fr025_kd050_t2/agents/agent_2/checkpoints/expert_model.pt	exact duplicate content preserved by path
hardlinked	39239126	b5d5d87e435d825f9dda3ad8554bacfcf71d41e28827c16b906a6f1d997f5f6c	outputs/cifar100_4agent_25cls_hetero4arch_ipc10_guardian_alex_dense_ep60_lr0p01_fr0p25_kd0p5_t3p0/agents/agent_2/checkpoints/expert_model.pt	outputs/cifar100_4agent_25cls_hetero4arch_ipc10_tune_ep060_fr025_kd060_t2/agents/agent_2/checkpoints/expert_model.pt	exact duplicate content preserved by path
hardlinked	39239126	b5d5d87e435d825f9dda3ad8554bacfcf71d41e28827c16b906a6f1d997f5f6c	outputs/cifar100_4agent_25cls_hetero4arch_ipc10_guardian_alex_dense_ep60_lr0p01_fr0p25_kd0p5_t3p0/agents/agent_2/checkpoints/expert_model.pt	outputs/cifar100_4agent_25cls_hetero4arch_ipc10_tune_ep060_fr030_kd060_t2/agents/agent_2/checkpoints/expert_model.pt	exact duplicate content preserved by path
hardlinked	39239126	b5d5d87e435d825f9dda3ad8554bacfcf71d41e28827c16b906a6f1d997f5f6c	outputs/cifar100_4agent_25cls_hetero4arch_ipc10_guardian_alex_dense_ep60_lr0p01_fr0p25_kd0p5_t3p0/agents/agent_2/checkpoints/expert_model.pt	outputs/cifar100_4agent_25cls_hetero4arch_ipc10_tune_ep065_fr020_kd060_t2/agents/agent_2/checkpoints/expert_model.pt	exact duplicate content preserved by path
hardlinked	28123900	f9929ded67bc871be55b65488f6b3d595ac192e63864dafa914f6c26eeb10403	outputs/cifar100_4agent_25cls_hetero4arch_ipc10_guardian_alex_dense_ep60_lr0p01_fr0p25_kd0p5_t3p0/agents/agent_3/checkpoints/expert_model.pt	outputs/cifar100_4agent_25cls_hetero4arch_ipc10_guardian_alex_dense_ep60_lr0p01_fr0p25_kd0p5_t4p0/agents/agent_3/checkpoints/expert_model.pt	exact duplicate content preserved by path
hardlinked	28123900	f9929ded67bc871be55b65488f6b3d595ac192e63864dafa914f6c26eeb10403	outputs/cifar100_4agent_25cls_hetero4arch_ipc10_guardian_alex_dense_ep60_lr0p01_fr0p25_kd0p5_t3p0/agents/agent_3/checkpoints/expert_model.pt	outputs/cifar100_4agent_25cls_hetero4arch_ipc10_guardian_alex_g3_ep090_fr020_kd060_t3_sched/agents/agent_3/checkpoints/expert_model.pt	exact duplicate content preserved by path
hardlinked	28123900	f9929ded67bc871be55b65488f6b3d595ac192e63864dafa914f6c26eeb10403	outputs/cifar100_4agent_25cls_hetero4arch_ipc10_guardian_alex_dense_ep60_lr0p01_fr0p25_kd0p5_t3p0/agents/agent_3/checkpoints/expert_model.pt	outputs/cifar100_4agent_25cls_hetero4arch_ipc10_guardian_alex_g3_fr020_kd060_t3_sched_self20/agents/agent_3/checkpoints/expert_model.pt	exact duplicate content preserved by path
hardlinked	28123900	f9929ded67bc871be55b65488f6b3d595ac192e63864dafa914f6c26eeb10403	outputs/cifar100_4agent_25cls_hetero4arch_ipc10_guardian_alex_dense_ep60_lr0p01_fr0p25_kd0p5_t3p0/agents/agent_3/checkpoints/expert_model.pt	outputs/cifar100_4agent_25cls_hetero4arch_ipc10_guardian_alex_g3_fr020_kd070_t4_sched/agents/agent_3/checkpoints/expert_model.pt	exact duplicate content preserved by path
hardlinked	28123900	f9929ded67bc871be55b65488f6b3d595ac192e63864dafa914f6c26eeb10403	outputs/cifar100_4agent_25cls_hetero4arch_ipc10_guardian_alex_dense_ep60_lr0p01_fr0p25_kd0p5_t3p0/agents/agent_3/checkpoints/expert_model.pt	outputs/cifar100_4agent_25cls_hetero4arch_ipc10_guardian_alex_g3_fr020_kd080_t3_sched/agents/agent_3/checkpoints/expert_model.pt	exact duplicate content preserved by path
hardlinked	28123900	f9929ded67bc871be55b65488f6b3d595ac192e63864dafa914f6c26eeb10403	outputs/cifar100_4agent_25cls_hetero4arch_ipc10_guardian_alex_dense_ep60_lr0p01_fr0p25_kd0p5_t3p0/agents/agent_3/checkpoints/expert_model.pt	outputs/cifar100_4agent_25cls_hetero4arch_ipc10_guardian_alex_g3_fr025_kd070_t3_sched_self15/agents/agent_3/checkpoints/expert_model.pt	exact duplicate content preserved by path
hardlinked	28123900	f9929ded67bc871be55b65488f6b3d595ac192e63864dafa914f6c26eeb10403	outputs/cifar100_4agent_25cls_hetero4arch_ipc10_guardian_alex_dense_ep60_lr0p01_fr0p25_kd0p5_t3p0/agents/agent_3/checkpoints/expert_model.pt	outputs/cifar100_4agent_25cls_hetero4arch_ipc10_guardian_alex_g3_fr030_kd060_t3_sched/agents/agent_3/checkpoints/expert_model.pt	exact duplicate content preserved by path
hardlinked	28123900	f9929ded67bc871be55b65488f6b3d595ac192e63864dafa914f6c26eeb10403	outputs/cifar100_4agent_25cls_hetero4arch_ipc10_guardian_alex_dense_ep60_lr0p01_fr0p25_kd0p5_t3p0/agents/agent_3/checkpoints/expert_model.pt	outputs/cifar100_4agent_25cls_hetero4arch_ipc10_guardian_vgg_dense_ep60_lr0p01_fr0p25_kd0p3_t3p0_self2p5/agents/agent_3/checkpoints/expert_model.pt	exact duplicate content preserved by path
hardlinked	28123900	f9929ded67bc871be55b65488f6b3d595ac192e63864dafa914f6c26eeb10403	outputs/cifar100_4agent_25cls_hetero4arch_ipc10_guardian_alex_dense_ep60_lr0p01_fr0p25_kd0p5_t3p0/agents/agent_3/checkpoints/expert_model.pt	outputs/cifar100_4agent_25cls_hetero4arch_ipc10_guardian_vgg_dense_ep60_lr0p01_fr0p25_kd0p3_t3p0_self3p0/agents/agent_3/checkpoints/expert_model.pt	exact duplicate content preserved by path
hardlinked	28123900	f9929ded67bc871be55b65488f6b3d595ac192e63864dafa914f6c26eeb10403	outputs/cifar100_4agent_25cls_hetero4arch_ipc10_guardian_alex_dense_ep60_lr0p01_fr0p25_kd0p5_t3p0/agents/agent_3/checkpoints/expert_model.pt	outputs/cifar100_4agent_25cls_hetero4arch_ipc10_guardian_vgg_dense_ep60_lr0p01_fr0p25_kd0p3_t3p0_self4p0/agents/agent_3/checkpoints/expert_model.pt	exact duplicate content preserved by path
hardlinked	28123900	f9929ded67bc871be55b65488f6b3d595ac192e63864dafa914f6c26eeb10403	outputs/cifar100_4agent_25cls_hetero4arch_ipc10_guardian_alex_dense_ep60_lr0p01_fr0p25_kd0p5_t3p0/agents/agent_3/checkpoints/expert_model.pt	outputs/cifar100_4agent_25cls_hetero4arch_ipc10_guardian_vgg_dense_ep60_lr0p01_fr0p25_kd0p3_t4p0_self2p5/agents/agent_3/checkpoints/expert_model.pt	exact duplicate content preserved by path
hardlinked	28123900	f9929ded67bc871be55b65488f6b3d595ac192e63864dafa914f6c26eeb10403	outputs/cifar100_4agent_25cls_hetero4arch_ipc10_guardian_alex_dense_ep60_lr0p01_fr0p25_kd0p5_t3p0/agents/agent_3/checkpoints/expert_model.pt	outputs/cifar100_4agent_25cls_hetero4arch_ipc10_guardian_vgg_dense_ep60_lr0p01_fr0p25_kd0p3_t4p0_self3p0/agents/agent_3/checkpoints/expert_model.pt	exact duplicate content preserved by path
hardlinked	28123900	f9929ded67bc871be55b65488f6b3d595ac192e63864dafa914f6c26eeb10403	outputs/cifar100_4agent_25cls_hetero4arch_ipc10_guardian_alex_dense_ep60_lr0p01_fr0p25_kd0p5_t3p0/agents/agent_3/checkpoints/expert_model.pt	outputs/cifar100_4agent_25cls_hetero4arch_ipc10_guardian_vgg_dense_ep60_lr0p01_fr0p25_kd0p3_t4p0_self4p0/agents/agent_3/checkpoints/expert_model.pt	exact duplicate content preserved by path
hardlinked	28123900	f9929ded67bc871be55b65488f6b3d595ac192e63864dafa914f6c26eeb10403	outputs/cifar100_4agent_25cls_hetero4arch_ipc10_guardian_alex_dense_ep60_lr0p01_fr0p25_kd0p5_t3p0/agents/agent_3/checkpoints/expert_model.pt	outputs/cifar100_4agent_25cls_hetero4arch_ipc10_guardian_vgg_dense_ep60_lr0p01_fr0p25_kd0p4_t3p0_self2p5/agents/agent_3/checkpoints/expert_model.pt	exact duplicate content preserved by path
hardlinked	28123900	f9929ded67bc871be55b65488f6b3d595ac192e63864dafa914f6c26eeb10403	outputs/cifar100_4agent_25cls_hetero4arch_ipc10_guardian_alex_dense_ep60_lr0p01_fr0p25_kd0p5_t3p0/agents/agent_3/checkpoints/expert_model.pt	outputs/cifar100_4agent_25cls_hetero4arch_ipc10_guardian_vgg_dense_ep60_lr0p01_fr0p25_kd0p4_t3p0_self3p0/agents/agent_3/checkpoints/expert_model.pt	exact duplicate content preserved by path
hardlinked	28123900	f9929ded67bc871be55b65488f6b3d595ac192e63864dafa914f6c26eeb10403	outputs/cifar100_4agent_25cls_hetero4arch_ipc10_guardian_alex_dense_ep60_lr0p01_fr0p25_kd0p5_t3p0/agents/agent_3/checkpoints/expert_model.pt	outputs/cifar100_4agent_25cls_hetero4arch_ipc10_guardian_vgg_dense_ep60_lr0p01_fr0p25_kd0p4_t3p0_self4p0/agents/agent_3/checkpoints/expert_model.pt	exact duplicate content preserved by path
hardlinked	28123900	f9929ded67bc871be55b65488f6b3d595ac192e63864dafa914f6c26eeb10403	outputs/cifar100_4agent_25cls_hetero4arch_ipc10_guardian_alex_dense_ep60_lr0p01_fr0p25_kd0p5_t3p0/agents/agent_3/checkpoints/expert_model.pt	outputs/cifar100_4agent_25cls_hetero4arch_ipc10_guardian_vgg_dense_ep60_lr0p01_fr0p25_kd0p4_t4p0_self2p5/agents/agent_3/checkpoints/expert_model.pt	exact duplicate content preserved by path
hardlinked	28123900	f9929ded67bc871be55b65488f6b3d595ac192e63864dafa914f6c26eeb10403	outputs/cifar100_4agent_25cls_hetero4arch_ipc10_guardian_alex_dense_ep60_lr0p01_fr0p25_kd0p5_t3p0/agents/agent_3/checkpoints/expert_model.pt	outputs/cifar100_4agent_25cls_hetero4arch_ipc10_guardian_vgg_dense_ep60_lr0p01_fr0p25_kd0p4_t4p0_self3p0/agents/agent_3/checkpoints/expert_model.pt	exact duplicate content preserved by path
hardlinked	28123900	f9929ded67bc871be55b65488f6b3d595ac192e63864dafa914f6c26eeb10403	outputs/cifar100_4agent_25cls_hetero4arch_ipc10_guardian_alex_dense_ep60_lr0p01_fr0p25_kd0p5_t3p0/agents/agent_3/checkpoints/expert_model.pt	outputs/cifar100_4agent_25cls_hetero4arch_ipc10_guardian_vgg_dense_ep60_lr0p01_fr0p25_kd0p4_t4p0_self4p0/agents/agent_3/checkpoints/expert_model.pt	exact duplicate content preserved by path
hardlinked	28123900	f9929ded67bc871be55b65488f6b3d595ac192e63864dafa914f6c26eeb10403	outputs/cifar100_4agent_25cls_hetero4arch_ipc10_guardian_alex_dense_ep60_lr0p01_fr0p25_kd0p5_t3p0/agents/agent_3/checkpoints/expert_model.pt	outputs/cifar100_4agent_25cls_hetero4arch_ipc10_guardian_vgg_dense_ep60_lr0p01_fr0p25_kd0p5_t3p0_self2p5/agents/agent_3/checkpoints/expert_model.pt	exact duplicate content preserved by path
hardlinked	28123900	f9929ded67bc871be55b65488f6b3d595ac192e63864dafa914f6c26eeb10403	outputs/cifar100_4agent_25cls_hetero4arch_ipc10_guardian_alex_dense_ep60_lr0p01_fr0p25_kd0p5_t3p0/agents/agent_3/checkpoints/expert_model.pt	outputs/cifar100_4agent_25cls_hetero4arch_ipc10_guardian_vgg_dense_ep60_lr0p01_fr0p25_kd0p5_t3p0_self3p0/agents/agent_3/checkpoints/expert_model.pt	exact duplicate content preserved by path
hardlinked	28123900	f9929ded67bc871be55b65488f6b3d595ac192e63864dafa914f6c26eeb10403	outputs/cifar100_4agent_25cls_hetero4arch_ipc10_guardian_alex_dense_ep60_lr0p01_fr0p25_kd0p5_t3p0/agents/agent_3/checkpoints/expert_model.pt	outputs/cifar100_4agent_25cls_hetero4arch_ipc10_guardian_vgg_dense_ep60_lr0p01_fr0p25_kd0p5_t3p0_self4p0/agents/agent_3/checkpoints/expert_model.pt	exact duplicate content preserved by path
hardlinked	28123900	f9929ded67bc871be55b65488f6b3d595ac192e63864dafa914f6c26eeb10403	outputs/cifar100_4agent_25cls_hetero4arch_ipc10_guardian_alex_dense_ep60_lr0p01_fr0p25_kd0p5_t3p0/agents/agent_3/checkpoints/expert_model.pt	outputs/cifar100_4agent_25cls_hetero4arch_ipc10_guardian_vgg_dense_ep60_lr0p01_fr0p25_kd0p5_t4p0_self2p5/agents/agent_3/checkpoints/expert_model.pt	exact duplicate content preserved by path
hardlinked	28123900	f9929ded67bc871be55b65488f6b3d595ac192e63864dafa914f6c26eeb10403	outputs/cifar100_4agent_25cls_hetero4arch_ipc10_guardian_alex_dense_ep60_lr0p01_fr0p25_kd0p5_t3p0/agents/agent_3/checkpoints/expert_model.pt	outputs/cifar100_4agent_25cls_hetero4arch_ipc10_guardian_vgg_dense_ep60_lr0p01_fr0p25_kd0p5_t4p0_self3p0/agents/agent_3/checkpoints/expert_model.pt	exact duplicate content preserved by path
hardlinked	28123900	f9929ded67bc871be55b65488f6b3d595ac192e63864dafa914f6c26eeb10403	outputs/cifar100_4agent_25cls_hetero4arch_ipc10_guardian_alex_dense_ep60_lr0p01_fr0p25_kd0p5_t3p0/agents/agent_3/checkpoints/expert_model.pt	outputs/cifar100_4agent_25cls_hetero4arch_ipc10_guardian_vgg_dense_ep60_lr0p01_fr0p25_kd0p5_t4p0_self4p0/agents/agent_3/checkpoints/expert_model.pt	exact duplicate content preserved by path
hardlinked	28123900	f9929ded67bc871be55b65488f6b3d595ac192e63864dafa914f6c26eeb10403	outputs/cifar100_4agent_25cls_hetero4arch_ipc10_guardian_alex_dense_ep60_lr0p01_fr0p25_kd0p5_t3p0/agents/agent_3/checkpoints/expert_model.pt	outputs/cifar100_4agent_25cls_hetero4arch_ipc10_guardian_vgg_dense_ep60_lr0p01_fr0p25_kd0p6_t3p0_self2p5/agents/agent_3/checkpoints/expert_model.pt	exact duplicate content preserved by path
hardlinked	28123900	f9929ded67bc871be55b65488f6b3d595ac192e63864dafa914f6c26eeb10403	outputs/cifar100_4agent_25cls_hetero4arch_ipc10_guardian_alex_dense_ep60_lr0p01_fr0p25_kd0p5_t3p0/agents/agent_3/checkpoints/expert_model.pt	outputs/cifar100_4agent_25cls_hetero4arch_ipc10_guardian_vgg_dense_ep60_lr0p01_fr0p25_kd0p6_t3p0_self3p0/agents/agent_3/checkpoints/expert_model.pt	exact duplicate content preserved by path
hardlinked	28123900	f9929ded67bc871be55b65488f6b3d595ac192e63864dafa914f6c26eeb10403	outputs/cifar100_4agent_25cls_hetero4arch_ipc10_guardian_alex_dense_ep60_lr0p01_fr0p25_kd0p5_t3p0/agents/agent_3/checkpoints/expert_model.pt	outputs/cifar100_4agent_25cls_hetero4arch_ipc10_guardian_vgg_dense_ep60_lr0p01_fr0p25_kd0p6_t3p0_self4p0/agents/agent_3/checkpoints/expert_model.pt	exact duplicate content preserved by path
hardlinked	28123900	f9929ded67bc871be55b65488f6b3d595ac192e63864dafa914f6c26eeb10403	outputs/cifar100_4agent_25cls_hetero4arch_ipc10_guardian_alex_dense_ep60_lr0p01_fr0p25_kd0p5_t3p0/agents/agent_3/checkpoints/expert_model.pt	outputs/cifar100_4agent_25cls_hetero4arch_ipc10_guardian_vgg_dense_ep60_lr0p01_fr0p25_kd0p6_t4p0_self2p5/agents/agent_3/checkpoints/expert_model.pt	exact duplicate content preserved by path
hardlinked	28123900	f9929ded67bc871be55b65488f6b3d595ac192e63864dafa914f6c26eeb10403	outputs/cifar100_4agent_25cls_hetero4arch_ipc10_guardian_alex_dense_ep60_lr0p01_fr0p25_kd0p5_t3p0/agents/agent_3/checkpoints/expert_model.pt	outputs/cifar100_4agent_25cls_hetero4arch_ipc10_guardian_vgg_dense_ep60_lr0p01_fr0p25_kd0p6_t4p0_self3p0/agents/agent_3/checkpoints/expert_model.pt	exact duplicate content preserved by path
hardlinked	28123900	f9929ded67bc871be55b65488f6b3d595ac192e63864dafa914f6c26eeb10403	outputs/cifar100_4agent_25cls_hetero4arch_ipc10_guardian_alex_dense_ep60_lr0p01_fr0p25_kd0p5_t3p0/agents/agent_3/checkpoints/expert_model.pt	outputs/cifar100_4agent_25cls_hetero4arch_ipc10_guardian_vgg_dense_ep60_lr0p01_fr0p25_kd0p6_t4p0_self4p0/agents/agent_3/checkpoints/expert_model.pt	exact duplicate content preserved by path
hardlinked	28123900	f9929ded67bc871be55b65488f6b3d595ac192e63864dafa914f6c26eeb10403	outputs/cifar100_4agent_25cls_hetero4arch_ipc10_guardian_alex_dense_ep60_lr0p01_fr0p25_kd0p5_t3p0/agents/agent_3/checkpoints/expert_model.pt	outputs/cifar100_4agent_25cls_hetero4arch_ipc10_guardian_vgg_dense_ep60_lr0p01_fr0p35_kd0p3_t3p0_self2p5/agents/agent_3/checkpoints/expert_model.pt	exact duplicate content preserved by path
hardlinked	28123900	f9929ded67bc871be55b65488f6b3d595ac192e63864dafa914f6c26eeb10403	outputs/cifar100_4agent_25cls_hetero4arch_ipc10_guardian_alex_dense_ep60_lr0p01_fr0p25_kd0p5_t3p0/agents/agent_3/checkpoints/expert_model.pt	outputs/cifar100_4agent_25cls_hetero4arch_ipc10_guardian_vgg_dense_ep60_lr0p01_fr0p35_kd0p3_t3p0_self3p0/agents/agent_3/checkpoints/expert_model.pt	exact duplicate content preserved by path
hardlinked	28123900	f9929ded67bc871be55b65488f6b3d595ac192e63864dafa914f6c26eeb10403	outputs/cifar100_4agent_25cls_hetero4arch_ipc10_guardian_alex_dense_ep60_lr0p01_fr0p25_kd0p5_t3p0/agents/agent_3/checkpoints/expert_model.pt	outputs/cifar100_4agent_25cls_hetero4arch_ipc10_guardian_vgg_dense_ep60_lr0p01_fr0p35_kd0p3_t3p0_self4p0/agents/agent_3/checkpoints/expert_model.pt	exact duplicate content preserved by path
hardlinked	28123900	f9929ded67bc871be55b65488f6b3d595ac192e63864dafa914f6c26eeb10403	outputs/cifar100_4agent_25cls_hetero4arch_ipc10_guardian_alex_dense_ep60_lr0p01_fr0p25_kd0p5_t3p0/agents/agent_3/checkpoints/expert_model.pt	outputs/cifar100_4agent_25cls_hetero4arch_ipc10_guardian_vgg_dense_ep60_lr0p01_fr0p35_kd0p3_t4p0_self2p5/agents/agent_3/checkpoints/expert_model.pt	exact duplicate content preserved by path
hardlinked	28123900	f9929ded67bc871be55b65488f6b3d595ac192e63864dafa914f6c26eeb10403	outputs/cifar100_4agent_25cls_hetero4arch_ipc10_guardian_alex_dense_ep60_lr0p01_fr0p25_kd0p5_t3p0/agents/agent_3/checkpoints/expert_model.pt	outputs/cifar100_4agent_25cls_hetero4arch_ipc10_guardian_vgg_dense_ep60_lr0p01_fr0p35_kd0p3_t4p0_self3p0/agents/agent_3/checkpoints/expert_model.pt	exact duplicate content preserved by path
hardlinked	28123900	f9929ded67bc871be55b65488f6b3d595ac192e63864dafa914f6c26eeb10403	outputs/cifar100_4agent_25cls_hetero4arch_ipc10_guardian_alex_dense_ep60_lr0p01_fr0p25_kd0p5_t3p0/agents/agent_3/checkpoints/expert_model.pt	outputs/cifar100_4agent_25cls_hetero4arch_ipc10_guardian_vgg_dense_ep60_lr0p01_fr0p35_kd0p3_t4p0_self4p0/agents/agent_3/checkpoints/expert_model.pt	exact duplicate content preserved by path
hardlinked	28123900	f9929ded67bc871be55b65488f6b3d595ac192e63864dafa914f6c26eeb10403	outputs/cifar100_4agent_25cls_hetero4arch_ipc10_guardian_alex_dense_ep60_lr0p01_fr0p25_kd0p5_t3p0/agents/agent_3/checkpoints/expert_model.pt	outputs/cifar100_4agent_25cls_hetero4arch_ipc10_guardian_vgg_dense_ep60_lr0p01_fr0p35_kd0p4_t3p0_self2p5/agents/agent_3/checkpoints/expert_model.pt	exact duplicate content preserved by path
hardlinked	28123900	f9929ded67bc871be55b65488f6b3d595ac192e63864dafa914f6c26eeb10403	outputs/cifar100_4agent_25cls_hetero4arch_ipc10_guardian_alex_dense_ep60_lr0p01_fr0p25_kd0p5_t3p0/agents/agent_3/checkpoints/expert_model.pt	outputs/cifar100_4agent_25cls_hetero4arch_ipc10_guardian_vgg_dense_ep60_lr0p01_fr0p35_kd0p4_t3p0_self3p0/agents/agent_3/checkpoints/expert_model.pt	exact duplicate content preserved by path
hardlinked	28123900	f9929ded67bc871be55b65488f6b3d595ac192e63864dafa914f6c26eeb10403	outputs/cifar100_4agent_25cls_hetero4arch_ipc10_guardian_alex_dense_ep60_lr0p01_fr0p25_kd0p5_t3p0/agents/agent_3/checkpoints/expert_model.pt	outputs/cifar100_4agent_25cls_hetero4arch_ipc10_guardian_vgg_dense_ep60_lr0p01_fr0p35_kd0p4_t3p0_self4p0/agents/agent_3/checkpoints/expert_model.pt	exact duplicate content preserved by path
hardlinked	28123900	f9929ded67bc871be55b65488f6b3d595ac192e63864dafa914f6c26eeb10403	outputs/cifar100_4agent_25cls_hetero4arch_ipc10_guardian_alex_dense_ep60_lr0p01_fr0p25_kd0p5_t3p0/agents/agent_3/checkpoints/expert_model.pt	outputs/cifar100_4agent_25cls_hetero4arch_ipc10_guardian_vgg_dense_ep60_lr0p01_fr0p35_kd0p4_t4p0_self2p5/agents/agent_3/checkpoints/expert_model.pt	exact duplicate content preserved by path
hardlinked	28123900	f9929ded67bc871be55b65488f6b3d595ac192e63864dafa914f6c26eeb10403	outputs/cifar100_4agent_25cls_hetero4arch_ipc10_guardian_alex_dense_ep60_lr0p01_fr0p25_kd0p5_t3p0/agents/agent_3/checkpoints/expert_model.pt	outputs/cifar100_4agent_25cls_hetero4arch_ipc10_guardian_vgg_dense_ep60_lr0p01_fr0p35_kd0p4_t4p0_self3p0/agents/agent_3/checkpoints/expert_model.pt	exact duplicate content preserved by path
hardlinked	28123900	f9929ded67bc871be55b65488f6b3d595ac192e63864dafa914f6c26eeb10403	outputs/cifar100_4agent_25cls_hetero4arch_ipc10_guardian_alex_dense_ep60_lr0p01_fr0p25_kd0p5_t3p0/agents/agent_3/checkpoints/expert_model.pt	outputs/cifar100_4agent_25cls_hetero4arch_ipc10_guardian_vgg_dense_ep60_lr0p01_fr0p35_kd0p4_t4p0_self4p0/agents/agent_3/checkpoints/expert_model.pt	exact duplicate content preserved by path
hardlinked	28123900	f9929ded67bc871be55b65488f6b3d595ac192e63864dafa914f6c26eeb10403	outputs/cifar100_4agent_25cls_hetero4arch_ipc10_guardian_alex_dense_ep60_lr0p01_fr0p25_kd0p5_t3p0/agents/agent_3/checkpoints/expert_model.pt	outputs/cifar100_4agent_25cls_hetero4arch_ipc10_guardian_vgg_dense_ep60_lr0p01_fr0p35_kd0p5_t3p0_self2p5/agents/agent_3/checkpoints/expert_model.pt	exact duplicate content preserved by path
hardlinked	28123900	f9929ded67bc871be55b65488f6b3d595ac192e63864dafa914f6c26eeb10403	outputs/cifar100_4agent_25cls_hetero4arch_ipc10_guardian_alex_dense_ep60_lr0p01_fr0p25_kd0p5_t3p0/agents/agent_3/checkpoints/expert_model.pt	outputs/cifar100_4agent_25cls_hetero4arch_ipc10_guardian_vgg_dense_ep60_lr0p01_fr0p35_kd0p5_t3p0_self3p0/agents/agent_3/checkpoints/expert_model.pt	exact duplicate content preserved by path
hardlinked	28123900	f9929ded67bc871be55b65488f6b3d595ac192e63864dafa914f6c26eeb10403	outputs/cifar100_4agent_25cls_hetero4arch_ipc10_guardian_alex_dense_ep60_lr0p01_fr0p25_kd0p5_t3p0/agents/agent_3/checkpoints/expert_model.pt	outputs/cifar100_4agent_25cls_hetero4arch_ipc10_guardian_vgg_dense_ep60_lr0p01_fr0p35_kd0p5_t3p0_self4p0/agents/agent_3/checkpoints/expert_model.pt	exact duplicate content preserved by path
hardlinked	28123900	f9929ded67bc871be55b65488f6b3d595ac192e63864dafa914f6c26eeb10403	outputs/cifar100_4agent_25cls_hetero4arch_ipc10_guardian_alex_dense_ep60_lr0p01_fr0p25_kd0p5_t3p0/agents/agent_3/checkpoints/expert_model.pt	outputs/cifar100_4agent_25cls_hetero4arch_ipc10_guardian_vgg_dense_ep60_lr0p01_fr0p35_kd0p5_t4p0_self2p5/agents/agent_3/checkpoints/expert_model.pt	exact duplicate content preserved by path
hardlinked	28123900	f9929ded67bc871be55b65488f6b3d595ac192e63864dafa914f6c26eeb10403	outputs/cifar100_4agent_25cls_hetero4arch_ipc10_guardian_alex_dense_ep60_lr0p01_fr0p25_kd0p5_t3p0/agents/agent_3/checkpoints/expert_model.pt	outputs/cifar100_4agent_25cls_hetero4arch_ipc10_guardian_vgg_dense_ep60_lr0p01_fr0p35_kd0p5_t4p0_self3p0/agents/agent_3/checkpoints/expert_model.pt	exact duplicate content preserved by path
hardlinked	28123900	f9929ded67bc871be55b65488f6b3d595ac192e63864dafa914f6c26eeb10403	outputs/cifar100_4agent_25cls_hetero4arch_ipc10_guardian_alex_dense_ep60_lr0p01_fr0p25_kd0p5_t3p0/agents/agent_3/checkpoints/expert_model.pt	outputs/cifar100_4agent_25cls_hetero4arch_ipc10_guardian_vgg_dense_ep60_lr0p01_fr0p35_kd0p5_t4p0_self4p0/agents/agent_3/checkpoints/expert_model.pt	exact duplicate content preserved by path
hardlinked	28123900	f9929ded67bc871be55b65488f6b3d595ac192e63864dafa914f6c26eeb10403	outputs/cifar100_4agent_25cls_hetero4arch_ipc10_guardian_alex_dense_ep60_lr0p01_fr0p25_kd0p5_t3p0/agents/agent_3/checkpoints/expert_model.pt	outputs/cifar100_4agent_25cls_hetero4arch_ipc10_guardian_vgg_dense_ep60_lr0p01_fr0p35_kd0p6_t3p0_self2p5/agents/agent_3/checkpoints/expert_model.pt	exact duplicate content preserved by path
hardlinked	28123900	f9929ded67bc871be55b65488f6b3d595ac192e63864dafa914f6c26eeb10403	outputs/cifar100_4agent_25cls_hetero4arch_ipc10_guardian_alex_dense_ep60_lr0p01_fr0p25_kd0p5_t3p0/agents/agent_3/checkpoints/expert_model.pt	outputs/cifar100_4agent_25cls_hetero4arch_ipc10_guardian_vgg_dense_ep60_lr0p01_fr0p35_kd0p6_t3p0_self3p0/agents/agent_3/checkpoints/expert_model.pt	exact duplicate content preserved by path
hardlinked	28123900	f9929ded67bc871be55b65488f6b3d595ac192e63864dafa914f6c26eeb10403	outputs/cifar100_4agent_25cls_hetero4arch_ipc10_guardian_alex_dense_ep60_lr0p01_fr0p25_kd0p5_t3p0/agents/agent_3/checkpoints/expert_model.pt	outputs/cifar100_4agent_25cls_hetero4arch_ipc10_guardian_vgg_dense_ep60_lr0p01_fr0p35_kd0p6_t3p0_self4p0/agents/agent_3/checkpoints/expert_model.pt	exact duplicate content preserved by path
hardlinked	28123900	f9929ded67bc871be55b65488f6b3d595ac192e63864dafa914f6c26eeb10403	outputs/cifar100_4agent_25cls_hetero4arch_ipc10_guardian_alex_dense_ep60_lr0p01_fr0p25_kd0p5_t3p0/agents/agent_3/checkpoints/expert_model.pt	outputs/cifar100_4agent_25cls_hetero4arch_ipc10_guardian_vgg_dense_ep60_lr0p01_fr0p35_kd0p6_t4p0_self2p5/agents/agent_3/checkpoints/expert_model.pt	exact duplicate content preserved by path
hardlinked	28123900	f9929ded67bc871be55b65488f6b3d595ac192e63864dafa914f6c26eeb10403	outputs/cifar100_4agent_25cls_hetero4arch_ipc10_guardian_alex_dense_ep60_lr0p01_fr0p25_kd0p5_t3p0/agents/agent_3/checkpoints/expert_model.pt	outputs/cifar100_4agent_25cls_hetero4arch_ipc10_guardian_vgg_dense_ep60_lr0p01_fr0p35_kd0p6_t4p0_self3p0/agents/agent_3/checkpoints/expert_model.pt	exact duplicate content preserved by path
hardlinked	28123900	f9929ded67bc871be55b65488f6b3d595ac192e63864dafa914f6c26eeb10403	outputs/cifar100_4agent_25cls_hetero4arch_ipc10_guardian_alex_dense_ep60_lr0p01_fr0p25_kd0p5_t3p0/agents/agent_3/checkpoints/expert_model.pt	outputs/cifar100_4agent_25cls_hetero4arch_ipc10_guardian_vgg_dense_ep60_lr0p01_fr0p35_kd0p6_t4p0_self4p0/agents/agent_3/checkpoints/expert_model.pt	exact duplicate content preserved by path
hardlinked	28123900	f9929ded67bc871be55b65488f6b3d595ac192e63864dafa914f6c26eeb10403	outputs/cifar100_4agent_25cls_hetero4arch_ipc10_guardian_alex_dense_ep60_lr0p01_fr0p25_kd0p5_t3p0/agents/agent_3/checkpoints/expert_model.pt	outputs/cifar100_4agent_25cls_hetero4arch_ipc10_guardian_vgg_dense_ep60_lr0p01_fr0p3_kd0p3_t3p0_self2p5/agents/agent_3/checkpoints/expert_model.pt	exact duplicate content preserved by path
hardlinked	28123900	f9929ded67bc871be55b65488f6b3d595ac192e63864dafa914f6c26eeb10403	outputs/cifar100_4agent_25cls_hetero4arch_ipc10_guardian_alex_dense_ep60_lr0p01_fr0p25_kd0p5_t3p0/agents/agent_3/checkpoints/expert_model.pt	outputs/cifar100_4agent_25cls_hetero4arch_ipc10_guardian_vgg_dense_ep60_lr0p01_fr0p3_kd0p3_t3p0_self3p0/agents/agent_3/checkpoints/expert_model.pt	exact duplicate content preserved by path
hardlinked	28123900	f9929ded67bc871be55b65488f6b3d595ac192e63864dafa914f6c26eeb10403	outputs/cifar100_4agent_25cls_hetero4arch_ipc10_guardian_alex_dense_ep60_lr0p01_fr0p25_kd0p5_t3p0/agents/agent_3/checkpoints/expert_model.pt	outputs/cifar100_4agent_25cls_hetero4arch_ipc10_guardian_vgg_dense_ep60_lr0p01_fr0p3_kd0p3_t3p0_self4p0/agents/agent_3/checkpoints/expert_model.pt	exact duplicate content preserved by path
hardlinked	28123900	f9929ded67bc871be55b65488f6b3d595ac192e63864dafa914f6c26eeb10403	outputs/cifar100_4agent_25cls_hetero4arch_ipc10_guardian_alex_dense_ep60_lr0p01_fr0p25_kd0p5_t3p0/agents/agent_3/checkpoints/expert_model.pt	outputs/cifar100_4agent_25cls_hetero4arch_ipc10_guardian_vgg_dense_ep60_lr0p01_fr0p3_kd0p3_t4p0_self2p5/agents/agent_3/checkpoints/expert_model.pt	exact duplicate content preserved by path
hardlinked	28123900	f9929ded67bc871be55b65488f6b3d595ac192e63864dafa914f6c26eeb10403	outputs/cifar100_4agent_25cls_hetero4arch_ipc10_guardian_alex_dense_ep60_lr0p01_fr0p25_kd0p5_t3p0/agents/agent_3/checkpoints/expert_model.pt	outputs/cifar100_4agent_25cls_hetero4arch_ipc10_guardian_vgg_dense_ep60_lr0p01_fr0p3_kd0p3_t4p0_self3p0/agents/agent_3/checkpoints/expert_model.pt	exact duplicate content preserved by path
hardlinked	28123900	f9929ded67bc871be55b65488f6b3d595ac192e63864dafa914f6c26eeb10403	outputs/cifar100_4agent_25cls_hetero4arch_ipc10_guardian_alex_dense_ep60_lr0p01_fr0p25_kd0p5_t3p0/agents/agent_3/checkpoints/expert_model.pt	outputs/cifar100_4agent_25cls_hetero4arch_ipc10_guardian_vgg_dense_ep60_lr0p01_fr0p3_kd0p3_t4p0_self4p0/agents/agent_3/checkpoints/expert_model.pt	exact duplicate content preserved by path
hardlinked	28123900	f9929ded67bc871be55b65488f6b3d595ac192e63864dafa914f6c26eeb10403	outputs/cifar100_4agent_25cls_hetero4arch_ipc10_guardian_alex_dense_ep60_lr0p01_fr0p25_kd0p5_t3p0/agents/agent_3/checkpoints/expert_model.pt	outputs/cifar100_4agent_25cls_hetero4arch_ipc10_guardian_vgg_dense_ep60_lr0p01_fr0p3_kd0p4_t3p0_self2p5/agents/agent_3/checkpoints/expert_model.pt	exact duplicate content preserved by path
hardlinked	28123900	f9929ded67bc871be55b65488f6b3d595ac192e63864dafa914f6c26eeb10403	outputs/cifar100_4agent_25cls_hetero4arch_ipc10_guardian_alex_dense_ep60_lr0p01_fr0p25_kd0p5_t3p0/agents/agent_3/checkpoints/expert_model.pt	outputs/cifar100_4agent_25cls_hetero4arch_ipc10_guardian_vgg_dense_ep60_lr0p01_fr0p3_kd0p4_t3p0_self3p0/agents/agent_3/checkpoints/expert_model.pt	exact duplicate content preserved by path
hardlinked	28123900	f9929ded67bc871be55b65488f6b3d595ac192e63864dafa914f6c26eeb10403	outputs/cifar100_4agent_25cls_hetero4arch_ipc10_guardian_alex_dense_ep60_lr0p01_fr0p25_kd0p5_t3p0/agents/agent_3/checkpoints/expert_model.pt	outputs/cifar100_4agent_25cls_hetero4arch_ipc10_guardian_vgg_dense_ep60_lr0p01_fr0p3_kd0p4_t3p0_self4p0/agents/agent_3/checkpoints/expert_model.pt	exact duplicate content preserved by path
hardlinked	28123900	f9929ded67bc871be55b65488f6b3d595ac192e63864dafa914f6c26eeb10403	outputs/cifar100_4agent_25cls_hetero4arch_ipc10_guardian_alex_dense_ep60_lr0p01_fr0p25_kd0p5_t3p0/agents/agent_3/checkpoints/expert_model.pt	outputs/cifar100_4agent_25cls_hetero4arch_ipc10_guardian_vgg_dense_ep60_lr0p01_fr0p3_kd0p4_t4p0_self2p5/agents/agent_3/checkpoints/expert_model.pt	exact duplicate content preserved by path
hardlinked	28123900	f9929ded67bc871be55b65488f6b3d595ac192e63864dafa914f6c26eeb10403	outputs/cifar100_4agent_25cls_hetero4arch_ipc10_guardian_alex_dense_ep60_lr0p01_fr0p25_kd0p5_t3p0/agents/agent_3/checkpoints/expert_model.pt	outputs/cifar100_4agent_25cls_hetero4arch_ipc10_guardian_vgg_dense_ep60_lr0p01_fr0p3_kd0p4_t4p0_self3p0/agents/agent_3/checkpoints/expert_model.pt	exact duplicate content preserved by path
hardlinked	28123900	f9929ded67bc871be55b65488f6b3d595ac192e63864dafa914f6c26eeb10403	outputs/cifar100_4agent_25cls_hetero4arch_ipc10_guardian_alex_dense_ep60_lr0p01_fr0p25_kd0p5_t3p0/agents/agent_3/checkpoints/expert_model.pt	outputs/cifar100_4agent_25cls_hetero4arch_ipc10_guardian_vgg_dense_ep60_lr0p01_fr0p3_kd0p4_t4p0_self4p0/agents/agent_3/checkpoints/expert_model.pt	exact duplicate content preserved by path
hardlinked	28123900	f9929ded67bc871be55b65488f6b3d595ac192e63864dafa914f6c26eeb10403	outputs/cifar100_4agent_25cls_hetero4arch_ipc10_guardian_alex_dense_ep60_lr0p01_fr0p25_kd0p5_t3p0/agents/agent_3/checkpoints/expert_model.pt	outputs/cifar100_4agent_25cls_hetero4arch_ipc10_guardian_vgg_dense_ep60_lr0p01_fr0p3_kd0p5_t3p0_self2p5/agents/agent_3/checkpoints/expert_model.pt	exact duplicate content preserved by path
hardlinked	28123900	f9929ded67bc871be55b65488f6b3d595ac192e63864dafa914f6c26eeb10403	outputs/cifar100_4agent_25cls_hetero4arch_ipc10_guardian_alex_dense_ep60_lr0p01_fr0p25_kd0p5_t3p0/agents/agent_3/checkpoints/expert_model.pt	outputs/cifar100_4agent_25cls_hetero4arch_ipc10_guardian_vgg_dense_ep60_lr0p01_fr0p3_kd0p5_t3p0_self3p0/agents/agent_3/checkpoints/expert_model.pt	exact duplicate content preserved by path
hardlinked	28123900	f9929ded67bc871be55b65488f6b3d595ac192e63864dafa914f6c26eeb10403	outputs/cifar100_4agent_25cls_hetero4arch_ipc10_guardian_alex_dense_ep60_lr0p01_fr0p25_kd0p5_t3p0/agents/agent_3/checkpoints/expert_model.pt	outputs/cifar100_4agent_25cls_hetero4arch_ipc10_guardian_vgg_dense_ep60_lr0p01_fr0p3_kd0p5_t3p0_self4p0/agents/agent_3/checkpoints/expert_model.pt	exact duplicate content preserved by path
hardlinked	28123900	f9929ded67bc871be55b65488f6b3d595ac192e63864dafa914f6c26eeb10403	outputs/cifar100_4agent_25cls_hetero4arch_ipc10_guardian_alex_dense_ep60_lr0p01_fr0p25_kd0p5_t3p0/agents/agent_3/checkpoints/expert_model.pt	outputs/cifar100_4agent_25cls_hetero4arch_ipc10_guardian_vgg_dense_ep60_lr0p01_fr0p3_kd0p5_t4p0_self2p5/agents/agent_3/checkpoints/expert_model.pt	exact duplicate content preserved by path
hardlinked	28123900	f9929ded67bc871be55b65488f6b3d595ac192e63864dafa914f6c26eeb10403	outputs/cifar100_4agent_25cls_hetero4arch_ipc10_guardian_alex_dense_ep60_lr0p01_fr0p25_kd0p5_t3p0/agents/agent_3/checkpoints/expert_model.pt	outputs/cifar100_4agent_25cls_hetero4arch_ipc10_guardian_vgg_dense_ep60_lr0p01_fr0p3_kd0p5_t4p0_self3p0/agents/agent_3/checkpoints/expert_model.pt	exact duplicate content preserved by path
hardlinked	28123900	f9929ded67bc871be55b65488f6b3d595ac192e63864dafa914f6c26eeb10403	outputs/cifar100_4agent_25cls_hetero4arch_ipc10_guardian_alex_dense_ep60_lr0p01_fr0p25_kd0p5_t3p0/agents/agent_3/checkpoints/expert_model.pt	outputs/cifar100_4agent_25cls_hetero4arch_ipc10_guardian_vgg_dense_ep60_lr0p01_fr0p3_kd0p5_t4p0_self4p0/agents/agent_3/checkpoints/expert_model.pt	exact duplicate content preserved by path
hardlinked	28123900	f9929ded67bc871be55b65488f6b3d595ac192e63864dafa914f6c26eeb10403	outputs/cifar100_4agent_25cls_hetero4arch_ipc10_guardian_alex_dense_ep60_lr0p01_fr0p25_kd0p5_t3p0/agents/agent_3/checkpoints/expert_model.pt	outputs/cifar100_4agent_25cls_hetero4arch_ipc10_guardian_vgg_dense_ep60_lr0p01_fr0p3_kd0p6_t3p0_self2p5/agents/agent_3/checkpoints/expert_model.pt	exact duplicate content preserved by path
hardlinked	28123900	f9929ded67bc871be55b65488f6b3d595ac192e63864dafa914f6c26eeb10403	outputs/cifar100_4agent_25cls_hetero4arch_ipc10_guardian_alex_dense_ep60_lr0p01_fr0p25_kd0p5_t3p0/agents/agent_3/checkpoints/expert_model.pt	outputs/cifar100_4agent_25cls_hetero4arch_ipc10_guardian_vgg_dense_ep60_lr0p01_fr0p3_kd0p6_t3p0_self3p0/agents/agent_3/checkpoints/expert_model.pt	exact duplicate content preserved by path
hardlinked	28123900	f9929ded67bc871be55b65488f6b3d595ac192e63864dafa914f6c26eeb10403	outputs/cifar100_4agent_25cls_hetero4arch_ipc10_guardian_alex_dense_ep60_lr0p01_fr0p25_kd0p5_t3p0/agents/agent_3/checkpoints/expert_model.pt	outputs/cifar100_4agent_25cls_hetero4arch_ipc10_guardian_vgg_dense_ep60_lr0p01_fr0p3_kd0p6_t3p0_self4p0/agents/agent_3/checkpoints/expert_model.pt	exact duplicate content preserved by path
hardlinked	28123900	f9929ded67bc871be55b65488f6b3d595ac192e63864dafa914f6c26eeb10403	outputs/cifar100_4agent_25cls_hetero4arch_ipc10_guardian_alex_dense_ep60_lr0p01_fr0p25_kd0p5_t3p0/agents/agent_3/checkpoints/expert_model.pt	outputs/cifar100_4agent_25cls_hetero4arch_ipc10_guardian_vgg_dense_ep60_lr0p01_fr0p3_kd0p6_t4p0_self2p5/agents/agent_3/checkpoints/expert_model.pt	exact duplicate content preserved by path
hardlinked	28123900	f9929ded67bc871be55b65488f6b3d595ac192e63864dafa914f6c26eeb10403	outputs/cifar100_4agent_25cls_hetero4arch_ipc10_guardian_alex_dense_ep60_lr0p01_fr0p25_kd0p5_t3p0/agents/agent_3/checkpoints/expert_model.pt	outputs/cifar100_4agent_25cls_hetero4arch_ipc10_guardian_vgg_dense_ep60_lr0p01_fr0p3_kd0p6_t4p0_self3p0/agents/agent_3/checkpoints/expert_model.pt	exact duplicate content preserved by path
hardlinked	28123900	f9929ded67bc871be55b65488f6b3d595ac192e63864dafa914f6c26eeb10403	outputs/cifar100_4agent_25cls_hetero4arch_ipc10_guardian_alex_dense_ep60_lr0p01_fr0p25_kd0p5_t3p0/agents/agent_3/checkpoints/expert_model.pt	outputs/cifar100_4agent_25cls_hetero4arch_ipc10_guardian_vgg_dense_ep60_lr0p01_fr0p3_kd0p6_t4p0_self4p0/agents/agent_3/checkpoints/expert_model.pt	exact duplicate content preserved by path
hardlinked	28123900	f9929ded67bc871be55b65488f6b3d595ac192e63864dafa914f6c26eeb10403	outputs/cifar100_4agent_25cls_hetero4arch_ipc10_guardian_alex_dense_ep60_lr0p01_fr0p25_kd0p5_t3p0/agents/agent_3/checkpoints/expert_model.pt	outputs/cifar100_4agent_25cls_hetero4arch_ipc10_guardian_vgg_dense_ep60_lr0p01_fr0p4_kd0p3_t3p0_self2p5/agents/agent_3/checkpoints/expert_model.pt	exact duplicate content preserved by path
hardlinked	28123900	f9929ded67bc871be55b65488f6b3d595ac192e63864dafa914f6c26eeb10403	outputs/cifar100_4agent_25cls_hetero4arch_ipc10_guardian_alex_dense_ep60_lr0p01_fr0p25_kd0p5_t3p0/agents/agent_3/checkpoints/expert_model.pt	outputs/cifar100_4agent_25cls_hetero4arch_ipc10_guardian_vgg_dense_ep60_lr0p01_fr0p4_kd0p3_t3p0_self3p0/agents/agent_3/checkpoints/expert_model.pt	exact duplicate content preserved by path
hardlinked	28123900	f9929ded67bc871be55b65488f6b3d595ac192e63864dafa914f6c26eeb10403	outputs/cifar100_4agent_25cls_hetero4arch_ipc10_guardian_alex_dense_ep60_lr0p01_fr0p25_kd0p5_t3p0/agents/agent_3/checkpoints/expert_model.pt	outputs/cifar100_4agent_25cls_hetero4arch_ipc10_guardian_vgg_dense_ep60_lr0p01_fr0p4_kd0p3_t3p0_self4p0/agents/agent_3/checkpoints/expert_model.pt	exact duplicate content preserved by path
hardlinked	28123900	f9929ded67bc871be55b65488f6b3d595ac192e63864dafa914f6c26eeb10403	outputs/cifar100_4agent_25cls_hetero4arch_ipc10_guardian_alex_dense_ep60_lr0p01_fr0p25_kd0p5_t3p0/agents/agent_3/checkpoints/expert_model.pt	outputs/cifar100_4agent_25cls_hetero4arch_ipc10_guardian_vgg_dense_ep60_lr0p01_fr0p4_kd0p3_t4p0_self2p5/agents/agent_3/checkpoints/expert_model.pt	exact duplicate content preserved by path
hardlinked	28123900	f9929ded67bc871be55b65488f6b3d595ac192e63864dafa914f6c26eeb10403	outputs/cifar100_4agent_25cls_hetero4arch_ipc10_guardian_alex_dense_ep60_lr0p01_fr0p25_kd0p5_t3p0/agents/agent_3/checkpoints/expert_model.pt	outputs/cifar100_4agent_25cls_hetero4arch_ipc10_guardian_vgg_dense_ep60_lr0p01_fr0p4_kd0p3_t4p0_self3p0/agents/agent_3/checkpoints/expert_model.pt	exact duplicate content preserved by path
hardlinked	28123900	f9929ded67bc871be55b65488f6b3d595ac192e63864dafa914f6c26eeb10403	outputs/cifar100_4agent_25cls_hetero4arch_ipc10_guardian_alex_dense_ep60_lr0p01_fr0p25_kd0p5_t3p0/agents/agent_3/checkpoints/expert_model.pt	outputs/cifar100_4agent_25cls_hetero4arch_ipc10_guardian_vgg_dense_ep60_lr0p01_fr0p4_kd0p3_t4p0_self4p0/agents/agent_3/checkpoints/expert_model.pt	exact duplicate content preserved by path
hardlinked	28123900	f9929ded67bc871be55b65488f6b3d595ac192e63864dafa914f6c26eeb10403	outputs/cifar100_4agent_25cls_hetero4arch_ipc10_guardian_alex_dense_ep60_lr0p01_fr0p25_kd0p5_t3p0/agents/agent_3/checkpoints/expert_model.pt	outputs/cifar100_4agent_25cls_hetero4arch_ipc10_guardian_vgg_dense_ep60_lr0p01_fr0p4_kd0p4_t3p0_self2p5/agents/agent_3/checkpoints/expert_model.pt	exact duplicate content preserved by path
hardlinked	28123900	f9929ded67bc871be55b65488f6b3d595ac192e63864dafa914f6c26eeb10403	outputs/cifar100_4agent_25cls_hetero4arch_ipc10_guardian_alex_dense_ep60_lr0p01_fr0p25_kd0p5_t3p0/agents/agent_3/checkpoints/expert_model.pt	outputs/cifar100_4agent_25cls_hetero4arch_ipc10_guardian_vgg_dense_ep60_lr0p01_fr0p4_kd0p4_t3p0_self3p0/agents/agent_3/checkpoints/expert_model.pt	exact duplicate content preserved by path
hardlinked	28123900	f9929ded67bc871be55b65488f6b3d595ac192e63864dafa914f6c26eeb10403	outputs/cifar100_4agent_25cls_hetero4arch_ipc10_guardian_alex_dense_ep60_lr0p01_fr0p25_kd0p5_t3p0/agents/agent_3/checkpoints/expert_model.pt	outputs/cifar100_4agent_25cls_hetero4arch_ipc10_guardian_vgg_dense_ep60_lr0p01_fr0p4_kd0p4_t3p0_self4p0/agents/agent_3/checkpoints/expert_model.pt	exact duplicate content preserved by path
hardlinked	28123900	f9929ded67bc871be55b65488f6b3d595ac192e63864dafa914f6c26eeb10403	outputs/cifar100_4agent_25cls_hetero4arch_ipc10_guardian_alex_dense_ep60_lr0p01_fr0p25_kd0p5_t3p0/agents/agent_3/checkpoints/expert_model.pt	outputs/cifar100_4agent_25cls_hetero4arch_ipc10_guardian_vgg_dense_ep60_lr0p01_fr0p4_kd0p4_t4p0_self2p5/agents/agent_3/checkpoints/expert_model.pt	exact duplicate content preserved by path
hardlinked	28123900	f9929ded67bc871be55b65488f6b3d595ac192e63864dafa914f6c26eeb10403	outputs/cifar100_4agent_25cls_hetero4arch_ipc10_guardian_alex_dense_ep60_lr0p01_fr0p25_kd0p5_t3p0/agents/agent_3/checkpoints/expert_model.pt	outputs/cifar100_4agent_25cls_hetero4arch_ipc10_guardian_vgg_dense_ep60_lr0p01_fr0p4_kd0p4_t4p0_self3p0/agents/agent_3/checkpoints/expert_model.pt	exact duplicate content preserved by path
hardlinked	28123900	f9929ded67bc871be55b65488f6b3d595ac192e63864dafa914f6c26eeb10403	outputs/cifar100_4agent_25cls_hetero4arch_ipc10_guardian_alex_dense_ep60_lr0p01_fr0p25_kd0p5_t3p0/agents/agent_3/checkpoints/expert_model.pt	outputs/cifar100_4agent_25cls_hetero4arch_ipc10_guardian_vgg_dense_ep60_lr0p01_fr0p4_kd0p4_t4p0_self4p0/agents/agent_3/checkpoints/expert_model.pt	exact duplicate content preserved by path
hardlinked	28123900	f9929ded67bc871be55b65488f6b3d595ac192e63864dafa914f6c26eeb10403	outputs/cifar100_4agent_25cls_hetero4arch_ipc10_guardian_alex_dense_ep60_lr0p01_fr0p25_kd0p5_t3p0/agents/agent_3/checkpoints/expert_model.pt	outputs/cifar100_4agent_25cls_hetero4arch_ipc10_guardian_vgg_dense_ep60_lr0p01_fr0p4_kd0p5_t3p0_self2p5/agents/agent_3/checkpoints/expert_model.pt	exact duplicate content preserved by path
hardlinked	28123900	f9929ded67bc871be55b65488f6b3d595ac192e63864dafa914f6c26eeb10403	outputs/cifar100_4agent_25cls_hetero4arch_ipc10_guardian_alex_dense_ep60_lr0p01_fr0p25_kd0p5_t3p0/agents/agent_3/checkpoints/expert_model.pt	outputs/cifar100_4agent_25cls_hetero4arch_ipc10_guardian_vgg_dense_ep60_lr0p01_fr0p4_kd0p5_t3p0_self3p0/agents/agent_3/checkpoints/expert_model.pt	exact duplicate content preserved by path
hardlinked	28123900	f9929ded67bc871be55b65488f6b3d595ac192e63864dafa914f6c26eeb10403	outputs/cifar100_4agent_25cls_hetero4arch_ipc10_guardian_alex_dense_ep60_lr0p01_fr0p25_kd0p5_t3p0/agents/agent_3/checkpoints/expert_model.pt	outputs/cifar100_4agent_25cls_hetero4arch_ipc10_guardian_vgg_dense_ep60_lr0p01_fr0p4_kd0p5_t3p0_self4p0/agents/agent_3/checkpoints/expert_model.pt	exact duplicate content preserved by path
hardlinked	28123900	f9929ded67bc871be55b65488f6b3d595ac192e63864dafa914f6c26eeb10403	outputs/cifar100_4agent_25cls_hetero4arch_ipc10_guardian_alex_dense_ep60_lr0p01_fr0p25_kd0p5_t3p0/agents/agent_3/checkpoints/expert_model.pt	outputs/cifar100_4agent_25cls_hetero4arch_ipc10_guardian_vgg_dense_ep60_lr0p01_fr0p4_kd0p5_t4p0_self2p5/agents/agent_3/checkpoints/expert_model.pt	exact duplicate content preserved by path
hardlinked	28123900	f9929ded67bc871be55b65488f6b3d595ac192e63864dafa914f6c26eeb10403	outputs/cifar100_4agent_25cls_hetero4arch_ipc10_guardian_alex_dense_ep60_lr0p01_fr0p25_kd0p5_t3p0/agents/agent_3/checkpoints/expert_model.pt	outputs/cifar100_4agent_25cls_hetero4arch_ipc10_guardian_vgg_dense_ep60_lr0p01_fr0p4_kd0p5_t4p0_self3p0/agents/agent_3/checkpoints/expert_model.pt	exact duplicate content preserved by path
hardlinked	28123900	f9929ded67bc871be55b65488f6b3d595ac192e63864dafa914f6c26eeb10403	outputs/cifar100_4agent_25cls_hetero4arch_ipc10_guardian_alex_dense_ep60_lr0p01_fr0p25_kd0p5_t3p0/agents/agent_3/checkpoints/expert_model.pt	outputs/cifar100_4agent_25cls_hetero4arch_ipc10_guardian_vgg_dense_ep60_lr0p01_fr0p4_kd0p5_t4p0_self4p0/agents/agent_3/checkpoints/expert_model.pt	exact duplicate content preserved by path
hardlinked	28123900	f9929ded67bc871be55b65488f6b3d595ac192e63864dafa914f6c26eeb10403	outputs/cifar100_4agent_25cls_hetero4arch_ipc10_guardian_alex_dense_ep60_lr0p01_fr0p25_kd0p5_t3p0/agents/agent_3/checkpoints/expert_model.pt	outputs/cifar100_4agent_25cls_hetero4arch_ipc10_guardian_vgg_dense_ep60_lr0p01_fr0p4_kd0p6_t3p0_self2p5/agents/agent_3/checkpoints/expert_model.pt	exact duplicate content preserved by path
hardlinked	28123900	f9929ded67bc871be55b65488f6b3d595ac192e63864dafa914f6c26eeb10403	outputs/cifar100_4agent_25cls_hetero4arch_ipc10_guardian_alex_dense_ep60_lr0p01_fr0p25_kd0p5_t3p0/agents/agent_3/checkpoints/expert_model.pt	outputs/cifar100_4agent_25cls_hetero4arch_ipc10_guardian_vgg_dense_ep60_lr0p01_fr0p4_kd0p6_t3p0_self3p0/agents/agent_3/checkpoints/expert_model.pt	exact duplicate content preserved by path
hardlinked	28123900	f9929ded67bc871be55b65488f6b3d595ac192e63864dafa914f6c26eeb10403	outputs/cifar100_4agent_25cls_hetero4arch_ipc10_guardian_alex_dense_ep60_lr0p01_fr0p25_kd0p5_t3p0/agents/agent_3/checkpoints/expert_model.pt	outputs/cifar100_4agent_25cls_hetero4arch_ipc10_guardian_vgg_dense_ep60_lr0p01_fr0p4_kd0p6_t3p0_self4p0/agents/agent_3/checkpoints/expert_model.pt	exact duplicate content preserved by path
hardlinked	28123900	f9929ded67bc871be55b65488f6b3d595ac192e63864dafa914f6c26eeb10403	outputs/cifar100_4agent_25cls_hetero4arch_ipc10_guardian_alex_dense_ep60_lr0p01_fr0p25_kd0p5_t3p0/agents/agent_3/checkpoints/expert_model.pt	outputs/cifar100_4agent_25cls_hetero4arch_ipc10_guardian_vgg_dense_ep60_lr0p01_fr0p4_kd0p6_t4p0_self2p5/agents/agent_3/checkpoints/expert_model.pt	exact duplicate content preserved by path
hardlinked	28123900	f9929ded67bc871be55b65488f6b3d595ac192e63864dafa914f6c26eeb10403	outputs/cifar100_4agent_25cls_hetero4arch_ipc10_guardian_alex_dense_ep60_lr0p01_fr0p25_kd0p5_t3p0/agents/agent_3/checkpoints/expert_model.pt	outputs/cifar100_4agent_25cls_hetero4arch_ipc10_guardian_vgg_dense_ep60_lr0p01_fr0p4_kd0p6_t4p0_self3p0/agents/agent_3/checkpoints/expert_model.pt	exact duplicate content preserved by path
hardlinked	28123900	f9929ded67bc871be55b65488f6b3d595ac192e63864dafa914f6c26eeb10403	outputs/cifar100_4agent_25cls_hetero4arch_ipc10_guardian_alex_dense_ep60_lr0p01_fr0p25_kd0p5_t3p0/agents/agent_3/checkpoints/expert_model.pt	outputs/cifar100_4agent_25cls_hetero4arch_ipc10_guardian_vgg_dense_ep60_lr0p01_fr0p4_kd0p6_t4p0_self4p0/agents/agent_3/checkpoints/expert_model.pt	exact duplicate content preserved by path
hardlinked	28123900	f9929ded67bc871be55b65488f6b3d595ac192e63864dafa914f6c26eeb10403	outputs/cifar100_4agent_25cls_hetero4arch_ipc10_guardian_alex_dense_ep60_lr0p01_fr0p25_kd0p5_t3p0/agents/agent_3/checkpoints/expert_model.pt	outputs/cifar100_4agent_25cls_hetero4arch_ipc10_guardian_vgg_dense_ep75_lr0p01_fr0p25_kd0p3_t3p0_self3p0/agents/agent_3/checkpoints/expert_model.pt	exact duplicate content preserved by path
hardlinked	28123900	f9929ded67bc871be55b65488f6b3d595ac192e63864dafa914f6c26eeb10403	outputs/cifar100_4agent_25cls_hetero4arch_ipc10_guardian_alex_dense_ep60_lr0p01_fr0p25_kd0p5_t3p0/agents/agent_3/checkpoints/expert_model.pt	outputs/cifar100_4agent_25cls_hetero4arch_ipc10_guardian_vgg_dense_ep75_lr0p01_fr0p25_kd0p3_t4p0_self3p0/agents/agent_3/checkpoints/expert_model.pt	exact duplicate content preserved by path
hardlinked	28123900	f9929ded67bc871be55b65488f6b3d595ac192e63864dafa914f6c26eeb10403	outputs/cifar100_4agent_25cls_hetero4arch_ipc10_guardian_alex_dense_ep60_lr0p01_fr0p25_kd0p5_t3p0/agents/agent_3/checkpoints/expert_model.pt	outputs/cifar100_4agent_25cls_hetero4arch_ipc10_guardian_vgg_dense_ep75_lr0p01_fr0p25_kd0p4_t3p0_self3p0/agents/agent_3/checkpoints/expert_model.pt	exact duplicate content preserved by path
hardlinked	28123900	f9929ded67bc871be55b65488f6b3d595ac192e63864dafa914f6c26eeb10403	outputs/cifar100_4agent_25cls_hetero4arch_ipc10_guardian_alex_dense_ep60_lr0p01_fr0p25_kd0p5_t3p0/agents/agent_3/checkpoints/expert_model.pt	outputs/cifar100_4agent_25cls_hetero4arch_ipc10_guardian_vgg_dense_ep75_lr0p01_fr0p25_kd0p4_t4p0_self3p0/agents/agent_3/checkpoints/expert_model.pt	exact duplicate content preserved by path
hardlinked	28123900	f9929ded67bc871be55b65488f6b3d595ac192e63864dafa914f6c26eeb10403	outputs/cifar100_4agent_25cls_hetero4arch_ipc10_guardian_alex_dense_ep60_lr0p01_fr0p25_kd0p5_t3p0/agents/agent_3/checkpoints/expert_model.pt	outputs/cifar100_4agent_25cls_hetero4arch_ipc10_guardian_vgg_dense_ep75_lr0p01_fr0p25_kd0p5_t3p0_self3p0/agents/agent_3/checkpoints/expert_model.pt	exact duplicate content preserved by path
hardlinked	28123900	f9929ded67bc871be55b65488f6b3d595ac192e63864dafa914f6c26eeb10403	outputs/cifar100_4agent_25cls_hetero4arch_ipc10_guardian_alex_dense_ep60_lr0p01_fr0p25_kd0p5_t3p0/agents/agent_3/checkpoints/expert_model.pt	outputs/cifar100_4agent_25cls_hetero4arch_ipc10_guardian_vgg_dense_ep75_lr0p01_fr0p25_kd0p5_t4p0_self3p0/agents/agent_3/checkpoints/expert_model.pt	exact duplicate content preserved by path
hardlinked	28123900	f9929ded67bc871be55b65488f6b3d595ac192e63864dafa914f6c26eeb10403	outputs/cifar100_4agent_25cls_hetero4arch_ipc10_guardian_alex_dense_ep60_lr0p01_fr0p25_kd0p5_t3p0/agents/agent_3/checkpoints/expert_model.pt	outputs/cifar100_4agent_25cls_hetero4arch_ipc10_guardian_vgg_dense_ep75_lr0p01_fr0p25_kd0p6_t3p0_self3p0/agents/agent_3/checkpoints/expert_model.pt	exact duplicate content preserved by path
hardlinked	28123900	f9929ded67bc871be55b65488f6b3d595ac192e63864dafa914f6c26eeb10403	outputs/cifar100_4agent_25cls_hetero4arch_ipc10_guardian_alex_dense_ep60_lr0p01_fr0p25_kd0p5_t3p0/agents/agent_3/checkpoints/expert_model.pt	outputs/cifar100_4agent_25cls_hetero4arch_ipc10_guardian_vgg_dense_ep75_lr0p01_fr0p25_kd0p6_t4p0_self3p0/agents/agent_3/checkpoints/expert_model.pt	exact duplicate content preserved by path
hardlinked	28123900	f9929ded67bc871be55b65488f6b3d595ac192e63864dafa914f6c26eeb10403	outputs/cifar100_4agent_25cls_hetero4arch_ipc10_guardian_alex_dense_ep60_lr0p01_fr0p25_kd0p5_t3p0/agents/agent_3/checkpoints/expert_model.pt	outputs/cifar100_4agent_25cls_hetero4arch_ipc10_guardian_vgg_dense_ep75_lr0p01_fr0p3_kd0p3_t3p0_self3p0/agents/agent_3/checkpoints/expert_model.pt	exact duplicate content preserved by path
hardlinked	28123900	f9929ded67bc871be55b65488f6b3d595ac192e63864dafa914f6c26eeb10403	outputs/cifar100_4agent_25cls_hetero4arch_ipc10_guardian_alex_dense_ep60_lr0p01_fr0p25_kd0p5_t3p0/agents/agent_3/checkpoints/expert_model.pt	outputs/cifar100_4agent_25cls_hetero4arch_ipc10_guardian_vgg_dense_ep75_lr0p01_fr0p3_kd0p3_t4p0_self3p0/agents/agent_3/checkpoints/expert_model.pt	exact duplicate content preserved by path
hardlinked	28123900	f9929ded67bc871be55b65488f6b3d595ac192e63864dafa914f6c26eeb10403	outputs/cifar100_4agent_25cls_hetero4arch_ipc10_guardian_alex_dense_ep60_lr0p01_fr0p25_kd0p5_t3p0/agents/agent_3/checkpoints/expert_model.pt	outputs/cifar100_4agent_25cls_hetero4arch_ipc10_guardian_vgg_dense_ep75_lr0p01_fr0p3_kd0p4_t3p0_self3p0/agents/agent_3/checkpoints/expert_model.pt	exact duplicate content preserved by path
hardlinked	28123900	f9929ded67bc871be55b65488f6b3d595ac192e63864dafa914f6c26eeb10403	outputs/cifar100_4agent_25cls_hetero4arch_ipc10_guardian_alex_dense_ep60_lr0p01_fr0p25_kd0p5_t3p0/agents/agent_3/checkpoints/expert_model.pt	outputs/cifar100_4agent_25cls_hetero4arch_ipc10_guardian_vgg_dense_ep75_lr0p01_fr0p3_kd0p4_t4p0_self3p0/agents/agent_3/checkpoints/expert_model.pt	exact duplicate content preserved by path
hardlinked	28123900	f9929ded67bc871be55b65488f6b3d595ac192e63864dafa914f6c26eeb10403	outputs/cifar100_4agent_25cls_hetero4arch_ipc10_guardian_alex_dense_ep60_lr0p01_fr0p25_kd0p5_t3p0/agents/agent_3/checkpoints/expert_model.pt	outputs/cifar100_4agent_25cls_hetero4arch_ipc10_guardian_vgg_dense_ep75_lr0p01_fr0p3_kd0p5_t3p0_self3p0/agents/agent_3/checkpoints/expert_model.pt	exact duplicate content preserved by path
hardlinked	28123900	f9929ded67bc871be55b65488f6b3d595ac192e63864dafa914f6c26eeb10403	outputs/cifar100_4agent_25cls_hetero4arch_ipc10_guardian_alex_dense_ep60_lr0p01_fr0p25_kd0p5_t3p0/agents/agent_3/checkpoints/expert_model.pt	outputs/cifar100_4agent_25cls_hetero4arch_ipc10_guardian_vgg_dense_ep75_lr0p01_fr0p3_kd0p5_t4p0_self3p0/agents/agent_3/checkpoints/expert_model.pt	exact duplicate content preserved by path
hardlinked	28123900	f9929ded67bc871be55b65488f6b3d595ac192e63864dafa914f6c26eeb10403	outputs/cifar100_4agent_25cls_hetero4arch_ipc10_guardian_alex_dense_ep60_lr0p01_fr0p25_kd0p5_t3p0/agents/agent_3/checkpoints/expert_model.pt	outputs/cifar100_4agent_25cls_hetero4arch_ipc10_guardian_vgg_dense_ep75_lr0p01_fr0p3_kd0p6_t3p0_self3p0/agents/agent_3/checkpoints/expert_model.pt	exact duplicate content preserved by path
hardlinked	28123900	f9929ded67bc871be55b65488f6b3d595ac192e63864dafa914f6c26eeb10403	outputs/cifar100_4agent_25cls_hetero4arch_ipc10_guardian_alex_dense_ep60_lr0p01_fr0p25_kd0p5_t3p0/agents/agent_3/checkpoints/expert_model.pt	outputs/cifar100_4agent_25cls_hetero4arch_ipc10_guardian_vgg_dense_ep75_lr0p01_fr0p3_kd0p6_t4p0_self3p0/agents/agent_3/checkpoints/expert_model.pt	exact duplicate content preserved by path
hardlinked	28123900	f9929ded67bc871be55b65488f6b3d595ac192e63864dafa914f6c26eeb10403	outputs/cifar100_4agent_25cls_hetero4arch_ipc10_guardian_alex_dense_ep60_lr0p01_fr0p25_kd0p5_t3p0/agents/agent_3/checkpoints/expert_model.pt	outputs/cifar100_4agent_25cls_hetero4arch_ipc10_guardian_vgg_g3_ep090_fr025_kd050_t3_sched_self20/agents/agent_3/checkpoints/expert_model.pt	exact duplicate content preserved by path
hardlinked	28123900	f9929ded67bc871be55b65488f6b3d595ac192e63864dafa914f6c26eeb10403	outputs/cifar100_4agent_25cls_hetero4arch_ipc10_guardian_alex_dense_ep60_lr0p01_fr0p25_kd0p5_t3p0/agents/agent_3/checkpoints/expert_model.pt	outputs/cifar100_4agent_25cls_hetero4arch_ipc10_guardian_vgg_g3_ep090_fr030_kd050_t3_sched_self30/agents/agent_3/checkpoints/expert_model.pt	exact duplicate content preserved by path
hardlinked	28123900	f9929ded67bc871be55b65488f6b3d595ac192e63864dafa914f6c26eeb10403	outputs/cifar100_4agent_25cls_hetero4arch_ipc10_guardian_alex_dense_ep60_lr0p01_fr0p25_kd0p5_t3p0/agents/agent_3/checkpoints/expert_model.pt	outputs/cifar100_4agent_25cls_hetero4arch_ipc10_guardian_vgg_g3_fr020_kd040_t4_sched_self30/agents/agent_3/checkpoints/expert_model.pt	exact duplicate content preserved by path
hardlinked	28123900	f9929ded67bc871be55b65488f6b3d595ac192e63864dafa914f6c26eeb10403	outputs/cifar100_4agent_25cls_hetero4arch_ipc10_guardian_alex_dense_ep60_lr0p01_fr0p25_kd0p5_t3p0/agents/agent_3/checkpoints/expert_model.pt	outputs/cifar100_4agent_25cls_hetero4arch_ipc10_guardian_vgg_g3_fr025_kd050_t3_sched_self30/agents/agent_3/checkpoints/expert_model.pt	exact duplicate content preserved by path
hardlinked	28123900	f9929ded67bc871be55b65488f6b3d595ac192e63864dafa914f6c26eeb10403	outputs/cifar100_4agent_25cls_hetero4arch_ipc10_guardian_alex_dense_ep60_lr0p01_fr0p25_kd0p5_t3p0/agents/agent_3/checkpoints/expert_model.pt	outputs/cifar100_4agent_25cls_hetero4arch_ipc10_guardian_vgg_g3_fr030_kd040_t3_sched_self30/agents/agent_3/checkpoints/expert_model.pt	exact duplicate content preserved by path
hardlinked	28123900	f9929ded67bc871be55b65488f6b3d595ac192e63864dafa914f6c26eeb10403	outputs/cifar100_4agent_25cls_hetero4arch_ipc10_guardian_alex_dense_ep60_lr0p01_fr0p25_kd0p5_t3p0/agents/agent_3/checkpoints/expert_model.pt	outputs/cifar100_4agent_25cls_hetero4arch_ipc10_guardian_vgg_g3_fr030_kd050_t3_sched_self30/agents/agent_3/checkpoints/expert_model.pt	exact duplicate content preserved by path
hardlinked	28123900	f9929ded67bc871be55b65488f6b3d595ac192e63864dafa914f6c26eeb10403	outputs/cifar100_4agent_25cls_hetero4arch_ipc10_guardian_alex_dense_ep60_lr0p01_fr0p25_kd0p5_t3p0/agents/agent_3/checkpoints/expert_model.pt	outputs/cifar100_4agent_25cls_hetero4arch_ipc10_guardian_vgg_g3_fr035_kd060_t3_sched_self20/agents/agent_3/checkpoints/expert_model.pt	exact duplicate content preserved by path
hardlinked	28123900	f9929ded67bc871be55b65488f6b3d595ac192e63864dafa914f6c26eeb10403	outputs/cifar100_4agent_25cls_hetero4arch_ipc10_guardian_alex_dense_ep60_lr0p01_fr0p25_kd0p5_t3p0/agents/agent_3/checkpoints/expert_model.pt	outputs/cifar100_4agent_25cls_hetero4arch_ipc10_guardian_vgg_g3_fr040_kd060_t3_sched_self20/agents/agent_3/checkpoints/expert_model.pt	exact duplicate content preserved by path
hardlinked	28123900	f9929ded67bc871be55b65488f6b3d595ac192e63864dafa914f6c26eeb10403	outputs/cifar100_4agent_25cls_hetero4arch_ipc10_guardian_alex_dense_ep60_lr0p01_fr0p25_kd0p5_t3p0/agents/agent_3/checkpoints/expert_model.pt	outputs/cifar100_4agent_25cls_hetero4arch_ipc10_tune2_alex_ep075_fr020_kd060_t3_sched/agents/agent_3/checkpoints/expert_model.pt	exact duplicate content preserved by path
hardlinked	28123900	f9929ded67bc871be55b65488f6b3d595ac192e63864dafa914f6c26eeb10403	outputs/cifar100_4agent_25cls_hetero4arch_ipc10_guardian_alex_dense_ep60_lr0p01_fr0p25_kd0p5_t3p0/agents/agent_3/checkpoints/expert_model.pt	outputs/cifar100_4agent_25cls_hetero4arch_ipc10_tune2_alex_fr020_kd060_t3_sched/agents/agent_3/checkpoints/expert_model.pt	exact duplicate content preserved by path
hardlinked	28123900	f9929ded67bc871be55b65488f6b3d595ac192e63864dafa914f6c26eeb10403	outputs/cifar100_4agent_25cls_hetero4arch_ipc10_guardian_alex_dense_ep60_lr0p01_fr0p25_kd0p5_t3p0/agents/agent_3/checkpoints/expert_model.pt	outputs/cifar100_4agent_25cls_hetero4arch_ipc10_tune2_alex_fr020_kd060_t3_sched_self15/agents/agent_3/checkpoints/expert_model.pt	exact duplicate content preserved by path
hardlinked	28123900	f9929ded67bc871be55b65488f6b3d595ac192e63864dafa914f6c26eeb10403	outputs/cifar100_4agent_25cls_hetero4arch_ipc10_guardian_alex_dense_ep60_lr0p01_fr0p25_kd0p5_t3p0/agents/agent_3/checkpoints/expert_model.pt	outputs/cifar100_4agent_25cls_hetero4arch_ipc10_tune2_alex_fr020_kd060_t4_sched/agents/agent_3/checkpoints/expert_model.pt	exact duplicate content preserved by path
hardlinked	28123900	f9929ded67bc871be55b65488f6b3d595ac192e63864dafa914f6c26eeb10403	outputs/cifar100_4agent_25cls_hetero4arch_ipc10_guardian_alex_dense_ep60_lr0p01_fr0p25_kd0p5_t3p0/agents/agent_3/checkpoints/expert_model.pt	outputs/cifar100_4agent_25cls_hetero4arch_ipc10_tune2_alex_fr020_kd070_t3_sched/agents/agent_3/checkpoints/expert_model.pt	exact duplicate content preserved by path
hardlinked	28123900	f9929ded67bc871be55b65488f6b3d595ac192e63864dafa914f6c26eeb10403	outputs/cifar100_4agent_25cls_hetero4arch_ipc10_guardian_alex_dense_ep60_lr0p01_fr0p25_kd0p5_t3p0/agents/agent_3/checkpoints/expert_model.pt	outputs/cifar100_4agent_25cls_hetero4arch_ipc10_tune2_alex_fr025_kd060_t3_sched/agents/agent_3/checkpoints/expert_model.pt	exact duplicate content preserved by path
hardlinked	28123900	f9929ded67bc871be55b65488f6b3d595ac192e63864dafa914f6c26eeb10403	outputs/cifar100_4agent_25cls_hetero4arch_ipc10_guardian_alex_dense_ep60_lr0p01_fr0p25_kd0p5_t3p0/agents/agent_3/checkpoints/expert_model.pt	outputs/cifar100_4agent_25cls_hetero4arch_ipc10_tune2_vgg_ep075_fr020_kd060_t3_sched_self20/agents/agent_3/checkpoints/expert_model.pt	exact duplicate content preserved by path
hardlinked	28123900	f9929ded67bc871be55b65488f6b3d595ac192e63864dafa914f6c26eeb10403	outputs/cifar100_4agent_25cls_hetero4arch_ipc10_guardian_alex_dense_ep60_lr0p01_fr0p25_kd0p5_t3p0/agents/agent_3/checkpoints/expert_model.pt	outputs/cifar100_4agent_25cls_hetero4arch_ipc10_tune2_vgg_fr020_kd050_t3_sched_self20/agents/agent_3/checkpoints/expert_model.pt	exact duplicate content preserved by path
hardlinked	28123900	f9929ded67bc871be55b65488f6b3d595ac192e63864dafa914f6c26eeb10403	outputs/cifar100_4agent_25cls_hetero4arch_ipc10_guardian_alex_dense_ep60_lr0p01_fr0p25_kd0p5_t3p0/agents/agent_3/checkpoints/expert_model.pt	outputs/cifar100_4agent_25cls_hetero4arch_ipc10_tune2_vgg_fr020_kd060_t3_latefr_self20/agents/agent_3/checkpoints/expert_model.pt	exact duplicate content preserved by path
hardlinked	28123900	f9929ded67bc871be55b65488f6b3d595ac192e63864dafa914f6c26eeb10403	outputs/cifar100_4agent_25cls_hetero4arch_ipc10_guardian_alex_dense_ep60_lr0p01_fr0p25_kd0p5_t3p0/agents/agent_3/checkpoints/expert_model.pt	outputs/cifar100_4agent_25cls_hetero4arch_ipc10_tune2_vgg_fr020_kd060_t3_sched_self20/agents/agent_3/checkpoints/expert_model.pt	exact duplicate content preserved by path
hardlinked	28123900	f9929ded67bc871be55b65488f6b3d595ac192e63864dafa914f6c26eeb10403	outputs/cifar100_4agent_25cls_hetero4arch_ipc10_guardian_alex_dense_ep60_lr0p01_fr0p25_kd0p5_t3p0/agents/agent_3/checkpoints/expert_model.pt	outputs/cifar100_4agent_25cls_hetero4arch_ipc10_tune2_vgg_fr020_kd060_t3_sched_self30/agents/agent_3/checkpoints/expert_model.pt	exact duplicate content preserved by path
hardlinked	28123900	f9929ded67bc871be55b65488f6b3d595ac192e63864dafa914f6c26eeb10403	outputs/cifar100_4agent_25cls_hetero4arch_ipc10_guardian_alex_dense_ep60_lr0p01_fr0p25_kd0p5_t3p0/agents/agent_3/checkpoints/expert_model.pt	outputs/cifar100_4agent_25cls_hetero4arch_ipc10_tune2_vgg_fr020_kd070_t4_sched_self20/agents/agent_3/checkpoints/expert_model.pt	exact duplicate content preserved by path
hardlinked	28123900	f9929ded67bc871be55b65488f6b3d595ac192e63864dafa914f6c26eeb10403	outputs/cifar100_4agent_25cls_hetero4arch_ipc10_guardian_alex_dense_ep60_lr0p01_fr0p25_kd0p5_t3p0/agents/agent_3/checkpoints/expert_model.pt	outputs/cifar100_4agent_25cls_hetero4arch_ipc10_tune2_vgg_fr025_kd060_t3_sched_self20/agents/agent_3/checkpoints/expert_model.pt	exact duplicate content preserved by path
hardlinked	28123900	f9929ded67bc871be55b65488f6b3d595ac192e63864dafa914f6c26eeb10403	outputs/cifar100_4agent_25cls_hetero4arch_ipc10_guardian_alex_dense_ep60_lr0p01_fr0p25_kd0p5_t3p0/agents/agent_3/checkpoints/expert_model.pt	outputs/cifar100_4agent_25cls_hetero4arch_ipc10_tune2_vgg_fr030_kd060_t3_sched_self20/agents/agent_3/checkpoints/expert_model.pt	exact duplicate content preserved by path
hardlinked	28123900	f9929ded67bc871be55b65488f6b3d595ac192e63864dafa914f6c26eeb10403	outputs/cifar100_4agent_25cls_hetero4arch_ipc10_guardian_alex_dense_ep60_lr0p01_fr0p25_kd0p5_t3p0/agents/agent_3/checkpoints/expert_model.pt	outputs/cifar100_4agent_25cls_hetero4arch_ipc10_tune_ep050_fr020_kd050_t2/agents/agent_3/checkpoints/expert_model.pt	exact duplicate content preserved by path
hardlinked	28123900	f9929ded67bc871be55b65488f6b3d595ac192e63864dafa914f6c26eeb10403	outputs/cifar100_4agent_25cls_hetero4arch_ipc10_guardian_alex_dense_ep60_lr0p01_fr0p25_kd0p5_t3p0/agents/agent_3/checkpoints/expert_model.pt	outputs/cifar100_4agent_25cls_hetero4arch_ipc10_tune_ep050_fr020_kd050_t2_partial_20260706_122417/agents/agent_3/checkpoints/expert_model.pt	exact duplicate content preserved by path
hardlinked	28123900	f9929ded67bc871be55b65488f6b3d595ac192e63864dafa914f6c26eeb10403	outputs/cifar100_4agent_25cls_hetero4arch_ipc10_guardian_alex_dense_ep60_lr0p01_fr0p25_kd0p5_t3p0/agents/agent_3/checkpoints/expert_model.pt	outputs/cifar100_4agent_25cls_hetero4arch_ipc10_tune_ep055_fr020_kd060_t2/agents/agent_3/checkpoints/expert_model.pt	exact duplicate content preserved by path
hardlinked	28123900	f9929ded67bc871be55b65488f6b3d595ac192e63864dafa914f6c26eeb10403	outputs/cifar100_4agent_25cls_hetero4arch_ipc10_guardian_alex_dense_ep60_lr0p01_fr0p25_kd0p5_t3p0/agents/agent_3/checkpoints/expert_model.pt	outputs/cifar100_4agent_25cls_hetero4arch_ipc10_tune_ep055_fr020_kd060_t2_partial_20260706_122417/agents/agent_3/checkpoints/expert_model.pt	exact duplicate content preserved by path
hardlinked	28123900	f9929ded67bc871be55b65488f6b3d595ac192e63864dafa914f6c26eeb10403	outputs/cifar100_4agent_25cls_hetero4arch_ipc10_guardian_alex_dense_ep60_lr0p01_fr0p25_kd0p5_t3p0/agents/agent_3/checkpoints/expert_model.pt	outputs/cifar100_4agent_25cls_hetero4arch_ipc10_tune_ep060_fr015_kd050_t2/agents/agent_3/checkpoints/expert_model.pt	exact duplicate content preserved by path
hardlinked	28123900	f9929ded67bc871be55b65488f6b3d595ac192e63864dafa914f6c26eeb10403	outputs/cifar100_4agent_25cls_hetero4arch_ipc10_guardian_alex_dense_ep60_lr0p01_fr0p25_kd0p5_t3p0/agents/agent_3/checkpoints/expert_model.pt	outputs/cifar100_4agent_25cls_hetero4arch_ipc10_tune_ep060_fr020_kd050_t2/agents/agent_3/checkpoints/expert_model.pt	exact duplicate content preserved by path
hardlinked	28123900	f9929ded67bc871be55b65488f6b3d595ac192e63864dafa914f6c26eeb10403	outputs/cifar100_4agent_25cls_hetero4arch_ipc10_guardian_alex_dense_ep60_lr0p01_fr0p25_kd0p5_t3p0/agents/agent_3/checkpoints/expert_model.pt	outputs/cifar100_4agent_25cls_hetero4arch_ipc10_tune_ep060_fr020_kd060_t1/agents/agent_3/checkpoints/expert_model.pt	exact duplicate content preserved by path
hardlinked	28123900	f9929ded67bc871be55b65488f6b3d595ac192e63864dafa914f6c26eeb10403	outputs/cifar100_4agent_25cls_hetero4arch_ipc10_guardian_alex_dense_ep60_lr0p01_fr0p25_kd0p5_t3p0/agents/agent_3/checkpoints/expert_model.pt	outputs/cifar100_4agent_25cls_hetero4arch_ipc10_tune_ep060_fr020_kd060_t2/agents/agent_3/checkpoints/expert_model.pt	exact duplicate content preserved by path
hardlinked	28123900	f9929ded67bc871be55b65488f6b3d595ac192e63864dafa914f6c26eeb10403	outputs/cifar100_4agent_25cls_hetero4arch_ipc10_guardian_alex_dense_ep60_lr0p01_fr0p25_kd0p5_t3p0/agents/agent_3/checkpoints/expert_model.pt	outputs/cifar100_4agent_25cls_hetero4arch_ipc10_tune_ep060_fr020_kd060_t2_latesched/agents/agent_3/checkpoints/expert_model.pt	exact duplicate content preserved by path
hardlinked	28123900	f9929ded67bc871be55b65488f6b3d595ac192e63864dafa914f6c26eeb10403	outputs/cifar100_4agent_25cls_hetero4arch_ipc10_guardian_alex_dense_ep60_lr0p01_fr0p25_kd0p5_t3p0/agents/agent_3/checkpoints/expert_model.pt	outputs/cifar100_4agent_25cls_hetero4arch_ipc10_tune_ep060_fr020_kd060_t2_sched/agents/agent_3/checkpoints/expert_model.pt	exact duplicate content preserved by path
hardlinked	28123900	f9929ded67bc871be55b65488f6b3d595ac192e63864dafa914f6c26eeb10403	outputs/cifar100_4agent_25cls_hetero4arch_ipc10_guardian_alex_dense_ep60_lr0p01_fr0p25_kd0p5_t3p0/agents/agent_3/checkpoints/expert_model.pt	outputs/cifar100_4agent_25cls_hetero4arch_ipc10_tune_ep060_fr020_kd060_t2_sched_latesched/agents/agent_3/checkpoints/expert_model.pt	exact duplicate content preserved by path
hardlinked	28123900	f9929ded67bc871be55b65488f6b3d595ac192e63864dafa914f6c26eeb10403	outputs/cifar100_4agent_25cls_hetero4arch_ipc10_guardian_alex_dense_ep60_lr0p01_fr0p25_kd0p5_t3p0/agents/agent_3/checkpoints/expert_model.pt	outputs/cifar100_4agent_25cls_hetero4arch_ipc10_tune_ep060_fr020_kd060_t2_sched_self15/agents/agent_3/checkpoints/expert_model.pt	exact duplicate content preserved by path
hardlinked	28123900	f9929ded67bc871be55b65488f6b3d595ac192e63864dafa914f6c26eeb10403	outputs/cifar100_4agent_25cls_hetero4arch_ipc10_guardian_alex_dense_ep60_lr0p01_fr0p25_kd0p5_t3p0/agents/agent_3/checkpoints/expert_model.pt	outputs/cifar100_4agent_25cls_hetero4arch_ipc10_tune_ep060_fr020_kd060_t2_self15/agents/agent_3/checkpoints/expert_model.pt	exact duplicate content preserved by path
hardlinked	28123900	f9929ded67bc871be55b65488f6b3d595ac192e63864dafa914f6c26eeb10403	outputs/cifar100_4agent_25cls_hetero4arch_ipc10_guardian_alex_dense_ep60_lr0p01_fr0p25_kd0p5_t3p0/agents/agent_3/checkpoints/expert_model.pt	outputs/cifar100_4agent_25cls_hetero4arch_ipc10_tune_ep060_fr020_kd060_t2_self20/agents/agent_3/checkpoints/expert_model.pt	exact duplicate content preserved by path
hardlinked	28123900	f9929ded67bc871be55b65488f6b3d595ac192e63864dafa914f6c26eeb10403	outputs/cifar100_4agent_25cls_hetero4arch_ipc10_guardian_alex_dense_ep60_lr0p01_fr0p25_kd0p5_t3p0/agents/agent_3/checkpoints/expert_model.pt	outputs/cifar100_4agent_25cls_hetero4arch_ipc10_tune_ep060_fr020_kd060_t3/agents/agent_3/checkpoints/expert_model.pt	exact duplicate content preserved by path
hardlinked	28123900	f9929ded67bc871be55b65488f6b3d595ac192e63864dafa914f6c26eeb10403	outputs/cifar100_4agent_25cls_hetero4arch_ipc10_guardian_alex_dense_ep60_lr0p01_fr0p25_kd0p5_t3p0/agents/agent_3/checkpoints/expert_model.pt	outputs/cifar100_4agent_25cls_hetero4arch_ipc10_tune_ep060_fr020_kd060_t3_sched/agents/agent_3/checkpoints/expert_model.pt	exact duplicate content preserved by path
hardlinked	28123900	f9929ded67bc871be55b65488f6b3d595ac192e63864dafa914f6c26eeb10403	outputs/cifar100_4agent_25cls_hetero4arch_ipc10_guardian_alex_dense_ep60_lr0p01_fr0p25_kd0p5_t3p0/agents/agent_3/checkpoints/expert_model.pt	outputs/cifar100_4agent_25cls_hetero4arch_ipc10_tune_ep060_fr020_kd060_t4/agents/agent_3/checkpoints/expert_model.pt	exact duplicate content preserved by path
hardlinked	28123900	f9929ded67bc871be55b65488f6b3d595ac192e63864dafa914f6c26eeb10403	outputs/cifar100_4agent_25cls_hetero4arch_ipc10_guardian_alex_dense_ep60_lr0p01_fr0p25_kd0p5_t3p0/agents/agent_3/checkpoints/expert_model.pt	outputs/cifar100_4agent_25cls_hetero4arch_ipc10_tune_ep060_fr020_kd070_t3/agents/agent_3/checkpoints/expert_model.pt	exact duplicate content preserved by path
hardlinked	28123900	f9929ded67bc871be55b65488f6b3d595ac192e63864dafa914f6c26eeb10403	outputs/cifar100_4agent_25cls_hetero4arch_ipc10_guardian_alex_dense_ep60_lr0p01_fr0p25_kd0p5_t3p0/agents/agent_3/checkpoints/expert_model.pt	outputs/cifar100_4agent_25cls_hetero4arch_ipc10_tune_ep060_fr025_kd050_t2/agents/agent_3/checkpoints/expert_model.pt	exact duplicate content preserved by path
hardlinked	28123900	f9929ded67bc871be55b65488f6b3d595ac192e63864dafa914f6c26eeb10403	outputs/cifar100_4agent_25cls_hetero4arch_ipc10_guardian_alex_dense_ep60_lr0p01_fr0p25_kd0p5_t3p0/agents/agent_3/checkpoints/expert_model.pt	outputs/cifar100_4agent_25cls_hetero4arch_ipc10_tune_ep060_fr025_kd060_t2/agents/agent_3/checkpoints/expert_model.pt	exact duplicate content preserved by path
hardlinked	28123900	f9929ded67bc871be55b65488f6b3d595ac192e63864dafa914f6c26eeb10403	outputs/cifar100_4agent_25cls_hetero4arch_ipc10_guardian_alex_dense_ep60_lr0p01_fr0p25_kd0p5_t3p0/agents/agent_3/checkpoints/expert_model.pt	outputs/cifar100_4agent_25cls_hetero4arch_ipc10_tune_ep060_fr030_kd060_t2/agents/agent_3/checkpoints/expert_model.pt	exact duplicate content preserved by path
hardlinked	28123900	f9929ded67bc871be55b65488f6b3d595ac192e63864dafa914f6c26eeb10403	outputs/cifar100_4agent_25cls_hetero4arch_ipc10_guardian_alex_dense_ep60_lr0p01_fr0p25_kd0p5_t3p0/agents/agent_3/checkpoints/expert_model.pt	outputs/cifar100_4agent_25cls_hetero4arch_ipc10_tune_ep065_fr020_kd060_t2/agents/agent_3/checkpoints/expert_model.pt	exact duplicate content preserved by path
hardlinked	4325454	7172d211c1dc3923925e9cac3603ce5840156acf7bc56e1be568b91c1cebd909	outputs/cifar100_4agent_25cls_hetero4arch_ipc10_guardian_alex_dense_ep60_lr0p01_fr0p25_kd0p5_t3p0/agents/agent_1/checkpoints/expert_model.pt	outputs/cifar100_4agent_25cls_hetero4arch_ipc10_guardian_alex_dense_ep60_lr0p01_fr0p25_kd0p5_t4p0/agents/agent_1/checkpoints/expert_model.pt	exact duplicate content preserved by path
hardlinked	4325454	7172d211c1dc3923925e9cac3603ce5840156acf7bc56e1be568b91c1cebd909	outputs/cifar100_4agent_25cls_hetero4arch_ipc10_guardian_alex_dense_ep60_lr0p01_fr0p25_kd0p5_t3p0/agents/agent_1/checkpoints/expert_model.pt	outputs/cifar100_4agent_25cls_hetero4arch_ipc10_guardian_alex_g3_ep090_fr020_kd060_t3_sched/agents/agent_1/checkpoints/expert_model.pt	exact duplicate content preserved by path
hardlinked	4325454	7172d211c1dc3923925e9cac3603ce5840156acf7bc56e1be568b91c1cebd909	outputs/cifar100_4agent_25cls_hetero4arch_ipc10_guardian_alex_dense_ep60_lr0p01_fr0p25_kd0p5_t3p0/agents/agent_1/checkpoints/expert_model.pt	outputs/cifar100_4agent_25cls_hetero4arch_ipc10_guardian_alex_g3_fr020_kd060_t3_sched_self20/agents/agent_1/checkpoints/expert_model.pt	exact duplicate content preserved by path
hardlinked	4325454	7172d211c1dc3923925e9cac3603ce5840156acf7bc56e1be568b91c1cebd909	outputs/cifar100_4agent_25cls_hetero4arch_ipc10_guardian_alex_dense_ep60_lr0p01_fr0p25_kd0p5_t3p0/agents/agent_1/checkpoints/expert_model.pt	outputs/cifar100_4agent_25cls_hetero4arch_ipc10_guardian_alex_g3_fr020_kd070_t4_sched/agents/agent_1/checkpoints/expert_model.pt	exact duplicate content preserved by path
hardlinked	4325454	7172d211c1dc3923925e9cac3603ce5840156acf7bc56e1be568b91c1cebd909	outputs/cifar100_4agent_25cls_hetero4arch_ipc10_guardian_alex_dense_ep60_lr0p01_fr0p25_kd0p5_t3p0/agents/agent_1/checkpoints/expert_model.pt	outputs/cifar100_4agent_25cls_hetero4arch_ipc10_guardian_alex_g3_fr020_kd080_t3_sched/agents/agent_1/checkpoints/expert_model.pt	exact duplicate content preserved by path
hardlinked	4325454	7172d211c1dc3923925e9cac3603ce5840156acf7bc56e1be568b91c1cebd909	outputs/cifar100_4agent_25cls_hetero4arch_ipc10_guardian_alex_dense_ep60_lr0p01_fr0p25_kd0p5_t3p0/agents/agent_1/checkpoints/expert_model.pt	outputs/cifar100_4agent_25cls_hetero4arch_ipc10_guardian_alex_g3_fr025_kd070_t3_sched_self15/agents/agent_1/checkpoints/expert_model.pt	exact duplicate content preserved by path
hardlinked	4325454	7172d211c1dc3923925e9cac3603ce5840156acf7bc56e1be568b91c1cebd909	outputs/cifar100_4agent_25cls_hetero4arch_ipc10_guardian_alex_dense_ep60_lr0p01_fr0p25_kd0p5_t3p0/agents/agent_1/checkpoints/expert_model.pt	outputs/cifar100_4agent_25cls_hetero4arch_ipc10_guardian_alex_g3_fr030_kd060_t3_sched/agents/agent_1/checkpoints/expert_model.pt	exact duplicate content preserved by path
hardlinked	4325454	7172d211c1dc3923925e9cac3603ce5840156acf7bc56e1be568b91c1cebd909	outputs/cifar100_4agent_25cls_hetero4arch_ipc10_guardian_alex_dense_ep60_lr0p01_fr0p25_kd0p5_t3p0/agents/agent_1/checkpoints/expert_model.pt	outputs/cifar100_4agent_25cls_hetero4arch_ipc10_guardian_vgg_dense_ep60_lr0p01_fr0p25_kd0p3_t3p0_self2p5/agents/agent_1/checkpoints/expert_model.pt	exact duplicate content preserved by path
hardlinked	4325454	7172d211c1dc3923925e9cac3603ce5840156acf7bc56e1be568b91c1cebd909	outputs/cifar100_4agent_25cls_hetero4arch_ipc10_guardian_alex_dense_ep60_lr0p01_fr0p25_kd0p5_t3p0/agents/agent_1/checkpoints/expert_model.pt	outputs/cifar100_4agent_25cls_hetero4arch_ipc10_guardian_vgg_dense_ep60_lr0p01_fr0p25_kd0p3_t3p0_self3p0/agents/agent_1/checkpoints/expert_model.pt	exact duplicate content preserved by path
hardlinked	4325454	7172d211c1dc3923925e9cac3603ce5840156acf7bc56e1be568b91c1cebd909	outputs/cifar100_4agent_25cls_hetero4arch_ipc10_guardian_alex_dense_ep60_lr0p01_fr0p25_kd0p5_t3p0/agents/agent_1/checkpoints/expert_model.pt	outputs/cifar100_4agent_25cls_hetero4arch_ipc10_guardian_vgg_dense_ep60_lr0p01_fr0p25_kd0p3_t3p0_self4p0/agents/agent_1/checkpoints/expert_model.pt	exact duplicate content preserved by path
hardlinked	4325454	7172d211c1dc3923925e9cac3603ce5840156acf7bc56e1be568b91c1cebd909	outputs/cifar100_4agent_25cls_hetero4arch_ipc10_guardian_alex_dense_ep60_lr0p01_fr0p25_kd0p5_t3p0/agents/agent_1/checkpoints/expert_model.pt	outputs/cifar100_4agent_25cls_hetero4arch_ipc10_guardian_vgg_dense_ep60_lr0p01_fr0p25_kd0p3_t4p0_self2p5/agents/agent_1/checkpoints/expert_model.pt	exact duplicate content preserved by path
hardlinked	4325454	7172d211c1dc3923925e9cac3603ce5840156acf7bc56e1be568b91c1cebd909	outputs/cifar100_4agent_25cls_hetero4arch_ipc10_guardian_alex_dense_ep60_lr0p01_fr0p25_kd0p5_t3p0/agents/agent_1/checkpoints/expert_model.pt	outputs/cifar100_4agent_25cls_hetero4arch_ipc10_guardian_vgg_dense_ep60_lr0p01_fr0p25_kd0p3_t4p0_self3p0/agents/agent_1/checkpoints/expert_model.pt	exact duplicate content preserved by path
hardlinked	4325454	7172d211c1dc3923925e9cac3603ce5840156acf7bc56e1be568b91c1cebd909	outputs/cifar100_4agent_25cls_hetero4arch_ipc10_guardian_alex_dense_ep60_lr0p01_fr0p25_kd0p5_t3p0/agents/agent_1/checkpoints/expert_model.pt	outputs/cifar100_4agent_25cls_hetero4arch_ipc10_guardian_vgg_dense_ep60_lr0p01_fr0p25_kd0p3_t4p0_self4p0/agents/agent_1/checkpoints/expert_model.pt	exact duplicate content preserved by path
hardlinked	4325454	7172d211c1dc3923925e9cac3603ce5840156acf7bc56e1be568b91c1cebd909	outputs/cifar100_4agent_25cls_hetero4arch_ipc10_guardian_alex_dense_ep60_lr0p01_fr0p25_kd0p5_t3p0/agents/agent_1/checkpoints/expert_model.pt	outputs/cifar100_4agent_25cls_hetero4arch_ipc10_guardian_vgg_dense_ep60_lr0p01_fr0p25_kd0p4_t3p0_self2p5/agents/agent_1/checkpoints/expert_model.pt	exact duplicate content preserved by path
hardlinked	4325454	7172d211c1dc3923925e9cac3603ce5840156acf7bc56e1be568b91c1cebd909	outputs/cifar100_4agent_25cls_hetero4arch_ipc10_guardian_alex_dense_ep60_lr0p01_fr0p25_kd0p5_t3p0/agents/agent_1/checkpoints/expert_model.pt	outputs/cifar100_4agent_25cls_hetero4arch_ipc10_guardian_vgg_dense_ep60_lr0p01_fr0p25_kd0p4_t3p0_self3p0/agents/agent_1/checkpoints/expert_model.pt	exact duplicate content preserved by path
hardlinked	4325454	7172d211c1dc3923925e9cac3603ce5840156acf7bc56e1be568b91c1cebd909	outputs/cifar100_4agent_25cls_hetero4arch_ipc10_guardian_alex_dense_ep60_lr0p01_fr0p25_kd0p5_t3p0/agents/agent_1/checkpoints/expert_model.pt	outputs/cifar100_4agent_25cls_hetero4arch_ipc10_guardian_vgg_dense_ep60_lr0p01_fr0p25_kd0p4_t3p0_self4p0/agents/agent_1/checkpoints/expert_model.pt	exact duplicate content preserved by path
hardlinked	4325454	7172d211c1dc3923925e9cac3603ce5840156acf7bc56e1be568b91c1cebd909	outputs/cifar100_4agent_25cls_hetero4arch_ipc10_guardian_alex_dense_ep60_lr0p01_fr0p25_kd0p5_t3p0/agents/agent_1/checkpoints/expert_model.pt	outputs/cifar100_4agent_25cls_hetero4arch_ipc10_guardian_vgg_dense_ep60_lr0p01_fr0p25_kd0p4_t4p0_self2p5/agents/agent_1/checkpoints/expert_model.pt	exact duplicate content preserved by path
hardlinked	4325454	7172d211c1dc3923925e9cac3603ce5840156acf7bc56e1be568b91c1cebd909	outputs/cifar100_4agent_25cls_hetero4arch_ipc10_guardian_alex_dense_ep60_lr0p01_fr0p25_kd0p5_t3p0/agents/agent_1/checkpoints/expert_model.pt	outputs/cifar100_4agent_25cls_hetero4arch_ipc10_guardian_vgg_dense_ep60_lr0p01_fr0p25_kd0p4_t4p0_self3p0/agents/agent_1/checkpoints/expert_model.pt	exact duplicate content preserved by path
hardlinked	4325454	7172d211c1dc3923925e9cac3603ce5840156acf7bc56e1be568b91c1cebd909	outputs/cifar100_4agent_25cls_hetero4arch_ipc10_guardian_alex_dense_ep60_lr0p01_fr0p25_kd0p5_t3p0/agents/agent_1/checkpoints/expert_model.pt	outputs/cifar100_4agent_25cls_hetero4arch_ipc10_guardian_vgg_dense_ep60_lr0p01_fr0p25_kd0p4_t4p0_self4p0/agents/agent_1/checkpoints/expert_model.pt	exact duplicate content preserved by path
hardlinked	4325454	7172d211c1dc3923925e9cac3603ce5840156acf7bc56e1be568b91c1cebd909	outputs/cifar100_4agent_25cls_hetero4arch_ipc10_guardian_alex_dense_ep60_lr0p01_fr0p25_kd0p5_t3p0/agents/agent_1/checkpoints/expert_model.pt	outputs/cifar100_4agent_25cls_hetero4arch_ipc10_guardian_vgg_dense_ep60_lr0p01_fr0p25_kd0p5_t3p0_self2p5/agents/agent_1/checkpoints/expert_model.pt	exact duplicate content preserved by path
hardlinked	4325454	7172d211c1dc3923925e9cac3603ce5840156acf7bc56e1be568b91c1cebd909	outputs/cifar100_4agent_25cls_hetero4arch_ipc10_guardian_alex_dense_ep60_lr0p01_fr0p25_kd0p5_t3p0/agents/agent_1/checkpoints/expert_model.pt	outputs/cifar100_4agent_25cls_hetero4arch_ipc10_guardian_vgg_dense_ep60_lr0p01_fr0p25_kd0p5_t3p0_self3p0/agents/agent_1/checkpoints/expert_model.pt	exact duplicate content preserved by path
hardlinked	4325454	7172d211c1dc3923925e9cac3603ce5840156acf7bc56e1be568b91c1cebd909	outputs/cifar100_4agent_25cls_hetero4arch_ipc10_guardian_alex_dense_ep60_lr0p01_fr0p25_kd0p5_t3p0/agents/agent_1/checkpoints/expert_model.pt	outputs/cifar100_4agent_25cls_hetero4arch_ipc10_guardian_vgg_dense_ep60_lr0p01_fr0p25_kd0p5_t3p0_self4p0/agents/agent_1/checkpoints/expert_model.pt	exact duplicate content preserved by path
hardlinked	4325454	7172d211c1dc3923925e9cac3603ce5840156acf7bc56e1be568b91c1cebd909	outputs/cifar100_4agent_25cls_hetero4arch_ipc10_guardian_alex_dense_ep60_lr0p01_fr0p25_kd0p5_t3p0/agents/agent_1/checkpoints/expert_model.pt	outputs/cifar100_4agent_25cls_hetero4arch_ipc10_guardian_vgg_dense_ep60_lr0p01_fr0p25_kd0p5_t4p0_self2p5/agents/agent_1/checkpoints/expert_model.pt	exact duplicate content preserved by path
hardlinked	4325454	7172d211c1dc3923925e9cac3603ce5840156acf7bc56e1be568b91c1cebd909	outputs/cifar100_4agent_25cls_hetero4arch_ipc10_guardian_alex_dense_ep60_lr0p01_fr0p25_kd0p5_t3p0/agents/agent_1/checkpoints/expert_model.pt	outputs/cifar100_4agent_25cls_hetero4arch_ipc10_guardian_vgg_dense_ep60_lr0p01_fr0p25_kd0p5_t4p0_self3p0/agents/agent_1/checkpoints/expert_model.pt	exact duplicate content preserved by path
hardlinked	4325454	7172d211c1dc3923925e9cac3603ce5840156acf7bc56e1be568b91c1cebd909	outputs/cifar100_4agent_25cls_hetero4arch_ipc10_guardian_alex_dense_ep60_lr0p01_fr0p25_kd0p5_t3p0/agents/agent_1/checkpoints/expert_model.pt	outputs/cifar100_4agent_25cls_hetero4arch_ipc10_guardian_vgg_dense_ep60_lr0p01_fr0p25_kd0p5_t4p0_self4p0/agents/agent_1/checkpoints/expert_model.pt	exact duplicate content preserved by path
hardlinked	4325454	7172d211c1dc3923925e9cac3603ce5840156acf7bc56e1be568b91c1cebd909	outputs/cifar100_4agent_25cls_hetero4arch_ipc10_guardian_alex_dense_ep60_lr0p01_fr0p25_kd0p5_t3p0/agents/agent_1/checkpoints/expert_model.pt	outputs/cifar100_4agent_25cls_hetero4arch_ipc10_guardian_vgg_dense_ep60_lr0p01_fr0p25_kd0p6_t3p0_self2p5/agents/agent_1/checkpoints/expert_model.pt	exact duplicate content preserved by path
hardlinked	4325454	7172d211c1dc3923925e9cac3603ce5840156acf7bc56e1be568b91c1cebd909	outputs/cifar100_4agent_25cls_hetero4arch_ipc10_guardian_alex_dense_ep60_lr0p01_fr0p25_kd0p5_t3p0/agents/agent_1/checkpoints/expert_model.pt	outputs/cifar100_4agent_25cls_hetero4arch_ipc10_guardian_vgg_dense_ep60_lr0p01_fr0p25_kd0p6_t3p0_self3p0/agents/agent_1/checkpoints/expert_model.pt	exact duplicate content preserved by path
hardlinked	4325454	7172d211c1dc3923925e9cac3603ce5840156acf7bc56e1be568b91c1cebd909	outputs/cifar100_4agent_25cls_hetero4arch_ipc10_guardian_alex_dense_ep60_lr0p01_fr0p25_kd0p5_t3p0/agents/agent_1/checkpoints/expert_model.pt	outputs/cifar100_4agent_25cls_hetero4arch_ipc10_guardian_vgg_dense_ep60_lr0p01_fr0p25_kd0p6_t3p0_self4p0/agents/agent_1/checkpoints/expert_model.pt	exact duplicate content preserved by path
hardlinked	4325454	7172d211c1dc3923925e9cac3603ce5840156acf7bc56e1be568b91c1cebd909	outputs/cifar100_4agent_25cls_hetero4arch_ipc10_guardian_alex_dense_ep60_lr0p01_fr0p25_kd0p5_t3p0/agents/agent_1/checkpoints/expert_model.pt	outputs/cifar100_4agent_25cls_hetero4arch_ipc10_guardian_vgg_dense_ep60_lr0p01_fr0p25_kd0p6_t4p0_self2p5/agents/agent_1/checkpoints/expert_model.pt	exact duplicate content preserved by path
hardlinked	4325454	7172d211c1dc3923925e9cac3603ce5840156acf7bc56e1be568b91c1cebd909	outputs/cifar100_4agent_25cls_hetero4arch_ipc10_guardian_alex_dense_ep60_lr0p01_fr0p25_kd0p5_t3p0/agents/agent_1/checkpoints/expert_model.pt	outputs/cifar100_4agent_25cls_hetero4arch_ipc10_guardian_vgg_dense_ep60_lr0p01_fr0p25_kd0p6_t4p0_self3p0/agents/agent_1/checkpoints/expert_model.pt	exact duplicate content preserved by path
hardlinked	4325454	7172d211c1dc3923925e9cac3603ce5840156acf7bc56e1be568b91c1cebd909	outputs/cifar100_4agent_25cls_hetero4arch_ipc10_guardian_alex_dense_ep60_lr0p01_fr0p25_kd0p5_t3p0/agents/agent_1/checkpoints/expert_model.pt	outputs/cifar100_4agent_25cls_hetero4arch_ipc10_guardian_vgg_dense_ep60_lr0p01_fr0p25_kd0p6_t4p0_self4p0/agents/agent_1/checkpoints/expert_model.pt	exact duplicate content preserved by path
hardlinked	4325454	7172d211c1dc3923925e9cac3603ce5840156acf7bc56e1be568b91c1cebd909	outputs/cifar100_4agent_25cls_hetero4arch_ipc10_guardian_alex_dense_ep60_lr0p01_fr0p25_kd0p5_t3p0/agents/agent_1/checkpoints/expert_model.pt	outputs/cifar100_4agent_25cls_hetero4arch_ipc10_guardian_vgg_dense_ep60_lr0p01_fr0p35_kd0p3_t3p0_self2p5/agents/agent_1/checkpoints/expert_model.pt	exact duplicate content preserved by path
hardlinked	4325454	7172d211c1dc3923925e9cac3603ce5840156acf7bc56e1be568b91c1cebd909	outputs/cifar100_4agent_25cls_hetero4arch_ipc10_guardian_alex_dense_ep60_lr0p01_fr0p25_kd0p5_t3p0/agents/agent_1/checkpoints/expert_model.pt	outputs/cifar100_4agent_25cls_hetero4arch_ipc10_guardian_vgg_dense_ep60_lr0p01_fr0p35_kd0p3_t3p0_self3p0/agents/agent_1/checkpoints/expert_model.pt	exact duplicate content preserved by path
hardlinked	4325454	7172d211c1dc3923925e9cac3603ce5840156acf7bc56e1be568b91c1cebd909	outputs/cifar100_4agent_25cls_hetero4arch_ipc10_guardian_alex_dense_ep60_lr0p01_fr0p25_kd0p5_t3p0/agents/agent_1/checkpoints/expert_model.pt	outputs/cifar100_4agent_25cls_hetero4arch_ipc10_guardian_vgg_dense_ep60_lr0p01_fr0p35_kd0p3_t3p0_self4p0/agents/agent_1/checkpoints/expert_model.pt	exact duplicate content preserved by path
hardlinked	4325454	7172d211c1dc3923925e9cac3603ce5840156acf7bc56e1be568b91c1cebd909	outputs/cifar100_4agent_25cls_hetero4arch_ipc10_guardian_alex_dense_ep60_lr0p01_fr0p25_kd0p5_t3p0/agents/agent_1/checkpoints/expert_model.pt	outputs/cifar100_4agent_25cls_hetero4arch_ipc10_guardian_vgg_dense_ep60_lr0p01_fr0p35_kd0p3_t4p0_self2p5/agents/agent_1/checkpoints/expert_model.pt	exact duplicate content preserved by path
hardlinked	4325454	7172d211c1dc3923925e9cac3603ce5840156acf7bc56e1be568b91c1cebd909	outputs/cifar100_4agent_25cls_hetero4arch_ipc10_guardian_alex_dense_ep60_lr0p01_fr0p25_kd0p5_t3p0/agents/agent_1/checkpoints/expert_model.pt	outputs/cifar100_4agent_25cls_hetero4arch_ipc10_guardian_vgg_dense_ep60_lr0p01_fr0p35_kd0p3_t4p0_self3p0/agents/agent_1/checkpoints/expert_model.pt	exact duplicate content preserved by path
hardlinked	4325454	7172d211c1dc3923925e9cac3603ce5840156acf7bc56e1be568b91c1cebd909	outputs/cifar100_4agent_25cls_hetero4arch_ipc10_guardian_alex_dense_ep60_lr0p01_fr0p25_kd0p5_t3p0/agents/agent_1/checkpoints/expert_model.pt	outputs/cifar100_4agent_25cls_hetero4arch_ipc10_guardian_vgg_dense_ep60_lr0p01_fr0p35_kd0p3_t4p0_self4p0/agents/agent_1/checkpoints/expert_model.pt	exact duplicate content preserved by path
hardlinked	4325454	7172d211c1dc3923925e9cac3603ce5840156acf7bc56e1be568b91c1cebd909	outputs/cifar100_4agent_25cls_hetero4arch_ipc10_guardian_alex_dense_ep60_lr0p01_fr0p25_kd0p5_t3p0/agents/agent_1/checkpoints/expert_model.pt	outputs/cifar100_4agent_25cls_hetero4arch_ipc10_guardian_vgg_dense_ep60_lr0p01_fr0p35_kd0p4_t3p0_self2p5/agents/agent_1/checkpoints/expert_model.pt	exact duplicate content preserved by path
hardlinked	4325454	7172d211c1dc3923925e9cac3603ce5840156acf7bc56e1be568b91c1cebd909	outputs/cifar100_4agent_25cls_hetero4arch_ipc10_guardian_alex_dense_ep60_lr0p01_fr0p25_kd0p5_t3p0/agents/agent_1/checkpoints/expert_model.pt	outputs/cifar100_4agent_25cls_hetero4arch_ipc10_guardian_vgg_dense_ep60_lr0p01_fr0p35_kd0p4_t3p0_self3p0/agents/agent_1/checkpoints/expert_model.pt	exact duplicate content preserved by path
hardlinked	4325454	7172d211c1dc3923925e9cac3603ce5840156acf7bc56e1be568b91c1cebd909	outputs/cifar100_4agent_25cls_hetero4arch_ipc10_guardian_alex_dense_ep60_lr0p01_fr0p25_kd0p5_t3p0/agents/agent_1/checkpoints/expert_model.pt	outputs/cifar100_4agent_25cls_hetero4arch_ipc10_guardian_vgg_dense_ep60_lr0p01_fr0p35_kd0p4_t3p0_self4p0/agents/agent_1/checkpoints/expert_model.pt	exact duplicate content preserved by path
hardlinked	4325454	7172d211c1dc3923925e9cac3603ce5840156acf7bc56e1be568b91c1cebd909	outputs/cifar100_4agent_25cls_hetero4arch_ipc10_guardian_alex_dense_ep60_lr0p01_fr0p25_kd0p5_t3p0/agents/agent_1/checkpoints/expert_model.pt	outputs/cifar100_4agent_25cls_hetero4arch_ipc10_guardian_vgg_dense_ep60_lr0p01_fr0p35_kd0p4_t4p0_self2p5/agents/agent_1/checkpoints/expert_model.pt	exact duplicate content preserved by path
hardlinked	4325454	7172d211c1dc3923925e9cac3603ce5840156acf7bc56e1be568b91c1cebd909	outputs/cifar100_4agent_25cls_hetero4arch_ipc10_guardian_alex_dense_ep60_lr0p01_fr0p25_kd0p5_t3p0/agents/agent_1/checkpoints/expert_model.pt	outputs/cifar100_4agent_25cls_hetero4arch_ipc10_guardian_vgg_dense_ep60_lr0p01_fr0p35_kd0p4_t4p0_self3p0/agents/agent_1/checkpoints/expert_model.pt	exact duplicate content preserved by path
hardlinked	4325454	7172d211c1dc3923925e9cac3603ce5840156acf7bc56e1be568b91c1cebd909	outputs/cifar100_4agent_25cls_hetero4arch_ipc10_guardian_alex_dense_ep60_lr0p01_fr0p25_kd0p5_t3p0/agents/agent_1/checkpoints/expert_model.pt	outputs/cifar100_4agent_25cls_hetero4arch_ipc10_guardian_vgg_dense_ep60_lr0p01_fr0p35_kd0p4_t4p0_self4p0/agents/agent_1/checkpoints/expert_model.pt	exact duplicate content preserved by path
hardlinked	4325454	7172d211c1dc3923925e9cac3603ce5840156acf7bc56e1be568b91c1cebd909	outputs/cifar100_4agent_25cls_hetero4arch_ipc10_guardian_alex_dense_ep60_lr0p01_fr0p25_kd0p5_t3p0/agents/agent_1/checkpoints/expert_model.pt	outputs/cifar100_4agent_25cls_hetero4arch_ipc10_guardian_vgg_dense_ep60_lr0p01_fr0p35_kd0p5_t3p0_self2p5/agents/agent_1/checkpoints/expert_model.pt	exact duplicate content preserved by path
hardlinked	4325454	7172d211c1dc3923925e9cac3603ce5840156acf7bc56e1be568b91c1cebd909	outputs/cifar100_4agent_25cls_hetero4arch_ipc10_guardian_alex_dense_ep60_lr0p01_fr0p25_kd0p5_t3p0/agents/agent_1/checkpoints/expert_model.pt	outputs/cifar100_4agent_25cls_hetero4arch_ipc10_guardian_vgg_dense_ep60_lr0p01_fr0p35_kd0p5_t3p0_self3p0/agents/agent_1/checkpoints/expert_model.pt	exact duplicate content preserved by path
hardlinked	4325454	7172d211c1dc3923925e9cac3603ce5840156acf7bc56e1be568b91c1cebd909	outputs/cifar100_4agent_25cls_hetero4arch_ipc10_guardian_alex_dense_ep60_lr0p01_fr0p25_kd0p5_t3p0/agents/agent_1/checkpoints/expert_model.pt	outputs/cifar100_4agent_25cls_hetero4arch_ipc10_guardian_vgg_dense_ep60_lr0p01_fr0p35_kd0p5_t3p0_self4p0/agents/agent_1/checkpoints/expert_model.pt	exact duplicate content preserved by path
hardlinked	4325454	7172d211c1dc3923925e9cac3603ce5840156acf7bc56e1be568b91c1cebd909	outputs/cifar100_4agent_25cls_hetero4arch_ipc10_guardian_alex_dense_ep60_lr0p01_fr0p25_kd0p5_t3p0/agents/agent_1/checkpoints/expert_model.pt	outputs/cifar100_4agent_25cls_hetero4arch_ipc10_guardian_vgg_dense_ep60_lr0p01_fr0p35_kd0p5_t4p0_self2p5/agents/agent_1/checkpoints/expert_model.pt	exact duplicate content preserved by path
hardlinked	4325454	7172d211c1dc3923925e9cac3603ce5840156acf7bc56e1be568b91c1cebd909	outputs/cifar100_4agent_25cls_hetero4arch_ipc10_guardian_alex_dense_ep60_lr0p01_fr0p25_kd0p5_t3p0/agents/agent_1/checkpoints/expert_model.pt	outputs/cifar100_4agent_25cls_hetero4arch_ipc10_guardian_vgg_dense_ep60_lr0p01_fr0p35_kd0p5_t4p0_self3p0/agents/agent_1/checkpoints/expert_model.pt	exact duplicate content preserved by path
hardlinked	4325454	7172d211c1dc3923925e9cac3603ce5840156acf7bc56e1be568b91c1cebd909	outputs/cifar100_4agent_25cls_hetero4arch_ipc10_guardian_alex_dense_ep60_lr0p01_fr0p25_kd0p5_t3p0/agents/agent_1/checkpoints/expert_model.pt	outputs/cifar100_4agent_25cls_hetero4arch_ipc10_guardian_vgg_dense_ep60_lr0p01_fr0p35_kd0p5_t4p0_self4p0/agents/agent_1/checkpoints/expert_model.pt	exact duplicate content preserved by path
hardlinked	4325454	7172d211c1dc3923925e9cac3603ce5840156acf7bc56e1be568b91c1cebd909	outputs/cifar100_4agent_25cls_hetero4arch_ipc10_guardian_alex_dense_ep60_lr0p01_fr0p25_kd0p5_t3p0/agents/agent_1/checkpoints/expert_model.pt	outputs/cifar100_4agent_25cls_hetero4arch_ipc10_guardian_vgg_dense_ep60_lr0p01_fr0p35_kd0p6_t3p0_self2p5/agents/agent_1/checkpoints/expert_model.pt	exact duplicate content preserved by path
hardlinked	4325454	7172d211c1dc3923925e9cac3603ce5840156acf7bc56e1be568b91c1cebd909	outputs/cifar100_4agent_25cls_hetero4arch_ipc10_guardian_alex_dense_ep60_lr0p01_fr0p25_kd0p5_t3p0/agents/agent_1/checkpoints/expert_model.pt	outputs/cifar100_4agent_25cls_hetero4arch_ipc10_guardian_vgg_dense_ep60_lr0p01_fr0p35_kd0p6_t3p0_self3p0/agents/agent_1/checkpoints/expert_model.pt	exact duplicate content preserved by path
hardlinked	4325454	7172d211c1dc3923925e9cac3603ce5840156acf7bc56e1be568b91c1cebd909	outputs/cifar100_4agent_25cls_hetero4arch_ipc10_guardian_alex_dense_ep60_lr0p01_fr0p25_kd0p5_t3p0/agents/agent_1/checkpoints/expert_model.pt	outputs/cifar100_4agent_25cls_hetero4arch_ipc10_guardian_vgg_dense_ep60_lr0p01_fr0p35_kd0p6_t3p0_self4p0/agents/agent_1/checkpoints/expert_model.pt	exact duplicate content preserved by path
hardlinked	4325454	7172d211c1dc3923925e9cac3603ce5840156acf7bc56e1be568b91c1cebd909	outputs/cifar100_4agent_25cls_hetero4arch_ipc10_guardian_alex_dense_ep60_lr0p01_fr0p25_kd0p5_t3p0/agents/agent_1/checkpoints/expert_model.pt	outputs/cifar100_4agent_25cls_hetero4arch_ipc10_guardian_vgg_dense_ep60_lr0p01_fr0p35_kd0p6_t4p0_self2p5/agents/agent_1/checkpoints/expert_model.pt	exact duplicate content preserved by path
hardlinked	4325454	7172d211c1dc3923925e9cac3603ce5840156acf7bc56e1be568b91c1cebd909	outputs/cifar100_4agent_25cls_hetero4arch_ipc10_guardian_alex_dense_ep60_lr0p01_fr0p25_kd0p5_t3p0/agents/agent_1/checkpoints/expert_model.pt	outputs/cifar100_4agent_25cls_hetero4arch_ipc10_guardian_vgg_dense_ep60_lr0p01_fr0p35_kd0p6_t4p0_self3p0/agents/agent_1/checkpoints/expert_model.pt	exact duplicate content preserved by path
hardlinked	4325454	7172d211c1dc3923925e9cac3603ce5840156acf7bc56e1be568b91c1cebd909	outputs/cifar100_4agent_25cls_hetero4arch_ipc10_guardian_alex_dense_ep60_lr0p01_fr0p25_kd0p5_t3p0/agents/agent_1/checkpoints/expert_model.pt	outputs/cifar100_4agent_25cls_hetero4arch_ipc10_guardian_vgg_dense_ep60_lr0p01_fr0p35_kd0p6_t4p0_self4p0/agents/agent_1/checkpoints/expert_model.pt	exact duplicate content preserved by path
hardlinked	4325454	7172d211c1dc3923925e9cac3603ce5840156acf7bc56e1be568b91c1cebd909	outputs/cifar100_4agent_25cls_hetero4arch_ipc10_guardian_alex_dense_ep60_lr0p01_fr0p25_kd0p5_t3p0/agents/agent_1/checkpoints/expert_model.pt	outputs/cifar100_4agent_25cls_hetero4arch_ipc10_guardian_vgg_dense_ep60_lr0p01_fr0p3_kd0p3_t3p0_self2p5/agents/agent_1/checkpoints/expert_model.pt	exact duplicate content preserved by path
hardlinked	4325454	7172d211c1dc3923925e9cac3603ce5840156acf7bc56e1be568b91c1cebd909	outputs/cifar100_4agent_25cls_hetero4arch_ipc10_guardian_alex_dense_ep60_lr0p01_fr0p25_kd0p5_t3p0/agents/agent_1/checkpoints/expert_model.pt	outputs/cifar100_4agent_25cls_hetero4arch_ipc10_guardian_vgg_dense_ep60_lr0p01_fr0p3_kd0p3_t3p0_self3p0/agents/agent_1/checkpoints/expert_model.pt	exact duplicate content preserved by path
hardlinked	4325454	7172d211c1dc3923925e9cac3603ce5840156acf7bc56e1be568b91c1cebd909	outputs/cifar100_4agent_25cls_hetero4arch_ipc10_guardian_alex_dense_ep60_lr0p01_fr0p25_kd0p5_t3p0/agents/agent_1/checkpoints/expert_model.pt	outputs/cifar100_4agent_25cls_hetero4arch_ipc10_guardian_vgg_dense_ep60_lr0p01_fr0p3_kd0p3_t3p0_self4p0/agents/agent_1/checkpoints/expert_model.pt	exact duplicate content preserved by path
hardlinked	4325454	7172d211c1dc3923925e9cac3603ce5840156acf7bc56e1be568b91c1cebd909	outputs/cifar100_4agent_25cls_hetero4arch_ipc10_guardian_alex_dense_ep60_lr0p01_fr0p25_kd0p5_t3p0/agents/agent_1/checkpoints/expert_model.pt	outputs/cifar100_4agent_25cls_hetero4arch_ipc10_guardian_vgg_dense_ep60_lr0p01_fr0p3_kd0p3_t4p0_self2p5/agents/agent_1/checkpoints/expert_model.pt	exact duplicate content preserved by path
hardlinked	4325454	7172d211c1dc3923925e9cac3603ce5840156acf7bc56e1be568b91c1cebd909	outputs/cifar100_4agent_25cls_hetero4arch_ipc10_guardian_alex_dense_ep60_lr0p01_fr0p25_kd0p5_t3p0/agents/agent_1/checkpoints/expert_model.pt	outputs/cifar100_4agent_25cls_hetero4arch_ipc10_guardian_vgg_dense_ep60_lr0p01_fr0p3_kd0p3_t4p0_self3p0/agents/agent_1/checkpoints/expert_model.pt	exact duplicate content preserved by path
hardlinked	4325454	7172d211c1dc3923925e9cac3603ce5840156acf7bc56e1be568b91c1cebd909	outputs/cifar100_4agent_25cls_hetero4arch_ipc10_guardian_alex_dense_ep60_lr0p01_fr0p25_kd0p5_t3p0/agents/agent_1/checkpoints/expert_model.pt	outputs/cifar100_4agent_25cls_hetero4arch_ipc10_guardian_vgg_dense_ep60_lr0p01_fr0p3_kd0p3_t4p0_self4p0/agents/agent_1/checkpoints/expert_model.pt	exact duplicate content preserved by path
hardlinked	4325454	7172d211c1dc3923925e9cac3603ce5840156acf7bc56e1be568b91c1cebd909	outputs/cifar100_4agent_25cls_hetero4arch_ipc10_guardian_alex_dense_ep60_lr0p01_fr0p25_kd0p5_t3p0/agents/agent_1/checkpoints/expert_model.pt	outputs/cifar100_4agent_25cls_hetero4arch_ipc10_guardian_vgg_dense_ep60_lr0p01_fr0p3_kd0p4_t3p0_self2p5/agents/agent_1/checkpoints/expert_model.pt	exact duplicate content preserved by path
hardlinked	4325454	7172d211c1dc3923925e9cac3603ce5840156acf7bc56e1be568b91c1cebd909	outputs/cifar100_4agent_25cls_hetero4arch_ipc10_guardian_alex_dense_ep60_lr0p01_fr0p25_kd0p5_t3p0/agents/agent_1/checkpoints/expert_model.pt	outputs/cifar100_4agent_25cls_hetero4arch_ipc10_guardian_vgg_dense_ep60_lr0p01_fr0p3_kd0p4_t3p0_self3p0/agents/agent_1/checkpoints/expert_model.pt	exact duplicate content preserved by path
hardlinked	4325454	7172d211c1dc3923925e9cac3603ce5840156acf7bc56e1be568b91c1cebd909	outputs/cifar100_4agent_25cls_hetero4arch_ipc10_guardian_alex_dense_ep60_lr0p01_fr0p25_kd0p5_t3p0/agents/agent_1/checkpoints/expert_model.pt	outputs/cifar100_4agent_25cls_hetero4arch_ipc10_guardian_vgg_dense_ep60_lr0p01_fr0p3_kd0p4_t3p0_self4p0/agents/agent_1/checkpoints/expert_model.pt	exact duplicate content preserved by path
hardlinked	4325454	7172d211c1dc3923925e9cac3603ce5840156acf7bc56e1be568b91c1cebd909	outputs/cifar100_4agent_25cls_hetero4arch_ipc10_guardian_alex_dense_ep60_lr0p01_fr0p25_kd0p5_t3p0/agents/agent_1/checkpoints/expert_model.pt	outputs/cifar100_4agent_25cls_hetero4arch_ipc10_guardian_vgg_dense_ep60_lr0p01_fr0p3_kd0p4_t4p0_self2p5/agents/agent_1/checkpoints/expert_model.pt	exact duplicate content preserved by path
hardlinked	4325454	7172d211c1dc3923925e9cac3603ce5840156acf7bc56e1be568b91c1cebd909	outputs/cifar100_4agent_25cls_hetero4arch_ipc10_guardian_alex_dense_ep60_lr0p01_fr0p25_kd0p5_t3p0/agents/agent_1/checkpoints/expert_model.pt	outputs/cifar100_4agent_25cls_hetero4arch_ipc10_guardian_vgg_dense_ep60_lr0p01_fr0p3_kd0p4_t4p0_self3p0/agents/agent_1/checkpoints/expert_model.pt	exact duplicate content preserved by path
hardlinked	4325454	7172d211c1dc3923925e9cac3603ce5840156acf7bc56e1be568b91c1cebd909	outputs/cifar100_4agent_25cls_hetero4arch_ipc10_guardian_alex_dense_ep60_lr0p01_fr0p25_kd0p5_t3p0/agents/agent_1/checkpoints/expert_model.pt	outputs/cifar100_4agent_25cls_hetero4arch_ipc10_guardian_vgg_dense_ep60_lr0p01_fr0p3_kd0p4_t4p0_self4p0/agents/agent_1/checkpoints/expert_model.pt	exact duplicate content preserved by path
hardlinked	4325454	7172d211c1dc3923925e9cac3603ce5840156acf7bc56e1be568b91c1cebd909	outputs/cifar100_4agent_25cls_hetero4arch_ipc10_guardian_alex_dense_ep60_lr0p01_fr0p25_kd0p5_t3p0/agents/agent_1/checkpoints/expert_model.pt	outputs/cifar100_4agent_25cls_hetero4arch_ipc10_guardian_vgg_dense_ep60_lr0p01_fr0p3_kd0p5_t3p0_self2p5/agents/agent_1/checkpoints/expert_model.pt	exact duplicate content preserved by path
hardlinked	4325454	7172d211c1dc3923925e9cac3603ce5840156acf7bc56e1be568b91c1cebd909	outputs/cifar100_4agent_25cls_hetero4arch_ipc10_guardian_alex_dense_ep60_lr0p01_fr0p25_kd0p5_t3p0/agents/agent_1/checkpoints/expert_model.pt	outputs/cifar100_4agent_25cls_hetero4arch_ipc10_guardian_vgg_dense_ep60_lr0p01_fr0p3_kd0p5_t3p0_self3p0/agents/agent_1/checkpoints/expert_model.pt	exact duplicate content preserved by path
hardlinked	4325454	7172d211c1dc3923925e9cac3603ce5840156acf7bc56e1be568b91c1cebd909	outputs/cifar100_4agent_25cls_hetero4arch_ipc10_guardian_alex_dense_ep60_lr0p01_fr0p25_kd0p5_t3p0/agents/agent_1/checkpoints/expert_model.pt	outputs/cifar100_4agent_25cls_hetero4arch_ipc10_guardian_vgg_dense_ep60_lr0p01_fr0p3_kd0p5_t3p0_self4p0/agents/agent_1/checkpoints/expert_model.pt	exact duplicate content preserved by path
hardlinked	4325454	7172d211c1dc3923925e9cac3603ce5840156acf7bc56e1be568b91c1cebd909	outputs/cifar100_4agent_25cls_hetero4arch_ipc10_guardian_alex_dense_ep60_lr0p01_fr0p25_kd0p5_t3p0/agents/agent_1/checkpoints/expert_model.pt	outputs/cifar100_4agent_25cls_hetero4arch_ipc10_guardian_vgg_dense_ep60_lr0p01_fr0p3_kd0p5_t4p0_self2p5/agents/agent_1/checkpoints/expert_model.pt	exact duplicate content preserved by path
hardlinked	4325454	7172d211c1dc3923925e9cac3603ce5840156acf7bc56e1be568b91c1cebd909	outputs/cifar100_4agent_25cls_hetero4arch_ipc10_guardian_alex_dense_ep60_lr0p01_fr0p25_kd0p5_t3p0/agents/agent_1/checkpoints/expert_model.pt	outputs/cifar100_4agent_25cls_hetero4arch_ipc10_guardian_vgg_dense_ep60_lr0p01_fr0p3_kd0p5_t4p0_self3p0/agents/agent_1/checkpoints/expert_model.pt	exact duplicate content preserved by path
hardlinked	4325454	7172d211c1dc3923925e9cac3603ce5840156acf7bc56e1be568b91c1cebd909	outputs/cifar100_4agent_25cls_hetero4arch_ipc10_guardian_alex_dense_ep60_lr0p01_fr0p25_kd0p5_t3p0/agents/agent_1/checkpoints/expert_model.pt	outputs/cifar100_4agent_25cls_hetero4arch_ipc10_guardian_vgg_dense_ep60_lr0p01_fr0p3_kd0p5_t4p0_self4p0/agents/agent_1/checkpoints/expert_model.pt	exact duplicate content preserved by path
hardlinked	4325454	7172d211c1dc3923925e9cac3603ce5840156acf7bc56e1be568b91c1cebd909	outputs/cifar100_4agent_25cls_hetero4arch_ipc10_guardian_alex_dense_ep60_lr0p01_fr0p25_kd0p5_t3p0/agents/agent_1/checkpoints/expert_model.pt	outputs/cifar100_4agent_25cls_hetero4arch_ipc10_guardian_vgg_dense_ep60_lr0p01_fr0p3_kd0p6_t3p0_self2p5/agents/agent_1/checkpoints/expert_model.pt	exact duplicate content preserved by path
hardlinked	4325454	7172d211c1dc3923925e9cac3603ce5840156acf7bc56e1be568b91c1cebd909	outputs/cifar100_4agent_25cls_hetero4arch_ipc10_guardian_alex_dense_ep60_lr0p01_fr0p25_kd0p5_t3p0/agents/agent_1/checkpoints/expert_model.pt	outputs/cifar100_4agent_25cls_hetero4arch_ipc10_guardian_vgg_dense_ep60_lr0p01_fr0p3_kd0p6_t3p0_self3p0/agents/agent_1/checkpoints/expert_model.pt	exact duplicate content preserved by path
hardlinked	4325454	7172d211c1dc3923925e9cac3603ce5840156acf7bc56e1be568b91c1cebd909	outputs/cifar100_4agent_25cls_hetero4arch_ipc10_guardian_alex_dense_ep60_lr0p01_fr0p25_kd0p5_t3p0/agents/agent_1/checkpoints/expert_model.pt	outputs/cifar100_4agent_25cls_hetero4arch_ipc10_guardian_vgg_dense_ep60_lr0p01_fr0p3_kd0p6_t3p0_self4p0/agents/agent_1/checkpoints/expert_model.pt	exact duplicate content preserved by path
hardlinked	4325454	7172d211c1dc3923925e9cac3603ce5840156acf7bc56e1be568b91c1cebd909	outputs/cifar100_4agent_25cls_hetero4arch_ipc10_guardian_alex_dense_ep60_lr0p01_fr0p25_kd0p5_t3p0/agents/agent_1/checkpoints/expert_model.pt	outputs/cifar100_4agent_25cls_hetero4arch_ipc10_guardian_vgg_dense_ep60_lr0p01_fr0p3_kd0p6_t4p0_self2p5/agents/agent_1/checkpoints/expert_model.pt	exact duplicate content preserved by path
hardlinked	4325454	7172d211c1dc3923925e9cac3603ce5840156acf7bc56e1be568b91c1cebd909	outputs/cifar100_4agent_25cls_hetero4arch_ipc10_guardian_alex_dense_ep60_lr0p01_fr0p25_kd0p5_t3p0/agents/agent_1/checkpoints/expert_model.pt	outputs/cifar100_4agent_25cls_hetero4arch_ipc10_guardian_vgg_dense_ep60_lr0p01_fr0p3_kd0p6_t4p0_self3p0/agents/agent_1/checkpoints/expert_model.pt	exact duplicate content preserved by path
hardlinked	4325454	7172d211c1dc3923925e9cac3603ce5840156acf7bc56e1be568b91c1cebd909	outputs/cifar100_4agent_25cls_hetero4arch_ipc10_guardian_alex_dense_ep60_lr0p01_fr0p25_kd0p5_t3p0/agents/agent_1/checkpoints/expert_model.pt	outputs/cifar100_4agent_25cls_hetero4arch_ipc10_guardian_vgg_dense_ep60_lr0p01_fr0p3_kd0p6_t4p0_self4p0/agents/agent_1/checkpoints/expert_model.pt	exact duplicate content preserved by path
hardlinked	4325454	7172d211c1dc3923925e9cac3603ce5840156acf7bc56e1be568b91c1cebd909	outputs/cifar100_4agent_25cls_hetero4arch_ipc10_guardian_alex_dense_ep60_lr0p01_fr0p25_kd0p5_t3p0/agents/agent_1/checkpoints/expert_model.pt	outputs/cifar100_4agent_25cls_hetero4arch_ipc10_guardian_vgg_dense_ep60_lr0p01_fr0p4_kd0p3_t3p0_self2p5/agents/agent_1/checkpoints/expert_model.pt	exact duplicate content preserved by path
hardlinked	4325454	7172d211c1dc3923925e9cac3603ce5840156acf7bc56e1be568b91c1cebd909	outputs/cifar100_4agent_25cls_hetero4arch_ipc10_guardian_alex_dense_ep60_lr0p01_fr0p25_kd0p5_t3p0/agents/agent_1/checkpoints/expert_model.pt	outputs/cifar100_4agent_25cls_hetero4arch_ipc10_guardian_vgg_dense_ep60_lr0p01_fr0p4_kd0p3_t3p0_self3p0/agents/agent_1/checkpoints/expert_model.pt	exact duplicate content preserved by path
hardlinked	4325454	7172d211c1dc3923925e9cac3603ce5840156acf7bc56e1be568b91c1cebd909	outputs/cifar100_4agent_25cls_hetero4arch_ipc10_guardian_alex_dense_ep60_lr0p01_fr0p25_kd0p5_t3p0/agents/agent_1/checkpoints/expert_model.pt	outputs/cifar100_4agent_25cls_hetero4arch_ipc10_guardian_vgg_dense_ep60_lr0p01_fr0p4_kd0p3_t3p0_self4p0/agents/agent_1/checkpoints/expert_model.pt	exact duplicate content preserved by path
hardlinked	4325454	7172d211c1dc3923925e9cac3603ce5840156acf7bc56e1be568b91c1cebd909	outputs/cifar100_4agent_25cls_hetero4arch_ipc10_guardian_alex_dense_ep60_lr0p01_fr0p25_kd0p5_t3p0/agents/agent_1/checkpoints/expert_model.pt	outputs/cifar100_4agent_25cls_hetero4arch_ipc10_guardian_vgg_dense_ep60_lr0p01_fr0p4_kd0p3_t4p0_self2p5/agents/agent_1/checkpoints/expert_model.pt	exact duplicate content preserved by path
hardlinked	4325454	7172d211c1dc3923925e9cac3603ce5840156acf7bc56e1be568b91c1cebd909	outputs/cifar100_4agent_25cls_hetero4arch_ipc10_guardian_alex_dense_ep60_lr0p01_fr0p25_kd0p5_t3p0/agents/agent_1/checkpoints/expert_model.pt	outputs/cifar100_4agent_25cls_hetero4arch_ipc10_guardian_vgg_dense_ep60_lr0p01_fr0p4_kd0p3_t4p0_self3p0/agents/agent_1/checkpoints/expert_model.pt	exact duplicate content preserved by path
hardlinked	4325454	7172d211c1dc3923925e9cac3603ce5840156acf7bc56e1be568b91c1cebd909	outputs/cifar100_4agent_25cls_hetero4arch_ipc10_guardian_alex_dense_ep60_lr0p01_fr0p25_kd0p5_t3p0/agents/agent_1/checkpoints/expert_model.pt	outputs/cifar100_4agent_25cls_hetero4arch_ipc10_guardian_vgg_dense_ep60_lr0p01_fr0p4_kd0p3_t4p0_self4p0/agents/agent_1/checkpoints/expert_model.pt	exact duplicate content preserved by path
hardlinked	4325454	7172d211c1dc3923925e9cac3603ce5840156acf7bc56e1be568b91c1cebd909	outputs/cifar100_4agent_25cls_hetero4arch_ipc10_guardian_alex_dense_ep60_lr0p01_fr0p25_kd0p5_t3p0/agents/agent_1/checkpoints/expert_model.pt	outputs/cifar100_4agent_25cls_hetero4arch_ipc10_guardian_vgg_dense_ep60_lr0p01_fr0p4_kd0p4_t3p0_self2p5/agents/agent_1/checkpoints/expert_model.pt	exact duplicate content preserved by path
hardlinked	4325454	7172d211c1dc3923925e9cac3603ce5840156acf7bc56e1be568b91c1cebd909	outputs/cifar100_4agent_25cls_hetero4arch_ipc10_guardian_alex_dense_ep60_lr0p01_fr0p25_kd0p5_t3p0/agents/agent_1/checkpoints/expert_model.pt	outputs/cifar100_4agent_25cls_hetero4arch_ipc10_guardian_vgg_dense_ep60_lr0p01_fr0p4_kd0p4_t3p0_self3p0/agents/agent_1/checkpoints/expert_model.pt	exact duplicate content preserved by path
hardlinked	4325454	7172d211c1dc3923925e9cac3603ce5840156acf7bc56e1be568b91c1cebd909	outputs/cifar100_4agent_25cls_hetero4arch_ipc10_guardian_alex_dense_ep60_lr0p01_fr0p25_kd0p5_t3p0/agents/agent_1/checkpoints/expert_model.pt	outputs/cifar100_4agent_25cls_hetero4arch_ipc10_guardian_vgg_dense_ep60_lr0p01_fr0p4_kd0p4_t3p0_self4p0/agents/agent_1/checkpoints/expert_model.pt	exact duplicate content preserved by path
hardlinked	4325454	7172d211c1dc3923925e9cac3603ce5840156acf7bc56e1be568b91c1cebd909	outputs/cifar100_4agent_25cls_hetero4arch_ipc10_guardian_alex_dense_ep60_lr0p01_fr0p25_kd0p5_t3p0/agents/agent_1/checkpoints/expert_model.pt	outputs/cifar100_4agent_25cls_hetero4arch_ipc10_guardian_vgg_dense_ep60_lr0p01_fr0p4_kd0p4_t4p0_self2p5/agents/agent_1/checkpoints/expert_model.pt	exact duplicate content preserved by path
hardlinked	4325454	7172d211c1dc3923925e9cac3603ce5840156acf7bc56e1be568b91c1cebd909	outputs/cifar100_4agent_25cls_hetero4arch_ipc10_guardian_alex_dense_ep60_lr0p01_fr0p25_kd0p5_t3p0/agents/agent_1/checkpoints/expert_model.pt	outputs/cifar100_4agent_25cls_hetero4arch_ipc10_guardian_vgg_dense_ep60_lr0p01_fr0p4_kd0p4_t4p0_self3p0/agents/agent_1/checkpoints/expert_model.pt	exact duplicate content preserved by path
hardlinked	4325454	7172d211c1dc3923925e9cac3603ce5840156acf7bc56e1be568b91c1cebd909	outputs/cifar100_4agent_25cls_hetero4arch_ipc10_guardian_alex_dense_ep60_lr0p01_fr0p25_kd0p5_t3p0/agents/agent_1/checkpoints/expert_model.pt	outputs/cifar100_4agent_25cls_hetero4arch_ipc10_guardian_vgg_dense_ep60_lr0p01_fr0p4_kd0p4_t4p0_self4p0/agents/agent_1/checkpoints/expert_model.pt	exact duplicate content preserved by path
hardlinked	4325454	7172d211c1dc3923925e9cac3603ce5840156acf7bc56e1be568b91c1cebd909	outputs/cifar100_4agent_25cls_hetero4arch_ipc10_guardian_alex_dense_ep60_lr0p01_fr0p25_kd0p5_t3p0/agents/agent_1/checkpoints/expert_model.pt	outputs/cifar100_4agent_25cls_hetero4arch_ipc10_guardian_vgg_dense_ep60_lr0p01_fr0p4_kd0p5_t3p0_self2p5/agents/agent_1/checkpoints/expert_model.pt	exact duplicate content preserved by path
hardlinked	4325454	7172d211c1dc3923925e9cac3603ce5840156acf7bc56e1be568b91c1cebd909	outputs/cifar100_4agent_25cls_hetero4arch_ipc10_guardian_alex_dense_ep60_lr0p01_fr0p25_kd0p5_t3p0/agents/agent_1/checkpoints/expert_model.pt	outputs/cifar100_4agent_25cls_hetero4arch_ipc10_guardian_vgg_dense_ep60_lr0p01_fr0p4_kd0p5_t3p0_self3p0/agents/agent_1/checkpoints/expert_model.pt	exact duplicate content preserved by path
hardlinked	4325454	7172d211c1dc3923925e9cac3603ce5840156acf7bc56e1be568b91c1cebd909	outputs/cifar100_4agent_25cls_hetero4arch_ipc10_guardian_alex_dense_ep60_lr0p01_fr0p25_kd0p5_t3p0/agents/agent_1/checkpoints/expert_model.pt	outputs/cifar100_4agent_25cls_hetero4arch_ipc10_guardian_vgg_dense_ep60_lr0p01_fr0p4_kd0p5_t3p0_self4p0/agents/agent_1/checkpoints/expert_model.pt	exact duplicate content preserved by path
hardlinked	4325454	7172d211c1dc3923925e9cac3603ce5840156acf7bc56e1be568b91c1cebd909	outputs/cifar100_4agent_25cls_hetero4arch_ipc10_guardian_alex_dense_ep60_lr0p01_fr0p25_kd0p5_t3p0/agents/agent_1/checkpoints/expert_model.pt	outputs/cifar100_4agent_25cls_hetero4arch_ipc10_guardian_vgg_dense_ep60_lr0p01_fr0p4_kd0p5_t4p0_self2p5/agents/agent_1/checkpoints/expert_model.pt	exact duplicate content preserved by path
hardlinked	4325454	7172d211c1dc3923925e9cac3603ce5840156acf7bc56e1be568b91c1cebd909	outputs/cifar100_4agent_25cls_hetero4arch_ipc10_guardian_alex_dense_ep60_lr0p01_fr0p25_kd0p5_t3p0/agents/agent_1/checkpoints/expert_model.pt	outputs/cifar100_4agent_25cls_hetero4arch_ipc10_guardian_vgg_dense_ep60_lr0p01_fr0p4_kd0p5_t4p0_self3p0/agents/agent_1/checkpoints/expert_model.pt	exact duplicate content preserved by path
hardlinked	4325454	7172d211c1dc3923925e9cac3603ce5840156acf7bc56e1be568b91c1cebd909	outputs/cifar100_4agent_25cls_hetero4arch_ipc10_guardian_alex_dense_ep60_lr0p01_fr0p25_kd0p5_t3p0/agents/agent_1/checkpoints/expert_model.pt	outputs/cifar100_4agent_25cls_hetero4arch_ipc10_guardian_vgg_dense_ep60_lr0p01_fr0p4_kd0p5_t4p0_self4p0/agents/agent_1/checkpoints/expert_model.pt	exact duplicate content preserved by path
hardlinked	4325454	7172d211c1dc3923925e9cac3603ce5840156acf7bc56e1be568b91c1cebd909	outputs/cifar100_4agent_25cls_hetero4arch_ipc10_guardian_alex_dense_ep60_lr0p01_fr0p25_kd0p5_t3p0/agents/agent_1/checkpoints/expert_model.pt	outputs/cifar100_4agent_25cls_hetero4arch_ipc10_guardian_vgg_dense_ep60_lr0p01_fr0p4_kd0p6_t3p0_self2p5/agents/agent_1/checkpoints/expert_model.pt	exact duplicate content preserved by path
hardlinked	4325454	7172d211c1dc3923925e9cac3603ce5840156acf7bc56e1be568b91c1cebd909	outputs/cifar100_4agent_25cls_hetero4arch_ipc10_guardian_alex_dense_ep60_lr0p01_fr0p25_kd0p5_t3p0/agents/agent_1/checkpoints/expert_model.pt	outputs/cifar100_4agent_25cls_hetero4arch_ipc10_guardian_vgg_dense_ep60_lr0p01_fr0p4_kd0p6_t3p0_self3p0/agents/agent_1/checkpoints/expert_model.pt	exact duplicate content preserved by path
hardlinked	4325454	7172d211c1dc3923925e9cac3603ce5840156acf7bc56e1be568b91c1cebd909	outputs/cifar100_4agent_25cls_hetero4arch_ipc10_guardian_alex_dense_ep60_lr0p01_fr0p25_kd0p5_t3p0/agents/agent_1/checkpoints/expert_model.pt	outputs/cifar100_4agent_25cls_hetero4arch_ipc10_guardian_vgg_dense_ep60_lr0p01_fr0p4_kd0p6_t3p0_self4p0/agents/agent_1/checkpoints/expert_model.pt	exact duplicate content preserved by path
hardlinked	4325454	7172d211c1dc3923925e9cac3603ce5840156acf7bc56e1be568b91c1cebd909	outputs/cifar100_4agent_25cls_hetero4arch_ipc10_guardian_alex_dense_ep60_lr0p01_fr0p25_kd0p5_t3p0/agents/agent_1/checkpoints/expert_model.pt	outputs/cifar100_4agent_25cls_hetero4arch_ipc10_guardian_vgg_dense_ep60_lr0p01_fr0p4_kd0p6_t4p0_self2p5/agents/agent_1/checkpoints/expert_model.pt	exact duplicate content preserved by path
hardlinked	4325454	7172d211c1dc3923925e9cac3603ce5840156acf7bc56e1be568b91c1cebd909	outputs/cifar100_4agent_25cls_hetero4arch_ipc10_guardian_alex_dense_ep60_lr0p01_fr0p25_kd0p5_t3p0/agents/agent_1/checkpoints/expert_model.pt	outputs/cifar100_4agent_25cls_hetero4arch_ipc10_guardian_vgg_dense_ep60_lr0p01_fr0p4_kd0p6_t4p0_self3p0/agents/agent_1/checkpoints/expert_model.pt	exact duplicate content preserved by path
hardlinked	4325454	7172d211c1dc3923925e9cac3603ce5840156acf7bc56e1be568b91c1cebd909	outputs/cifar100_4agent_25cls_hetero4arch_ipc10_guardian_alex_dense_ep60_lr0p01_fr0p25_kd0p5_t3p0/agents/agent_1/checkpoints/expert_model.pt	outputs/cifar100_4agent_25cls_hetero4arch_ipc10_guardian_vgg_dense_ep60_lr0p01_fr0p4_kd0p6_t4p0_self4p0/agents/agent_1/checkpoints/expert_model.pt	exact duplicate content preserved by path
hardlinked	4325454	7172d211c1dc3923925e9cac3603ce5840156acf7bc56e1be568b91c1cebd909	outputs/cifar100_4agent_25cls_hetero4arch_ipc10_guardian_alex_dense_ep60_lr0p01_fr0p25_kd0p5_t3p0/agents/agent_1/checkpoints/expert_model.pt	outputs/cifar100_4agent_25cls_hetero4arch_ipc10_guardian_vgg_dense_ep75_lr0p01_fr0p25_kd0p3_t3p0_self3p0/agents/agent_1/checkpoints/expert_model.pt	exact duplicate content preserved by path
hardlinked	4325454	7172d211c1dc3923925e9cac3603ce5840156acf7bc56e1be568b91c1cebd909	outputs/cifar100_4agent_25cls_hetero4arch_ipc10_guardian_alex_dense_ep60_lr0p01_fr0p25_kd0p5_t3p0/agents/agent_1/checkpoints/expert_model.pt	outputs/cifar100_4agent_25cls_hetero4arch_ipc10_guardian_vgg_dense_ep75_lr0p01_fr0p25_kd0p3_t4p0_self3p0/agents/agent_1/checkpoints/expert_model.pt	exact duplicate content preserved by path
hardlinked	4325454	7172d211c1dc3923925e9cac3603ce5840156acf7bc56e1be568b91c1cebd909	outputs/cifar100_4agent_25cls_hetero4arch_ipc10_guardian_alex_dense_ep60_lr0p01_fr0p25_kd0p5_t3p0/agents/agent_1/checkpoints/expert_model.pt	outputs/cifar100_4agent_25cls_hetero4arch_ipc10_guardian_vgg_dense_ep75_lr0p01_fr0p25_kd0p4_t3p0_self3p0/agents/agent_1/checkpoints/expert_model.pt	exact duplicate content preserved by path
hardlinked	4325454	7172d211c1dc3923925e9cac3603ce5840156acf7bc56e1be568b91c1cebd909	outputs/cifar100_4agent_25cls_hetero4arch_ipc10_guardian_alex_dense_ep60_lr0p01_fr0p25_kd0p5_t3p0/agents/agent_1/checkpoints/expert_model.pt	outputs/cifar100_4agent_25cls_hetero4arch_ipc10_guardian_vgg_dense_ep75_lr0p01_fr0p25_kd0p4_t4p0_self3p0/agents/agent_1/checkpoints/expert_model.pt	exact duplicate content preserved by path
hardlinked	4325454	7172d211c1dc3923925e9cac3603ce5840156acf7bc56e1be568b91c1cebd909	outputs/cifar100_4agent_25cls_hetero4arch_ipc10_guardian_alex_dense_ep60_lr0p01_fr0p25_kd0p5_t3p0/agents/agent_1/checkpoints/expert_model.pt	outputs/cifar100_4agent_25cls_hetero4arch_ipc10_guardian_vgg_dense_ep75_lr0p01_fr0p25_kd0p5_t3p0_self3p0/agents/agent_1/checkpoints/expert_model.pt	exact duplicate content preserved by path
hardlinked	4325454	7172d211c1dc3923925e9cac3603ce5840156acf7bc56e1be568b91c1cebd909	outputs/cifar100_4agent_25cls_hetero4arch_ipc10_guardian_alex_dense_ep60_lr0p01_fr0p25_kd0p5_t3p0/agents/agent_1/checkpoints/expert_model.pt	outputs/cifar100_4agent_25cls_hetero4arch_ipc10_guardian_vgg_dense_ep75_lr0p01_fr0p25_kd0p5_t4p0_self3p0/agents/agent_1/checkpoints/expert_model.pt	exact duplicate content preserved by path
hardlinked	4325454	7172d211c1dc3923925e9cac3603ce5840156acf7bc56e1be568b91c1cebd909	outputs/cifar100_4agent_25cls_hetero4arch_ipc10_guardian_alex_dense_ep60_lr0p01_fr0p25_kd0p5_t3p0/agents/agent_1/checkpoints/expert_model.pt	outputs/cifar100_4agent_25cls_hetero4arch_ipc10_guardian_vgg_dense_ep75_lr0p01_fr0p25_kd0p6_t3p0_self3p0/agents/agent_1/checkpoints/expert_model.pt	exact duplicate content preserved by path
hardlinked	4325454	7172d211c1dc3923925e9cac3603ce5840156acf7bc56e1be568b91c1cebd909	outputs/cifar100_4agent_25cls_hetero4arch_ipc10_guardian_alex_dense_ep60_lr0p01_fr0p25_kd0p5_t3p0/agents/agent_1/checkpoints/expert_model.pt	outputs/cifar100_4agent_25cls_hetero4arch_ipc10_guardian_vgg_dense_ep75_lr0p01_fr0p25_kd0p6_t4p0_self3p0/agents/agent_1/checkpoints/expert_model.pt	exact duplicate content preserved by path
hardlinked	4325454	7172d211c1dc3923925e9cac3603ce5840156acf7bc56e1be568b91c1cebd909	outputs/cifar100_4agent_25cls_hetero4arch_ipc10_guardian_alex_dense_ep60_lr0p01_fr0p25_kd0p5_t3p0/agents/agent_1/checkpoints/expert_model.pt	outputs/cifar100_4agent_25cls_hetero4arch_ipc10_guardian_vgg_dense_ep75_lr0p01_fr0p3_kd0p3_t3p0_self3p0/agents/agent_1/checkpoints/expert_model.pt	exact duplicate content preserved by path
hardlinked	4325454	7172d211c1dc3923925e9cac3603ce5840156acf7bc56e1be568b91c1cebd909	outputs/cifar100_4agent_25cls_hetero4arch_ipc10_guardian_alex_dense_ep60_lr0p01_fr0p25_kd0p5_t3p0/agents/agent_1/checkpoints/expert_model.pt	outputs/cifar100_4agent_25cls_hetero4arch_ipc10_guardian_vgg_dense_ep75_lr0p01_fr0p3_kd0p3_t4p0_self3p0/agents/agent_1/checkpoints/expert_model.pt	exact duplicate content preserved by path
hardlinked	4325454	7172d211c1dc3923925e9cac3603ce5840156acf7bc56e1be568b91c1cebd909	outputs/cifar100_4agent_25cls_hetero4arch_ipc10_guardian_alex_dense_ep60_lr0p01_fr0p25_kd0p5_t3p0/agents/agent_1/checkpoints/expert_model.pt	outputs/cifar100_4agent_25cls_hetero4arch_ipc10_guardian_vgg_dense_ep75_lr0p01_fr0p3_kd0p4_t3p0_self3p0/agents/agent_1/checkpoints/expert_model.pt	exact duplicate content preserved by path
hardlinked	4325454	7172d211c1dc3923925e9cac3603ce5840156acf7bc56e1be568b91c1cebd909	outputs/cifar100_4agent_25cls_hetero4arch_ipc10_guardian_alex_dense_ep60_lr0p01_fr0p25_kd0p5_t3p0/agents/agent_1/checkpoints/expert_model.pt	outputs/cifar100_4agent_25cls_hetero4arch_ipc10_guardian_vgg_dense_ep75_lr0p01_fr0p3_kd0p4_t4p0_self3p0/agents/agent_1/checkpoints/expert_model.pt	exact duplicate content preserved by path
hardlinked	4325454	7172d211c1dc3923925e9cac3603ce5840156acf7bc56e1be568b91c1cebd909	outputs/cifar100_4agent_25cls_hetero4arch_ipc10_guardian_alex_dense_ep60_lr0p01_fr0p25_kd0p5_t3p0/agents/agent_1/checkpoints/expert_model.pt	outputs/cifar100_4agent_25cls_hetero4arch_ipc10_guardian_vgg_dense_ep75_lr0p01_fr0p3_kd0p5_t3p0_self3p0/agents/agent_1/checkpoints/expert_model.pt	exact duplicate content preserved by path
hardlinked	4325454	7172d211c1dc3923925e9cac3603ce5840156acf7bc56e1be568b91c1cebd909	outputs/cifar100_4agent_25cls_hetero4arch_ipc10_guardian_alex_dense_ep60_lr0p01_fr0p25_kd0p5_t3p0/agents/agent_1/checkpoints/expert_model.pt	outputs/cifar100_4agent_25cls_hetero4arch_ipc10_guardian_vgg_dense_ep75_lr0p01_fr0p3_kd0p5_t4p0_self3p0/agents/agent_1/checkpoints/expert_model.pt	exact duplicate content preserved by path
hardlinked	4325454	7172d211c1dc3923925e9cac3603ce5840156acf7bc56e1be568b91c1cebd909	outputs/cifar100_4agent_25cls_hetero4arch_ipc10_guardian_alex_dense_ep60_lr0p01_fr0p25_kd0p5_t3p0/agents/agent_1/checkpoints/expert_model.pt	outputs/cifar100_4agent_25cls_hetero4arch_ipc10_guardian_vgg_dense_ep75_lr0p01_fr0p3_kd0p6_t3p0_self3p0/agents/agent_1/checkpoints/expert_model.pt	exact duplicate content preserved by path
hardlinked	4325454	7172d211c1dc3923925e9cac3603ce5840156acf7bc56e1be568b91c1cebd909	outputs/cifar100_4agent_25cls_hetero4arch_ipc10_guardian_alex_dense_ep60_lr0p01_fr0p25_kd0p5_t3p0/agents/agent_1/checkpoints/expert_model.pt	outputs/cifar100_4agent_25cls_hetero4arch_ipc10_guardian_vgg_dense_ep75_lr0p01_fr0p3_kd0p6_t4p0_self3p0/agents/agent_1/checkpoints/expert_model.pt	exact duplicate content preserved by path
hardlinked	4325454	7172d211c1dc3923925e9cac3603ce5840156acf7bc56e1be568b91c1cebd909	outputs/cifar100_4agent_25cls_hetero4arch_ipc10_guardian_alex_dense_ep60_lr0p01_fr0p25_kd0p5_t3p0/agents/agent_1/checkpoints/expert_model.pt	outputs/cifar100_4agent_25cls_hetero4arch_ipc10_guardian_vgg_g3_ep090_fr025_kd050_t3_sched_self20/agents/agent_1/checkpoints/expert_model.pt	exact duplicate content preserved by path
hardlinked	4325454	7172d211c1dc3923925e9cac3603ce5840156acf7bc56e1be568b91c1cebd909	outputs/cifar100_4agent_25cls_hetero4arch_ipc10_guardian_alex_dense_ep60_lr0p01_fr0p25_kd0p5_t3p0/agents/agent_1/checkpoints/expert_model.pt	outputs/cifar100_4agent_25cls_hetero4arch_ipc10_guardian_vgg_g3_ep090_fr030_kd050_t3_sched_self30/agents/agent_1/checkpoints/expert_model.pt	exact duplicate content preserved by path
hardlinked	4325454	7172d211c1dc3923925e9cac3603ce5840156acf7bc56e1be568b91c1cebd909	outputs/cifar100_4agent_25cls_hetero4arch_ipc10_guardian_alex_dense_ep60_lr0p01_fr0p25_kd0p5_t3p0/agents/agent_1/checkpoints/expert_model.pt	outputs/cifar100_4agent_25cls_hetero4arch_ipc10_guardian_vgg_g3_fr020_kd040_t4_sched_self30/agents/agent_1/checkpoints/expert_model.pt	exact duplicate content preserved by path
hardlinked	4325454	7172d211c1dc3923925e9cac3603ce5840156acf7bc56e1be568b91c1cebd909	outputs/cifar100_4agent_25cls_hetero4arch_ipc10_guardian_alex_dense_ep60_lr0p01_fr0p25_kd0p5_t3p0/agents/agent_1/checkpoints/expert_model.pt	outputs/cifar100_4agent_25cls_hetero4arch_ipc10_guardian_vgg_g3_fr025_kd050_t3_sched_self30/agents/agent_1/checkpoints/expert_model.pt	exact duplicate content preserved by path
hardlinked	4325454	7172d211c1dc3923925e9cac3603ce5840156acf7bc56e1be568b91c1cebd909	outputs/cifar100_4agent_25cls_hetero4arch_ipc10_guardian_alex_dense_ep60_lr0p01_fr0p25_kd0p5_t3p0/agents/agent_1/checkpoints/expert_model.pt	outputs/cifar100_4agent_25cls_hetero4arch_ipc10_guardian_vgg_g3_fr030_kd040_t3_sched_self30/agents/agent_1/checkpoints/expert_model.pt	exact duplicate content preserved by path
hardlinked	4325454	7172d211c1dc3923925e9cac3603ce5840156acf7bc56e1be568b91c1cebd909	outputs/cifar100_4agent_25cls_hetero4arch_ipc10_guardian_alex_dense_ep60_lr0p01_fr0p25_kd0p5_t3p0/agents/agent_1/checkpoints/expert_model.pt	outputs/cifar100_4agent_25cls_hetero4arch_ipc10_guardian_vgg_g3_fr030_kd050_t3_sched_self30/agents/agent_1/checkpoints/expert_model.pt	exact duplicate content preserved by path
hardlinked	4325454	7172d211c1dc3923925e9cac3603ce5840156acf7bc56e1be568b91c1cebd909	outputs/cifar100_4agent_25cls_hetero4arch_ipc10_guardian_alex_dense_ep60_lr0p01_fr0p25_kd0p5_t3p0/agents/agent_1/checkpoints/expert_model.pt	outputs/cifar100_4agent_25cls_hetero4arch_ipc10_guardian_vgg_g3_fr035_kd060_t3_sched_self20/agents/agent_1/checkpoints/expert_model.pt	exact duplicate content preserved by path
hardlinked	4325454	7172d211c1dc3923925e9cac3603ce5840156acf7bc56e1be568b91c1cebd909	outputs/cifar100_4agent_25cls_hetero4arch_ipc10_guardian_alex_dense_ep60_lr0p01_fr0p25_kd0p5_t3p0/agents/agent_1/checkpoints/expert_model.pt	outputs/cifar100_4agent_25cls_hetero4arch_ipc10_guardian_vgg_g3_fr040_kd060_t3_sched_self20/agents/agent_1/checkpoints/expert_model.pt	exact duplicate content preserved by path
hardlinked	4325454	7172d211c1dc3923925e9cac3603ce5840156acf7bc56e1be568b91c1cebd909	outputs/cifar100_4agent_25cls_hetero4arch_ipc10_guardian_alex_dense_ep60_lr0p01_fr0p25_kd0p5_t3p0/agents/agent_1/checkpoints/expert_model.pt	outputs/cifar100_4agent_25cls_hetero4arch_ipc10_tune2_alex_ep075_fr020_kd060_t3_sched/agents/agent_1/checkpoints/expert_model.pt	exact duplicate content preserved by path
hardlinked	4325454	7172d211c1dc3923925e9cac3603ce5840156acf7bc56e1be568b91c1cebd909	outputs/cifar100_4agent_25cls_hetero4arch_ipc10_guardian_alex_dense_ep60_lr0p01_fr0p25_kd0p5_t3p0/agents/agent_1/checkpoints/expert_model.pt	outputs/cifar100_4agent_25cls_hetero4arch_ipc10_tune2_alex_fr020_kd060_t3_sched/agents/agent_1/checkpoints/expert_model.pt	exact duplicate content preserved by path
hardlinked	4325454	7172d211c1dc3923925e9cac3603ce5840156acf7bc56e1be568b91c1cebd909	outputs/cifar100_4agent_25cls_hetero4arch_ipc10_guardian_alex_dense_ep60_lr0p01_fr0p25_kd0p5_t3p0/agents/agent_1/checkpoints/expert_model.pt	outputs/cifar100_4agent_25cls_hetero4arch_ipc10_tune2_alex_fr020_kd060_t3_sched_self15/agents/agent_1/checkpoints/expert_model.pt	exact duplicate content preserved by path
hardlinked	4325454	7172d211c1dc3923925e9cac3603ce5840156acf7bc56e1be568b91c1cebd909	outputs/cifar100_4agent_25cls_hetero4arch_ipc10_guardian_alex_dense_ep60_lr0p01_fr0p25_kd0p5_t3p0/agents/agent_1/checkpoints/expert_model.pt	outputs/cifar100_4agent_25cls_hetero4arch_ipc10_tune2_alex_fr020_kd060_t4_sched/agents/agent_1/checkpoints/expert_model.pt	exact duplicate content preserved by path
hardlinked	4325454	7172d211c1dc3923925e9cac3603ce5840156acf7bc56e1be568b91c1cebd909	outputs/cifar100_4agent_25cls_hetero4arch_ipc10_guardian_alex_dense_ep60_lr0p01_fr0p25_kd0p5_t3p0/agents/agent_1/checkpoints/expert_model.pt	outputs/cifar100_4agent_25cls_hetero4arch_ipc10_tune2_alex_fr020_kd070_t3_sched/agents/agent_1/checkpoints/expert_model.pt	exact duplicate content preserved by path
hardlinked	4325454	7172d211c1dc3923925e9cac3603ce5840156acf7bc56e1be568b91c1cebd909	outputs/cifar100_4agent_25cls_hetero4arch_ipc10_guardian_alex_dense_ep60_lr0p01_fr0p25_kd0p5_t3p0/agents/agent_1/checkpoints/expert_model.pt	outputs/cifar100_4agent_25cls_hetero4arch_ipc10_tune2_alex_fr025_kd060_t3_sched/agents/agent_1/checkpoints/expert_model.pt	exact duplicate content preserved by path
hardlinked	4325454	7172d211c1dc3923925e9cac3603ce5840156acf7bc56e1be568b91c1cebd909	outputs/cifar100_4agent_25cls_hetero4arch_ipc10_guardian_alex_dense_ep60_lr0p01_fr0p25_kd0p5_t3p0/agents/agent_1/checkpoints/expert_model.pt	outputs/cifar100_4agent_25cls_hetero4arch_ipc10_tune2_vgg_ep075_fr020_kd060_t3_sched_self20/agents/agent_1/checkpoints/expert_model.pt	exact duplicate content preserved by path
hardlinked	4325454	7172d211c1dc3923925e9cac3603ce5840156acf7bc56e1be568b91c1cebd909	outputs/cifar100_4agent_25cls_hetero4arch_ipc10_guardian_alex_dense_ep60_lr0p01_fr0p25_kd0p5_t3p0/agents/agent_1/checkpoints/expert_model.pt	outputs/cifar100_4agent_25cls_hetero4arch_ipc10_tune2_vgg_fr020_kd050_t3_sched_self20/agents/agent_1/checkpoints/expert_model.pt	exact duplicate content preserved by path
hardlinked	4325454	7172d211c1dc3923925e9cac3603ce5840156acf7bc56e1be568b91c1cebd909	outputs/cifar100_4agent_25cls_hetero4arch_ipc10_guardian_alex_dense_ep60_lr0p01_fr0p25_kd0p5_t3p0/agents/agent_1/checkpoints/expert_model.pt	outputs/cifar100_4agent_25cls_hetero4arch_ipc10_tune2_vgg_fr020_kd060_t3_latefr_self20/agents/agent_1/checkpoints/expert_model.pt	exact duplicate content preserved by path
hardlinked	4325454	7172d211c1dc3923925e9cac3603ce5840156acf7bc56e1be568b91c1cebd909	outputs/cifar100_4agent_25cls_hetero4arch_ipc10_guardian_alex_dense_ep60_lr0p01_fr0p25_kd0p5_t3p0/agents/agent_1/checkpoints/expert_model.pt	outputs/cifar100_4agent_25cls_hetero4arch_ipc10_tune2_vgg_fr020_kd060_t3_sched_self20/agents/agent_1/checkpoints/expert_model.pt	exact duplicate content preserved by path
hardlinked	4325454	7172d211c1dc3923925e9cac3603ce5840156acf7bc56e1be568b91c1cebd909	outputs/cifar100_4agent_25cls_hetero4arch_ipc10_guardian_alex_dense_ep60_lr0p01_fr0p25_kd0p5_t3p0/agents/agent_1/checkpoints/expert_model.pt	outputs/cifar100_4agent_25cls_hetero4arch_ipc10_tune2_vgg_fr020_kd060_t3_sched_self30/agents/agent_1/checkpoints/expert_model.pt	exact duplicate content preserved by path
hardlinked	4325454	7172d211c1dc3923925e9cac3603ce5840156acf7bc56e1be568b91c1cebd909	outputs/cifar100_4agent_25cls_hetero4arch_ipc10_guardian_alex_dense_ep60_lr0p01_fr0p25_kd0p5_t3p0/agents/agent_1/checkpoints/expert_model.pt	outputs/cifar100_4agent_25cls_hetero4arch_ipc10_tune2_vgg_fr020_kd070_t4_sched_self20/agents/agent_1/checkpoints/expert_model.pt	exact duplicate content preserved by path
hardlinked	4325454	7172d211c1dc3923925e9cac3603ce5840156acf7bc56e1be568b91c1cebd909	outputs/cifar100_4agent_25cls_hetero4arch_ipc10_guardian_alex_dense_ep60_lr0p01_fr0p25_kd0p5_t3p0/agents/agent_1/checkpoints/expert_model.pt	outputs/cifar100_4agent_25cls_hetero4arch_ipc10_tune2_vgg_fr025_kd060_t3_sched_self20/agents/agent_1/checkpoints/expert_model.pt	exact duplicate content preserved by path
hardlinked	4325454	7172d211c1dc3923925e9cac3603ce5840156acf7bc56e1be568b91c1cebd909	outputs/cifar100_4agent_25cls_hetero4arch_ipc10_guardian_alex_dense_ep60_lr0p01_fr0p25_kd0p5_t3p0/agents/agent_1/checkpoints/expert_model.pt	outputs/cifar100_4agent_25cls_hetero4arch_ipc10_tune2_vgg_fr030_kd060_t3_sched_self20/agents/agent_1/checkpoints/expert_model.pt	exact duplicate content preserved by path
hardlinked	4325454	7172d211c1dc3923925e9cac3603ce5840156acf7bc56e1be568b91c1cebd909	outputs/cifar100_4agent_25cls_hetero4arch_ipc10_guardian_alex_dense_ep60_lr0p01_fr0p25_kd0p5_t3p0/agents/agent_1/checkpoints/expert_model.pt	outputs/cifar100_4agent_25cls_hetero4arch_ipc10_tune_ep050_fr020_kd050_t2/agents/agent_1/checkpoints/expert_model.pt	exact duplicate content preserved by path
hardlinked	4325454	7172d211c1dc3923925e9cac3603ce5840156acf7bc56e1be568b91c1cebd909	outputs/cifar100_4agent_25cls_hetero4arch_ipc10_guardian_alex_dense_ep60_lr0p01_fr0p25_kd0p5_t3p0/agents/agent_1/checkpoints/expert_model.pt	outputs/cifar100_4agent_25cls_hetero4arch_ipc10_tune_ep050_fr020_kd050_t2_partial_20260706_122417/agents/agent_1/checkpoints/expert_model.pt	exact duplicate content preserved by path
hardlinked	4325454	7172d211c1dc3923925e9cac3603ce5840156acf7bc56e1be568b91c1cebd909	outputs/cifar100_4agent_25cls_hetero4arch_ipc10_guardian_alex_dense_ep60_lr0p01_fr0p25_kd0p5_t3p0/agents/agent_1/checkpoints/expert_model.pt	outputs/cifar100_4agent_25cls_hetero4arch_ipc10_tune_ep055_fr020_kd060_t2/agents/agent_1/checkpoints/expert_model.pt	exact duplicate content preserved by path
hardlinked	4325454	7172d211c1dc3923925e9cac3603ce5840156acf7bc56e1be568b91c1cebd909	outputs/cifar100_4agent_25cls_hetero4arch_ipc10_guardian_alex_dense_ep60_lr0p01_fr0p25_kd0p5_t3p0/agents/agent_1/checkpoints/expert_model.pt	outputs/cifar100_4agent_25cls_hetero4arch_ipc10_tune_ep055_fr020_kd060_t2_partial_20260706_122417/agents/agent_1/checkpoints/expert_model.pt	exact duplicate content preserved by path
hardlinked	4325454	7172d211c1dc3923925e9cac3603ce5840156acf7bc56e1be568b91c1cebd909	outputs/cifar100_4agent_25cls_hetero4arch_ipc10_guardian_alex_dense_ep60_lr0p01_fr0p25_kd0p5_t3p0/agents/agent_1/checkpoints/expert_model.pt	outputs/cifar100_4agent_25cls_hetero4arch_ipc10_tune_ep060_fr015_kd050_t2/agents/agent_1/checkpoints/expert_model.pt	exact duplicate content preserved by path
hardlinked	4325454	7172d211c1dc3923925e9cac3603ce5840156acf7bc56e1be568b91c1cebd909	outputs/cifar100_4agent_25cls_hetero4arch_ipc10_guardian_alex_dense_ep60_lr0p01_fr0p25_kd0p5_t3p0/agents/agent_1/checkpoints/expert_model.pt	outputs/cifar100_4agent_25cls_hetero4arch_ipc10_tune_ep060_fr020_kd050_t2/agents/agent_1/checkpoints/expert_model.pt	exact duplicate content preserved by path
hardlinked	4325454	7172d211c1dc3923925e9cac3603ce5840156acf7bc56e1be568b91c1cebd909	outputs/cifar100_4agent_25cls_hetero4arch_ipc10_guardian_alex_dense_ep60_lr0p01_fr0p25_kd0p5_t3p0/agents/agent_1/checkpoints/expert_model.pt	outputs/cifar100_4agent_25cls_hetero4arch_ipc10_tune_ep060_fr020_kd060_t1/agents/agent_1/checkpoints/expert_model.pt	exact duplicate content preserved by path
hardlinked	4325454	7172d211c1dc3923925e9cac3603ce5840156acf7bc56e1be568b91c1cebd909	outputs/cifar100_4agent_25cls_hetero4arch_ipc10_guardian_alex_dense_ep60_lr0p01_fr0p25_kd0p5_t3p0/agents/agent_1/checkpoints/expert_model.pt	outputs/cifar100_4agent_25cls_hetero4arch_ipc10_tune_ep060_fr020_kd060_t2/agents/agent_1/checkpoints/expert_model.pt	exact duplicate content preserved by path
hardlinked	4325454	7172d211c1dc3923925e9cac3603ce5840156acf7bc56e1be568b91c1cebd909	outputs/cifar100_4agent_25cls_hetero4arch_ipc10_guardian_alex_dense_ep60_lr0p01_fr0p25_kd0p5_t3p0/agents/agent_1/checkpoints/expert_model.pt	outputs/cifar100_4agent_25cls_hetero4arch_ipc10_tune_ep060_fr020_kd060_t2_latesched/agents/agent_1/checkpoints/expert_model.pt	exact duplicate content preserved by path
hardlinked	4325454	7172d211c1dc3923925e9cac3603ce5840156acf7bc56e1be568b91c1cebd909	outputs/cifar100_4agent_25cls_hetero4arch_ipc10_guardian_alex_dense_ep60_lr0p01_fr0p25_kd0p5_t3p0/agents/agent_1/checkpoints/expert_model.pt	outputs/cifar100_4agent_25cls_hetero4arch_ipc10_tune_ep060_fr020_kd060_t2_sched/agents/agent_1/checkpoints/expert_model.pt	exact duplicate content preserved by path
hardlinked	4325454	7172d211c1dc3923925e9cac3603ce5840156acf7bc56e1be568b91c1cebd909	outputs/cifar100_4agent_25cls_hetero4arch_ipc10_guardian_alex_dense_ep60_lr0p01_fr0p25_kd0p5_t3p0/agents/agent_1/checkpoints/expert_model.pt	outputs/cifar100_4agent_25cls_hetero4arch_ipc10_tune_ep060_fr020_kd060_t2_sched_latesched/agents/agent_1/checkpoints/expert_model.pt	exact duplicate content preserved by path
hardlinked	4325454	7172d211c1dc3923925e9cac3603ce5840156acf7bc56e1be568b91c1cebd909	outputs/cifar100_4agent_25cls_hetero4arch_ipc10_guardian_alex_dense_ep60_lr0p01_fr0p25_kd0p5_t3p0/agents/agent_1/checkpoints/expert_model.pt	outputs/cifar100_4agent_25cls_hetero4arch_ipc10_tune_ep060_fr020_kd060_t2_sched_self15/agents/agent_1/checkpoints/expert_model.pt	exact duplicate content preserved by path
hardlinked	4325454	7172d211c1dc3923925e9cac3603ce5840156acf7bc56e1be568b91c1cebd909	outputs/cifar100_4agent_25cls_hetero4arch_ipc10_guardian_alex_dense_ep60_lr0p01_fr0p25_kd0p5_t3p0/agents/agent_1/checkpoints/expert_model.pt	outputs/cifar100_4agent_25cls_hetero4arch_ipc10_tune_ep060_fr020_kd060_t2_self15/agents/agent_1/checkpoints/expert_model.pt	exact duplicate content preserved by path
hardlinked	4325454	7172d211c1dc3923925e9cac3603ce5840156acf7bc56e1be568b91c1cebd909	outputs/cifar100_4agent_25cls_hetero4arch_ipc10_guardian_alex_dense_ep60_lr0p01_fr0p25_kd0p5_t3p0/agents/agent_1/checkpoints/expert_model.pt	outputs/cifar100_4agent_25cls_hetero4arch_ipc10_tune_ep060_fr020_kd060_t2_self20/agents/agent_1/checkpoints/expert_model.pt	exact duplicate content preserved by path
hardlinked	4325454	7172d211c1dc3923925e9cac3603ce5840156acf7bc56e1be568b91c1cebd909	outputs/cifar100_4agent_25cls_hetero4arch_ipc10_guardian_alex_dense_ep60_lr0p01_fr0p25_kd0p5_t3p0/agents/agent_1/checkpoints/expert_model.pt	outputs/cifar100_4agent_25cls_hetero4arch_ipc10_tune_ep060_fr020_kd060_t3/agents/agent_1/checkpoints/expert_model.pt	exact duplicate content preserved by path
hardlinked	4325454	7172d211c1dc3923925e9cac3603ce5840156acf7bc56e1be568b91c1cebd909	outputs/cifar100_4agent_25cls_hetero4arch_ipc10_guardian_alex_dense_ep60_lr0p01_fr0p25_kd0p5_t3p0/agents/agent_1/checkpoints/expert_model.pt	outputs/cifar100_4agent_25cls_hetero4arch_ipc10_tune_ep060_fr020_kd060_t3_sched/agents/agent_1/checkpoints/expert_model.pt	exact duplicate content preserved by path
hardlinked	4325454	7172d211c1dc3923925e9cac3603ce5840156acf7bc56e1be568b91c1cebd909	outputs/cifar100_4agent_25cls_hetero4arch_ipc10_guardian_alex_dense_ep60_lr0p01_fr0p25_kd0p5_t3p0/agents/agent_1/checkpoints/expert_model.pt	outputs/cifar100_4agent_25cls_hetero4arch_ipc10_tune_ep060_fr020_kd060_t4/agents/agent_1/checkpoints/expert_model.pt	exact duplicate content preserved by path
hardlinked	4325454	7172d211c1dc3923925e9cac3603ce5840156acf7bc56e1be568b91c1cebd909	outputs/cifar100_4agent_25cls_hetero4arch_ipc10_guardian_alex_dense_ep60_lr0p01_fr0p25_kd0p5_t3p0/agents/agent_1/checkpoints/expert_model.pt	outputs/cifar100_4agent_25cls_hetero4arch_ipc10_tune_ep060_fr020_kd070_t3/agents/agent_1/checkpoints/expert_model.pt	exact duplicate content preserved by path
hardlinked	4325454	7172d211c1dc3923925e9cac3603ce5840156acf7bc56e1be568b91c1cebd909	outputs/cifar100_4agent_25cls_hetero4arch_ipc10_guardian_alex_dense_ep60_lr0p01_fr0p25_kd0p5_t3p0/agents/agent_1/checkpoints/expert_model.pt	outputs/cifar100_4agent_25cls_hetero4arch_ipc10_tune_ep060_fr025_kd050_t2/agents/agent_1/checkpoints/expert_model.pt	exact duplicate content preserved by path
hardlinked	4325454	7172d211c1dc3923925e9cac3603ce5840156acf7bc56e1be568b91c1cebd909	outputs/cifar100_4agent_25cls_hetero4arch_ipc10_guardian_alex_dense_ep60_lr0p01_fr0p25_kd0p5_t3p0/agents/agent_1/checkpoints/expert_model.pt	outputs/cifar100_4agent_25cls_hetero4arch_ipc10_tune_ep060_fr025_kd060_t2/agents/agent_1/checkpoints/expert_model.pt	exact duplicate content preserved by path
hardlinked	4325454	7172d211c1dc3923925e9cac3603ce5840156acf7bc56e1be568b91c1cebd909	outputs/cifar100_4agent_25cls_hetero4arch_ipc10_guardian_alex_dense_ep60_lr0p01_fr0p25_kd0p5_t3p0/agents/agent_1/checkpoints/expert_model.pt	outputs/cifar100_4agent_25cls_hetero4arch_ipc10_tune_ep060_fr030_kd060_t2/agents/agent_1/checkpoints/expert_model.pt	exact duplicate content preserved by path
hardlinked	4325454	7172d211c1dc3923925e9cac3603ce5840156acf7bc56e1be568b91c1cebd909	outputs/cifar100_4agent_25cls_hetero4arch_ipc10_guardian_alex_dense_ep60_lr0p01_fr0p25_kd0p5_t3p0/agents/agent_1/checkpoints/expert_model.pt	outputs/cifar100_4agent_25cls_hetero4arch_ipc10_tune_ep065_fr020_kd060_t2/agents/agent_1/checkpoints/expert_model.pt	exact duplicate content preserved by path
hardlinked	2023046	71b6f7fa9c02df4e269159e918b383cf9dadac422985dd5b8d0181b6b9654609	outputs/cifar100_4agent_25cls_hetero4arch_ipc10_guardian_alex_dense_ep60_lr0p01_fr0p25_kd0p5_t3p0/agents/agent_0/checkpoints/expert_model.pt	outputs/cifar100_4agent_25cls_hetero4arch_ipc10_guardian_alex_dense_ep60_lr0p01_fr0p25_kd0p5_t4p0/agents/agent_0/checkpoints/expert_model.pt	exact duplicate content preserved by path
hardlinked	2023046	71b6f7fa9c02df4e269159e918b383cf9dadac422985dd5b8d0181b6b9654609	outputs/cifar100_4agent_25cls_hetero4arch_ipc10_guardian_alex_dense_ep60_lr0p01_fr0p25_kd0p5_t3p0/agents/agent_0/checkpoints/expert_model.pt	outputs/cifar100_4agent_25cls_hetero4arch_ipc10_guardian_alex_g3_ep090_fr020_kd060_t3_sched/agents/agent_0/checkpoints/expert_model.pt	exact duplicate content preserved by path
hardlinked	2023046	71b6f7fa9c02df4e269159e918b383cf9dadac422985dd5b8d0181b6b9654609	outputs/cifar100_4agent_25cls_hetero4arch_ipc10_guardian_alex_dense_ep60_lr0p01_fr0p25_kd0p5_t3p0/agents/agent_0/checkpoints/expert_model.pt	outputs/cifar100_4agent_25cls_hetero4arch_ipc10_guardian_alex_g3_fr020_kd060_t3_sched_self20/agents/agent_0/checkpoints/expert_model.pt	exact duplicate content preserved by path
hardlinked	2023046	71b6f7fa9c02df4e269159e918b383cf9dadac422985dd5b8d0181b6b9654609	outputs/cifar100_4agent_25cls_hetero4arch_ipc10_guardian_alex_dense_ep60_lr0p01_fr0p25_kd0p5_t3p0/agents/agent_0/checkpoints/expert_model.pt	outputs/cifar100_4agent_25cls_hetero4arch_ipc10_guardian_alex_g3_fr020_kd070_t4_sched/agents/agent_0/checkpoints/expert_model.pt	exact duplicate content preserved by path
hardlinked	2023046	71b6f7fa9c02df4e269159e918b383cf9dadac422985dd5b8d0181b6b9654609	outputs/cifar100_4agent_25cls_hetero4arch_ipc10_guardian_alex_dense_ep60_lr0p01_fr0p25_kd0p5_t3p0/agents/agent_0/checkpoints/expert_model.pt	outputs/cifar100_4agent_25cls_hetero4arch_ipc10_guardian_alex_g3_fr020_kd080_t3_sched/agents/agent_0/checkpoints/expert_model.pt	exact duplicate content preserved by path
hardlinked	2023046	71b6f7fa9c02df4e269159e918b383cf9dadac422985dd5b8d0181b6b9654609	outputs/cifar100_4agent_25cls_hetero4arch_ipc10_guardian_alex_dense_ep60_lr0p01_fr0p25_kd0p5_t3p0/agents/agent_0/checkpoints/expert_model.pt	outputs/cifar100_4agent_25cls_hetero4arch_ipc10_guardian_alex_g3_fr025_kd070_t3_sched_self15/agents/agent_0/checkpoints/expert_model.pt	exact duplicate content preserved by path
hardlinked	2023046	71b6f7fa9c02df4e269159e918b383cf9dadac422985dd5b8d0181b6b9654609	outputs/cifar100_4agent_25cls_hetero4arch_ipc10_guardian_alex_dense_ep60_lr0p01_fr0p25_kd0p5_t3p0/agents/agent_0/checkpoints/expert_model.pt	outputs/cifar100_4agent_25cls_hetero4arch_ipc10_guardian_alex_g3_fr030_kd060_t3_sched/agents/agent_0/checkpoints/expert_model.pt	exact duplicate content preserved by path
hardlinked	2023046	71b6f7fa9c02df4e269159e918b383cf9dadac422985dd5b8d0181b6b9654609	outputs/cifar100_4agent_25cls_hetero4arch_ipc10_guardian_alex_dense_ep60_lr0p01_fr0p25_kd0p5_t3p0/agents/agent_0/checkpoints/expert_model.pt	outputs/cifar100_4agent_25cls_hetero4arch_ipc10_guardian_vgg_dense_ep60_lr0p01_fr0p25_kd0p3_t3p0_self2p5/agents/agent_0/checkpoints/expert_model.pt	exact duplicate content preserved by path
hardlinked	2023046	71b6f7fa9c02df4e269159e918b383cf9dadac422985dd5b8d0181b6b9654609	outputs/cifar100_4agent_25cls_hetero4arch_ipc10_guardian_alex_dense_ep60_lr0p01_fr0p25_kd0p5_t3p0/agents/agent_0/checkpoints/expert_model.pt	outputs/cifar100_4agent_25cls_hetero4arch_ipc10_guardian_vgg_dense_ep60_lr0p01_fr0p25_kd0p3_t3p0_self3p0/agents/agent_0/checkpoints/expert_model.pt	exact duplicate content preserved by path
hardlinked	2023046	71b6f7fa9c02df4e269159e918b383cf9dadac422985dd5b8d0181b6b9654609	outputs/cifar100_4agent_25cls_hetero4arch_ipc10_guardian_alex_dense_ep60_lr0p01_fr0p25_kd0p5_t3p0/agents/agent_0/checkpoints/expert_model.pt	outputs/cifar100_4agent_25cls_hetero4arch_ipc10_guardian_vgg_dense_ep60_lr0p01_fr0p25_kd0p3_t3p0_self4p0/agents/agent_0/checkpoints/expert_model.pt	exact duplicate content preserved by path
hardlinked	2023046	71b6f7fa9c02df4e269159e918b383cf9dadac422985dd5b8d0181b6b9654609	outputs/cifar100_4agent_25cls_hetero4arch_ipc10_guardian_alex_dense_ep60_lr0p01_fr0p25_kd0p5_t3p0/agents/agent_0/checkpoints/expert_model.pt	outputs/cifar100_4agent_25cls_hetero4arch_ipc10_guardian_vgg_dense_ep60_lr0p01_fr0p25_kd0p3_t4p0_self2p5/agents/agent_0/checkpoints/expert_model.pt	exact duplicate content preserved by path
hardlinked	2023046	71b6f7fa9c02df4e269159e918b383cf9dadac422985dd5b8d0181b6b9654609	outputs/cifar100_4agent_25cls_hetero4arch_ipc10_guardian_alex_dense_ep60_lr0p01_fr0p25_kd0p5_t3p0/agents/agent_0/checkpoints/expert_model.pt	outputs/cifar100_4agent_25cls_hetero4arch_ipc10_guardian_vgg_dense_ep60_lr0p01_fr0p25_kd0p3_t4p0_self3p0/agents/agent_0/checkpoints/expert_model.pt	exact duplicate content preserved by path
hardlinked	2023046	71b6f7fa9c02df4e269159e918b383cf9dadac422985dd5b8d0181b6b9654609	outputs/cifar100_4agent_25cls_hetero4arch_ipc10_guardian_alex_dense_ep60_lr0p01_fr0p25_kd0p5_t3p0/agents/agent_0/checkpoints/expert_model.pt	outputs/cifar100_4agent_25cls_hetero4arch_ipc10_guardian_vgg_dense_ep60_lr0p01_fr0p25_kd0p3_t4p0_self4p0/agents/agent_0/checkpoints/expert_model.pt	exact duplicate content preserved by path
hardlinked	2023046	71b6f7fa9c02df4e269159e918b383cf9dadac422985dd5b8d0181b6b9654609	outputs/cifar100_4agent_25cls_hetero4arch_ipc10_guardian_alex_dense_ep60_lr0p01_fr0p25_kd0p5_t3p0/agents/agent_0/checkpoints/expert_model.pt	outputs/cifar100_4agent_25cls_hetero4arch_ipc10_guardian_vgg_dense_ep60_lr0p01_fr0p25_kd0p4_t3p0_self2p5/agents/agent_0/checkpoints/expert_model.pt	exact duplicate content preserved by path
hardlinked	2023046	71b6f7fa9c02df4e269159e918b383cf9dadac422985dd5b8d0181b6b9654609	outputs/cifar100_4agent_25cls_hetero4arch_ipc10_guardian_alex_dense_ep60_lr0p01_fr0p25_kd0p5_t3p0/agents/agent_0/checkpoints/expert_model.pt	outputs/cifar100_4agent_25cls_hetero4arch_ipc10_guardian_vgg_dense_ep60_lr0p01_fr0p25_kd0p4_t3p0_self3p0/agents/agent_0/checkpoints/expert_model.pt	exact duplicate content preserved by path
hardlinked	2023046	71b6f7fa9c02df4e269159e918b383cf9dadac422985dd5b8d0181b6b9654609	outputs/cifar100_4agent_25cls_hetero4arch_ipc10_guardian_alex_dense_ep60_lr0p01_fr0p25_kd0p5_t3p0/agents/agent_0/checkpoints/expert_model.pt	outputs/cifar100_4agent_25cls_hetero4arch_ipc10_guardian_vgg_dense_ep60_lr0p01_fr0p25_kd0p4_t3p0_self4p0/agents/agent_0/checkpoints/expert_model.pt	exact duplicate content preserved by path
hardlinked	2023046	71b6f7fa9c02df4e269159e918b383cf9dadac422985dd5b8d0181b6b9654609	outputs/cifar100_4agent_25cls_hetero4arch_ipc10_guardian_alex_dense_ep60_lr0p01_fr0p25_kd0p5_t3p0/agents/agent_0/checkpoints/expert_model.pt	outputs/cifar100_4agent_25cls_hetero4arch_ipc10_guardian_vgg_dense_ep60_lr0p01_fr0p25_kd0p4_t4p0_self2p5/agents/agent_0/checkpoints/expert_model.pt	exact duplicate content preserved by path
hardlinked	2023046	71b6f7fa9c02df4e269159e918b383cf9dadac422985dd5b8d0181b6b9654609	outputs/cifar100_4agent_25cls_hetero4arch_ipc10_guardian_alex_dense_ep60_lr0p01_fr0p25_kd0p5_t3p0/agents/agent_0/checkpoints/expert_model.pt	outputs/cifar100_4agent_25cls_hetero4arch_ipc10_guardian_vgg_dense_ep60_lr0p01_fr0p25_kd0p4_t4p0_self3p0/agents/agent_0/checkpoints/expert_model.pt	exact duplicate content preserved by path
hardlinked	2023046	71b6f7fa9c02df4e269159e918b383cf9dadac422985dd5b8d0181b6b9654609	outputs/cifar100_4agent_25cls_hetero4arch_ipc10_guardian_alex_dense_ep60_lr0p01_fr0p25_kd0p5_t3p0/agents/agent_0/checkpoints/expert_model.pt	outputs/cifar100_4agent_25cls_hetero4arch_ipc10_guardian_vgg_dense_ep60_lr0p01_fr0p25_kd0p4_t4p0_self4p0/agents/agent_0/checkpoints/expert_model.pt	exact duplicate content preserved by path
hardlinked	2023046	71b6f7fa9c02df4e269159e918b383cf9dadac422985dd5b8d0181b6b9654609	outputs/cifar100_4agent_25cls_hetero4arch_ipc10_guardian_alex_dense_ep60_lr0p01_fr0p25_kd0p5_t3p0/agents/agent_0/checkpoints/expert_model.pt	outputs/cifar100_4agent_25cls_hetero4arch_ipc10_guardian_vgg_dense_ep60_lr0p01_fr0p25_kd0p5_t3p0_self2p5/agents/agent_0/checkpoints/expert_model.pt	exact duplicate content preserved by path
hardlinked	2023046	71b6f7fa9c02df4e269159e918b383cf9dadac422985dd5b8d0181b6b9654609	outputs/cifar100_4agent_25cls_hetero4arch_ipc10_guardian_alex_dense_ep60_lr0p01_fr0p25_kd0p5_t3p0/agents/agent_0/checkpoints/expert_model.pt	outputs/cifar100_4agent_25cls_hetero4arch_ipc10_guardian_vgg_dense_ep60_lr0p01_fr0p25_kd0p5_t3p0_self3p0/agents/agent_0/checkpoints/expert_model.pt	exact duplicate content preserved by path
hardlinked	2023046	71b6f7fa9c02df4e269159e918b383cf9dadac422985dd5b8d0181b6b9654609	outputs/cifar100_4agent_25cls_hetero4arch_ipc10_guardian_alex_dense_ep60_lr0p01_fr0p25_kd0p5_t3p0/agents/agent_0/checkpoints/expert_model.pt	outputs/cifar100_4agent_25cls_hetero4arch_ipc10_guardian_vgg_dense_ep60_lr0p01_fr0p25_kd0p5_t3p0_self4p0/agents/agent_0/checkpoints/expert_model.pt	exact duplicate content preserved by path
hardlinked	2023046	71b6f7fa9c02df4e269159e918b383cf9dadac422985dd5b8d0181b6b9654609	outputs/cifar100_4agent_25cls_hetero4arch_ipc10_guardian_alex_dense_ep60_lr0p01_fr0p25_kd0p5_t3p0/agents/agent_0/checkpoints/expert_model.pt	outputs/cifar100_4agent_25cls_hetero4arch_ipc10_guardian_vgg_dense_ep60_lr0p01_fr0p25_kd0p5_t4p0_self2p5/agents/agent_0/checkpoints/expert_model.pt	exact duplicate content preserved by path
hardlinked	2023046	71b6f7fa9c02df4e269159e918b383cf9dadac422985dd5b8d0181b6b9654609	outputs/cifar100_4agent_25cls_hetero4arch_ipc10_guardian_alex_dense_ep60_lr0p01_fr0p25_kd0p5_t3p0/agents/agent_0/checkpoints/expert_model.pt	outputs/cifar100_4agent_25cls_hetero4arch_ipc10_guardian_vgg_dense_ep60_lr0p01_fr0p25_kd0p5_t4p0_self3p0/agents/agent_0/checkpoints/expert_model.pt	exact duplicate content preserved by path
hardlinked	2023046	71b6f7fa9c02df4e269159e918b383cf9dadac422985dd5b8d0181b6b9654609	outputs/cifar100_4agent_25cls_hetero4arch_ipc10_guardian_alex_dense_ep60_lr0p01_fr0p25_kd0p5_t3p0/agents/agent_0/checkpoints/expert_model.pt	outputs/cifar100_4agent_25cls_hetero4arch_ipc10_guardian_vgg_dense_ep60_lr0p01_fr0p25_kd0p5_t4p0_self4p0/agents/agent_0/checkpoints/expert_model.pt	exact duplicate content preserved by path
hardlinked	2023046	71b6f7fa9c02df4e269159e918b383cf9dadac422985dd5b8d0181b6b9654609	outputs/cifar100_4agent_25cls_hetero4arch_ipc10_guardian_alex_dense_ep60_lr0p01_fr0p25_kd0p5_t3p0/agents/agent_0/checkpoints/expert_model.pt	outputs/cifar100_4agent_25cls_hetero4arch_ipc10_guardian_vgg_dense_ep60_lr0p01_fr0p25_kd0p6_t3p0_self2p5/agents/agent_0/checkpoints/expert_model.pt	exact duplicate content preserved by path
hardlinked	2023046	71b6f7fa9c02df4e269159e918b383cf9dadac422985dd5b8d0181b6b9654609	outputs/cifar100_4agent_25cls_hetero4arch_ipc10_guardian_alex_dense_ep60_lr0p01_fr0p25_kd0p5_t3p0/agents/agent_0/checkpoints/expert_model.pt	outputs/cifar100_4agent_25cls_hetero4arch_ipc10_guardian_vgg_dense_ep60_lr0p01_fr0p25_kd0p6_t3p0_self3p0/agents/agent_0/checkpoints/expert_model.pt	exact duplicate content preserved by path
hardlinked	2023046	71b6f7fa9c02df4e269159e918b383cf9dadac422985dd5b8d0181b6b9654609	outputs/cifar100_4agent_25cls_hetero4arch_ipc10_guardian_alex_dense_ep60_lr0p01_fr0p25_kd0p5_t3p0/agents/agent_0/checkpoints/expert_model.pt	outputs/cifar100_4agent_25cls_hetero4arch_ipc10_guardian_vgg_dense_ep60_lr0p01_fr0p25_kd0p6_t3p0_self4p0/agents/agent_0/checkpoints/expert_model.pt	exact duplicate content preserved by path
hardlinked	2023046	71b6f7fa9c02df4e269159e918b383cf9dadac422985dd5b8d0181b6b9654609	outputs/cifar100_4agent_25cls_hetero4arch_ipc10_guardian_alex_dense_ep60_lr0p01_fr0p25_kd0p5_t3p0/agents/agent_0/checkpoints/expert_model.pt	outputs/cifar100_4agent_25cls_hetero4arch_ipc10_guardian_vgg_dense_ep60_lr0p01_fr0p25_kd0p6_t4p0_self2p5/agents/agent_0/checkpoints/expert_model.pt	exact duplicate content preserved by path
hardlinked	2023046	71b6f7fa9c02df4e269159e918b383cf9dadac422985dd5b8d0181b6b9654609	outputs/cifar100_4agent_25cls_hetero4arch_ipc10_guardian_alex_dense_ep60_lr0p01_fr0p25_kd0p5_t3p0/agents/agent_0/checkpoints/expert_model.pt	outputs/cifar100_4agent_25cls_hetero4arch_ipc10_guardian_vgg_dense_ep60_lr0p01_fr0p25_kd0p6_t4p0_self3p0/agents/agent_0/checkpoints/expert_model.pt	exact duplicate content preserved by path
hardlinked	2023046	71b6f7fa9c02df4e269159e918b383cf9dadac422985dd5b8d0181b6b9654609	outputs/cifar100_4agent_25cls_hetero4arch_ipc10_guardian_alex_dense_ep60_lr0p01_fr0p25_kd0p5_t3p0/agents/agent_0/checkpoints/expert_model.pt	outputs/cifar100_4agent_25cls_hetero4arch_ipc10_guardian_vgg_dense_ep60_lr0p01_fr0p25_kd0p6_t4p0_self4p0/agents/agent_0/checkpoints/expert_model.pt	exact duplicate content preserved by path
hardlinked	2023046	71b6f7fa9c02df4e269159e918b383cf9dadac422985dd5b8d0181b6b9654609	outputs/cifar100_4agent_25cls_hetero4arch_ipc10_guardian_alex_dense_ep60_lr0p01_fr0p25_kd0p5_t3p0/agents/agent_0/checkpoints/expert_model.pt	outputs/cifar100_4agent_25cls_hetero4arch_ipc10_guardian_vgg_dense_ep60_lr0p01_fr0p35_kd0p3_t3p0_self2p5/agents/agent_0/checkpoints/expert_model.pt	exact duplicate content preserved by path
hardlinked	2023046	71b6f7fa9c02df4e269159e918b383cf9dadac422985dd5b8d0181b6b9654609	outputs/cifar100_4agent_25cls_hetero4arch_ipc10_guardian_alex_dense_ep60_lr0p01_fr0p25_kd0p5_t3p0/agents/agent_0/checkpoints/expert_model.pt	outputs/cifar100_4agent_25cls_hetero4arch_ipc10_guardian_vgg_dense_ep60_lr0p01_fr0p35_kd0p3_t3p0_self3p0/agents/agent_0/checkpoints/expert_model.pt	exact duplicate content preserved by path
hardlinked	2023046	71b6f7fa9c02df4e269159e918b383cf9dadac422985dd5b8d0181b6b9654609	outputs/cifar100_4agent_25cls_hetero4arch_ipc10_guardian_alex_dense_ep60_lr0p01_fr0p25_kd0p5_t3p0/agents/agent_0/checkpoints/expert_model.pt	outputs/cifar100_4agent_25cls_hetero4arch_ipc10_guardian_vgg_dense_ep60_lr0p01_fr0p35_kd0p3_t3p0_self4p0/agents/agent_0/checkpoints/expert_model.pt	exact duplicate content preserved by path
hardlinked	2023046	71b6f7fa9c02df4e269159e918b383cf9dadac422985dd5b8d0181b6b9654609	outputs/cifar100_4agent_25cls_hetero4arch_ipc10_guardian_alex_dense_ep60_lr0p01_fr0p25_kd0p5_t3p0/agents/agent_0/checkpoints/expert_model.pt	outputs/cifar100_4agent_25cls_hetero4arch_ipc10_guardian_vgg_dense_ep60_lr0p01_fr0p35_kd0p3_t4p0_self2p5/agents/agent_0/checkpoints/expert_model.pt	exact duplicate content preserved by path
hardlinked	2023046	71b6f7fa9c02df4e269159e918b383cf9dadac422985dd5b8d0181b6b9654609	outputs/cifar100_4agent_25cls_hetero4arch_ipc10_guardian_alex_dense_ep60_lr0p01_fr0p25_kd0p5_t3p0/agents/agent_0/checkpoints/expert_model.pt	outputs/cifar100_4agent_25cls_hetero4arch_ipc10_guardian_vgg_dense_ep60_lr0p01_fr0p35_kd0p3_t4p0_self3p0/agents/agent_0/checkpoints/expert_model.pt	exact duplicate content preserved by path
hardlinked	2023046	71b6f7fa9c02df4e269159e918b383cf9dadac422985dd5b8d0181b6b9654609	outputs/cifar100_4agent_25cls_hetero4arch_ipc10_guardian_alex_dense_ep60_lr0p01_fr0p25_kd0p5_t3p0/agents/agent_0/checkpoints/expert_model.pt	outputs/cifar100_4agent_25cls_hetero4arch_ipc10_guardian_vgg_dense_ep60_lr0p01_fr0p35_kd0p3_t4p0_self4p0/agents/agent_0/checkpoints/expert_model.pt	exact duplicate content preserved by path
hardlinked	2023046	71b6f7fa9c02df4e269159e918b383cf9dadac422985dd5b8d0181b6b9654609	outputs/cifar100_4agent_25cls_hetero4arch_ipc10_guardian_alex_dense_ep60_lr0p01_fr0p25_kd0p5_t3p0/agents/agent_0/checkpoints/expert_model.pt	outputs/cifar100_4agent_25cls_hetero4arch_ipc10_guardian_vgg_dense_ep60_lr0p01_fr0p35_kd0p4_t3p0_self2p5/agents/agent_0/checkpoints/expert_model.pt	exact duplicate content preserved by path
hardlinked	2023046	71b6f7fa9c02df4e269159e918b383cf9dadac422985dd5b8d0181b6b9654609	outputs/cifar100_4agent_25cls_hetero4arch_ipc10_guardian_alex_dense_ep60_lr0p01_fr0p25_kd0p5_t3p0/agents/agent_0/checkpoints/expert_model.pt	outputs/cifar100_4agent_25cls_hetero4arch_ipc10_guardian_vgg_dense_ep60_lr0p01_fr0p35_kd0p4_t3p0_self3p0/agents/agent_0/checkpoints/expert_model.pt	exact duplicate content preserved by path
hardlinked	2023046	71b6f7fa9c02df4e269159e918b383cf9dadac422985dd5b8d0181b6b9654609	outputs/cifar100_4agent_25cls_hetero4arch_ipc10_guardian_alex_dense_ep60_lr0p01_fr0p25_kd0p5_t3p0/agents/agent_0/checkpoints/expert_model.pt	outputs/cifar100_4agent_25cls_hetero4arch_ipc10_guardian_vgg_dense_ep60_lr0p01_fr0p35_kd0p4_t3p0_self4p0/agents/agent_0/checkpoints/expert_model.pt	exact duplicate content preserved by path
hardlinked	2023046	71b6f7fa9c02df4e269159e918b383cf9dadac422985dd5b8d0181b6b9654609	outputs/cifar100_4agent_25cls_hetero4arch_ipc10_guardian_alex_dense_ep60_lr0p01_fr0p25_kd0p5_t3p0/agents/agent_0/checkpoints/expert_model.pt	outputs/cifar100_4agent_25cls_hetero4arch_ipc10_guardian_vgg_dense_ep60_lr0p01_fr0p35_kd0p4_t4p0_self2p5/agents/agent_0/checkpoints/expert_model.pt	exact duplicate content preserved by path
hardlinked	2023046	71b6f7fa9c02df4e269159e918b383cf9dadac422985dd5b8d0181b6b9654609	outputs/cifar100_4agent_25cls_hetero4arch_ipc10_guardian_alex_dense_ep60_lr0p01_fr0p25_kd0p5_t3p0/agents/agent_0/checkpoints/expert_model.pt	outputs/cifar100_4agent_25cls_hetero4arch_ipc10_guardian_vgg_dense_ep60_lr0p01_fr0p35_kd0p4_t4p0_self3p0/agents/agent_0/checkpoints/expert_model.pt	exact duplicate content preserved by path
hardlinked	2023046	71b6f7fa9c02df4e269159e918b383cf9dadac422985dd5b8d0181b6b9654609	outputs/cifar100_4agent_25cls_hetero4arch_ipc10_guardian_alex_dense_ep60_lr0p01_fr0p25_kd0p5_t3p0/agents/agent_0/checkpoints/expert_model.pt	outputs/cifar100_4agent_25cls_hetero4arch_ipc10_guardian_vgg_dense_ep60_lr0p01_fr0p35_kd0p4_t4p0_self4p0/agents/agent_0/checkpoints/expert_model.pt	exact duplicate content preserved by path
hardlinked	2023046	71b6f7fa9c02df4e269159e918b383cf9dadac422985dd5b8d0181b6b9654609	outputs/cifar100_4agent_25cls_hetero4arch_ipc10_guardian_alex_dense_ep60_lr0p01_fr0p25_kd0p5_t3p0/agents/agent_0/checkpoints/expert_model.pt	outputs/cifar100_4agent_25cls_hetero4arch_ipc10_guardian_vgg_dense_ep60_lr0p01_fr0p35_kd0p5_t3p0_self2p5/agents/agent_0/checkpoints/expert_model.pt	exact duplicate content preserved by path
hardlinked	2023046	71b6f7fa9c02df4e269159e918b383cf9dadac422985dd5b8d0181b6b9654609	outputs/cifar100_4agent_25cls_hetero4arch_ipc10_guardian_alex_dense_ep60_lr0p01_fr0p25_kd0p5_t3p0/agents/agent_0/checkpoints/expert_model.pt	outputs/cifar100_4agent_25cls_hetero4arch_ipc10_guardian_vgg_dense_ep60_lr0p01_fr0p35_kd0p5_t3p0_self3p0/agents/agent_0/checkpoints/expert_model.pt	exact duplicate content preserved by path
hardlinked	2023046	71b6f7fa9c02df4e269159e918b383cf9dadac422985dd5b8d0181b6b9654609	outputs/cifar100_4agent_25cls_hetero4arch_ipc10_guardian_alex_dense_ep60_lr0p01_fr0p25_kd0p5_t3p0/agents/agent_0/checkpoints/expert_model.pt	outputs/cifar100_4agent_25cls_hetero4arch_ipc10_guardian_vgg_dense_ep60_lr0p01_fr0p35_kd0p5_t3p0_self4p0/agents/agent_0/checkpoints/expert_model.pt	exact duplicate content preserved by path
hardlinked	2023046	71b6f7fa9c02df4e269159e918b383cf9dadac422985dd5b8d0181b6b9654609	outputs/cifar100_4agent_25cls_hetero4arch_ipc10_guardian_alex_dense_ep60_lr0p01_fr0p25_kd0p5_t3p0/agents/agent_0/checkpoints/expert_model.pt	outputs/cifar100_4agent_25cls_hetero4arch_ipc10_guardian_vgg_dense_ep60_lr0p01_fr0p35_kd0p5_t4p0_self2p5/agents/agent_0/checkpoints/expert_model.pt	exact duplicate content preserved by path
hardlinked	2023046	71b6f7fa9c02df4e269159e918b383cf9dadac422985dd5b8d0181b6b9654609	outputs/cifar100_4agent_25cls_hetero4arch_ipc10_guardian_alex_dense_ep60_lr0p01_fr0p25_kd0p5_t3p0/agents/agent_0/checkpoints/expert_model.pt	outputs/cifar100_4agent_25cls_hetero4arch_ipc10_guardian_vgg_dense_ep60_lr0p01_fr0p35_kd0p5_t4p0_self3p0/agents/agent_0/checkpoints/expert_model.pt	exact duplicate content preserved by path
hardlinked	2023046	71b6f7fa9c02df4e269159e918b383cf9dadac422985dd5b8d0181b6b9654609	outputs/cifar100_4agent_25cls_hetero4arch_ipc10_guardian_alex_dense_ep60_lr0p01_fr0p25_kd0p5_t3p0/agents/agent_0/checkpoints/expert_model.pt	outputs/cifar100_4agent_25cls_hetero4arch_ipc10_guardian_vgg_dense_ep60_lr0p01_fr0p35_kd0p5_t4p0_self4p0/agents/agent_0/checkpoints/expert_model.pt	exact duplicate content preserved by path
hardlinked	2023046	71b6f7fa9c02df4e269159e918b383cf9dadac422985dd5b8d0181b6b9654609	outputs/cifar100_4agent_25cls_hetero4arch_ipc10_guardian_alex_dense_ep60_lr0p01_fr0p25_kd0p5_t3p0/agents/agent_0/checkpoints/expert_model.pt	outputs/cifar100_4agent_25cls_hetero4arch_ipc10_guardian_vgg_dense_ep60_lr0p01_fr0p35_kd0p6_t3p0_self2p5/agents/agent_0/checkpoints/expert_model.pt	exact duplicate content preserved by path
hardlinked	2023046	71b6f7fa9c02df4e269159e918b383cf9dadac422985dd5b8d0181b6b9654609	outputs/cifar100_4agent_25cls_hetero4arch_ipc10_guardian_alex_dense_ep60_lr0p01_fr0p25_kd0p5_t3p0/agents/agent_0/checkpoints/expert_model.pt	outputs/cifar100_4agent_25cls_hetero4arch_ipc10_guardian_vgg_dense_ep60_lr0p01_fr0p35_kd0p6_t3p0_self3p0/agents/agent_0/checkpoints/expert_model.pt	exact duplicate content preserved by path
hardlinked	2023046	71b6f7fa9c02df4e269159e918b383cf9dadac422985dd5b8d0181b6b9654609	outputs/cifar100_4agent_25cls_hetero4arch_ipc10_guardian_alex_dense_ep60_lr0p01_fr0p25_kd0p5_t3p0/agents/agent_0/checkpoints/expert_model.pt	outputs/cifar100_4agent_25cls_hetero4arch_ipc10_guardian_vgg_dense_ep60_lr0p01_fr0p35_kd0p6_t3p0_self4p0/agents/agent_0/checkpoints/expert_model.pt	exact duplicate content preserved by path
hardlinked	2023046	71b6f7fa9c02df4e269159e918b383cf9dadac422985dd5b8d0181b6b9654609	outputs/cifar100_4agent_25cls_hetero4arch_ipc10_guardian_alex_dense_ep60_lr0p01_fr0p25_kd0p5_t3p0/agents/agent_0/checkpoints/expert_model.pt	outputs/cifar100_4agent_25cls_hetero4arch_ipc10_guardian_vgg_dense_ep60_lr0p01_fr0p35_kd0p6_t4p0_self2p5/agents/agent_0/checkpoints/expert_model.pt	exact duplicate content preserved by path
hardlinked	2023046	71b6f7fa9c02df4e269159e918b383cf9dadac422985dd5b8d0181b6b9654609	outputs/cifar100_4agent_25cls_hetero4arch_ipc10_guardian_alex_dense_ep60_lr0p01_fr0p25_kd0p5_t3p0/agents/agent_0/checkpoints/expert_model.pt	outputs/cifar100_4agent_25cls_hetero4arch_ipc10_guardian_vgg_dense_ep60_lr0p01_fr0p35_kd0p6_t4p0_self3p0/agents/agent_0/checkpoints/expert_model.pt	exact duplicate content preserved by path
hardlinked	2023046	71b6f7fa9c02df4e269159e918b383cf9dadac422985dd5b8d0181b6b9654609	outputs/cifar100_4agent_25cls_hetero4arch_ipc10_guardian_alex_dense_ep60_lr0p01_fr0p25_kd0p5_t3p0/agents/agent_0/checkpoints/expert_model.pt	outputs/cifar100_4agent_25cls_hetero4arch_ipc10_guardian_vgg_dense_ep60_lr0p01_fr0p35_kd0p6_t4p0_self4p0/agents/agent_0/checkpoints/expert_model.pt	exact duplicate content preserved by path
hardlinked	2023046	71b6f7fa9c02df4e269159e918b383cf9dadac422985dd5b8d0181b6b9654609	outputs/cifar100_4agent_25cls_hetero4arch_ipc10_guardian_alex_dense_ep60_lr0p01_fr0p25_kd0p5_t3p0/agents/agent_0/checkpoints/expert_model.pt	outputs/cifar100_4agent_25cls_hetero4arch_ipc10_guardian_vgg_dense_ep60_lr0p01_fr0p3_kd0p3_t3p0_self2p5/agents/agent_0/checkpoints/expert_model.pt	exact duplicate content preserved by path
hardlinked	2023046	71b6f7fa9c02df4e269159e918b383cf9dadac422985dd5b8d0181b6b9654609	outputs/cifar100_4agent_25cls_hetero4arch_ipc10_guardian_alex_dense_ep60_lr0p01_fr0p25_kd0p5_t3p0/agents/agent_0/checkpoints/expert_model.pt	outputs/cifar100_4agent_25cls_hetero4arch_ipc10_guardian_vgg_dense_ep60_lr0p01_fr0p3_kd0p3_t3p0_self3p0/agents/agent_0/checkpoints/expert_model.pt	exact duplicate content preserved by path
hardlinked	2023046	71b6f7fa9c02df4e269159e918b383cf9dadac422985dd5b8d0181b6b9654609	outputs/cifar100_4agent_25cls_hetero4arch_ipc10_guardian_alex_dense_ep60_lr0p01_fr0p25_kd0p5_t3p0/agents/agent_0/checkpoints/expert_model.pt	outputs/cifar100_4agent_25cls_hetero4arch_ipc10_guardian_vgg_dense_ep60_lr0p01_fr0p3_kd0p3_t3p0_self4p0/agents/agent_0/checkpoints/expert_model.pt	exact duplicate content preserved by path
hardlinked	2023046	71b6f7fa9c02df4e269159e918b383cf9dadac422985dd5b8d0181b6b9654609	outputs/cifar100_4agent_25cls_hetero4arch_ipc10_guardian_alex_dense_ep60_lr0p01_fr0p25_kd0p5_t3p0/agents/agent_0/checkpoints/expert_model.pt	outputs/cifar100_4agent_25cls_hetero4arch_ipc10_guardian_vgg_dense_ep60_lr0p01_fr0p3_kd0p3_t4p0_self2p5/agents/agent_0/checkpoints/expert_model.pt	exact duplicate content preserved by path
hardlinked	2023046	71b6f7fa9c02df4e269159e918b383cf9dadac422985dd5b8d0181b6b9654609	outputs/cifar100_4agent_25cls_hetero4arch_ipc10_guardian_alex_dense_ep60_lr0p01_fr0p25_kd0p5_t3p0/agents/agent_0/checkpoints/expert_model.pt	outputs/cifar100_4agent_25cls_hetero4arch_ipc10_guardian_vgg_dense_ep60_lr0p01_fr0p3_kd0p3_t4p0_self3p0/agents/agent_0/checkpoints/expert_model.pt	exact duplicate content preserved by path
hardlinked	2023046	71b6f7fa9c02df4e269159e918b383cf9dadac422985dd5b8d0181b6b9654609	outputs/cifar100_4agent_25cls_hetero4arch_ipc10_guardian_alex_dense_ep60_lr0p01_fr0p25_kd0p5_t3p0/agents/agent_0/checkpoints/expert_model.pt	outputs/cifar100_4agent_25cls_hetero4arch_ipc10_guardian_vgg_dense_ep60_lr0p01_fr0p3_kd0p3_t4p0_self4p0/agents/agent_0/checkpoints/expert_model.pt	exact duplicate content preserved by path
hardlinked	2023046	71b6f7fa9c02df4e269159e918b383cf9dadac422985dd5b8d0181b6b9654609	outputs/cifar100_4agent_25cls_hetero4arch_ipc10_guardian_alex_dense_ep60_lr0p01_fr0p25_kd0p5_t3p0/agents/agent_0/checkpoints/expert_model.pt	outputs/cifar100_4agent_25cls_hetero4arch_ipc10_guardian_vgg_dense_ep60_lr0p01_fr0p3_kd0p4_t3p0_self2p5/agents/agent_0/checkpoints/expert_model.pt	exact duplicate content preserved by path
hardlinked	2023046	71b6f7fa9c02df4e269159e918b383cf9dadac422985dd5b8d0181b6b9654609	outputs/cifar100_4agent_25cls_hetero4arch_ipc10_guardian_alex_dense_ep60_lr0p01_fr0p25_kd0p5_t3p0/agents/agent_0/checkpoints/expert_model.pt	outputs/cifar100_4agent_25cls_hetero4arch_ipc10_guardian_vgg_dense_ep60_lr0p01_fr0p3_kd0p4_t3p0_self3p0/agents/agent_0/checkpoints/expert_model.pt	exact duplicate content preserved by path
hardlinked	2023046	71b6f7fa9c02df4e269159e918b383cf9dadac422985dd5b8d0181b6b9654609	outputs/cifar100_4agent_25cls_hetero4arch_ipc10_guardian_alex_dense_ep60_lr0p01_fr0p25_kd0p5_t3p0/agents/agent_0/checkpoints/expert_model.pt	outputs/cifar100_4agent_25cls_hetero4arch_ipc10_guardian_vgg_dense_ep60_lr0p01_fr0p3_kd0p4_t3p0_self4p0/agents/agent_0/checkpoints/expert_model.pt	exact duplicate content preserved by path
hardlinked	2023046	71b6f7fa9c02df4e269159e918b383cf9dadac422985dd5b8d0181b6b9654609	outputs/cifar100_4agent_25cls_hetero4arch_ipc10_guardian_alex_dense_ep60_lr0p01_fr0p25_kd0p5_t3p0/agents/agent_0/checkpoints/expert_model.pt	outputs/cifar100_4agent_25cls_hetero4arch_ipc10_guardian_vgg_dense_ep60_lr0p01_fr0p3_kd0p4_t4p0_self2p5/agents/agent_0/checkpoints/expert_model.pt	exact duplicate content preserved by path
hardlinked	2023046	71b6f7fa9c02df4e269159e918b383cf9dadac422985dd5b8d0181b6b9654609	outputs/cifar100_4agent_25cls_hetero4arch_ipc10_guardian_alex_dense_ep60_lr0p01_fr0p25_kd0p5_t3p0/agents/agent_0/checkpoints/expert_model.pt	outputs/cifar100_4agent_25cls_hetero4arch_ipc10_guardian_vgg_dense_ep60_lr0p01_fr0p3_kd0p4_t4p0_self3p0/agents/agent_0/checkpoints/expert_model.pt	exact duplicate content preserved by path
hardlinked	2023046	71b6f7fa9c02df4e269159e918b383cf9dadac422985dd5b8d0181b6b9654609	outputs/cifar100_4agent_25cls_hetero4arch_ipc10_guardian_alex_dense_ep60_lr0p01_fr0p25_kd0p5_t3p0/agents/agent_0/checkpoints/expert_model.pt	outputs/cifar100_4agent_25cls_hetero4arch_ipc10_guardian_vgg_dense_ep60_lr0p01_fr0p3_kd0p4_t4p0_self4p0/agents/agent_0/checkpoints/expert_model.pt	exact duplicate content preserved by path
hardlinked	2023046	71b6f7fa9c02df4e269159e918b383cf9dadac422985dd5b8d0181b6b9654609	outputs/cifar100_4agent_25cls_hetero4arch_ipc10_guardian_alex_dense_ep60_lr0p01_fr0p25_kd0p5_t3p0/agents/agent_0/checkpoints/expert_model.pt	outputs/cifar100_4agent_25cls_hetero4arch_ipc10_guardian_vgg_dense_ep60_lr0p01_fr0p3_kd0p5_t3p0_self2p5/agents/agent_0/checkpoints/expert_model.pt	exact duplicate content preserved by path
hardlinked	2023046	71b6f7fa9c02df4e269159e918b383cf9dadac422985dd5b8d0181b6b9654609	outputs/cifar100_4agent_25cls_hetero4arch_ipc10_guardian_alex_dense_ep60_lr0p01_fr0p25_kd0p5_t3p0/agents/agent_0/checkpoints/expert_model.pt	outputs/cifar100_4agent_25cls_hetero4arch_ipc10_guardian_vgg_dense_ep60_lr0p01_fr0p3_kd0p5_t3p0_self3p0/agents/agent_0/checkpoints/expert_model.pt	exact duplicate content preserved by path
hardlinked	2023046	71b6f7fa9c02df4e269159e918b383cf9dadac422985dd5b8d0181b6b9654609	outputs/cifar100_4agent_25cls_hetero4arch_ipc10_guardian_alex_dense_ep60_lr0p01_fr0p25_kd0p5_t3p0/agents/agent_0/checkpoints/expert_model.pt	outputs/cifar100_4agent_25cls_hetero4arch_ipc10_guardian_vgg_dense_ep60_lr0p01_fr0p3_kd0p5_t3p0_self4p0/agents/agent_0/checkpoints/expert_model.pt	exact duplicate content preserved by path
hardlinked	2023046	71b6f7fa9c02df4e269159e918b383cf9dadac422985dd5b8d0181b6b9654609	outputs/cifar100_4agent_25cls_hetero4arch_ipc10_guardian_alex_dense_ep60_lr0p01_fr0p25_kd0p5_t3p0/agents/agent_0/checkpoints/expert_model.pt	outputs/cifar100_4agent_25cls_hetero4arch_ipc10_guardian_vgg_dense_ep60_lr0p01_fr0p3_kd0p5_t4p0_self2p5/agents/agent_0/checkpoints/expert_model.pt	exact duplicate content preserved by path
hardlinked	2023046	71b6f7fa9c02df4e269159e918b383cf9dadac422985dd5b8d0181b6b9654609	outputs/cifar100_4agent_25cls_hetero4arch_ipc10_guardian_alex_dense_ep60_lr0p01_fr0p25_kd0p5_t3p0/agents/agent_0/checkpoints/expert_model.pt	outputs/cifar100_4agent_25cls_hetero4arch_ipc10_guardian_vgg_dense_ep60_lr0p01_fr0p3_kd0p5_t4p0_self3p0/agents/agent_0/checkpoints/expert_model.pt	exact duplicate content preserved by path
hardlinked	2023046	71b6f7fa9c02df4e269159e918b383cf9dadac422985dd5b8d0181b6b9654609	outputs/cifar100_4agent_25cls_hetero4arch_ipc10_guardian_alex_dense_ep60_lr0p01_fr0p25_kd0p5_t3p0/agents/agent_0/checkpoints/expert_model.pt	outputs/cifar100_4agent_25cls_hetero4arch_ipc10_guardian_vgg_dense_ep60_lr0p01_fr0p3_kd0p5_t4p0_self4p0/agents/agent_0/checkpoints/expert_model.pt	exact duplicate content preserved by path
hardlinked	2023046	71b6f7fa9c02df4e269159e918b383cf9dadac422985dd5b8d0181b6b9654609	outputs/cifar100_4agent_25cls_hetero4arch_ipc10_guardian_alex_dense_ep60_lr0p01_fr0p25_kd0p5_t3p0/agents/agent_0/checkpoints/expert_model.pt	outputs/cifar100_4agent_25cls_hetero4arch_ipc10_guardian_vgg_dense_ep60_lr0p01_fr0p3_kd0p6_t3p0_self2p5/agents/agent_0/checkpoints/expert_model.pt	exact duplicate content preserved by path
hardlinked	2023046	71b6f7fa9c02df4e269159e918b383cf9dadac422985dd5b8d0181b6b9654609	outputs/cifar100_4agent_25cls_hetero4arch_ipc10_guardian_alex_dense_ep60_lr0p01_fr0p25_kd0p5_t3p0/agents/agent_0/checkpoints/expert_model.pt	outputs/cifar100_4agent_25cls_hetero4arch_ipc10_guardian_vgg_dense_ep60_lr0p01_fr0p3_kd0p6_t3p0_self3p0/agents/agent_0/checkpoints/expert_model.pt	exact duplicate content preserved by path
hardlinked	2023046	71b6f7fa9c02df4e269159e918b383cf9dadac422985dd5b8d0181b6b9654609	outputs/cifar100_4agent_25cls_hetero4arch_ipc10_guardian_alex_dense_ep60_lr0p01_fr0p25_kd0p5_t3p0/agents/agent_0/checkpoints/expert_model.pt	outputs/cifar100_4agent_25cls_hetero4arch_ipc10_guardian_vgg_dense_ep60_lr0p01_fr0p3_kd0p6_t3p0_self4p0/agents/agent_0/checkpoints/expert_model.pt	exact duplicate content preserved by path
hardlinked	2023046	71b6f7fa9c02df4e269159e918b383cf9dadac422985dd5b8d0181b6b9654609	outputs/cifar100_4agent_25cls_hetero4arch_ipc10_guardian_alex_dense_ep60_lr0p01_fr0p25_kd0p5_t3p0/agents/agent_0/checkpoints/expert_model.pt	outputs/cifar100_4agent_25cls_hetero4arch_ipc10_guardian_vgg_dense_ep60_lr0p01_fr0p3_kd0p6_t4p0_self2p5/agents/agent_0/checkpoints/expert_model.pt	exact duplicate content preserved by path
hardlinked	2023046	71b6f7fa9c02df4e269159e918b383cf9dadac422985dd5b8d0181b6b9654609	outputs/cifar100_4agent_25cls_hetero4arch_ipc10_guardian_alex_dense_ep60_lr0p01_fr0p25_kd0p5_t3p0/agents/agent_0/checkpoints/expert_model.pt	outputs/cifar100_4agent_25cls_hetero4arch_ipc10_guardian_vgg_dense_ep60_lr0p01_fr0p3_kd0p6_t4p0_self3p0/agents/agent_0/checkpoints/expert_model.pt	exact duplicate content preserved by path
hardlinked	2023046	71b6f7fa9c02df4e269159e918b383cf9dadac422985dd5b8d0181b6b9654609	outputs/cifar100_4agent_25cls_hetero4arch_ipc10_guardian_alex_dense_ep60_lr0p01_fr0p25_kd0p5_t3p0/agents/agent_0/checkpoints/expert_model.pt	outputs/cifar100_4agent_25cls_hetero4arch_ipc10_guardian_vgg_dense_ep60_lr0p01_fr0p3_kd0p6_t4p0_self4p0/agents/agent_0/checkpoints/expert_model.pt	exact duplicate content preserved by path
hardlinked	2023046	71b6f7fa9c02df4e269159e918b383cf9dadac422985dd5b8d0181b6b9654609	outputs/cifar100_4agent_25cls_hetero4arch_ipc10_guardian_alex_dense_ep60_lr0p01_fr0p25_kd0p5_t3p0/agents/agent_0/checkpoints/expert_model.pt	outputs/cifar100_4agent_25cls_hetero4arch_ipc10_guardian_vgg_dense_ep60_lr0p01_fr0p4_kd0p3_t3p0_self2p5/agents/agent_0/checkpoints/expert_model.pt	exact duplicate content preserved by path
hardlinked	2023046	71b6f7fa9c02df4e269159e918b383cf9dadac422985dd5b8d0181b6b9654609	outputs/cifar100_4agent_25cls_hetero4arch_ipc10_guardian_alex_dense_ep60_lr0p01_fr0p25_kd0p5_t3p0/agents/agent_0/checkpoints/expert_model.pt	outputs/cifar100_4agent_25cls_hetero4arch_ipc10_guardian_vgg_dense_ep60_lr0p01_fr0p4_kd0p3_t3p0_self3p0/agents/agent_0/checkpoints/expert_model.pt	exact duplicate content preserved by path
hardlinked	2023046	71b6f7fa9c02df4e269159e918b383cf9dadac422985dd5b8d0181b6b9654609	outputs/cifar100_4agent_25cls_hetero4arch_ipc10_guardian_alex_dense_ep60_lr0p01_fr0p25_kd0p5_t3p0/agents/agent_0/checkpoints/expert_model.pt	outputs/cifar100_4agent_25cls_hetero4arch_ipc10_guardian_vgg_dense_ep60_lr0p01_fr0p4_kd0p3_t3p0_self4p0/agents/agent_0/checkpoints/expert_model.pt	exact duplicate content preserved by path
hardlinked	2023046	71b6f7fa9c02df4e269159e918b383cf9dadac422985dd5b8d0181b6b9654609	outputs/cifar100_4agent_25cls_hetero4arch_ipc10_guardian_alex_dense_ep60_lr0p01_fr0p25_kd0p5_t3p0/agents/agent_0/checkpoints/expert_model.pt	outputs/cifar100_4agent_25cls_hetero4arch_ipc10_guardian_vgg_dense_ep60_lr0p01_fr0p4_kd0p3_t4p0_self2p5/agents/agent_0/checkpoints/expert_model.pt	exact duplicate content preserved by path
hardlinked	2023046	71b6f7fa9c02df4e269159e918b383cf9dadac422985dd5b8d0181b6b9654609	outputs/cifar100_4agent_25cls_hetero4arch_ipc10_guardian_alex_dense_ep60_lr0p01_fr0p25_kd0p5_t3p0/agents/agent_0/checkpoints/expert_model.pt	outputs/cifar100_4agent_25cls_hetero4arch_ipc10_guardian_vgg_dense_ep60_lr0p01_fr0p4_kd0p3_t4p0_self3p0/agents/agent_0/checkpoints/expert_model.pt	exact duplicate content preserved by path
hardlinked	2023046	71b6f7fa9c02df4e269159e918b383cf9dadac422985dd5b8d0181b6b9654609	outputs/cifar100_4agent_25cls_hetero4arch_ipc10_guardian_alex_dense_ep60_lr0p01_fr0p25_kd0p5_t3p0/agents/agent_0/checkpoints/expert_model.pt	outputs/cifar100_4agent_25cls_hetero4arch_ipc10_guardian_vgg_dense_ep60_lr0p01_fr0p4_kd0p3_t4p0_self4p0/agents/agent_0/checkpoints/expert_model.pt	exact duplicate content preserved by path
hardlinked	2023046	71b6f7fa9c02df4e269159e918b383cf9dadac422985dd5b8d0181b6b9654609	outputs/cifar100_4agent_25cls_hetero4arch_ipc10_guardian_alex_dense_ep60_lr0p01_fr0p25_kd0p5_t3p0/agents/agent_0/checkpoints/expert_model.pt	outputs/cifar100_4agent_25cls_hetero4arch_ipc10_guardian_vgg_dense_ep60_lr0p01_fr0p4_kd0p4_t3p0_self2p5/agents/agent_0/checkpoints/expert_model.pt	exact duplicate content preserved by path
hardlinked	2023046	71b6f7fa9c02df4e269159e918b383cf9dadac422985dd5b8d0181b6b9654609	outputs/cifar100_4agent_25cls_hetero4arch_ipc10_guardian_alex_dense_ep60_lr0p01_fr0p25_kd0p5_t3p0/agents/agent_0/checkpoints/expert_model.pt	outputs/cifar100_4agent_25cls_hetero4arch_ipc10_guardian_vgg_dense_ep60_lr0p01_fr0p4_kd0p4_t3p0_self3p0/agents/agent_0/checkpoints/expert_model.pt	exact duplicate content preserved by path
hardlinked	2023046	71b6f7fa9c02df4e269159e918b383cf9dadac422985dd5b8d0181b6b9654609	outputs/cifar100_4agent_25cls_hetero4arch_ipc10_guardian_alex_dense_ep60_lr0p01_fr0p25_kd0p5_t3p0/agents/agent_0/checkpoints/expert_model.pt	outputs/cifar100_4agent_25cls_hetero4arch_ipc10_guardian_vgg_dense_ep60_lr0p01_fr0p4_kd0p4_t3p0_self4p0/agents/agent_0/checkpoints/expert_model.pt	exact duplicate content preserved by path
hardlinked	2023046	71b6f7fa9c02df4e269159e918b383cf9dadac422985dd5b8d0181b6b9654609	outputs/cifar100_4agent_25cls_hetero4arch_ipc10_guardian_alex_dense_ep60_lr0p01_fr0p25_kd0p5_t3p0/agents/agent_0/checkpoints/expert_model.pt	outputs/cifar100_4agent_25cls_hetero4arch_ipc10_guardian_vgg_dense_ep60_lr0p01_fr0p4_kd0p4_t4p0_self2p5/agents/agent_0/checkpoints/expert_model.pt	exact duplicate content preserved by path
hardlinked	2023046	71b6f7fa9c02df4e269159e918b383cf9dadac422985dd5b8d0181b6b9654609	outputs/cifar100_4agent_25cls_hetero4arch_ipc10_guardian_alex_dense_ep60_lr0p01_fr0p25_kd0p5_t3p0/agents/agent_0/checkpoints/expert_model.pt	outputs/cifar100_4agent_25cls_hetero4arch_ipc10_guardian_vgg_dense_ep60_lr0p01_fr0p4_kd0p4_t4p0_self3p0/agents/agent_0/checkpoints/expert_model.pt	exact duplicate content preserved by path
hardlinked	2023046	71b6f7fa9c02df4e269159e918b383cf9dadac422985dd5b8d0181b6b9654609	outputs/cifar100_4agent_25cls_hetero4arch_ipc10_guardian_alex_dense_ep60_lr0p01_fr0p25_kd0p5_t3p0/agents/agent_0/checkpoints/expert_model.pt	outputs/cifar100_4agent_25cls_hetero4arch_ipc10_guardian_vgg_dense_ep60_lr0p01_fr0p4_kd0p4_t4p0_self4p0/agents/agent_0/checkpoints/expert_model.pt	exact duplicate content preserved by path
hardlinked	2023046	71b6f7fa9c02df4e269159e918b383cf9dadac422985dd5b8d0181b6b9654609	outputs/cifar100_4agent_25cls_hetero4arch_ipc10_guardian_alex_dense_ep60_lr0p01_fr0p25_kd0p5_t3p0/agents/agent_0/checkpoints/expert_model.pt	outputs/cifar100_4agent_25cls_hetero4arch_ipc10_guardian_vgg_dense_ep60_lr0p01_fr0p4_kd0p5_t3p0_self2p5/agents/agent_0/checkpoints/expert_model.pt	exact duplicate content preserved by path
hardlinked	2023046	71b6f7fa9c02df4e269159e918b383cf9dadac422985dd5b8d0181b6b9654609	outputs/cifar100_4agent_25cls_hetero4arch_ipc10_guardian_alex_dense_ep60_lr0p01_fr0p25_kd0p5_t3p0/agents/agent_0/checkpoints/expert_model.pt	outputs/cifar100_4agent_25cls_hetero4arch_ipc10_guardian_vgg_dense_ep60_lr0p01_fr0p4_kd0p5_t3p0_self3p0/agents/agent_0/checkpoints/expert_model.pt	exact duplicate content preserved by path
hardlinked	2023046	71b6f7fa9c02df4e269159e918b383cf9dadac422985dd5b8d0181b6b9654609	outputs/cifar100_4agent_25cls_hetero4arch_ipc10_guardian_alex_dense_ep60_lr0p01_fr0p25_kd0p5_t3p0/agents/agent_0/checkpoints/expert_model.pt	outputs/cifar100_4agent_25cls_hetero4arch_ipc10_guardian_vgg_dense_ep60_lr0p01_fr0p4_kd0p5_t3p0_self4p0/agents/agent_0/checkpoints/expert_model.pt	exact duplicate content preserved by path
hardlinked	2023046	71b6f7fa9c02df4e269159e918b383cf9dadac422985dd5b8d0181b6b9654609	outputs/cifar100_4agent_25cls_hetero4arch_ipc10_guardian_alex_dense_ep60_lr0p01_fr0p25_kd0p5_t3p0/agents/agent_0/checkpoints/expert_model.pt	outputs/cifar100_4agent_25cls_hetero4arch_ipc10_guardian_vgg_dense_ep60_lr0p01_fr0p4_kd0p5_t4p0_self2p5/agents/agent_0/checkpoints/expert_model.pt	exact duplicate content preserved by path
hardlinked	2023046	71b6f7fa9c02df4e269159e918b383cf9dadac422985dd5b8d0181b6b9654609	outputs/cifar100_4agent_25cls_hetero4arch_ipc10_guardian_alex_dense_ep60_lr0p01_fr0p25_kd0p5_t3p0/agents/agent_0/checkpoints/expert_model.pt	outputs/cifar100_4agent_25cls_hetero4arch_ipc10_guardian_vgg_dense_ep60_lr0p01_fr0p4_kd0p5_t4p0_self3p0/agents/agent_0/checkpoints/expert_model.pt	exact duplicate content preserved by path
hardlinked	2023046	71b6f7fa9c02df4e269159e918b383cf9dadac422985dd5b8d0181b6b9654609	outputs/cifar100_4agent_25cls_hetero4arch_ipc10_guardian_alex_dense_ep60_lr0p01_fr0p25_kd0p5_t3p0/agents/agent_0/checkpoints/expert_model.pt	outputs/cifar100_4agent_25cls_hetero4arch_ipc10_guardian_vgg_dense_ep60_lr0p01_fr0p4_kd0p5_t4p0_self4p0/agents/agent_0/checkpoints/expert_model.pt	exact duplicate content preserved by path
hardlinked	2023046	71b6f7fa9c02df4e269159e918b383cf9dadac422985dd5b8d0181b6b9654609	outputs/cifar100_4agent_25cls_hetero4arch_ipc10_guardian_alex_dense_ep60_lr0p01_fr0p25_kd0p5_t3p0/agents/agent_0/checkpoints/expert_model.pt	outputs/cifar100_4agent_25cls_hetero4arch_ipc10_guardian_vgg_dense_ep60_lr0p01_fr0p4_kd0p6_t3p0_self2p5/agents/agent_0/checkpoints/expert_model.pt	exact duplicate content preserved by path
hardlinked	2023046	71b6f7fa9c02df4e269159e918b383cf9dadac422985dd5b8d0181b6b9654609	outputs/cifar100_4agent_25cls_hetero4arch_ipc10_guardian_alex_dense_ep60_lr0p01_fr0p25_kd0p5_t3p0/agents/agent_0/checkpoints/expert_model.pt	outputs/cifar100_4agent_25cls_hetero4arch_ipc10_guardian_vgg_dense_ep60_lr0p01_fr0p4_kd0p6_t3p0_self3p0/agents/agent_0/checkpoints/expert_model.pt	exact duplicate content preserved by path
hardlinked	2023046	71b6f7fa9c02df4e269159e918b383cf9dadac422985dd5b8d0181b6b9654609	outputs/cifar100_4agent_25cls_hetero4arch_ipc10_guardian_alex_dense_ep60_lr0p01_fr0p25_kd0p5_t3p0/agents/agent_0/checkpoints/expert_model.pt	outputs/cifar100_4agent_25cls_hetero4arch_ipc10_guardian_vgg_dense_ep60_lr0p01_fr0p4_kd0p6_t3p0_self4p0/agents/agent_0/checkpoints/expert_model.pt	exact duplicate content preserved by path
hardlinked	2023046	71b6f7fa9c02df4e269159e918b383cf9dadac422985dd5b8d0181b6b9654609	outputs/cifar100_4agent_25cls_hetero4arch_ipc10_guardian_alex_dense_ep60_lr0p01_fr0p25_kd0p5_t3p0/agents/agent_0/checkpoints/expert_model.pt	outputs/cifar100_4agent_25cls_hetero4arch_ipc10_guardian_vgg_dense_ep60_lr0p01_fr0p4_kd0p6_t4p0_self2p5/agents/agent_0/checkpoints/expert_model.pt	exact duplicate content preserved by path
hardlinked	2023046	71b6f7fa9c02df4e269159e918b383cf9dadac422985dd5b8d0181b6b9654609	outputs/cifar100_4agent_25cls_hetero4arch_ipc10_guardian_alex_dense_ep60_lr0p01_fr0p25_kd0p5_t3p0/agents/agent_0/checkpoints/expert_model.pt	outputs/cifar100_4agent_25cls_hetero4arch_ipc10_guardian_vgg_dense_ep60_lr0p01_fr0p4_kd0p6_t4p0_self3p0/agents/agent_0/checkpoints/expert_model.pt	exact duplicate content preserved by path
hardlinked	2023046	71b6f7fa9c02df4e269159e918b383cf9dadac422985dd5b8d0181b6b9654609	outputs/cifar100_4agent_25cls_hetero4arch_ipc10_guardian_alex_dense_ep60_lr0p01_fr0p25_kd0p5_t3p0/agents/agent_0/checkpoints/expert_model.pt	outputs/cifar100_4agent_25cls_hetero4arch_ipc10_guardian_vgg_dense_ep60_lr0p01_fr0p4_kd0p6_t4p0_self4p0/agents/agent_0/checkpoints/expert_model.pt	exact duplicate content preserved by path
hardlinked	2023046	71b6f7fa9c02df4e269159e918b383cf9dadac422985dd5b8d0181b6b9654609	outputs/cifar100_4agent_25cls_hetero4arch_ipc10_guardian_alex_dense_ep60_lr0p01_fr0p25_kd0p5_t3p0/agents/agent_0/checkpoints/expert_model.pt	outputs/cifar100_4agent_25cls_hetero4arch_ipc10_guardian_vgg_dense_ep75_lr0p01_fr0p25_kd0p3_t3p0_self3p0/agents/agent_0/checkpoints/expert_model.pt	exact duplicate content preserved by path
hardlinked	2023046	71b6f7fa9c02df4e269159e918b383cf9dadac422985dd5b8d0181b6b9654609	outputs/cifar100_4agent_25cls_hetero4arch_ipc10_guardian_alex_dense_ep60_lr0p01_fr0p25_kd0p5_t3p0/agents/agent_0/checkpoints/expert_model.pt	outputs/cifar100_4agent_25cls_hetero4arch_ipc10_guardian_vgg_dense_ep75_lr0p01_fr0p25_kd0p3_t4p0_self3p0/agents/agent_0/checkpoints/expert_model.pt	exact duplicate content preserved by path
hardlinked	2023046	71b6f7fa9c02df4e269159e918b383cf9dadac422985dd5b8d0181b6b9654609	outputs/cifar100_4agent_25cls_hetero4arch_ipc10_guardian_alex_dense_ep60_lr0p01_fr0p25_kd0p5_t3p0/agents/agent_0/checkpoints/expert_model.pt	outputs/cifar100_4agent_25cls_hetero4arch_ipc10_guardian_vgg_dense_ep75_lr0p01_fr0p25_kd0p4_t3p0_self3p0/agents/agent_0/checkpoints/expert_model.pt	exact duplicate content preserved by path
hardlinked	2023046	71b6f7fa9c02df4e269159e918b383cf9dadac422985dd5b8d0181b6b9654609	outputs/cifar100_4agent_25cls_hetero4arch_ipc10_guardian_alex_dense_ep60_lr0p01_fr0p25_kd0p5_t3p0/agents/agent_0/checkpoints/expert_model.pt	outputs/cifar100_4agent_25cls_hetero4arch_ipc10_guardian_vgg_dense_ep75_lr0p01_fr0p25_kd0p4_t4p0_self3p0/agents/agent_0/checkpoints/expert_model.pt	exact duplicate content preserved by path
hardlinked	2023046	71b6f7fa9c02df4e269159e918b383cf9dadac422985dd5b8d0181b6b9654609	outputs/cifar100_4agent_25cls_hetero4arch_ipc10_guardian_alex_dense_ep60_lr0p01_fr0p25_kd0p5_t3p0/agents/agent_0/checkpoints/expert_model.pt	outputs/cifar100_4agent_25cls_hetero4arch_ipc10_guardian_vgg_dense_ep75_lr0p01_fr0p25_kd0p5_t3p0_self3p0/agents/agent_0/checkpoints/expert_model.pt	exact duplicate content preserved by path
hardlinked	2023046	71b6f7fa9c02df4e269159e918b383cf9dadac422985dd5b8d0181b6b9654609	outputs/cifar100_4agent_25cls_hetero4arch_ipc10_guardian_alex_dense_ep60_lr0p01_fr0p25_kd0p5_t3p0/agents/agent_0/checkpoints/expert_model.pt	outputs/cifar100_4agent_25cls_hetero4arch_ipc10_guardian_vgg_dense_ep75_lr0p01_fr0p25_kd0p5_t4p0_self3p0/agents/agent_0/checkpoints/expert_model.pt	exact duplicate content preserved by path
hardlinked	2023046	71b6f7fa9c02df4e269159e918b383cf9dadac422985dd5b8d0181b6b9654609	outputs/cifar100_4agent_25cls_hetero4arch_ipc10_guardian_alex_dense_ep60_lr0p01_fr0p25_kd0p5_t3p0/agents/agent_0/checkpoints/expert_model.pt	outputs/cifar100_4agent_25cls_hetero4arch_ipc10_guardian_vgg_dense_ep75_lr0p01_fr0p25_kd0p6_t3p0_self3p0/agents/agent_0/checkpoints/expert_model.pt	exact duplicate content preserved by path
hardlinked	2023046	71b6f7fa9c02df4e269159e918b383cf9dadac422985dd5b8d0181b6b9654609	outputs/cifar100_4agent_25cls_hetero4arch_ipc10_guardian_alex_dense_ep60_lr0p01_fr0p25_kd0p5_t3p0/agents/agent_0/checkpoints/expert_model.pt	outputs/cifar100_4agent_25cls_hetero4arch_ipc10_guardian_vgg_dense_ep75_lr0p01_fr0p25_kd0p6_t4p0_self3p0/agents/agent_0/checkpoints/expert_model.pt	exact duplicate content preserved by path
hardlinked	2023046	71b6f7fa9c02df4e269159e918b383cf9dadac422985dd5b8d0181b6b9654609	outputs/cifar100_4agent_25cls_hetero4arch_ipc10_guardian_alex_dense_ep60_lr0p01_fr0p25_kd0p5_t3p0/agents/agent_0/checkpoints/expert_model.pt	outputs/cifar100_4agent_25cls_hetero4arch_ipc10_guardian_vgg_dense_ep75_lr0p01_fr0p3_kd0p3_t3p0_self3p0/agents/agent_0/checkpoints/expert_model.pt	exact duplicate content preserved by path
hardlinked	2023046	71b6f7fa9c02df4e269159e918b383cf9dadac422985dd5b8d0181b6b9654609	outputs/cifar100_4agent_25cls_hetero4arch_ipc10_guardian_alex_dense_ep60_lr0p01_fr0p25_kd0p5_t3p0/agents/agent_0/checkpoints/expert_model.pt	outputs/cifar100_4agent_25cls_hetero4arch_ipc10_guardian_vgg_dense_ep75_lr0p01_fr0p3_kd0p3_t4p0_self3p0/agents/agent_0/checkpoints/expert_model.pt	exact duplicate content preserved by path
hardlinked	2023046	71b6f7fa9c02df4e269159e918b383cf9dadac422985dd5b8d0181b6b9654609	outputs/cifar100_4agent_25cls_hetero4arch_ipc10_guardian_alex_dense_ep60_lr0p01_fr0p25_kd0p5_t3p0/agents/agent_0/checkpoints/expert_model.pt	outputs/cifar100_4agent_25cls_hetero4arch_ipc10_guardian_vgg_dense_ep75_lr0p01_fr0p3_kd0p4_t3p0_self3p0/agents/agent_0/checkpoints/expert_model.pt	exact duplicate content preserved by path
hardlinked	2023046	71b6f7fa9c02df4e269159e918b383cf9dadac422985dd5b8d0181b6b9654609	outputs/cifar100_4agent_25cls_hetero4arch_ipc10_guardian_alex_dense_ep60_lr0p01_fr0p25_kd0p5_t3p0/agents/agent_0/checkpoints/expert_model.pt	outputs/cifar100_4agent_25cls_hetero4arch_ipc10_guardian_vgg_dense_ep75_lr0p01_fr0p3_kd0p4_t4p0_self3p0/agents/agent_0/checkpoints/expert_model.pt	exact duplicate content preserved by path
hardlinked	2023046	71b6f7fa9c02df4e269159e918b383cf9dadac422985dd5b8d0181b6b9654609	outputs/cifar100_4agent_25cls_hetero4arch_ipc10_guardian_alex_dense_ep60_lr0p01_fr0p25_kd0p5_t3p0/agents/agent_0/checkpoints/expert_model.pt	outputs/cifar100_4agent_25cls_hetero4arch_ipc10_guardian_vgg_dense_ep75_lr0p01_fr0p3_kd0p5_t3p0_self3p0/agents/agent_0/checkpoints/expert_model.pt	exact duplicate content preserved by path
hardlinked	2023046	71b6f7fa9c02df4e269159e918b383cf9dadac422985dd5b8d0181b6b9654609	outputs/cifar100_4agent_25cls_hetero4arch_ipc10_guardian_alex_dense_ep60_lr0p01_fr0p25_kd0p5_t3p0/agents/agent_0/checkpoints/expert_model.pt	outputs/cifar100_4agent_25cls_hetero4arch_ipc10_guardian_vgg_dense_ep75_lr0p01_fr0p3_kd0p5_t4p0_self3p0/agents/agent_0/checkpoints/expert_model.pt	exact duplicate content preserved by path
hardlinked	2023046	71b6f7fa9c02df4e269159e918b383cf9dadac422985dd5b8d0181b6b9654609	outputs/cifar100_4agent_25cls_hetero4arch_ipc10_guardian_alex_dense_ep60_lr0p01_fr0p25_kd0p5_t3p0/agents/agent_0/checkpoints/expert_model.pt	outputs/cifar100_4agent_25cls_hetero4arch_ipc10_guardian_vgg_dense_ep75_lr0p01_fr0p3_kd0p6_t3p0_self3p0/agents/agent_0/checkpoints/expert_model.pt	exact duplicate content preserved by path
hardlinked	2023046	71b6f7fa9c02df4e269159e918b383cf9dadac422985dd5b8d0181b6b9654609	outputs/cifar100_4agent_25cls_hetero4arch_ipc10_guardian_alex_dense_ep60_lr0p01_fr0p25_kd0p5_t3p0/agents/agent_0/checkpoints/expert_model.pt	outputs/cifar100_4agent_25cls_hetero4arch_ipc10_guardian_vgg_dense_ep75_lr0p01_fr0p3_kd0p6_t4p0_self3p0/agents/agent_0/checkpoints/expert_model.pt	exact duplicate content preserved by path
hardlinked	2023046	71b6f7fa9c02df4e269159e918b383cf9dadac422985dd5b8d0181b6b9654609	outputs/cifar100_4agent_25cls_hetero4arch_ipc10_guardian_alex_dense_ep60_lr0p01_fr0p25_kd0p5_t3p0/agents/agent_0/checkpoints/expert_model.pt	outputs/cifar100_4agent_25cls_hetero4arch_ipc10_guardian_vgg_g3_ep090_fr025_kd050_t3_sched_self20/agents/agent_0/checkpoints/expert_model.pt	exact duplicate content preserved by path
hardlinked	2023046	71b6f7fa9c02df4e269159e918b383cf9dadac422985dd5b8d0181b6b9654609	outputs/cifar100_4agent_25cls_hetero4arch_ipc10_guardian_alex_dense_ep60_lr0p01_fr0p25_kd0p5_t3p0/agents/agent_0/checkpoints/expert_model.pt	outputs/cifar100_4agent_25cls_hetero4arch_ipc10_guardian_vgg_g3_ep090_fr030_kd050_t3_sched_self30/agents/agent_0/checkpoints/expert_model.pt	exact duplicate content preserved by path
hardlinked	2023046	71b6f7fa9c02df4e269159e918b383cf9dadac422985dd5b8d0181b6b9654609	outputs/cifar100_4agent_25cls_hetero4arch_ipc10_guardian_alex_dense_ep60_lr0p01_fr0p25_kd0p5_t3p0/agents/agent_0/checkpoints/expert_model.pt	outputs/cifar100_4agent_25cls_hetero4arch_ipc10_guardian_vgg_g3_fr020_kd040_t4_sched_self30/agents/agent_0/checkpoints/expert_model.pt	exact duplicate content preserved by path
hardlinked	2023046	71b6f7fa9c02df4e269159e918b383cf9dadac422985dd5b8d0181b6b9654609	outputs/cifar100_4agent_25cls_hetero4arch_ipc10_guardian_alex_dense_ep60_lr0p01_fr0p25_kd0p5_t3p0/agents/agent_0/checkpoints/expert_model.pt	outputs/cifar100_4agent_25cls_hetero4arch_ipc10_guardian_vgg_g3_fr025_kd050_t3_sched_self30/agents/agent_0/checkpoints/expert_model.pt	exact duplicate content preserved by path
hardlinked	2023046	71b6f7fa9c02df4e269159e918b383cf9dadac422985dd5b8d0181b6b9654609	outputs/cifar100_4agent_25cls_hetero4arch_ipc10_guardian_alex_dense_ep60_lr0p01_fr0p25_kd0p5_t3p0/agents/agent_0/checkpoints/expert_model.pt	outputs/cifar100_4agent_25cls_hetero4arch_ipc10_guardian_vgg_g3_fr030_kd040_t3_sched_self30/agents/agent_0/checkpoints/expert_model.pt	exact duplicate content preserved by path
hardlinked	2023046	71b6f7fa9c02df4e269159e918b383cf9dadac422985dd5b8d0181b6b9654609	outputs/cifar100_4agent_25cls_hetero4arch_ipc10_guardian_alex_dense_ep60_lr0p01_fr0p25_kd0p5_t3p0/agents/agent_0/checkpoints/expert_model.pt	outputs/cifar100_4agent_25cls_hetero4arch_ipc10_guardian_vgg_g3_fr030_kd050_t3_sched_self30/agents/agent_0/checkpoints/expert_model.pt	exact duplicate content preserved by path
hardlinked	2023046	71b6f7fa9c02df4e269159e918b383cf9dadac422985dd5b8d0181b6b9654609	outputs/cifar100_4agent_25cls_hetero4arch_ipc10_guardian_alex_dense_ep60_lr0p01_fr0p25_kd0p5_t3p0/agents/agent_0/checkpoints/expert_model.pt	outputs/cifar100_4agent_25cls_hetero4arch_ipc10_guardian_vgg_g3_fr035_kd060_t3_sched_self20/agents/agent_0/checkpoints/expert_model.pt	exact duplicate content preserved by path
hardlinked	2023046	71b6f7fa9c02df4e269159e918b383cf9dadac422985dd5b8d0181b6b9654609	outputs/cifar100_4agent_25cls_hetero4arch_ipc10_guardian_alex_dense_ep60_lr0p01_fr0p25_kd0p5_t3p0/agents/agent_0/checkpoints/expert_model.pt	outputs/cifar100_4agent_25cls_hetero4arch_ipc10_guardian_vgg_g3_fr040_kd060_t3_sched_self20/agents/agent_0/checkpoints/expert_model.pt	exact duplicate content preserved by path
hardlinked	2023046	71b6f7fa9c02df4e269159e918b383cf9dadac422985dd5b8d0181b6b9654609	outputs/cifar100_4agent_25cls_hetero4arch_ipc10_guardian_alex_dense_ep60_lr0p01_fr0p25_kd0p5_t3p0/agents/agent_0/checkpoints/expert_model.pt	outputs/cifar100_4agent_25cls_hetero4arch_ipc10_tune2_alex_ep075_fr020_kd060_t3_sched/agents/agent_0/checkpoints/expert_model.pt	exact duplicate content preserved by path
hardlinked	2023046	71b6f7fa9c02df4e269159e918b383cf9dadac422985dd5b8d0181b6b9654609	outputs/cifar100_4agent_25cls_hetero4arch_ipc10_guardian_alex_dense_ep60_lr0p01_fr0p25_kd0p5_t3p0/agents/agent_0/checkpoints/expert_model.pt	outputs/cifar100_4agent_25cls_hetero4arch_ipc10_tune2_alex_fr020_kd060_t3_sched/agents/agent_0/checkpoints/expert_model.pt	exact duplicate content preserved by path
hardlinked	2023046	71b6f7fa9c02df4e269159e918b383cf9dadac422985dd5b8d0181b6b9654609	outputs/cifar100_4agent_25cls_hetero4arch_ipc10_guardian_alex_dense_ep60_lr0p01_fr0p25_kd0p5_t3p0/agents/agent_0/checkpoints/expert_model.pt	outputs/cifar100_4agent_25cls_hetero4arch_ipc10_tune2_alex_fr020_kd060_t3_sched_self15/agents/agent_0/checkpoints/expert_model.pt	exact duplicate content preserved by path
hardlinked	2023046	71b6f7fa9c02df4e269159e918b383cf9dadac422985dd5b8d0181b6b9654609	outputs/cifar100_4agent_25cls_hetero4arch_ipc10_guardian_alex_dense_ep60_lr0p01_fr0p25_kd0p5_t3p0/agents/agent_0/checkpoints/expert_model.pt	outputs/cifar100_4agent_25cls_hetero4arch_ipc10_tune2_alex_fr020_kd060_t4_sched/agents/agent_0/checkpoints/expert_model.pt	exact duplicate content preserved by path
hardlinked	2023046	71b6f7fa9c02df4e269159e918b383cf9dadac422985dd5b8d0181b6b9654609	outputs/cifar100_4agent_25cls_hetero4arch_ipc10_guardian_alex_dense_ep60_lr0p01_fr0p25_kd0p5_t3p0/agents/agent_0/checkpoints/expert_model.pt	outputs/cifar100_4agent_25cls_hetero4arch_ipc10_tune2_alex_fr020_kd070_t3_sched/agents/agent_0/checkpoints/expert_model.pt	exact duplicate content preserved by path
hardlinked	2023046	71b6f7fa9c02df4e269159e918b383cf9dadac422985dd5b8d0181b6b9654609	outputs/cifar100_4agent_25cls_hetero4arch_ipc10_guardian_alex_dense_ep60_lr0p01_fr0p25_kd0p5_t3p0/agents/agent_0/checkpoints/expert_model.pt	outputs/cifar100_4agent_25cls_hetero4arch_ipc10_tune2_alex_fr025_kd060_t3_sched/agents/agent_0/checkpoints/expert_model.pt	exact duplicate content preserved by path
hardlinked	2023046	71b6f7fa9c02df4e269159e918b383cf9dadac422985dd5b8d0181b6b9654609	outputs/cifar100_4agent_25cls_hetero4arch_ipc10_guardian_alex_dense_ep60_lr0p01_fr0p25_kd0p5_t3p0/agents/agent_0/checkpoints/expert_model.pt	outputs/cifar100_4agent_25cls_hetero4arch_ipc10_tune2_vgg_ep075_fr020_kd060_t3_sched_self20/agents/agent_0/checkpoints/expert_model.pt	exact duplicate content preserved by path
hardlinked	2023046	71b6f7fa9c02df4e269159e918b383cf9dadac422985dd5b8d0181b6b9654609	outputs/cifar100_4agent_25cls_hetero4arch_ipc10_guardian_alex_dense_ep60_lr0p01_fr0p25_kd0p5_t3p0/agents/agent_0/checkpoints/expert_model.pt	outputs/cifar100_4agent_25cls_hetero4arch_ipc10_tune2_vgg_fr020_kd050_t3_sched_self20/agents/agent_0/checkpoints/expert_model.pt	exact duplicate content preserved by path
hardlinked	2023046	71b6f7fa9c02df4e269159e918b383cf9dadac422985dd5b8d0181b6b9654609	outputs/cifar100_4agent_25cls_hetero4arch_ipc10_guardian_alex_dense_ep60_lr0p01_fr0p25_kd0p5_t3p0/agents/agent_0/checkpoints/expert_model.pt	outputs/cifar100_4agent_25cls_hetero4arch_ipc10_tune2_vgg_fr020_kd060_t3_latefr_self20/agents/agent_0/checkpoints/expert_model.pt	exact duplicate content preserved by path
hardlinked	2023046	71b6f7fa9c02df4e269159e918b383cf9dadac422985dd5b8d0181b6b9654609	outputs/cifar100_4agent_25cls_hetero4arch_ipc10_guardian_alex_dense_ep60_lr0p01_fr0p25_kd0p5_t3p0/agents/agent_0/checkpoints/expert_model.pt	outputs/cifar100_4agent_25cls_hetero4arch_ipc10_tune2_vgg_fr020_kd060_t3_sched_self20/agents/agent_0/checkpoints/expert_model.pt	exact duplicate content preserved by path
hardlinked	2023046	71b6f7fa9c02df4e269159e918b383cf9dadac422985dd5b8d0181b6b9654609	outputs/cifar100_4agent_25cls_hetero4arch_ipc10_guardian_alex_dense_ep60_lr0p01_fr0p25_kd0p5_t3p0/agents/agent_0/checkpoints/expert_model.pt	outputs/cifar100_4agent_25cls_hetero4arch_ipc10_tune2_vgg_fr020_kd060_t3_sched_self30/agents/agent_0/checkpoints/expert_model.pt	exact duplicate content preserved by path
hardlinked	2023046	71b6f7fa9c02df4e269159e918b383cf9dadac422985dd5b8d0181b6b9654609	outputs/cifar100_4agent_25cls_hetero4arch_ipc10_guardian_alex_dense_ep60_lr0p01_fr0p25_kd0p5_t3p0/agents/agent_0/checkpoints/expert_model.pt	outputs/cifar100_4agent_25cls_hetero4arch_ipc10_tune2_vgg_fr020_kd070_t4_sched_self20/agents/agent_0/checkpoints/expert_model.pt	exact duplicate content preserved by path
hardlinked	2023046	71b6f7fa9c02df4e269159e918b383cf9dadac422985dd5b8d0181b6b9654609	outputs/cifar100_4agent_25cls_hetero4arch_ipc10_guardian_alex_dense_ep60_lr0p01_fr0p25_kd0p5_t3p0/agents/agent_0/checkpoints/expert_model.pt	outputs/cifar100_4agent_25cls_hetero4arch_ipc10_tune2_vgg_fr025_kd060_t3_sched_self20/agents/agent_0/checkpoints/expert_model.pt	exact duplicate content preserved by path
hardlinked	2023046	71b6f7fa9c02df4e269159e918b383cf9dadac422985dd5b8d0181b6b9654609	outputs/cifar100_4agent_25cls_hetero4arch_ipc10_guardian_alex_dense_ep60_lr0p01_fr0p25_kd0p5_t3p0/agents/agent_0/checkpoints/expert_model.pt	outputs/cifar100_4agent_25cls_hetero4arch_ipc10_tune2_vgg_fr030_kd060_t3_sched_self20/agents/agent_0/checkpoints/expert_model.pt	exact duplicate content preserved by path
hardlinked	2023046	71b6f7fa9c02df4e269159e918b383cf9dadac422985dd5b8d0181b6b9654609	outputs/cifar100_4agent_25cls_hetero4arch_ipc10_guardian_alex_dense_ep60_lr0p01_fr0p25_kd0p5_t3p0/agents/agent_0/checkpoints/expert_model.pt	outputs/cifar100_4agent_25cls_hetero4arch_ipc10_tune_ep050_fr020_kd050_t2/agents/agent_0/checkpoints/expert_model.pt	exact duplicate content preserved by path
hardlinked	2023046	71b6f7fa9c02df4e269159e918b383cf9dadac422985dd5b8d0181b6b9654609	outputs/cifar100_4agent_25cls_hetero4arch_ipc10_guardian_alex_dense_ep60_lr0p01_fr0p25_kd0p5_t3p0/agents/agent_0/checkpoints/expert_model.pt	outputs/cifar100_4agent_25cls_hetero4arch_ipc10_tune_ep050_fr020_kd050_t2_partial_20260706_122417/agents/agent_0/checkpoints/expert_model.pt	exact duplicate content preserved by path
hardlinked	2023046	71b6f7fa9c02df4e269159e918b383cf9dadac422985dd5b8d0181b6b9654609	outputs/cifar100_4agent_25cls_hetero4arch_ipc10_guardian_alex_dense_ep60_lr0p01_fr0p25_kd0p5_t3p0/agents/agent_0/checkpoints/expert_model.pt	outputs/cifar100_4agent_25cls_hetero4arch_ipc10_tune_ep055_fr020_kd060_t2/agents/agent_0/checkpoints/expert_model.pt	exact duplicate content preserved by path
hardlinked	2023046	71b6f7fa9c02df4e269159e918b383cf9dadac422985dd5b8d0181b6b9654609	outputs/cifar100_4agent_25cls_hetero4arch_ipc10_guardian_alex_dense_ep60_lr0p01_fr0p25_kd0p5_t3p0/agents/agent_0/checkpoints/expert_model.pt	outputs/cifar100_4agent_25cls_hetero4arch_ipc10_tune_ep055_fr020_kd060_t2_partial_20260706_122417/agents/agent_0/checkpoints/expert_model.pt	exact duplicate content preserved by path
hardlinked	2023046	71b6f7fa9c02df4e269159e918b383cf9dadac422985dd5b8d0181b6b9654609	outputs/cifar100_4agent_25cls_hetero4arch_ipc10_guardian_alex_dense_ep60_lr0p01_fr0p25_kd0p5_t3p0/agents/agent_0/checkpoints/expert_model.pt	outputs/cifar100_4agent_25cls_hetero4arch_ipc10_tune_ep060_fr015_kd050_t2/agents/agent_0/checkpoints/expert_model.pt	exact duplicate content preserved by path
hardlinked	2023046	71b6f7fa9c02df4e269159e918b383cf9dadac422985dd5b8d0181b6b9654609	outputs/cifar100_4agent_25cls_hetero4arch_ipc10_guardian_alex_dense_ep60_lr0p01_fr0p25_kd0p5_t3p0/agents/agent_0/checkpoints/expert_model.pt	outputs/cifar100_4agent_25cls_hetero4arch_ipc10_tune_ep060_fr020_kd050_t2/agents/agent_0/checkpoints/expert_model.pt	exact duplicate content preserved by path
hardlinked	2023046	71b6f7fa9c02df4e269159e918b383cf9dadac422985dd5b8d0181b6b9654609	outputs/cifar100_4agent_25cls_hetero4arch_ipc10_guardian_alex_dense_ep60_lr0p01_fr0p25_kd0p5_t3p0/agents/agent_0/checkpoints/expert_model.pt	outputs/cifar100_4agent_25cls_hetero4arch_ipc10_tune_ep060_fr020_kd060_t1/agents/agent_0/checkpoints/expert_model.pt	exact duplicate content preserved by path
hardlinked	2023046	71b6f7fa9c02df4e269159e918b383cf9dadac422985dd5b8d0181b6b9654609	outputs/cifar100_4agent_25cls_hetero4arch_ipc10_guardian_alex_dense_ep60_lr0p01_fr0p25_kd0p5_t3p0/agents/agent_0/checkpoints/expert_model.pt	outputs/cifar100_4agent_25cls_hetero4arch_ipc10_tune_ep060_fr020_kd060_t2/agents/agent_0/checkpoints/expert_model.pt	exact duplicate content preserved by path
hardlinked	2023046	71b6f7fa9c02df4e269159e918b383cf9dadac422985dd5b8d0181b6b9654609	outputs/cifar100_4agent_25cls_hetero4arch_ipc10_guardian_alex_dense_ep60_lr0p01_fr0p25_kd0p5_t3p0/agents/agent_0/checkpoints/expert_model.pt	outputs/cifar100_4agent_25cls_hetero4arch_ipc10_tune_ep060_fr020_kd060_t2_latesched/agents/agent_0/checkpoints/expert_model.pt	exact duplicate content preserved by path
hardlinked	2023046	71b6f7fa9c02df4e269159e918b383cf9dadac422985dd5b8d0181b6b9654609	outputs/cifar100_4agent_25cls_hetero4arch_ipc10_guardian_alex_dense_ep60_lr0p01_fr0p25_kd0p5_t3p0/agents/agent_0/checkpoints/expert_model.pt	outputs/cifar100_4agent_25cls_hetero4arch_ipc10_tune_ep060_fr020_kd060_t2_sched/agents/agent_0/checkpoints/expert_model.pt	exact duplicate content preserved by path
hardlinked	2023046	71b6f7fa9c02df4e269159e918b383cf9dadac422985dd5b8d0181b6b9654609	outputs/cifar100_4agent_25cls_hetero4arch_ipc10_guardian_alex_dense_ep60_lr0p01_fr0p25_kd0p5_t3p0/agents/agent_0/checkpoints/expert_model.pt	outputs/cifar100_4agent_25cls_hetero4arch_ipc10_tune_ep060_fr020_kd060_t2_sched_latesched/agents/agent_0/checkpoints/expert_model.pt	exact duplicate content preserved by path
hardlinked	2023046	71b6f7fa9c02df4e269159e918b383cf9dadac422985dd5b8d0181b6b9654609	outputs/cifar100_4agent_25cls_hetero4arch_ipc10_guardian_alex_dense_ep60_lr0p01_fr0p25_kd0p5_t3p0/agents/agent_0/checkpoints/expert_model.pt	outputs/cifar100_4agent_25cls_hetero4arch_ipc10_tune_ep060_fr020_kd060_t2_sched_self15/agents/agent_0/checkpoints/expert_model.pt	exact duplicate content preserved by path
hardlinked	2023046	71b6f7fa9c02df4e269159e918b383cf9dadac422985dd5b8d0181b6b9654609	outputs/cifar100_4agent_25cls_hetero4arch_ipc10_guardian_alex_dense_ep60_lr0p01_fr0p25_kd0p5_t3p0/agents/agent_0/checkpoints/expert_model.pt	outputs/cifar100_4agent_25cls_hetero4arch_ipc10_tune_ep060_fr020_kd060_t2_self15/agents/agent_0/checkpoints/expert_model.pt	exact duplicate content preserved by path
hardlinked	2023046	71b6f7fa9c02df4e269159e918b383cf9dadac422985dd5b8d0181b6b9654609	outputs/cifar100_4agent_25cls_hetero4arch_ipc10_guardian_alex_dense_ep60_lr0p01_fr0p25_kd0p5_t3p0/agents/agent_0/checkpoints/expert_model.pt	outputs/cifar100_4agent_25cls_hetero4arch_ipc10_tune_ep060_fr020_kd060_t2_self20/agents/agent_0/checkpoints/expert_model.pt	exact duplicate content preserved by path
hardlinked	2023046	71b6f7fa9c02df4e269159e918b383cf9dadac422985dd5b8d0181b6b9654609	outputs/cifar100_4agent_25cls_hetero4arch_ipc10_guardian_alex_dense_ep60_lr0p01_fr0p25_kd0p5_t3p0/agents/agent_0/checkpoints/expert_model.pt	outputs/cifar100_4agent_25cls_hetero4arch_ipc10_tune_ep060_fr020_kd060_t3/agents/agent_0/checkpoints/expert_model.pt	exact duplicate content preserved by path
hardlinked	2023046	71b6f7fa9c02df4e269159e918b383cf9dadac422985dd5b8d0181b6b9654609	outputs/cifar100_4agent_25cls_hetero4arch_ipc10_guardian_alex_dense_ep60_lr0p01_fr0p25_kd0p5_t3p0/agents/agent_0/checkpoints/expert_model.pt	outputs/cifar100_4agent_25cls_hetero4arch_ipc10_tune_ep060_fr020_kd060_t3_sched/agents/agent_0/checkpoints/expert_model.pt	exact duplicate content preserved by path
hardlinked	2023046	71b6f7fa9c02df4e269159e918b383cf9dadac422985dd5b8d0181b6b9654609	outputs/cifar100_4agent_25cls_hetero4arch_ipc10_guardian_alex_dense_ep60_lr0p01_fr0p25_kd0p5_t3p0/agents/agent_0/checkpoints/expert_model.pt	outputs/cifar100_4agent_25cls_hetero4arch_ipc10_tune_ep060_fr020_kd060_t4/agents/agent_0/checkpoints/expert_model.pt	exact duplicate content preserved by path
hardlinked	2023046	71b6f7fa9c02df4e269159e918b383cf9dadac422985dd5b8d0181b6b9654609	outputs/cifar100_4agent_25cls_hetero4arch_ipc10_guardian_alex_dense_ep60_lr0p01_fr0p25_kd0p5_t3p0/agents/agent_0/checkpoints/expert_model.pt	outputs/cifar100_4agent_25cls_hetero4arch_ipc10_tune_ep060_fr020_kd070_t3/agents/agent_0/checkpoints/expert_model.pt	exact duplicate content preserved by path
hardlinked	2023046	71b6f7fa9c02df4e269159e918b383cf9dadac422985dd5b8d0181b6b9654609	outputs/cifar100_4agent_25cls_hetero4arch_ipc10_guardian_alex_dense_ep60_lr0p01_fr0p25_kd0p5_t3p0/agents/agent_0/checkpoints/expert_model.pt	outputs/cifar100_4agent_25cls_hetero4arch_ipc10_tune_ep060_fr025_kd050_t2/agents/agent_0/checkpoints/expert_model.pt	exact duplicate content preserved by path
hardlinked	2023046	71b6f7fa9c02df4e269159e918b383cf9dadac422985dd5b8d0181b6b9654609	outputs/cifar100_4agent_25cls_hetero4arch_ipc10_guardian_alex_dense_ep60_lr0p01_fr0p25_kd0p5_t3p0/agents/agent_0/checkpoints/expert_model.pt	outputs/cifar100_4agent_25cls_hetero4arch_ipc10_tune_ep060_fr025_kd060_t2/agents/agent_0/checkpoints/expert_model.pt	exact duplicate content preserved by path
hardlinked	2023046	71b6f7fa9c02df4e269159e918b383cf9dadac422985dd5b8d0181b6b9654609	outputs/cifar100_4agent_25cls_hetero4arch_ipc10_guardian_alex_dense_ep60_lr0p01_fr0p25_kd0p5_t3p0/agents/agent_0/checkpoints/expert_model.pt	outputs/cifar100_4agent_25cls_hetero4arch_ipc10_tune_ep060_fr030_kd060_t2/agents/agent_0/checkpoints/expert_model.pt	exact duplicate content preserved by path
hardlinked	2023046	71b6f7fa9c02df4e269159e918b383cf9dadac422985dd5b8d0181b6b9654609	outputs/cifar100_4agent_25cls_hetero4arch_ipc10_guardian_alex_dense_ep60_lr0p01_fr0p25_kd0p5_t3p0/agents/agent_0/checkpoints/expert_model.pt	outputs/cifar100_4agent_25cls_hetero4arch_ipc10_tune_ep065_fr020_kd060_t2/agents/agent_0/checkpoints/expert_model.pt	exact duplicate content preserved by path
