run_name	path	bytes	reason	status
cifar100_4agent_25cls_conv_family_ablation_fr010_kd025_ep500	outputs/cifar100_4agent_25cls_conv_family_ablation_fr010_kd025_ep500/agents/agent_0/packets/dsdm_packet.pt	3126768	model/checkpoint/packet payload	planned
cifar100_4agent_25cls_conv_family_ablation_fr010_kd025_ep500	outputs/cifar100_4agent_25cls_conv_family_ablation_fr010_kd025_ep500/agents/agent_0/checkpoints/expert_model.pt	719494	model/checkpoint/packet payload	planned
cifar100_4agent_25cls_conv_family_ablation_fr010_kd025_ep500	outputs/cifar100_4agent_25cls_conv_family_ablation_fr010_kd025_ep500/agents/agent_1/packets/dsdm_packet.pt	3126768	model/checkpoint/packet payload	planned
cifar100_4agent_25cls_conv_family_ablation_fr010_kd025_ep500	outputs/cifar100_4agent_25cls_conv_family_ablation_fr010_kd025_ep500/agents/agent_1/checkpoints/expert_model.pt	2023046	model/checkpoint/packet payload	planned
cifar100_4agent_25cls_conv_family_ablation_fr010_kd025_ep500	outputs/cifar100_4agent_25cls_conv_family_ablation_fr010_kd025_ep500/agents/agent_2/packets/dsdm_packet.pt	3126768	model/checkpoint/packet payload	planned
cifar100_4agent_25cls_conv_family_ablation_fr010_kd025_ep500	outputs/cifar100_4agent_25cls_conv_family_ablation_fr010_kd025_ep500/agents/agent_2/checkpoints/expert_model.pt	2001230	model/checkpoint/packet payload	planned
cifar100_4agent_25cls_conv_family_ablation_fr010_kd025_ep500	outputs/cifar100_4agent_25cls_conv_family_ablation_fr010_kd025_ep500/agents/agent_3/packets/dsdm_packet.pt	3126768	model/checkpoint/packet payload	planned
cifar100_4agent_25cls_conv_family_ablation_fr010_kd025_ep500	outputs/cifar100_4agent_25cls_conv_family_ablation_fr010_kd025_ep500/agents/agent_3/checkpoints/expert_model.pt	4325454	model/checkpoint/packet payload	planned
cifar100_4agent_25cls_conv_family_ablation_fr010_kd025_ep500	outputs/cifar100_4agent_25cls_conv_family_ablation_fr010_kd025_ep500/packet_hub/dsdm/agent_0_dsdm_packet.pt	3126768	model/checkpoint/packet payload	planned
cifar100_4agent_25cls_conv_family_ablation_fr010_kd025_ep500	outputs/cifar100_4agent_25cls_conv_family_ablation_fr010_kd025_ep500/packet_hub/dsdm/agent_1_dsdm_packet.pt	3126768	model/checkpoint/packet payload	planned
cifar100_4agent_25cls_conv_family_ablation_fr010_kd025_ep500	outputs/cifar100_4agent_25cls_conv_family_ablation_fr010_kd025_ep500/packet_hub/dsdm/agent_2_dsdm_packet.pt	3126768	model/checkpoint/packet payload	planned
cifar100_4agent_25cls_conv_family_ablation_fr010_kd025_ep500	outputs/cifar100_4agent_25cls_conv_family_ablation_fr010_kd025_ep500/packet_hub/dsdm/agent_3_dsdm_packet.pt	3126768	model/checkpoint/packet payload	planned
cifar100_4agent_25cls_conv_family_ablation_fr010_kd050_ep200	outputs/cifar100_4agent_25cls_conv_family_ablation_fr010_kd050_ep200/agents/agent_0/packets/dsdm_packet.pt	3126768	model/checkpoint/packet payload	planned
cifar100_4agent_25cls_conv_family_ablation_fr010_kd050_ep200	outputs/cifar100_4agent_25cls_conv_family_ablation_fr010_kd050_ep200/agents/agent_0/checkpoints/expert_model.pt	719494	model/checkpoint/packet payload	planned
cifar100_4agent_25cls_conv_family_ablation_fr010_kd050_ep200	outputs/cifar100_4agent_25cls_conv_family_ablation_fr010_kd050_ep200/agents/agent_1/packets/dsdm_packet.pt	3126768	model/checkpoint/packet payload	planned
cifar100_4agent_25cls_conv_family_ablation_fr010_kd050_ep200	outputs/cifar100_4agent_25cls_conv_family_ablation_fr010_kd050_ep200/agents/agent_1/checkpoints/expert_model.pt	2023046	model/checkpoint/packet payload	planned
cifar100_4agent_25cls_conv_family_ablation_fr010_kd050_ep200	outputs/cifar100_4agent_25cls_conv_family_ablation_fr010_kd050_ep200/agents/agent_2/packets/dsdm_packet.pt	3126768	model/checkpoint/packet payload	planned
cifar100_4agent_25cls_conv_family_ablation_fr010_kd050_ep200	outputs/cifar100_4agent_25cls_conv_family_ablation_fr010_kd050_ep200/agents/agent_2/checkpoints/expert_model.pt	2001230	model/checkpoint/packet payload	planned
cifar100_4agent_25cls_conv_family_ablation_fr010_kd050_ep200	outputs/cifar100_4agent_25cls_conv_family_ablation_fr010_kd050_ep200/agents/agent_3/packets/dsdm_packet.pt	3126768	model/checkpoint/packet payload	planned
cifar100_4agent_25cls_conv_family_ablation_fr010_kd050_ep200	outputs/cifar100_4agent_25cls_conv_family_ablation_fr010_kd050_ep200/agents/agent_3/checkpoints/expert_model.pt	4325454	model/checkpoint/packet payload	planned
cifar100_4agent_25cls_conv_family_ablation_fr010_kd050_ep200	outputs/cifar100_4agent_25cls_conv_family_ablation_fr010_kd050_ep200/packet_hub/dsdm/agent_0_dsdm_packet.pt	3126768	model/checkpoint/packet payload	planned
cifar100_4agent_25cls_conv_family_ablation_fr010_kd050_ep200	outputs/cifar100_4agent_25cls_conv_family_ablation_fr010_kd050_ep200/packet_hub/dsdm/agent_1_dsdm_packet.pt	3126768	model/checkpoint/packet payload	planned
cifar100_4agent_25cls_conv_family_ablation_fr010_kd050_ep200	outputs/cifar100_4agent_25cls_conv_family_ablation_fr010_kd050_ep200/packet_hub/dsdm/agent_2_dsdm_packet.pt	3126768	model/checkpoint/packet payload	planned
cifar100_4agent_25cls_conv_family_ablation_fr010_kd050_ep200	outputs/cifar100_4agent_25cls_conv_family_ablation_fr010_kd050_ep200/packet_hub/dsdm/agent_3_dsdm_packet.pt	3126768	model/checkpoint/packet payload	planned
cifar100_4agent_25cls_conv_family_ablation_fr010_kd050_ep500	outputs/cifar100_4agent_25cls_conv_family_ablation_fr010_kd050_ep500/agents/agent_0/checkpoints/expert_model.pt	719494	model/checkpoint/packet payload	planned
cifar100_4agent_25cls_conv_family_ablation_fr010_kd050_ep500	outputs/cifar100_4agent_25cls_conv_family_ablation_fr010_kd050_ep500/agents/agent_0/packets/dsdm_packet.pt	3126768	model/checkpoint/packet payload	planned
cifar100_4agent_25cls_conv_family_ablation_fr010_kd050_ep500	outputs/cifar100_4agent_25cls_conv_family_ablation_fr010_kd050_ep500/agents/agent_1/checkpoints/expert_model.pt	2023046	model/checkpoint/packet payload	planned
cifar100_4agent_25cls_conv_family_ablation_fr010_kd050_ep500	outputs/cifar100_4agent_25cls_conv_family_ablation_fr010_kd050_ep500/agents/agent_1/packets/dsdm_packet.pt	3126768	model/checkpoint/packet payload	planned
cifar100_4agent_25cls_conv_family_ablation_fr010_kd050_ep500	outputs/cifar100_4agent_25cls_conv_family_ablation_fr010_kd050_ep500/agents/agent_2/checkpoints/expert_model.pt	2001230	model/checkpoint/packet payload	planned
cifar100_4agent_25cls_conv_family_ablation_fr010_kd050_ep500	outputs/cifar100_4agent_25cls_conv_family_ablation_fr010_kd050_ep500/agents/agent_2/packets/dsdm_packet.pt	3126768	model/checkpoint/packet payload	planned
cifar100_4agent_25cls_conv_family_ablation_fr010_kd050_ep500	outputs/cifar100_4agent_25cls_conv_family_ablation_fr010_kd050_ep500/agents/agent_3/checkpoints/expert_model.pt	4325454	model/checkpoint/packet payload	planned
cifar100_4agent_25cls_conv_family_ablation_fr010_kd050_ep500	outputs/cifar100_4agent_25cls_conv_family_ablation_fr010_kd050_ep500/agents/agent_3/packets/dsdm_packet.pt	3126768	model/checkpoint/packet payload	planned
cifar100_4agent_25cls_conv_family_ablation_fr010_kd050_ep500	outputs/cifar100_4agent_25cls_conv_family_ablation_fr010_kd050_ep500/packet_hub/dsdm/agent_0_dsdm_packet.pt	3126768	model/checkpoint/packet payload	planned
cifar100_4agent_25cls_conv_family_ablation_fr010_kd050_ep500	outputs/cifar100_4agent_25cls_conv_family_ablation_fr010_kd050_ep500/packet_hub/dsdm/agent_1_dsdm_packet.pt	3126768	model/checkpoint/packet payload	planned
cifar100_4agent_25cls_conv_family_ablation_fr010_kd050_ep500	outputs/cifar100_4agent_25cls_conv_family_ablation_fr010_kd050_ep500/packet_hub/dsdm/agent_2_dsdm_packet.pt	3126768	model/checkpoint/packet payload	planned
cifar100_4agent_25cls_conv_family_ablation_fr010_kd050_ep500	outputs/cifar100_4agent_25cls_conv_family_ablation_fr010_kd050_ep500/packet_hub/dsdm/agent_3_dsdm_packet.pt	3126768	model/checkpoint/packet payload	planned
cifar100_4agent_25cls_conv_family_ablation_fr020_kd025_ep500	outputs/cifar100_4agent_25cls_conv_family_ablation_fr020_kd025_ep500/agents/agent_0/packets/dsdm_packet.pt	3126768	model/checkpoint/packet payload	planned
cifar100_4agent_25cls_conv_family_ablation_fr020_kd025_ep500	outputs/cifar100_4agent_25cls_conv_family_ablation_fr020_kd025_ep500/agents/agent_0/checkpoints/expert_model.pt	719494	model/checkpoint/packet payload	planned
cifar100_4agent_25cls_conv_family_ablation_fr020_kd025_ep500	outputs/cifar100_4agent_25cls_conv_family_ablation_fr020_kd025_ep500/agents/agent_1/packets/dsdm_packet.pt	3126768	model/checkpoint/packet payload	planned
cifar100_4agent_25cls_conv_family_ablation_fr020_kd025_ep500	outputs/cifar100_4agent_25cls_conv_family_ablation_fr020_kd025_ep500/agents/agent_1/checkpoints/expert_model.pt	2023046	model/checkpoint/packet payload	planned
cifar100_4agent_25cls_conv_family_ablation_fr020_kd025_ep500	outputs/cifar100_4agent_25cls_conv_family_ablation_fr020_kd025_ep500/agents/agent_2/packets/dsdm_packet.pt	3126768	model/checkpoint/packet payload	planned
cifar100_4agent_25cls_conv_family_ablation_fr020_kd025_ep500	outputs/cifar100_4agent_25cls_conv_family_ablation_fr020_kd025_ep500/agents/agent_2/checkpoints/expert_model.pt	2001230	model/checkpoint/packet payload	planned
cifar100_4agent_25cls_conv_family_ablation_fr020_kd025_ep500	outputs/cifar100_4agent_25cls_conv_family_ablation_fr020_kd025_ep500/agents/agent_3/packets/dsdm_packet.pt	3126768	model/checkpoint/packet payload	planned
cifar100_4agent_25cls_conv_family_ablation_fr020_kd025_ep500	outputs/cifar100_4agent_25cls_conv_family_ablation_fr020_kd025_ep500/agents/agent_3/checkpoints/expert_model.pt	4325454	model/checkpoint/packet payload	planned
cifar100_4agent_25cls_conv_family_ablation_fr020_kd025_ep500	outputs/cifar100_4agent_25cls_conv_family_ablation_fr020_kd025_ep500/packet_hub/dsdm/agent_0_dsdm_packet.pt	3126768	model/checkpoint/packet payload	planned
cifar100_4agent_25cls_conv_family_ablation_fr020_kd025_ep500	outputs/cifar100_4agent_25cls_conv_family_ablation_fr020_kd025_ep500/packet_hub/dsdm/agent_1_dsdm_packet.pt	3126768	model/checkpoint/packet payload	planned
cifar100_4agent_25cls_conv_family_ablation_fr020_kd025_ep500	outputs/cifar100_4agent_25cls_conv_family_ablation_fr020_kd025_ep500/packet_hub/dsdm/agent_2_dsdm_packet.pt	3126768	model/checkpoint/packet payload	planned
cifar100_4agent_25cls_conv_family_ablation_fr020_kd025_ep500	outputs/cifar100_4agent_25cls_conv_family_ablation_fr020_kd025_ep500/packet_hub/dsdm/agent_3_dsdm_packet.pt	3126768	model/checkpoint/packet payload	planned
cifar100_4agent_25cls_conv_family_ablation_fr020_kd050_ep200	outputs/cifar100_4agent_25cls_conv_family_ablation_fr020_kd050_ep200/agents/agent_0/packets/dsdm_packet.pt	3126768	model/checkpoint/packet payload	planned
cifar100_4agent_25cls_conv_family_ablation_fr020_kd050_ep200	outputs/cifar100_4agent_25cls_conv_family_ablation_fr020_kd050_ep200/agents/agent_0/checkpoints/expert_model.pt	719494	model/checkpoint/packet payload	planned
cifar100_4agent_25cls_conv_family_ablation_fr020_kd050_ep200	outputs/cifar100_4agent_25cls_conv_family_ablation_fr020_kd050_ep200/agents/agent_1/packets/dsdm_packet.pt	3126768	model/checkpoint/packet payload	planned
cifar100_4agent_25cls_conv_family_ablation_fr020_kd050_ep200	outputs/cifar100_4agent_25cls_conv_family_ablation_fr020_kd050_ep200/agents/agent_1/checkpoints/expert_model.pt	2023046	model/checkpoint/packet payload	planned
cifar100_4agent_25cls_conv_family_ablation_fr020_kd050_ep200	outputs/cifar100_4agent_25cls_conv_family_ablation_fr020_kd050_ep200/agents/agent_2/packets/dsdm_packet.pt	3126768	model/checkpoint/packet payload	planned
cifar100_4agent_25cls_conv_family_ablation_fr020_kd050_ep200	outputs/cifar100_4agent_25cls_conv_family_ablation_fr020_kd050_ep200/agents/agent_2/checkpoints/expert_model.pt	2001230	model/checkpoint/packet payload	planned
cifar100_4agent_25cls_conv_family_ablation_fr020_kd050_ep200	outputs/cifar100_4agent_25cls_conv_family_ablation_fr020_kd050_ep200/agents/agent_3/packets/dsdm_packet.pt	3126768	model/checkpoint/packet payload	planned
cifar100_4agent_25cls_conv_family_ablation_fr020_kd050_ep200	outputs/cifar100_4agent_25cls_conv_family_ablation_fr020_kd050_ep200/agents/agent_3/checkpoints/expert_model.pt	4325454	model/checkpoint/packet payload	planned
cifar100_4agent_25cls_conv_family_ablation_fr020_kd050_ep200	outputs/cifar100_4agent_25cls_conv_family_ablation_fr020_kd050_ep200/packet_hub/dsdm/agent_0_dsdm_packet.pt	3126768	model/checkpoint/packet payload	planned
cifar100_4agent_25cls_conv_family_ablation_fr020_kd050_ep200	outputs/cifar100_4agent_25cls_conv_family_ablation_fr020_kd050_ep200/packet_hub/dsdm/agent_1_dsdm_packet.pt	3126768	model/checkpoint/packet payload	planned
cifar100_4agent_25cls_conv_family_ablation_fr020_kd050_ep200	outputs/cifar100_4agent_25cls_conv_family_ablation_fr020_kd050_ep200/packet_hub/dsdm/agent_2_dsdm_packet.pt	3126768	model/checkpoint/packet payload	planned
cifar100_4agent_25cls_conv_family_ablation_fr020_kd050_ep200	outputs/cifar100_4agent_25cls_conv_family_ablation_fr020_kd050_ep200/packet_hub/dsdm/agent_3_dsdm_packet.pt	3126768	model/checkpoint/packet payload	planned
cifar100_4agent_25cls_conv_family_ablation_fr020_kd050_ep500	outputs/cifar100_4agent_25cls_conv_family_ablation_fr020_kd050_ep500/agents/agent_0/packets/dsdm_packet.pt	3126768	model/checkpoint/packet payload	planned
cifar100_4agent_25cls_conv_family_ablation_fr020_kd050_ep500	outputs/cifar100_4agent_25cls_conv_family_ablation_fr020_kd050_ep500/agents/agent_0/checkpoints/expert_model.pt	719494	model/checkpoint/packet payload	planned
cifar100_4agent_25cls_conv_family_ablation_fr020_kd050_ep500	outputs/cifar100_4agent_25cls_conv_family_ablation_fr020_kd050_ep500/agents/agent_1/packets/dsdm_packet.pt	3126768	model/checkpoint/packet payload	planned
cifar100_4agent_25cls_conv_family_ablation_fr020_kd050_ep500	outputs/cifar100_4agent_25cls_conv_family_ablation_fr020_kd050_ep500/agents/agent_1/checkpoints/expert_model.pt	2023046	model/checkpoint/packet payload	planned
cifar100_4agent_25cls_conv_family_ablation_fr020_kd050_ep500	outputs/cifar100_4agent_25cls_conv_family_ablation_fr020_kd050_ep500/agents/agent_2/packets/dsdm_packet.pt	3126768	model/checkpoint/packet payload	planned
cifar100_4agent_25cls_conv_family_ablation_fr020_kd050_ep500	outputs/cifar100_4agent_25cls_conv_family_ablation_fr020_kd050_ep500/agents/agent_2/checkpoints/expert_model.pt	2001230	model/checkpoint/packet payload	planned
cifar100_4agent_25cls_conv_family_ablation_fr020_kd050_ep500	outputs/cifar100_4agent_25cls_conv_family_ablation_fr020_kd050_ep500/agents/agent_3/packets/dsdm_packet.pt	3126768	model/checkpoint/packet payload	planned
cifar100_4agent_25cls_conv_family_ablation_fr020_kd050_ep500	outputs/cifar100_4agent_25cls_conv_family_ablation_fr020_kd050_ep500/agents/agent_3/checkpoints/expert_model.pt	4325454	model/checkpoint/packet payload	planned
cifar100_4agent_25cls_conv_family_ablation_fr020_kd050_ep500	outputs/cifar100_4agent_25cls_conv_family_ablation_fr020_kd050_ep500/packet_hub/dsdm/agent_0_dsdm_packet.pt	3126768	model/checkpoint/packet payload	planned
cifar100_4agent_25cls_conv_family_ablation_fr020_kd050_ep500	outputs/cifar100_4agent_25cls_conv_family_ablation_fr020_kd050_ep500/packet_hub/dsdm/agent_1_dsdm_packet.pt	3126768	model/checkpoint/packet payload	planned
cifar100_4agent_25cls_conv_family_ablation_fr020_kd050_ep500	outputs/cifar100_4agent_25cls_conv_family_ablation_fr020_kd050_ep500/packet_hub/dsdm/agent_2_dsdm_packet.pt	3126768	model/checkpoint/packet payload	planned
cifar100_4agent_25cls_conv_family_ablation_fr020_kd050_ep500	outputs/cifar100_4agent_25cls_conv_family_ablation_fr020_kd050_ep500/packet_hub/dsdm/agent_3_dsdm_packet.pt	3126768	model/checkpoint/packet payload	planned
cifar100_4agent_25cls_conv_family_ablation_fr050_kd050_ep500	outputs/cifar100_4agent_25cls_conv_family_ablation_fr050_kd050_ep500/agents/agent_0/packets/dsdm_packet.pt	3126768	model/checkpoint/packet payload	planned
cifar100_4agent_25cls_conv_family_ablation_fr050_kd050_ep500	outputs/cifar100_4agent_25cls_conv_family_ablation_fr050_kd050_ep500/agents/agent_0/checkpoints/expert_model.pt	719494	model/checkpoint/packet payload	planned
cifar100_4agent_25cls_conv_family_ablation_fr050_kd050_ep500	outputs/cifar100_4agent_25cls_conv_family_ablation_fr050_kd050_ep500/agents/agent_1/packets/dsdm_packet.pt	3126768	model/checkpoint/packet payload	planned
cifar100_4agent_25cls_conv_family_ablation_fr050_kd050_ep500	outputs/cifar100_4agent_25cls_conv_family_ablation_fr050_kd050_ep500/agents/agent_1/checkpoints/expert_model.pt	2023046	model/checkpoint/packet payload	planned
cifar100_4agent_25cls_conv_family_ablation_fr050_kd050_ep500	outputs/cifar100_4agent_25cls_conv_family_ablation_fr050_kd050_ep500/agents/agent_2/packets/dsdm_packet.pt	3126768	model/checkpoint/packet payload	planned
cifar100_4agent_25cls_conv_family_ablation_fr050_kd050_ep500	outputs/cifar100_4agent_25cls_conv_family_ablation_fr050_kd050_ep500/agents/agent_2/checkpoints/expert_model.pt	2001230	model/checkpoint/packet payload	planned
cifar100_4agent_25cls_conv_family_ablation_fr050_kd050_ep500	outputs/cifar100_4agent_25cls_conv_family_ablation_fr050_kd050_ep500/agents/agent_3/packets/dsdm_packet.pt	3126768	model/checkpoint/packet payload	planned
cifar100_4agent_25cls_conv_family_ablation_fr050_kd050_ep500	outputs/cifar100_4agent_25cls_conv_family_ablation_fr050_kd050_ep500/agents/agent_3/checkpoints/expert_model.pt	4325454	model/checkpoint/packet payload	planned
cifar100_4agent_25cls_conv_family_ablation_fr050_kd050_ep500	outputs/cifar100_4agent_25cls_conv_family_ablation_fr050_kd050_ep500/packet_hub/dsdm/agent_0_dsdm_packet.pt	3126768	model/checkpoint/packet payload	planned
cifar100_4agent_25cls_conv_family_ablation_fr050_kd050_ep500	outputs/cifar100_4agent_25cls_conv_family_ablation_fr050_kd050_ep500/packet_hub/dsdm/agent_1_dsdm_packet.pt	3126768	model/checkpoint/packet payload	planned
cifar100_4agent_25cls_conv_family_ablation_fr050_kd050_ep500	outputs/cifar100_4agent_25cls_conv_family_ablation_fr050_kd050_ep500/packet_hub/dsdm/agent_2_dsdm_packet.pt	3126768	model/checkpoint/packet payload	planned
cifar100_4agent_25cls_conv_family_ablation_fr050_kd050_ep500	outputs/cifar100_4agent_25cls_conv_family_ablation_fr050_kd050_ep500/packet_hub/dsdm/agent_3_dsdm_packet.pt	3126768	model/checkpoint/packet payload	planned
cifar100_4agent_25cls_conv_family_recipe_dsdm_image_fr020_ep200	outputs/cifar100_4agent_25cls_conv_family_recipe_dsdm_image_fr020_ep200/agents/agent_0/checkpoints/expert_model.pt	719494	model/checkpoint/packet payload	planned
cifar100_4agent_25cls_conv_family_recipe_dsdm_image_fr020_ep200	outputs/cifar100_4agent_25cls_conv_family_recipe_dsdm_image_fr020_ep200/agents/agent_0/packets/dsdm_packet.pt	3126768	model/checkpoint/packet payload	planned
cifar100_4agent_25cls_conv_family_recipe_dsdm_image_fr020_ep200	outputs/cifar100_4agent_25cls_conv_family_recipe_dsdm_image_fr020_ep200/agents/agent_1/checkpoints/expert_model.pt	2023046	model/checkpoint/packet payload	planned
cifar100_4agent_25cls_conv_family_recipe_dsdm_image_fr020_ep200	outputs/cifar100_4agent_25cls_conv_family_recipe_dsdm_image_fr020_ep200/agents/agent_1/packets/dsdm_packet.pt	3126768	model/checkpoint/packet payload	planned
cifar100_4agent_25cls_conv_family_recipe_dsdm_image_fr020_ep200	outputs/cifar100_4agent_25cls_conv_family_recipe_dsdm_image_fr020_ep200/agents/agent_2/checkpoints/expert_model.pt	2001230	model/checkpoint/packet payload	planned
cifar100_4agent_25cls_conv_family_recipe_dsdm_image_fr020_ep200	outputs/cifar100_4agent_25cls_conv_family_recipe_dsdm_image_fr020_ep200/agents/agent_2/packets/dsdm_packet.pt	3126768	model/checkpoint/packet payload	planned
cifar100_4agent_25cls_conv_family_recipe_dsdm_image_fr020_ep200	outputs/cifar100_4agent_25cls_conv_family_recipe_dsdm_image_fr020_ep200/agents/agent_3/checkpoints/expert_model.pt	4325454	model/checkpoint/packet payload	planned
cifar100_4agent_25cls_conv_family_recipe_dsdm_image_fr020_ep200	outputs/cifar100_4agent_25cls_conv_family_recipe_dsdm_image_fr020_ep200/agents/agent_3/packets/dsdm_packet.pt	3126768	model/checkpoint/packet payload	planned
cifar100_4agent_25cls_conv_family_recipe_dsdm_image_fr020_ep200	outputs/cifar100_4agent_25cls_conv_family_recipe_dsdm_image_fr020_ep200/packet_hub/dsdm/agent_0_dsdm_packet.pt	3126768	model/checkpoint/packet payload	planned
cifar100_4agent_25cls_conv_family_recipe_dsdm_image_fr020_ep200	outputs/cifar100_4agent_25cls_conv_family_recipe_dsdm_image_fr020_ep200/packet_hub/dsdm/agent_1_dsdm_packet.pt	3126768	model/checkpoint/packet payload	planned
cifar100_4agent_25cls_conv_family_recipe_dsdm_image_fr020_ep200	outputs/cifar100_4agent_25cls_conv_family_recipe_dsdm_image_fr020_ep200/packet_hub/dsdm/agent_2_dsdm_packet.pt	3126768	model/checkpoint/packet payload	planned
cifar100_4agent_25cls_conv_family_recipe_dsdm_image_fr020_ep200	outputs/cifar100_4agent_25cls_conv_family_recipe_dsdm_image_fr020_ep200/packet_hub/dsdm/agent_3_dsdm_packet.pt	3126768	model/checkpoint/packet payload	planned
cifar100_4agent_25cls_conv_family_recipe_dsdm_logit_fr020_ep200	outputs/cifar100_4agent_25cls_conv_family_recipe_dsdm_logit_fr020_ep200/agents/agent_0/checkpoints/expert_model.pt	719494	model/checkpoint/packet payload	planned
cifar100_4agent_25cls_conv_family_recipe_dsdm_logit_fr020_ep200	outputs/cifar100_4agent_25cls_conv_family_recipe_dsdm_logit_fr020_ep200/agents/agent_0/packets/dsdm_packet.pt	3126768	model/checkpoint/packet payload	planned
cifar100_4agent_25cls_conv_family_recipe_dsdm_logit_fr020_ep200	outputs/cifar100_4agent_25cls_conv_family_recipe_dsdm_logit_fr020_ep200/agents/agent_1/checkpoints/expert_model.pt	2023046	model/checkpoint/packet payload	planned
cifar100_4agent_25cls_conv_family_recipe_dsdm_logit_fr020_ep200	outputs/cifar100_4agent_25cls_conv_family_recipe_dsdm_logit_fr020_ep200/agents/agent_1/packets/dsdm_packet.pt	3126768	model/checkpoint/packet payload	planned
cifar100_4agent_25cls_conv_family_recipe_dsdm_logit_fr020_ep200	outputs/cifar100_4agent_25cls_conv_family_recipe_dsdm_logit_fr020_ep200/agents/agent_2/checkpoints/expert_model.pt	2001230	model/checkpoint/packet payload	planned
cifar100_4agent_25cls_conv_family_recipe_dsdm_logit_fr020_ep200	outputs/cifar100_4agent_25cls_conv_family_recipe_dsdm_logit_fr020_ep200/agents/agent_2/packets/dsdm_packet.pt	3126768	model/checkpoint/packet payload	planned
cifar100_4agent_25cls_conv_family_recipe_dsdm_logit_fr020_ep200	outputs/cifar100_4agent_25cls_conv_family_recipe_dsdm_logit_fr020_ep200/agents/agent_3/checkpoints/expert_model.pt	4325454	model/checkpoint/packet payload	planned
cifar100_4agent_25cls_conv_family_recipe_dsdm_logit_fr020_ep200	outputs/cifar100_4agent_25cls_conv_family_recipe_dsdm_logit_fr020_ep200/agents/agent_3/packets/dsdm_packet.pt	3126768	model/checkpoint/packet payload	planned
cifar100_4agent_25cls_conv_family_recipe_dsdm_logit_fr020_ep200	outputs/cifar100_4agent_25cls_conv_family_recipe_dsdm_logit_fr020_ep200/packet_hub/dsdm/agent_0_dsdm_packet.pt	3126768	model/checkpoint/packet payload	planned
cifar100_4agent_25cls_conv_family_recipe_dsdm_logit_fr020_ep200	outputs/cifar100_4agent_25cls_conv_family_recipe_dsdm_logit_fr020_ep200/packet_hub/dsdm/agent_1_dsdm_packet.pt	3126768	model/checkpoint/packet payload	planned
cifar100_4agent_25cls_conv_family_recipe_dsdm_logit_fr020_ep200	outputs/cifar100_4agent_25cls_conv_family_recipe_dsdm_logit_fr020_ep200/packet_hub/dsdm/agent_2_dsdm_packet.pt	3126768	model/checkpoint/packet payload	planned
cifar100_4agent_25cls_conv_family_recipe_dsdm_logit_fr020_ep200	outputs/cifar100_4agent_25cls_conv_family_recipe_dsdm_logit_fr020_ep200/packet_hub/dsdm/agent_3_dsdm_packet.pt	3126768	model/checkpoint/packet payload	planned
cifar100_4agent_25cls_conv_family_recipe_heuristic_image_fr020_ep200	outputs/cifar100_4agent_25cls_conv_family_recipe_heuristic_image_fr020_ep200/agents/agent_0/checkpoints/expert_model.pt	719494	model/checkpoint/packet payload	planned
cifar100_4agent_25cls_conv_family_recipe_heuristic_image_fr020_ep200	outputs/cifar100_4agent_25cls_conv_family_recipe_heuristic_image_fr020_ep200/agents/agent_0/packets/heuristic_packet.pt	3075790	model/checkpoint/packet payload	planned
cifar100_4agent_25cls_conv_family_recipe_heuristic_image_fr020_ep200	outputs/cifar100_4agent_25cls_conv_family_recipe_heuristic_image_fr020_ep200/agents/agent_1/checkpoints/expert_model.pt	2023046	model/checkpoint/packet payload	planned
cifar100_4agent_25cls_conv_family_recipe_heuristic_image_fr020_ep200	outputs/cifar100_4agent_25cls_conv_family_recipe_heuristic_image_fr020_ep200/agents/agent_1/packets/heuristic_packet.pt	3075790	model/checkpoint/packet payload	planned
cifar100_4agent_25cls_conv_family_recipe_heuristic_image_fr020_ep200	outputs/cifar100_4agent_25cls_conv_family_recipe_heuristic_image_fr020_ep200/agents/agent_2/checkpoints/expert_model.pt	2001230	model/checkpoint/packet payload	planned
cifar100_4agent_25cls_conv_family_recipe_heuristic_image_fr020_ep200	outputs/cifar100_4agent_25cls_conv_family_recipe_heuristic_image_fr020_ep200/agents/agent_2/packets/heuristic_packet.pt	3075790	model/checkpoint/packet payload	planned
cifar100_4agent_25cls_conv_family_recipe_heuristic_image_fr020_ep200	outputs/cifar100_4agent_25cls_conv_family_recipe_heuristic_image_fr020_ep200/agents/agent_3/checkpoints/expert_model.pt	4325454	model/checkpoint/packet payload	planned
cifar100_4agent_25cls_conv_family_recipe_heuristic_image_fr020_ep200	outputs/cifar100_4agent_25cls_conv_family_recipe_heuristic_image_fr020_ep200/agents/agent_3/packets/heuristic_packet.pt	3075790	model/checkpoint/packet payload	planned
cifar100_4agent_25cls_conv_family_recipe_heuristic_image_fr020_ep200	outputs/cifar100_4agent_25cls_conv_family_recipe_heuristic_image_fr020_ep200/packet_hub/heuristic/agent_0_heuristic_packet.pt	3075790	model/checkpoint/packet payload	planned
cifar100_4agent_25cls_conv_family_recipe_heuristic_image_fr020_ep200	outputs/cifar100_4agent_25cls_conv_family_recipe_heuristic_image_fr020_ep200/packet_hub/heuristic/agent_1_heuristic_packet.pt	3075790	model/checkpoint/packet payload	planned
cifar100_4agent_25cls_conv_family_recipe_heuristic_image_fr020_ep200	outputs/cifar100_4agent_25cls_conv_family_recipe_heuristic_image_fr020_ep200/packet_hub/heuristic/agent_2_heuristic_packet.pt	3075790	model/checkpoint/packet payload	planned
cifar100_4agent_25cls_conv_family_recipe_heuristic_image_fr020_ep200	outputs/cifar100_4agent_25cls_conv_family_recipe_heuristic_image_fr020_ep200/packet_hub/heuristic/agent_3_heuristic_packet.pt	3075790	model/checkpoint/packet payload	planned
cifar100_4agent_25cls_conv_family_tuning_A_ep100_fr020_kd050	outputs/cifar100_4agent_25cls_conv_family_tuning_A_ep100_fr020_kd050/agents/agent_0/checkpoints/expert_model.pt	719494	model/checkpoint/packet payload	planned
cifar100_4agent_25cls_conv_family_tuning_A_ep100_fr020_kd050	outputs/cifar100_4agent_25cls_conv_family_tuning_A_ep100_fr020_kd050/agents/agent_0/packets/dsdm_packet.pt	3126768	model/checkpoint/packet payload	planned
cifar100_4agent_25cls_conv_family_tuning_A_ep100_fr020_kd050	outputs/cifar100_4agent_25cls_conv_family_tuning_A_ep100_fr020_kd050/agents/agent_1/checkpoints/expert_model.pt	2023046	model/checkpoint/packet payload	planned
cifar100_4agent_25cls_conv_family_tuning_A_ep100_fr020_kd050	outputs/cifar100_4agent_25cls_conv_family_tuning_A_ep100_fr020_kd050/agents/agent_1/packets/dsdm_packet.pt	3126768	model/checkpoint/packet payload	planned
cifar100_4agent_25cls_conv_family_tuning_A_ep100_fr020_kd050	outputs/cifar100_4agent_25cls_conv_family_tuning_A_ep100_fr020_kd050/agents/agent_2/checkpoints/expert_model.pt	2001230	model/checkpoint/packet payload	planned
cifar100_4agent_25cls_conv_family_tuning_A_ep100_fr020_kd050	outputs/cifar100_4agent_25cls_conv_family_tuning_A_ep100_fr020_kd050/agents/agent_2/packets/dsdm_packet.pt	3126768	model/checkpoint/packet payload	planned
cifar100_4agent_25cls_conv_family_tuning_A_ep100_fr020_kd050	outputs/cifar100_4agent_25cls_conv_family_tuning_A_ep100_fr020_kd050/agents/agent_3/checkpoints/expert_model.pt	4325454	model/checkpoint/packet payload	planned
cifar100_4agent_25cls_conv_family_tuning_A_ep100_fr020_kd050	outputs/cifar100_4agent_25cls_conv_family_tuning_A_ep100_fr020_kd050/agents/agent_3/packets/dsdm_packet.pt	3126768	model/checkpoint/packet payload	planned
cifar100_4agent_25cls_conv_family_tuning_A_ep100_fr020_kd050	outputs/cifar100_4agent_25cls_conv_family_tuning_A_ep100_fr020_kd050/packet_hub/dsdm/agent_0_dsdm_packet.pt	3126768	model/checkpoint/packet payload	planned
cifar100_4agent_25cls_conv_family_tuning_A_ep100_fr020_kd050	outputs/cifar100_4agent_25cls_conv_family_tuning_A_ep100_fr020_kd050/packet_hub/dsdm/agent_1_dsdm_packet.pt	3126768	model/checkpoint/packet payload	planned
cifar100_4agent_25cls_conv_family_tuning_A_ep100_fr020_kd050	outputs/cifar100_4agent_25cls_conv_family_tuning_A_ep100_fr020_kd050/packet_hub/dsdm/agent_2_dsdm_packet.pt	3126768	model/checkpoint/packet payload	planned
cifar100_4agent_25cls_conv_family_tuning_A_ep100_fr020_kd050	outputs/cifar100_4agent_25cls_conv_family_tuning_A_ep100_fr020_kd050/packet_hub/dsdm/agent_3_dsdm_packet.pt	3126768	model/checkpoint/packet payload	planned
cifar100_4agent_25cls_conv_family_tuning_B_ep150_fr020_kd050	outputs/cifar100_4agent_25cls_conv_family_tuning_B_ep150_fr020_kd050/agents/agent_0/packets/dsdm_packet.pt	3126768	model/checkpoint/packet payload	planned
cifar100_4agent_25cls_conv_family_tuning_B_ep150_fr020_kd050	outputs/cifar100_4agent_25cls_conv_family_tuning_B_ep150_fr020_kd050/agents/agent_0/checkpoints/expert_model.pt	719494	model/checkpoint/packet payload	planned
cifar100_4agent_25cls_conv_family_tuning_B_ep150_fr020_kd050	outputs/cifar100_4agent_25cls_conv_family_tuning_B_ep150_fr020_kd050/agents/agent_1/packets/dsdm_packet.pt	3126768	model/checkpoint/packet payload	planned
cifar100_4agent_25cls_conv_family_tuning_B_ep150_fr020_kd050	outputs/cifar100_4agent_25cls_conv_family_tuning_B_ep150_fr020_kd050/agents/agent_1/checkpoints/expert_model.pt	2023046	model/checkpoint/packet payload	planned
cifar100_4agent_25cls_conv_family_tuning_B_ep150_fr020_kd050	outputs/cifar100_4agent_25cls_conv_family_tuning_B_ep150_fr020_kd050/agents/agent_2/packets/dsdm_packet.pt	3126768	model/checkpoint/packet payload	planned
cifar100_4agent_25cls_conv_family_tuning_B_ep150_fr020_kd050	outputs/cifar100_4agent_25cls_conv_family_tuning_B_ep150_fr020_kd050/agents/agent_2/checkpoints/expert_model.pt	2001230	model/checkpoint/packet payload	planned
cifar100_4agent_25cls_conv_family_tuning_B_ep150_fr020_kd050	outputs/cifar100_4agent_25cls_conv_family_tuning_B_ep150_fr020_kd050/agents/agent_3/packets/dsdm_packet.pt	3126768	model/checkpoint/packet payload	planned
cifar100_4agent_25cls_conv_family_tuning_B_ep150_fr020_kd050	outputs/cifar100_4agent_25cls_conv_family_tuning_B_ep150_fr020_kd050/agents/agent_3/checkpoints/expert_model.pt	4325454	model/checkpoint/packet payload	planned
cifar100_4agent_25cls_conv_family_tuning_B_ep150_fr020_kd050	outputs/cifar100_4agent_25cls_conv_family_tuning_B_ep150_fr020_kd050/packet_hub/dsdm/agent_0_dsdm_packet.pt	3126768	model/checkpoint/packet payload	planned
cifar100_4agent_25cls_conv_family_tuning_B_ep150_fr020_kd050	outputs/cifar100_4agent_25cls_conv_family_tuning_B_ep150_fr020_kd050/packet_hub/dsdm/agent_1_dsdm_packet.pt	3126768	model/checkpoint/packet payload	planned
cifar100_4agent_25cls_conv_family_tuning_B_ep150_fr020_kd050	outputs/cifar100_4agent_25cls_conv_family_tuning_B_ep150_fr020_kd050/packet_hub/dsdm/agent_2_dsdm_packet.pt	3126768	model/checkpoint/packet payload	planned
cifar100_4agent_25cls_conv_family_tuning_B_ep150_fr020_kd050	outputs/cifar100_4agent_25cls_conv_family_tuning_B_ep150_fr020_kd050/packet_hub/dsdm/agent_3_dsdm_packet.pt	3126768	model/checkpoint/packet payload	planned
cifar100_4agent_25cls_conv_family_tuning_C_ep250_fr020_kd050	outputs/cifar100_4agent_25cls_conv_family_tuning_C_ep250_fr020_kd050/agents/agent_0/packets/dsdm_packet.pt	3126768	model/checkpoint/packet payload	planned
cifar100_4agent_25cls_conv_family_tuning_C_ep250_fr020_kd050	outputs/cifar100_4agent_25cls_conv_family_tuning_C_ep250_fr020_kd050/agents/agent_0/checkpoints/expert_model.pt	719494	model/checkpoint/packet payload	planned
cifar100_4agent_25cls_conv_family_tuning_C_ep250_fr020_kd050	outputs/cifar100_4agent_25cls_conv_family_tuning_C_ep250_fr020_kd050/agents/agent_1/packets/dsdm_packet.pt	3126768	model/checkpoint/packet payload	planned
cifar100_4agent_25cls_conv_family_tuning_C_ep250_fr020_kd050	outputs/cifar100_4agent_25cls_conv_family_tuning_C_ep250_fr020_kd050/agents/agent_1/checkpoints/expert_model.pt	2023046	model/checkpoint/packet payload	planned
cifar100_4agent_25cls_conv_family_tuning_C_ep250_fr020_kd050	outputs/cifar100_4agent_25cls_conv_family_tuning_C_ep250_fr020_kd050/agents/agent_2/packets/dsdm_packet.pt	3126768	model/checkpoint/packet payload	planned
cifar100_4agent_25cls_conv_family_tuning_C_ep250_fr020_kd050	outputs/cifar100_4agent_25cls_conv_family_tuning_C_ep250_fr020_kd050/agents/agent_2/checkpoints/expert_model.pt	2001230	model/checkpoint/packet payload	planned
cifar100_4agent_25cls_conv_family_tuning_C_ep250_fr020_kd050	outputs/cifar100_4agent_25cls_conv_family_tuning_C_ep250_fr020_kd050/agents/agent_3/packets/dsdm_packet.pt	3126768	model/checkpoint/packet payload	planned
cifar100_4agent_25cls_conv_family_tuning_C_ep250_fr020_kd050	outputs/cifar100_4agent_25cls_conv_family_tuning_C_ep250_fr020_kd050/agents/agent_3/checkpoints/expert_model.pt	4325454	model/checkpoint/packet payload	planned
cifar100_4agent_25cls_conv_family_tuning_C_ep250_fr020_kd050	outputs/cifar100_4agent_25cls_conv_family_tuning_C_ep250_fr020_kd050/packet_hub/dsdm/agent_0_dsdm_packet.pt	3126768	model/checkpoint/packet payload	planned
cifar100_4agent_25cls_conv_family_tuning_C_ep250_fr020_kd050	outputs/cifar100_4agent_25cls_conv_family_tuning_C_ep250_fr020_kd050/packet_hub/dsdm/agent_1_dsdm_packet.pt	3126768	model/checkpoint/packet payload	planned
cifar100_4agent_25cls_conv_family_tuning_C_ep250_fr020_kd050	outputs/cifar100_4agent_25cls_conv_family_tuning_C_ep250_fr020_kd050/packet_hub/dsdm/agent_2_dsdm_packet.pt	3126768	model/checkpoint/packet payload	planned
cifar100_4agent_25cls_conv_family_tuning_C_ep250_fr020_kd050	outputs/cifar100_4agent_25cls_conv_family_tuning_C_ep250_fr020_kd050/packet_hub/dsdm/agent_3_dsdm_packet.pt	3126768	model/checkpoint/packet payload	planned
cifar100_4agent_25cls_conv_family_tuning_D_ep300_fr020_kd050	outputs/cifar100_4agent_25cls_conv_family_tuning_D_ep300_fr020_kd050/agents/agent_0/packets/dsdm_packet.pt	3126768	model/checkpoint/packet payload	planned
cifar100_4agent_25cls_conv_family_tuning_D_ep300_fr020_kd050	outputs/cifar100_4agent_25cls_conv_family_tuning_D_ep300_fr020_kd050/agents/agent_0/checkpoints/expert_model.pt	719494	model/checkpoint/packet payload	planned
cifar100_4agent_25cls_conv_family_tuning_D_ep300_fr020_kd050	outputs/cifar100_4agent_25cls_conv_family_tuning_D_ep300_fr020_kd050/agents/agent_1/packets/dsdm_packet.pt	3126768	model/checkpoint/packet payload	planned
cifar100_4agent_25cls_conv_family_tuning_D_ep300_fr020_kd050	outputs/cifar100_4agent_25cls_conv_family_tuning_D_ep300_fr020_kd050/agents/agent_1/checkpoints/expert_model.pt	2023046	model/checkpoint/packet payload	planned
cifar100_4agent_25cls_conv_family_tuning_D_ep300_fr020_kd050	outputs/cifar100_4agent_25cls_conv_family_tuning_D_ep300_fr020_kd050/agents/agent_2/packets/dsdm_packet.pt	3126768	model/checkpoint/packet payload	planned
cifar100_4agent_25cls_conv_family_tuning_D_ep300_fr020_kd050	outputs/cifar100_4agent_25cls_conv_family_tuning_D_ep300_fr020_kd050/agents/agent_2/checkpoints/expert_model.pt	2001230	model/checkpoint/packet payload	planned
cifar100_4agent_25cls_conv_family_tuning_D_ep300_fr020_kd050	outputs/cifar100_4agent_25cls_conv_family_tuning_D_ep300_fr020_kd050/agents/agent_3/packets/dsdm_packet.pt	3126768	model/checkpoint/packet payload	planned
cifar100_4agent_25cls_conv_family_tuning_D_ep300_fr020_kd050	outputs/cifar100_4agent_25cls_conv_family_tuning_D_ep300_fr020_kd050/agents/agent_3/checkpoints/expert_model.pt	4325454	model/checkpoint/packet payload	planned
cifar100_4agent_25cls_conv_family_tuning_D_ep300_fr020_kd050	outputs/cifar100_4agent_25cls_conv_family_tuning_D_ep300_fr020_kd050/packet_hub/dsdm/agent_0_dsdm_packet.pt	3126768	model/checkpoint/packet payload	planned
cifar100_4agent_25cls_conv_family_tuning_D_ep300_fr020_kd050	outputs/cifar100_4agent_25cls_conv_family_tuning_D_ep300_fr020_kd050/packet_hub/dsdm/agent_1_dsdm_packet.pt	3126768	model/checkpoint/packet payload	planned
cifar100_4agent_25cls_conv_family_tuning_D_ep300_fr020_kd050	outputs/cifar100_4agent_25cls_conv_family_tuning_D_ep300_fr020_kd050/packet_hub/dsdm/agent_2_dsdm_packet.pt	3126768	model/checkpoint/packet payload	planned
cifar100_4agent_25cls_conv_family_tuning_D_ep300_fr020_kd050	outputs/cifar100_4agent_25cls_conv_family_tuning_D_ep300_fr020_kd050/packet_hub/dsdm/agent_3_dsdm_packet.pt	3126768	model/checkpoint/packet payload	planned
cifar100_4agent_25cls_conv_family_tuning_E_ep200_fr015_kd050	outputs/cifar100_4agent_25cls_conv_family_tuning_E_ep200_fr015_kd050/agents/agent_0/packets/dsdm_packet.pt	3126768	model/checkpoint/packet payload	planned
cifar100_4agent_25cls_conv_family_tuning_E_ep200_fr015_kd050	outputs/cifar100_4agent_25cls_conv_family_tuning_E_ep200_fr015_kd050/agents/agent_0/checkpoints/expert_model.pt	719494	model/checkpoint/packet payload	planned
cifar100_4agent_25cls_conv_family_tuning_E_ep200_fr015_kd050	outputs/cifar100_4agent_25cls_conv_family_tuning_E_ep200_fr015_kd050/agents/agent_1/packets/dsdm_packet.pt	3126768	model/checkpoint/packet payload	planned
cifar100_4agent_25cls_conv_family_tuning_E_ep200_fr015_kd050	outputs/cifar100_4agent_25cls_conv_family_tuning_E_ep200_fr015_kd050/agents/agent_1/checkpoints/expert_model.pt	2023046	model/checkpoint/packet payload	planned
cifar100_4agent_25cls_conv_family_tuning_E_ep200_fr015_kd050	outputs/cifar100_4agent_25cls_conv_family_tuning_E_ep200_fr015_kd050/agents/agent_2/packets/dsdm_packet.pt	3126768	model/checkpoint/packet payload	planned
cifar100_4agent_25cls_conv_family_tuning_E_ep200_fr015_kd050	outputs/cifar100_4agent_25cls_conv_family_tuning_E_ep200_fr015_kd050/agents/agent_2/checkpoints/expert_model.pt	2001230	model/checkpoint/packet payload	planned
cifar100_4agent_25cls_conv_family_tuning_E_ep200_fr015_kd050	outputs/cifar100_4agent_25cls_conv_family_tuning_E_ep200_fr015_kd050/agents/agent_3/packets/dsdm_packet.pt	3126768	model/checkpoint/packet payload	planned
cifar100_4agent_25cls_conv_family_tuning_E_ep200_fr015_kd050	outputs/cifar100_4agent_25cls_conv_family_tuning_E_ep200_fr015_kd050/agents/agent_3/checkpoints/expert_model.pt	4325454	model/checkpoint/packet payload	planned
cifar100_4agent_25cls_conv_family_tuning_E_ep200_fr015_kd050	outputs/cifar100_4agent_25cls_conv_family_tuning_E_ep200_fr015_kd050/packet_hub/dsdm/agent_0_dsdm_packet.pt	3126768	model/checkpoint/packet payload	planned
cifar100_4agent_25cls_conv_family_tuning_E_ep200_fr015_kd050	outputs/cifar100_4agent_25cls_conv_family_tuning_E_ep200_fr015_kd050/packet_hub/dsdm/agent_1_dsdm_packet.pt	3126768	model/checkpoint/packet payload	planned
cifar100_4agent_25cls_conv_family_tuning_E_ep200_fr015_kd050	outputs/cifar100_4agent_25cls_conv_family_tuning_E_ep200_fr015_kd050/packet_hub/dsdm/agent_2_dsdm_packet.pt	3126768	model/checkpoint/packet payload	planned
cifar100_4agent_25cls_conv_family_tuning_E_ep200_fr015_kd050	outputs/cifar100_4agent_25cls_conv_family_tuning_E_ep200_fr015_kd050/packet_hub/dsdm/agent_3_dsdm_packet.pt	3126768	model/checkpoint/packet payload	planned
cifar100_4agent_25cls_conv_family_tuning_F_ep200_fr025_kd050	outputs/cifar100_4agent_25cls_conv_family_tuning_F_ep200_fr025_kd050/agents/agent_0/packets/dsdm_packet.pt	3126768	model/checkpoint/packet payload	planned
cifar100_4agent_25cls_conv_family_tuning_F_ep200_fr025_kd050	outputs/cifar100_4agent_25cls_conv_family_tuning_F_ep200_fr025_kd050/agents/agent_0/checkpoints/expert_model.pt	719494	model/checkpoint/packet payload	planned
cifar100_4agent_25cls_conv_family_tuning_F_ep200_fr025_kd050	outputs/cifar100_4agent_25cls_conv_family_tuning_F_ep200_fr025_kd050/agents/agent_1/packets/dsdm_packet.pt	3126768	model/checkpoint/packet payload	planned
cifar100_4agent_25cls_conv_family_tuning_F_ep200_fr025_kd050	outputs/cifar100_4agent_25cls_conv_family_tuning_F_ep200_fr025_kd050/agents/agent_1/checkpoints/expert_model.pt	2023046	model/checkpoint/packet payload	planned
cifar100_4agent_25cls_conv_family_tuning_F_ep200_fr025_kd050	outputs/cifar100_4agent_25cls_conv_family_tuning_F_ep200_fr025_kd050/agents/agent_2/packets/dsdm_packet.pt	3126768	model/checkpoint/packet payload	planned
cifar100_4agent_25cls_conv_family_tuning_F_ep200_fr025_kd050	outputs/cifar100_4agent_25cls_conv_family_tuning_F_ep200_fr025_kd050/agents/agent_2/checkpoints/expert_model.pt	2001230	model/checkpoint/packet payload	planned
cifar100_4agent_25cls_conv_family_tuning_F_ep200_fr025_kd050	outputs/cifar100_4agent_25cls_conv_family_tuning_F_ep200_fr025_kd050/agents/agent_3/packets/dsdm_packet.pt	3126768	model/checkpoint/packet payload	planned
cifar100_4agent_25cls_conv_family_tuning_F_ep200_fr025_kd050	outputs/cifar100_4agent_25cls_conv_family_tuning_F_ep200_fr025_kd050/agents/agent_3/checkpoints/expert_model.pt	4325454	model/checkpoint/packet payload	planned
cifar100_4agent_25cls_conv_family_tuning_F_ep200_fr025_kd050	outputs/cifar100_4agent_25cls_conv_family_tuning_F_ep200_fr025_kd050/packet_hub/dsdm/agent_0_dsdm_packet.pt	3126768	model/checkpoint/packet payload	planned
cifar100_4agent_25cls_conv_family_tuning_F_ep200_fr025_kd050	outputs/cifar100_4agent_25cls_conv_family_tuning_F_ep200_fr025_kd050/packet_hub/dsdm/agent_1_dsdm_packet.pt	3126768	model/checkpoint/packet payload	planned
cifar100_4agent_25cls_conv_family_tuning_F_ep200_fr025_kd050	outputs/cifar100_4agent_25cls_conv_family_tuning_F_ep200_fr025_kd050/packet_hub/dsdm/agent_2_dsdm_packet.pt	3126768	model/checkpoint/packet payload	planned
cifar100_4agent_25cls_conv_family_tuning_F_ep200_fr025_kd050	outputs/cifar100_4agent_25cls_conv_family_tuning_F_ep200_fr025_kd050/packet_hub/dsdm/agent_3_dsdm_packet.pt	3126768	model/checkpoint/packet payload	planned
cifar100_4agent_25cls_conv_family_tuning_G_ep200_fr020_kd060	outputs/cifar100_4agent_25cls_conv_family_tuning_G_ep200_fr020_kd060/agents/agent_0/packets/dsdm_packet.pt	3126768	model/checkpoint/packet payload	planned
cifar100_4agent_25cls_conv_family_tuning_G_ep200_fr020_kd060	outputs/cifar100_4agent_25cls_conv_family_tuning_G_ep200_fr020_kd060/agents/agent_0/checkpoints/expert_model.pt	719494	model/checkpoint/packet payload	planned
cifar100_4agent_25cls_conv_family_tuning_G_ep200_fr020_kd060	outputs/cifar100_4agent_25cls_conv_family_tuning_G_ep200_fr020_kd060/agents/agent_1/packets/dsdm_packet.pt	3126768	model/checkpoint/packet payload	planned
cifar100_4agent_25cls_conv_family_tuning_G_ep200_fr020_kd060	outputs/cifar100_4agent_25cls_conv_family_tuning_G_ep200_fr020_kd060/agents/agent_1/checkpoints/expert_model.pt	2023046	model/checkpoint/packet payload	planned
cifar100_4agent_25cls_conv_family_tuning_G_ep200_fr020_kd060	outputs/cifar100_4agent_25cls_conv_family_tuning_G_ep200_fr020_kd060/agents/agent_2/packets/dsdm_packet.pt	3126768	model/checkpoint/packet payload	planned
cifar100_4agent_25cls_conv_family_tuning_G_ep200_fr020_kd060	outputs/cifar100_4agent_25cls_conv_family_tuning_G_ep200_fr020_kd060/agents/agent_2/checkpoints/expert_model.pt	2001230	model/checkpoint/packet payload	planned
cifar100_4agent_25cls_conv_family_tuning_G_ep200_fr020_kd060	outputs/cifar100_4agent_25cls_conv_family_tuning_G_ep200_fr020_kd060/agents/agent_3/packets/dsdm_packet.pt	3126768	model/checkpoint/packet payload	planned
cifar100_4agent_25cls_conv_family_tuning_G_ep200_fr020_kd060	outputs/cifar100_4agent_25cls_conv_family_tuning_G_ep200_fr020_kd060/agents/agent_3/checkpoints/expert_model.pt	4325454	model/checkpoint/packet payload	planned
cifar100_4agent_25cls_conv_family_tuning_G_ep200_fr020_kd060	outputs/cifar100_4agent_25cls_conv_family_tuning_G_ep200_fr020_kd060/packet_hub/dsdm/agent_0_dsdm_packet.pt	3126768	model/checkpoint/packet payload	planned
cifar100_4agent_25cls_conv_family_tuning_G_ep200_fr020_kd060	outputs/cifar100_4agent_25cls_conv_family_tuning_G_ep200_fr020_kd060/packet_hub/dsdm/agent_1_dsdm_packet.pt	3126768	model/checkpoint/packet payload	planned
cifar100_4agent_25cls_conv_family_tuning_G_ep200_fr020_kd060	outputs/cifar100_4agent_25cls_conv_family_tuning_G_ep200_fr020_kd060/packet_hub/dsdm/agent_2_dsdm_packet.pt	3126768	model/checkpoint/packet payload	planned
cifar100_4agent_25cls_conv_family_tuning_G_ep200_fr020_kd060	outputs/cifar100_4agent_25cls_conv_family_tuning_G_ep200_fr020_kd060/packet_hub/dsdm/agent_3_dsdm_packet.pt	3126768	model/checkpoint/packet payload	planned
cifar100_4agent_25cls_conv_family_tuning_H_ep200_fr020_kd075	outputs/cifar100_4agent_25cls_conv_family_tuning_H_ep200_fr020_kd075/agents/agent_0/packets/dsdm_packet.pt	3126768	model/checkpoint/packet payload	planned
cifar100_4agent_25cls_conv_family_tuning_H_ep200_fr020_kd075	outputs/cifar100_4agent_25cls_conv_family_tuning_H_ep200_fr020_kd075/agents/agent_0/checkpoints/expert_model.pt	719494	model/checkpoint/packet payload	planned
cifar100_4agent_25cls_conv_family_tuning_H_ep200_fr020_kd075	outputs/cifar100_4agent_25cls_conv_family_tuning_H_ep200_fr020_kd075/agents/agent_1/packets/dsdm_packet.pt	3126768	model/checkpoint/packet payload	planned
cifar100_4agent_25cls_conv_family_tuning_H_ep200_fr020_kd075	outputs/cifar100_4agent_25cls_conv_family_tuning_H_ep200_fr020_kd075/agents/agent_1/checkpoints/expert_model.pt	2023046	model/checkpoint/packet payload	planned
cifar100_4agent_25cls_conv_family_tuning_H_ep200_fr020_kd075	outputs/cifar100_4agent_25cls_conv_family_tuning_H_ep200_fr020_kd075/agents/agent_2/packets/dsdm_packet.pt	3126768	model/checkpoint/packet payload	planned
cifar100_4agent_25cls_conv_family_tuning_H_ep200_fr020_kd075	outputs/cifar100_4agent_25cls_conv_family_tuning_H_ep200_fr020_kd075/agents/agent_2/checkpoints/expert_model.pt	2001230	model/checkpoint/packet payload	planned
cifar100_4agent_25cls_conv_family_tuning_H_ep200_fr020_kd075	outputs/cifar100_4agent_25cls_conv_family_tuning_H_ep200_fr020_kd075/agents/agent_3/packets/dsdm_packet.pt	3126768	model/checkpoint/packet payload	planned
cifar100_4agent_25cls_conv_family_tuning_H_ep200_fr020_kd075	outputs/cifar100_4agent_25cls_conv_family_tuning_H_ep200_fr020_kd075/agents/agent_3/checkpoints/expert_model.pt	4325454	model/checkpoint/packet payload	planned
cifar100_4agent_25cls_conv_family_tuning_H_ep200_fr020_kd075	outputs/cifar100_4agent_25cls_conv_family_tuning_H_ep200_fr020_kd075/packet_hub/dsdm/agent_0_dsdm_packet.pt	3126768	model/checkpoint/packet payload	planned
cifar100_4agent_25cls_conv_family_tuning_H_ep200_fr020_kd075	outputs/cifar100_4agent_25cls_conv_family_tuning_H_ep200_fr020_kd075/packet_hub/dsdm/agent_1_dsdm_packet.pt	3126768	model/checkpoint/packet payload	planned
cifar100_4agent_25cls_conv_family_tuning_H_ep200_fr020_kd075	outputs/cifar100_4agent_25cls_conv_family_tuning_H_ep200_fr020_kd075/packet_hub/dsdm/agent_2_dsdm_packet.pt	3126768	model/checkpoint/packet payload	planned
cifar100_4agent_25cls_conv_family_tuning_H_ep200_fr020_kd075	outputs/cifar100_4agent_25cls_conv_family_tuning_H_ep200_fr020_kd075/packet_hub/dsdm/agent_3_dsdm_packet.pt	3126768	model/checkpoint/packet payload	planned
cifar100_4agent_25cls_hetero_receiver_tuning_ipc50_ep150_lr0010_fr005_kd050_t2	outputs/cifar100_4agent_25cls_hetero_receiver_tuning_ipc50_ep150_lr0010_fr005_kd050_t2/agents/agent_0/packets/dsdm_packet.pt	15622768	model/checkpoint/packet payload	planned
cifar100_4agent_25cls_hetero_receiver_tuning_ipc50_ep150_lr0010_fr005_kd050_t2	outputs/cifar100_4agent_25cls_hetero_receiver_tuning_ipc50_ep150_lr0010_fr005_kd050_t2/agents/agent_0/checkpoints/expert_model.pt	2023046	model/checkpoint/packet payload	planned
cifar100_4agent_25cls_hetero_receiver_tuning_ipc50_ep150_lr0010_fr005_kd050_t2	outputs/cifar100_4agent_25cls_hetero_receiver_tuning_ipc50_ep150_lr0010_fr005_kd050_t2/agents/agent_1/packets/dsdm_packet.pt	15622768	model/checkpoint/packet payload	planned
cifar100_4agent_25cls_hetero_receiver_tuning_ipc50_ep150_lr0010_fr005_kd050_t2	outputs/cifar100_4agent_25cls_hetero_receiver_tuning_ipc50_ep150_lr0010_fr005_kd050_t2/agents/agent_1/checkpoints/expert_model.pt	2023046	model/checkpoint/packet payload	planned
cifar100_4agent_25cls_hetero_receiver_tuning_ipc50_ep150_lr0010_fr005_kd050_t2	outputs/cifar100_4agent_25cls_hetero_receiver_tuning_ipc50_ep150_lr0010_fr005_kd050_t2/agents/agent_2/packets/dsdm_packet.pt	15622768	model/checkpoint/packet payload	planned
cifar100_4agent_25cls_hetero_receiver_tuning_ipc50_ep150_lr0010_fr005_kd050_t2	outputs/cifar100_4agent_25cls_hetero_receiver_tuning_ipc50_ep150_lr0010_fr005_kd050_t2/agents/agent_2/checkpoints/expert_model.pt	5021686	model/checkpoint/packet payload	planned
cifar100_4agent_25cls_hetero_receiver_tuning_ipc50_ep150_lr0010_fr005_kd050_t2	outputs/cifar100_4agent_25cls_hetero_receiver_tuning_ipc50_ep150_lr0010_fr005_kd050_t2/agents/agent_3/packets/dsdm_packet.pt	15622768	model/checkpoint/packet payload	planned
cifar100_4agent_25cls_hetero_receiver_tuning_ipc50_ep150_lr0010_fr005_kd050_t2	outputs/cifar100_4agent_25cls_hetero_receiver_tuning_ipc50_ep150_lr0010_fr005_kd050_t2/agents/agent_3/checkpoints/expert_model.pt	5021814	model/checkpoint/packet payload	planned
cifar100_4agent_25cls_hetero_receiver_tuning_ipc50_ep150_lr0010_fr005_kd050_t2	outputs/cifar100_4agent_25cls_hetero_receiver_tuning_ipc50_ep150_lr0010_fr005_kd050_t2/packet_hub/dsdm/agent_0_dsdm_packet.pt	15622768	model/checkpoint/packet payload	planned
cifar100_4agent_25cls_hetero_receiver_tuning_ipc50_ep150_lr0010_fr005_kd050_t2	outputs/cifar100_4agent_25cls_hetero_receiver_tuning_ipc50_ep150_lr0010_fr005_kd050_t2/packet_hub/dsdm/agent_1_dsdm_packet.pt	15622768	model/checkpoint/packet payload	planned
cifar100_4agent_25cls_hetero_receiver_tuning_ipc50_ep150_lr0010_fr005_kd050_t2	outputs/cifar100_4agent_25cls_hetero_receiver_tuning_ipc50_ep150_lr0010_fr005_kd050_t2/packet_hub/dsdm/agent_2_dsdm_packet.pt	15622768	model/checkpoint/packet payload	planned
cifar100_4agent_25cls_hetero_receiver_tuning_ipc50_ep150_lr0010_fr005_kd050_t2	outputs/cifar100_4agent_25cls_hetero_receiver_tuning_ipc50_ep150_lr0010_fr005_kd050_t2/packet_hub/dsdm/agent_3_dsdm_packet.pt	15622768	model/checkpoint/packet payload	planned
cifar100_4agent_25cls_hetero_receiver_tuning_ipc50_ep200_lr0010_fr005_kd050_t2	outputs/cifar100_4agent_25cls_hetero_receiver_tuning_ipc50_ep200_lr0010_fr005_kd050_t2/agents/agent_0/packets/dsdm_packet.pt	15622768	model/checkpoint/packet payload	planned
cifar100_4agent_25cls_hetero_receiver_tuning_ipc50_ep200_lr0010_fr005_kd050_t2	outputs/cifar100_4agent_25cls_hetero_receiver_tuning_ipc50_ep200_lr0010_fr005_kd050_t2/agents/agent_0/checkpoints/expert_model.pt	2023046	model/checkpoint/packet payload	planned
cifar100_4agent_25cls_hetero_receiver_tuning_ipc50_ep200_lr0010_fr005_kd050_t2	outputs/cifar100_4agent_25cls_hetero_receiver_tuning_ipc50_ep200_lr0010_fr005_kd050_t2/agents/agent_1/packets/dsdm_packet.pt	15622768	model/checkpoint/packet payload	planned
cifar100_4agent_25cls_hetero_receiver_tuning_ipc50_ep200_lr0010_fr005_kd050_t2	outputs/cifar100_4agent_25cls_hetero_receiver_tuning_ipc50_ep200_lr0010_fr005_kd050_t2/agents/agent_1/checkpoints/expert_model.pt	2023046	model/checkpoint/packet payload	planned
cifar100_4agent_25cls_hetero_receiver_tuning_ipc50_ep200_lr0010_fr005_kd050_t2	outputs/cifar100_4agent_25cls_hetero_receiver_tuning_ipc50_ep200_lr0010_fr005_kd050_t2/agents/agent_2/packets/dsdm_packet.pt	15622768	model/checkpoint/packet payload	planned
cifar100_4agent_25cls_hetero_receiver_tuning_ipc50_ep200_lr0010_fr005_kd050_t2	outputs/cifar100_4agent_25cls_hetero_receiver_tuning_ipc50_ep200_lr0010_fr005_kd050_t2/agents/agent_2/checkpoints/expert_model.pt	5021686	model/checkpoint/packet payload	planned
cifar100_4agent_25cls_hetero_receiver_tuning_ipc50_ep200_lr0010_fr005_kd050_t2	outputs/cifar100_4agent_25cls_hetero_receiver_tuning_ipc50_ep200_lr0010_fr005_kd050_t2/agents/agent_3/packets/dsdm_packet.pt	15622768	model/checkpoint/packet payload	planned
cifar100_4agent_25cls_hetero_receiver_tuning_ipc50_ep200_lr0010_fr005_kd050_t2	outputs/cifar100_4agent_25cls_hetero_receiver_tuning_ipc50_ep200_lr0010_fr005_kd050_t2/agents/agent_3/checkpoints/expert_model.pt	5021814	model/checkpoint/packet payload	planned
cifar100_4agent_25cls_hetero_receiver_tuning_ipc50_ep200_lr0010_fr005_kd050_t2	outputs/cifar100_4agent_25cls_hetero_receiver_tuning_ipc50_ep200_lr0010_fr005_kd050_t2/packet_hub/dsdm/agent_0_dsdm_packet.pt	15622768	model/checkpoint/packet payload	planned
cifar100_4agent_25cls_hetero_receiver_tuning_ipc50_ep200_lr0010_fr005_kd050_t2	outputs/cifar100_4agent_25cls_hetero_receiver_tuning_ipc50_ep200_lr0010_fr005_kd050_t2/packet_hub/dsdm/agent_1_dsdm_packet.pt	15622768	model/checkpoint/packet payload	planned
cifar100_4agent_25cls_hetero_receiver_tuning_ipc50_ep200_lr0010_fr005_kd050_t2	outputs/cifar100_4agent_25cls_hetero_receiver_tuning_ipc50_ep200_lr0010_fr005_kd050_t2/packet_hub/dsdm/agent_2_dsdm_packet.pt	15622768	model/checkpoint/packet payload	planned
cifar100_4agent_25cls_hetero_receiver_tuning_ipc50_ep200_lr0010_fr005_kd050_t2	outputs/cifar100_4agent_25cls_hetero_receiver_tuning_ipc50_ep200_lr0010_fr005_kd050_t2/packet_hub/dsdm/agent_3_dsdm_packet.pt	15622768	model/checkpoint/packet payload	planned
cifar100_4agent_25cls_hetero_receiver_tuning_ipc50_ep300_lr0010_fr005_kd050_t2	outputs/cifar100_4agent_25cls_hetero_receiver_tuning_ipc50_ep300_lr0010_fr005_kd050_t2/agents/agent_0/packets/dsdm_packet.pt	15622768	model/checkpoint/packet payload	planned
cifar100_4agent_25cls_hetero_receiver_tuning_ipc50_ep300_lr0010_fr005_kd050_t2	outputs/cifar100_4agent_25cls_hetero_receiver_tuning_ipc50_ep300_lr0010_fr005_kd050_t2/agents/agent_0/checkpoints/expert_model.pt	2023046	model/checkpoint/packet payload	planned
cifar100_4agent_25cls_hetero_receiver_tuning_ipc50_ep300_lr0010_fr005_kd050_t2	outputs/cifar100_4agent_25cls_hetero_receiver_tuning_ipc50_ep300_lr0010_fr005_kd050_t2/agents/agent_1/packets/dsdm_packet.pt	15622768	model/checkpoint/packet payload	planned
cifar100_4agent_25cls_hetero_receiver_tuning_ipc50_ep300_lr0010_fr005_kd050_t2	outputs/cifar100_4agent_25cls_hetero_receiver_tuning_ipc50_ep300_lr0010_fr005_kd050_t2/agents/agent_1/checkpoints/expert_model.pt	2023046	model/checkpoint/packet payload	planned
cifar100_4agent_25cls_hetero_receiver_tuning_ipc50_ep300_lr0010_fr005_kd050_t2	outputs/cifar100_4agent_25cls_hetero_receiver_tuning_ipc50_ep300_lr0010_fr005_kd050_t2/agents/agent_2/packets/dsdm_packet.pt	15622768	model/checkpoint/packet payload	planned
cifar100_4agent_25cls_hetero_receiver_tuning_ipc50_ep300_lr0010_fr005_kd050_t2	outputs/cifar100_4agent_25cls_hetero_receiver_tuning_ipc50_ep300_lr0010_fr005_kd050_t2/agents/agent_2/checkpoints/expert_model.pt	5021686	model/checkpoint/packet payload	planned
cifar100_4agent_25cls_hetero_receiver_tuning_ipc50_ep300_lr0010_fr005_kd050_t2	outputs/cifar100_4agent_25cls_hetero_receiver_tuning_ipc50_ep300_lr0010_fr005_kd050_t2/agents/agent_3/packets/dsdm_packet.pt	15622768	model/checkpoint/packet payload	planned
cifar100_4agent_25cls_hetero_receiver_tuning_ipc50_ep300_lr0010_fr005_kd050_t2	outputs/cifar100_4agent_25cls_hetero_receiver_tuning_ipc50_ep300_lr0010_fr005_kd050_t2/agents/agent_3/checkpoints/expert_model.pt	5021814	model/checkpoint/packet payload	planned
cifar100_4agent_25cls_hetero_receiver_tuning_ipc50_ep300_lr0010_fr005_kd050_t2	outputs/cifar100_4agent_25cls_hetero_receiver_tuning_ipc50_ep300_lr0010_fr005_kd050_t2/packet_hub/dsdm/agent_0_dsdm_packet.pt	15622768	model/checkpoint/packet payload	planned
cifar100_4agent_25cls_hetero_receiver_tuning_ipc50_ep300_lr0010_fr005_kd050_t2	outputs/cifar100_4agent_25cls_hetero_receiver_tuning_ipc50_ep300_lr0010_fr005_kd050_t2/packet_hub/dsdm/agent_1_dsdm_packet.pt	15622768	model/checkpoint/packet payload	planned
cifar100_4agent_25cls_hetero_receiver_tuning_ipc50_ep300_lr0010_fr005_kd050_t2	outputs/cifar100_4agent_25cls_hetero_receiver_tuning_ipc50_ep300_lr0010_fr005_kd050_t2/packet_hub/dsdm/agent_2_dsdm_packet.pt	15622768	model/checkpoint/packet payload	planned
cifar100_4agent_25cls_hetero_receiver_tuning_ipc50_ep300_lr0010_fr005_kd050_t2	outputs/cifar100_4agent_25cls_hetero_receiver_tuning_ipc50_ep300_lr0010_fr005_kd050_t2/packet_hub/dsdm/agent_3_dsdm_packet.pt	15622768	model/checkpoint/packet payload	planned
cifar100_4agent_25cls_joint_tuning_ipc10_ep075_fr020_kd050	outputs/cifar100_4agent_25cls_joint_tuning_ipc10_ep075_fr020_kd050/agents/agent_0/checkpoints/expert_model.pt	719494	model/checkpoint/packet payload	planned
cifar100_4agent_25cls_joint_tuning_ipc10_ep075_fr020_kd050	outputs/cifar100_4agent_25cls_joint_tuning_ipc10_ep075_fr020_kd050/agents/agent_0/packets/dsdm_packet.pt	3126768	model/checkpoint/packet payload	planned
cifar100_4agent_25cls_joint_tuning_ipc10_ep075_fr020_kd050	outputs/cifar100_4agent_25cls_joint_tuning_ipc10_ep075_fr020_kd050/agents/agent_1/checkpoints/expert_model.pt	2023046	model/checkpoint/packet payload	planned
cifar100_4agent_25cls_joint_tuning_ipc10_ep075_fr020_kd050	outputs/cifar100_4agent_25cls_joint_tuning_ipc10_ep075_fr020_kd050/agents/agent_1/packets/dsdm_packet.pt	3126768	model/checkpoint/packet payload	planned
cifar100_4agent_25cls_joint_tuning_ipc10_ep075_fr020_kd050	outputs/cifar100_4agent_25cls_joint_tuning_ipc10_ep075_fr020_kd050/agents/agent_2/checkpoints/expert_model.pt	2001230	model/checkpoint/packet payload	planned
cifar100_4agent_25cls_joint_tuning_ipc10_ep075_fr020_kd050	outputs/cifar100_4agent_25cls_joint_tuning_ipc10_ep075_fr020_kd050/agents/agent_2/packets/dsdm_packet.pt	3126768	model/checkpoint/packet payload	planned
cifar100_4agent_25cls_joint_tuning_ipc10_ep075_fr020_kd050	outputs/cifar100_4agent_25cls_joint_tuning_ipc10_ep075_fr020_kd050/agents/agent_3/checkpoints/expert_model.pt	4325454	model/checkpoint/packet payload	planned
cifar100_4agent_25cls_joint_tuning_ipc10_ep075_fr020_kd050	outputs/cifar100_4agent_25cls_joint_tuning_ipc10_ep075_fr020_kd050/agents/agent_3/packets/dsdm_packet.pt	3126768	model/checkpoint/packet payload	planned
cifar100_4agent_25cls_joint_tuning_ipc10_ep075_fr020_kd050	outputs/cifar100_4agent_25cls_joint_tuning_ipc10_ep075_fr020_kd050/packet_hub/dsdm/agent_0_dsdm_packet.pt	3126768	model/checkpoint/packet payload	planned
cifar100_4agent_25cls_joint_tuning_ipc10_ep075_fr020_kd050	outputs/cifar100_4agent_25cls_joint_tuning_ipc10_ep075_fr020_kd050/packet_hub/dsdm/agent_1_dsdm_packet.pt	3126768	model/checkpoint/packet payload	planned
cifar100_4agent_25cls_joint_tuning_ipc10_ep075_fr020_kd050	outputs/cifar100_4agent_25cls_joint_tuning_ipc10_ep075_fr020_kd050/packet_hub/dsdm/agent_2_dsdm_packet.pt	3126768	model/checkpoint/packet payload	planned
cifar100_4agent_25cls_joint_tuning_ipc10_ep075_fr020_kd050	outputs/cifar100_4agent_25cls_joint_tuning_ipc10_ep075_fr020_kd050/packet_hub/dsdm/agent_3_dsdm_packet.pt	3126768	model/checkpoint/packet payload	planned
cifar100_4agent_25cls_joint_tuning_ipc10_ep100_fr020_kd040	outputs/cifar100_4agent_25cls_joint_tuning_ipc10_ep100_fr020_kd040/agents/agent_0/packets/dsdm_packet.pt	3126768	model/checkpoint/packet payload	planned
cifar100_4agent_25cls_joint_tuning_ipc10_ep100_fr020_kd040	outputs/cifar100_4agent_25cls_joint_tuning_ipc10_ep100_fr020_kd040/agents/agent_0/checkpoints/expert_model.pt	719494	model/checkpoint/packet payload	planned
cifar100_4agent_25cls_joint_tuning_ipc10_ep100_fr020_kd040	outputs/cifar100_4agent_25cls_joint_tuning_ipc10_ep100_fr020_kd040/agents/agent_1/packets/dsdm_packet.pt	3126768	model/checkpoint/packet payload	planned
cifar100_4agent_25cls_joint_tuning_ipc10_ep100_fr020_kd040	outputs/cifar100_4agent_25cls_joint_tuning_ipc10_ep100_fr020_kd040/agents/agent_1/checkpoints/expert_model.pt	2023046	model/checkpoint/packet payload	planned
cifar100_4agent_25cls_joint_tuning_ipc10_ep100_fr020_kd040	outputs/cifar100_4agent_25cls_joint_tuning_ipc10_ep100_fr020_kd040/agents/agent_2/packets/dsdm_packet.pt	3126768	model/checkpoint/packet payload	planned
cifar100_4agent_25cls_joint_tuning_ipc10_ep100_fr020_kd040	outputs/cifar100_4agent_25cls_joint_tuning_ipc10_ep100_fr020_kd040/agents/agent_2/checkpoints/expert_model.pt	2001230	model/checkpoint/packet payload	planned
cifar100_4agent_25cls_joint_tuning_ipc10_ep100_fr020_kd040	outputs/cifar100_4agent_25cls_joint_tuning_ipc10_ep100_fr020_kd040/agents/agent_3/packets/dsdm_packet.pt	3126768	model/checkpoint/packet payload	planned
cifar100_4agent_25cls_joint_tuning_ipc10_ep100_fr020_kd040	outputs/cifar100_4agent_25cls_joint_tuning_ipc10_ep100_fr020_kd040/agents/agent_3/checkpoints/expert_model.pt	4325454	model/checkpoint/packet payload	planned
cifar100_4agent_25cls_joint_tuning_ipc10_ep100_fr020_kd040	outputs/cifar100_4agent_25cls_joint_tuning_ipc10_ep100_fr020_kd040/packet_hub/dsdm/agent_0_dsdm_packet.pt	3126768	model/checkpoint/packet payload	planned
cifar100_4agent_25cls_joint_tuning_ipc10_ep100_fr020_kd040	outputs/cifar100_4agent_25cls_joint_tuning_ipc10_ep100_fr020_kd040/packet_hub/dsdm/agent_1_dsdm_packet.pt	3126768	model/checkpoint/packet payload	planned
cifar100_4agent_25cls_joint_tuning_ipc10_ep100_fr020_kd040	outputs/cifar100_4agent_25cls_joint_tuning_ipc10_ep100_fr020_kd040/packet_hub/dsdm/agent_2_dsdm_packet.pt	3126768	model/checkpoint/packet payload	planned
cifar100_4agent_25cls_joint_tuning_ipc10_ep100_fr020_kd040	outputs/cifar100_4agent_25cls_joint_tuning_ipc10_ep100_fr020_kd040/packet_hub/dsdm/agent_3_dsdm_packet.pt	3126768	model/checkpoint/packet payload	planned
cifar100_4agent_25cls_joint_tuning_ipc10_ep100_fr020_kd060	outputs/cifar100_4agent_25cls_joint_tuning_ipc10_ep100_fr020_kd060/agents/agent_0/packets/dsdm_packet.pt	3126768	model/checkpoint/packet payload	planned
cifar100_4agent_25cls_joint_tuning_ipc10_ep100_fr020_kd060	outputs/cifar100_4agent_25cls_joint_tuning_ipc10_ep100_fr020_kd060/agents/agent_0/checkpoints/expert_model.pt	719494	model/checkpoint/packet payload	planned
cifar100_4agent_25cls_joint_tuning_ipc10_ep100_fr020_kd060	outputs/cifar100_4agent_25cls_joint_tuning_ipc10_ep100_fr020_kd060/agents/agent_1/packets/dsdm_packet.pt	3126768	model/checkpoint/packet payload	planned
cifar100_4agent_25cls_joint_tuning_ipc10_ep100_fr020_kd060	outputs/cifar100_4agent_25cls_joint_tuning_ipc10_ep100_fr020_kd060/agents/agent_1/checkpoints/expert_model.pt	2023046	model/checkpoint/packet payload	planned
cifar100_4agent_25cls_joint_tuning_ipc10_ep100_fr020_kd060	outputs/cifar100_4agent_25cls_joint_tuning_ipc10_ep100_fr020_kd060/agents/agent_2/packets/dsdm_packet.pt	3126768	model/checkpoint/packet payload	planned
cifar100_4agent_25cls_joint_tuning_ipc10_ep100_fr020_kd060	outputs/cifar100_4agent_25cls_joint_tuning_ipc10_ep100_fr020_kd060/agents/agent_2/checkpoints/expert_model.pt	2001230	model/checkpoint/packet payload	planned
cifar100_4agent_25cls_joint_tuning_ipc10_ep100_fr020_kd060	outputs/cifar100_4agent_25cls_joint_tuning_ipc10_ep100_fr020_kd060/agents/agent_3/packets/dsdm_packet.pt	3126768	model/checkpoint/packet payload	planned
cifar100_4agent_25cls_joint_tuning_ipc10_ep100_fr020_kd060	outputs/cifar100_4agent_25cls_joint_tuning_ipc10_ep100_fr020_kd060/agents/agent_3/checkpoints/expert_model.pt	4325454	model/checkpoint/packet payload	planned
cifar100_4agent_25cls_joint_tuning_ipc10_ep100_fr020_kd060	outputs/cifar100_4agent_25cls_joint_tuning_ipc10_ep100_fr020_kd060/packet_hub/dsdm/agent_0_dsdm_packet.pt	3126768	model/checkpoint/packet payload	planned
cifar100_4agent_25cls_joint_tuning_ipc10_ep100_fr020_kd060	outputs/cifar100_4agent_25cls_joint_tuning_ipc10_ep100_fr020_kd060/packet_hub/dsdm/agent_1_dsdm_packet.pt	3126768	model/checkpoint/packet payload	planned
cifar100_4agent_25cls_joint_tuning_ipc10_ep100_fr020_kd060	outputs/cifar100_4agent_25cls_joint_tuning_ipc10_ep100_fr020_kd060/packet_hub/dsdm/agent_2_dsdm_packet.pt	3126768	model/checkpoint/packet payload	planned
cifar100_4agent_25cls_joint_tuning_ipc10_ep100_fr020_kd060	outputs/cifar100_4agent_25cls_joint_tuning_ipc10_ep100_fr020_kd060/packet_hub/dsdm/agent_3_dsdm_packet.pt	3126768	model/checkpoint/packet payload	planned
cifar100_4agent_25cls_joint_tuning_ipc10_ep125_fr020_kd050	outputs/cifar100_4agent_25cls_joint_tuning_ipc10_ep125_fr020_kd050/agents/agent_0/packets/dsdm_packet.pt	3126768	model/checkpoint/packet payload	planned
cifar100_4agent_25cls_joint_tuning_ipc10_ep125_fr020_kd050	outputs/cifar100_4agent_25cls_joint_tuning_ipc10_ep125_fr020_kd050/agents/agent_0/checkpoints/expert_model.pt	719494	model/checkpoint/packet payload	planned
cifar100_4agent_25cls_joint_tuning_ipc10_ep125_fr020_kd050	outputs/cifar100_4agent_25cls_joint_tuning_ipc10_ep125_fr020_kd050/agents/agent_1/packets/dsdm_packet.pt	3126768	model/checkpoint/packet payload	planned
cifar100_4agent_25cls_joint_tuning_ipc10_ep125_fr020_kd050	outputs/cifar100_4agent_25cls_joint_tuning_ipc10_ep125_fr020_kd050/agents/agent_1/checkpoints/expert_model.pt	2023046	model/checkpoint/packet payload	planned
cifar100_4agent_25cls_joint_tuning_ipc10_ep125_fr020_kd050	outputs/cifar100_4agent_25cls_joint_tuning_ipc10_ep125_fr020_kd050/agents/agent_2/packets/dsdm_packet.pt	3126768	model/checkpoint/packet payload	planned
cifar100_4agent_25cls_joint_tuning_ipc10_ep125_fr020_kd050	outputs/cifar100_4agent_25cls_joint_tuning_ipc10_ep125_fr020_kd050/agents/agent_2/checkpoints/expert_model.pt	2001230	model/checkpoint/packet payload	planned
cifar100_4agent_25cls_joint_tuning_ipc10_ep125_fr020_kd050	outputs/cifar100_4agent_25cls_joint_tuning_ipc10_ep125_fr020_kd050/agents/agent_3/packets/dsdm_packet.pt	3126768	model/checkpoint/packet payload	planned
cifar100_4agent_25cls_joint_tuning_ipc10_ep125_fr020_kd050	outputs/cifar100_4agent_25cls_joint_tuning_ipc10_ep125_fr020_kd050/agents/agent_3/checkpoints/expert_model.pt	4325454	model/checkpoint/packet payload	planned
cifar100_4agent_25cls_joint_tuning_ipc10_ep125_fr020_kd050	outputs/cifar100_4agent_25cls_joint_tuning_ipc10_ep125_fr020_kd050/packet_hub/dsdm/agent_0_dsdm_packet.pt	3126768	model/checkpoint/packet payload	planned
cifar100_4agent_25cls_joint_tuning_ipc10_ep125_fr020_kd050	outputs/cifar100_4agent_25cls_joint_tuning_ipc10_ep125_fr020_kd050/packet_hub/dsdm/agent_1_dsdm_packet.pt	3126768	model/checkpoint/packet payload	planned
cifar100_4agent_25cls_joint_tuning_ipc10_ep125_fr020_kd050	outputs/cifar100_4agent_25cls_joint_tuning_ipc10_ep125_fr020_kd050/packet_hub/dsdm/agent_2_dsdm_packet.pt	3126768	model/checkpoint/packet payload	planned
cifar100_4agent_25cls_joint_tuning_ipc10_ep125_fr020_kd050	outputs/cifar100_4agent_25cls_joint_tuning_ipc10_ep125_fr020_kd050/packet_hub/dsdm/agent_3_dsdm_packet.pt	3126768	model/checkpoint/packet payload	planned
cifar100_4agent_25cls_joint_tuning_ipc50_ep300_fr005_kd050	outputs/cifar100_4agent_25cls_joint_tuning_ipc50_ep300_fr005_kd050/agents/agent_0/checkpoints/expert_model.pt	2023046	model/checkpoint/packet payload	planned
cifar100_4agent_25cls_joint_tuning_ipc50_ep300_fr005_kd050	outputs/cifar100_4agent_25cls_joint_tuning_ipc50_ep300_fr005_kd050/agents/agent_0/packets/dsdm_packet.pt	15622768	model/checkpoint/packet payload	planned
cifar100_4agent_25cls_joint_tuning_ipc50_ep300_fr005_kd050	outputs/cifar100_4agent_25cls_joint_tuning_ipc50_ep300_fr005_kd050/agents/agent_1/checkpoints/expert_model.pt	2023046	model/checkpoint/packet payload	planned
cifar100_4agent_25cls_joint_tuning_ipc50_ep300_fr005_kd050	outputs/cifar100_4agent_25cls_joint_tuning_ipc50_ep300_fr005_kd050/agents/agent_1/packets/dsdm_packet.pt	15622768	model/checkpoint/packet payload	planned
cifar100_4agent_25cls_joint_tuning_ipc50_ep300_fr005_kd050	outputs/cifar100_4agent_25cls_joint_tuning_ipc50_ep300_fr005_kd050/agents/agent_2/checkpoints/expert_model.pt	2023046	model/checkpoint/packet payload	planned
cifar100_4agent_25cls_joint_tuning_ipc50_ep300_fr005_kd050	outputs/cifar100_4agent_25cls_joint_tuning_ipc50_ep300_fr005_kd050/agents/agent_2/packets/dsdm_packet.pt	15622768	model/checkpoint/packet payload	planned
cifar100_4agent_25cls_joint_tuning_ipc50_ep300_fr005_kd050	outputs/cifar100_4agent_25cls_joint_tuning_ipc50_ep300_fr005_kd050/agents/agent_3/checkpoints/expert_model.pt	2023046	model/checkpoint/packet payload	planned
cifar100_4agent_25cls_joint_tuning_ipc50_ep300_fr005_kd050	outputs/cifar100_4agent_25cls_joint_tuning_ipc50_ep300_fr005_kd050/agents/agent_3/packets/dsdm_packet.pt	15622768	model/checkpoint/packet payload	planned
cifar100_4agent_25cls_joint_tuning_ipc50_ep300_fr005_kd050	outputs/cifar100_4agent_25cls_joint_tuning_ipc50_ep300_fr005_kd050/packet_hub/dsdm/agent_0_dsdm_packet.pt	15622768	model/checkpoint/packet payload	planned
cifar100_4agent_25cls_joint_tuning_ipc50_ep300_fr005_kd050	outputs/cifar100_4agent_25cls_joint_tuning_ipc50_ep300_fr005_kd050/packet_hub/dsdm/agent_1_dsdm_packet.pt	15622768	model/checkpoint/packet payload	planned
cifar100_4agent_25cls_joint_tuning_ipc50_ep300_fr005_kd050	outputs/cifar100_4agent_25cls_joint_tuning_ipc50_ep300_fr005_kd050/packet_hub/dsdm/agent_2_dsdm_packet.pt	15622768	model/checkpoint/packet payload	planned
cifar100_4agent_25cls_joint_tuning_ipc50_ep300_fr005_kd050	outputs/cifar100_4agent_25cls_joint_tuning_ipc50_ep300_fr005_kd050/packet_hub/dsdm/agent_3_dsdm_packet.pt	15622768	model/checkpoint/packet payload	planned
cifar100_4agent_25cls_joint_tuning_ipc50_ep500_fr003_kd050	outputs/cifar100_4agent_25cls_joint_tuning_ipc50_ep500_fr003_kd050/agents/agent_0/packets/dsdm_packet.pt	15622768	model/checkpoint/packet payload	planned
cifar100_4agent_25cls_joint_tuning_ipc50_ep500_fr003_kd050	outputs/cifar100_4agent_25cls_joint_tuning_ipc50_ep500_fr003_kd050/agents/agent_0/checkpoints/expert_model.pt	2023046	model/checkpoint/packet payload	planned
cifar100_4agent_25cls_joint_tuning_ipc50_ep500_fr003_kd050	outputs/cifar100_4agent_25cls_joint_tuning_ipc50_ep500_fr003_kd050/agents/agent_1/packets/dsdm_packet.pt	15622768	model/checkpoint/packet payload	planned
cifar100_4agent_25cls_joint_tuning_ipc50_ep500_fr003_kd050	outputs/cifar100_4agent_25cls_joint_tuning_ipc50_ep500_fr003_kd050/agents/agent_1/checkpoints/expert_model.pt	2023046	model/checkpoint/packet payload	planned
cifar100_4agent_25cls_joint_tuning_ipc50_ep500_fr003_kd050	outputs/cifar100_4agent_25cls_joint_tuning_ipc50_ep500_fr003_kd050/agents/agent_2/packets/dsdm_packet.pt	15622768	model/checkpoint/packet payload	planned
cifar100_4agent_25cls_joint_tuning_ipc50_ep500_fr003_kd050	outputs/cifar100_4agent_25cls_joint_tuning_ipc50_ep500_fr003_kd050/agents/agent_2/checkpoints/expert_model.pt	2023046	model/checkpoint/packet payload	planned
cifar100_4agent_25cls_joint_tuning_ipc50_ep500_fr003_kd050	outputs/cifar100_4agent_25cls_joint_tuning_ipc50_ep500_fr003_kd050/agents/agent_3/packets/dsdm_packet.pt	15622768	model/checkpoint/packet payload	planned
cifar100_4agent_25cls_joint_tuning_ipc50_ep500_fr003_kd050	outputs/cifar100_4agent_25cls_joint_tuning_ipc50_ep500_fr003_kd050/agents/agent_3/checkpoints/expert_model.pt	2023046	model/checkpoint/packet payload	planned
cifar100_4agent_25cls_joint_tuning_ipc50_ep500_fr003_kd050	outputs/cifar100_4agent_25cls_joint_tuning_ipc50_ep500_fr003_kd050/packet_hub/dsdm/agent_0_dsdm_packet.pt	15622768	model/checkpoint/packet payload	planned
cifar100_4agent_25cls_joint_tuning_ipc50_ep500_fr003_kd050	outputs/cifar100_4agent_25cls_joint_tuning_ipc50_ep500_fr003_kd050/packet_hub/dsdm/agent_1_dsdm_packet.pt	15622768	model/checkpoint/packet payload	planned
cifar100_4agent_25cls_joint_tuning_ipc50_ep500_fr003_kd050	outputs/cifar100_4agent_25cls_joint_tuning_ipc50_ep500_fr003_kd050/packet_hub/dsdm/agent_2_dsdm_packet.pt	15622768	model/checkpoint/packet payload	planned
cifar100_4agent_25cls_joint_tuning_ipc50_ep500_fr003_kd050	outputs/cifar100_4agent_25cls_joint_tuning_ipc50_ep500_fr003_kd050/packet_hub/dsdm/agent_3_dsdm_packet.pt	15622768	model/checkpoint/packet payload	planned
cifar100_4agent_25cls_joint_tuning_ipc50_ep500_fr0075_kd050	outputs/cifar100_4agent_25cls_joint_tuning_ipc50_ep500_fr0075_kd050/agents/agent_0/packets/dsdm_packet.pt	15622768	model/checkpoint/packet payload	planned
cifar100_4agent_25cls_joint_tuning_ipc50_ep500_fr0075_kd050	outputs/cifar100_4agent_25cls_joint_tuning_ipc50_ep500_fr0075_kd050/agents/agent_0/checkpoints/expert_model.pt	2023046	model/checkpoint/packet payload	planned
cifar100_4agent_25cls_joint_tuning_ipc50_ep500_fr0075_kd050	outputs/cifar100_4agent_25cls_joint_tuning_ipc50_ep500_fr0075_kd050/agents/agent_1/packets/dsdm_packet.pt	15622768	model/checkpoint/packet payload	planned
cifar100_4agent_25cls_joint_tuning_ipc50_ep500_fr0075_kd050	outputs/cifar100_4agent_25cls_joint_tuning_ipc50_ep500_fr0075_kd050/agents/agent_1/checkpoints/expert_model.pt	2023046	model/checkpoint/packet payload	planned
cifar100_4agent_25cls_joint_tuning_ipc50_ep500_fr0075_kd050	outputs/cifar100_4agent_25cls_joint_tuning_ipc50_ep500_fr0075_kd050/agents/agent_2/packets/dsdm_packet.pt	15622768	model/checkpoint/packet payload	planned
cifar100_4agent_25cls_joint_tuning_ipc50_ep500_fr0075_kd050	outputs/cifar100_4agent_25cls_joint_tuning_ipc50_ep500_fr0075_kd050/agents/agent_2/checkpoints/expert_model.pt	2023046	model/checkpoint/packet payload	planned
cifar100_4agent_25cls_joint_tuning_ipc50_ep500_fr0075_kd050	outputs/cifar100_4agent_25cls_joint_tuning_ipc50_ep500_fr0075_kd050/agents/agent_3/packets/dsdm_packet.pt	15622768	model/checkpoint/packet payload	planned
cifar100_4agent_25cls_joint_tuning_ipc50_ep500_fr0075_kd050	outputs/cifar100_4agent_25cls_joint_tuning_ipc50_ep500_fr0075_kd050/agents/agent_3/checkpoints/expert_model.pt	2023046	model/checkpoint/packet payload	planned
cifar100_4agent_25cls_joint_tuning_ipc50_ep500_fr0075_kd050	outputs/cifar100_4agent_25cls_joint_tuning_ipc50_ep500_fr0075_kd050/packet_hub/dsdm/agent_0_dsdm_packet.pt	15622768	model/checkpoint/packet payload	planned
cifar100_4agent_25cls_joint_tuning_ipc50_ep500_fr0075_kd050	outputs/cifar100_4agent_25cls_joint_tuning_ipc50_ep500_fr0075_kd050/packet_hub/dsdm/agent_1_dsdm_packet.pt	15622768	model/checkpoint/packet payload	planned
cifar100_4agent_25cls_joint_tuning_ipc50_ep500_fr0075_kd050	outputs/cifar100_4agent_25cls_joint_tuning_ipc50_ep500_fr0075_kd050/packet_hub/dsdm/agent_2_dsdm_packet.pt	15622768	model/checkpoint/packet payload	planned
cifar100_4agent_25cls_joint_tuning_ipc50_ep500_fr0075_kd050	outputs/cifar100_4agent_25cls_joint_tuning_ipc50_ep500_fr0075_kd050/packet_hub/dsdm/agent_3_dsdm_packet.pt	15622768	model/checkpoint/packet payload	planned
cifar100_4agent_25cls_joint_tuning_ipc50_ep700_fr005_kd050	outputs/cifar100_4agent_25cls_joint_tuning_ipc50_ep700_fr005_kd050/agents/agent_0/packets/dsdm_packet.pt	15622768	model/checkpoint/packet payload	planned
cifar100_4agent_25cls_joint_tuning_ipc50_ep700_fr005_kd050	outputs/cifar100_4agent_25cls_joint_tuning_ipc50_ep700_fr005_kd050/agents/agent_0/checkpoints/expert_model.pt	2023046	model/checkpoint/packet payload	planned
cifar100_4agent_25cls_joint_tuning_ipc50_ep700_fr005_kd050	outputs/cifar100_4agent_25cls_joint_tuning_ipc50_ep700_fr005_kd050/agents/agent_1/packets/dsdm_packet.pt	15622768	model/checkpoint/packet payload	planned
cifar100_4agent_25cls_joint_tuning_ipc50_ep700_fr005_kd050	outputs/cifar100_4agent_25cls_joint_tuning_ipc50_ep700_fr005_kd050/agents/agent_1/checkpoints/expert_model.pt	2023046	model/checkpoint/packet payload	planned
cifar100_4agent_25cls_joint_tuning_ipc50_ep700_fr005_kd050	outputs/cifar100_4agent_25cls_joint_tuning_ipc50_ep700_fr005_kd050/agents/agent_2/packets/dsdm_packet.pt	15622768	model/checkpoint/packet payload	planned
cifar100_4agent_25cls_joint_tuning_ipc50_ep700_fr005_kd050	outputs/cifar100_4agent_25cls_joint_tuning_ipc50_ep700_fr005_kd050/agents/agent_2/checkpoints/expert_model.pt	2023046	model/checkpoint/packet payload	planned
cifar100_4agent_25cls_joint_tuning_ipc50_ep700_fr005_kd050	outputs/cifar100_4agent_25cls_joint_tuning_ipc50_ep700_fr005_kd050/agents/agent_3/packets/dsdm_packet.pt	15622768	model/checkpoint/packet payload	planned
cifar100_4agent_25cls_joint_tuning_ipc50_ep700_fr005_kd050	outputs/cifar100_4agent_25cls_joint_tuning_ipc50_ep700_fr005_kd050/agents/agent_3/checkpoints/expert_model.pt	2023046	model/checkpoint/packet payload	planned
cifar100_4agent_25cls_joint_tuning_ipc50_ep700_fr005_kd050	outputs/cifar100_4agent_25cls_joint_tuning_ipc50_ep700_fr005_kd050/packet_hub/dsdm/agent_0_dsdm_packet.pt	15622768	model/checkpoint/packet payload	planned
cifar100_4agent_25cls_joint_tuning_ipc50_ep700_fr005_kd050	outputs/cifar100_4agent_25cls_joint_tuning_ipc50_ep700_fr005_kd050/packet_hub/dsdm/agent_1_dsdm_packet.pt	15622768	model/checkpoint/packet payload	planned
cifar100_4agent_25cls_joint_tuning_ipc50_ep700_fr005_kd050	outputs/cifar100_4agent_25cls_joint_tuning_ipc50_ep700_fr005_kd050/packet_hub/dsdm/agent_2_dsdm_packet.pt	15622768	model/checkpoint/packet payload	planned
cifar100_4agent_25cls_joint_tuning_ipc50_ep700_fr005_kd050	outputs/cifar100_4agent_25cls_joint_tuning_ipc50_ep700_fr005_kd050/packet_hub/dsdm/agent_3_dsdm_packet.pt	15622768	model/checkpoint/packet payload	planned
cifar100_4agent_25cls_refine_tuning_followup_ipc10_ep050_fr020_kd050	outputs/cifar100_4agent_25cls_refine_tuning_followup_ipc10_ep050_fr020_kd050/agents/agent_0/checkpoints/expert_model.pt	719494	model/checkpoint/packet payload	planned
cifar100_4agent_25cls_refine_tuning_followup_ipc10_ep050_fr020_kd050	outputs/cifar100_4agent_25cls_refine_tuning_followup_ipc10_ep050_fr020_kd050/agents/agent_0/packets/dsdm_packet.pt	3126768	model/checkpoint/packet payload	planned
cifar100_4agent_25cls_refine_tuning_followup_ipc10_ep050_fr020_kd050	outputs/cifar100_4agent_25cls_refine_tuning_followup_ipc10_ep050_fr020_kd050/agents/agent_1/checkpoints/expert_model.pt	2023046	model/checkpoint/packet payload	planned
cifar100_4agent_25cls_refine_tuning_followup_ipc10_ep050_fr020_kd050	outputs/cifar100_4agent_25cls_refine_tuning_followup_ipc10_ep050_fr020_kd050/agents/agent_1/packets/dsdm_packet.pt	3126768	model/checkpoint/packet payload	planned
cifar100_4agent_25cls_refine_tuning_followup_ipc10_ep050_fr020_kd050	outputs/cifar100_4agent_25cls_refine_tuning_followup_ipc10_ep050_fr020_kd050/agents/agent_2/checkpoints/expert_model.pt	2001230	model/checkpoint/packet payload	planned
cifar100_4agent_25cls_refine_tuning_followup_ipc10_ep050_fr020_kd050	outputs/cifar100_4agent_25cls_refine_tuning_followup_ipc10_ep050_fr020_kd050/agents/agent_2/packets/dsdm_packet.pt	3126768	model/checkpoint/packet payload	planned
cifar100_4agent_25cls_refine_tuning_followup_ipc10_ep050_fr020_kd050	outputs/cifar100_4agent_25cls_refine_tuning_followup_ipc10_ep050_fr020_kd050/agents/agent_3/checkpoints/expert_model.pt	4325454	model/checkpoint/packet payload	planned
cifar100_4agent_25cls_refine_tuning_followup_ipc10_ep050_fr020_kd050	outputs/cifar100_4agent_25cls_refine_tuning_followup_ipc10_ep050_fr020_kd050/agents/agent_3/packets/dsdm_packet.pt	3126768	model/checkpoint/packet payload	planned
cifar100_4agent_25cls_refine_tuning_followup_ipc10_ep050_fr020_kd050	outputs/cifar100_4agent_25cls_refine_tuning_followup_ipc10_ep050_fr020_kd050/packet_hub/dsdm/agent_0_dsdm_packet.pt	3126768	model/checkpoint/packet payload	planned
cifar100_4agent_25cls_refine_tuning_followup_ipc10_ep050_fr020_kd050	outputs/cifar100_4agent_25cls_refine_tuning_followup_ipc10_ep050_fr020_kd050/packet_hub/dsdm/agent_1_dsdm_packet.pt	3126768	model/checkpoint/packet payload	planned
cifar100_4agent_25cls_refine_tuning_followup_ipc10_ep050_fr020_kd050	outputs/cifar100_4agent_25cls_refine_tuning_followup_ipc10_ep050_fr020_kd050/packet_hub/dsdm/agent_2_dsdm_packet.pt	3126768	model/checkpoint/packet payload	planned
cifar100_4agent_25cls_refine_tuning_followup_ipc10_ep050_fr020_kd050	outputs/cifar100_4agent_25cls_refine_tuning_followup_ipc10_ep050_fr020_kd050/packet_hub/dsdm/agent_3_dsdm_packet.pt	3126768	model/checkpoint/packet payload	planned
cifar100_4agent_25cls_refine_tuning_followup_ipc10_ep055_fr020_kd060_t2	outputs/cifar100_4agent_25cls_refine_tuning_followup_ipc10_ep055_fr020_kd060_t2/agents/agent_0/packets/dsdm_packet.pt	3126768	model/checkpoint/packet payload	planned
cifar100_4agent_25cls_refine_tuning_followup_ipc10_ep055_fr020_kd060_t2	outputs/cifar100_4agent_25cls_refine_tuning_followup_ipc10_ep055_fr020_kd060_t2/agents/agent_0/checkpoints/expert_model.pt	719494	model/checkpoint/packet payload	planned
cifar100_4agent_25cls_refine_tuning_followup_ipc10_ep055_fr020_kd060_t2	outputs/cifar100_4agent_25cls_refine_tuning_followup_ipc10_ep055_fr020_kd060_t2/agents/agent_1/packets/dsdm_packet.pt	3126768	model/checkpoint/packet payload	planned
cifar100_4agent_25cls_refine_tuning_followup_ipc10_ep055_fr020_kd060_t2	outputs/cifar100_4agent_25cls_refine_tuning_followup_ipc10_ep055_fr020_kd060_t2/agents/agent_1/checkpoints/expert_model.pt	2023046	model/checkpoint/packet payload	planned
cifar100_4agent_25cls_refine_tuning_followup_ipc10_ep055_fr020_kd060_t2	outputs/cifar100_4agent_25cls_refine_tuning_followup_ipc10_ep055_fr020_kd060_t2/agents/agent_2/packets/dsdm_packet.pt	3126768	model/checkpoint/packet payload	planned
cifar100_4agent_25cls_refine_tuning_followup_ipc10_ep055_fr020_kd060_t2	outputs/cifar100_4agent_25cls_refine_tuning_followup_ipc10_ep055_fr020_kd060_t2/agents/agent_2/checkpoints/expert_model.pt	2001230	model/checkpoint/packet payload	planned
cifar100_4agent_25cls_refine_tuning_followup_ipc10_ep055_fr020_kd060_t2	outputs/cifar100_4agent_25cls_refine_tuning_followup_ipc10_ep055_fr020_kd060_t2/agents/agent_3/packets/dsdm_packet.pt	3126768	model/checkpoint/packet payload	planned
cifar100_4agent_25cls_refine_tuning_followup_ipc10_ep055_fr020_kd060_t2	outputs/cifar100_4agent_25cls_refine_tuning_followup_ipc10_ep055_fr020_kd060_t2/agents/agent_3/checkpoints/expert_model.pt	4325454	model/checkpoint/packet payload	planned
cifar100_4agent_25cls_refine_tuning_followup_ipc10_ep055_fr020_kd060_t2	outputs/cifar100_4agent_25cls_refine_tuning_followup_ipc10_ep055_fr020_kd060_t2/packet_hub/dsdm/agent_0_dsdm_packet.pt	3126768	model/checkpoint/packet payload	planned
cifar100_4agent_25cls_refine_tuning_followup_ipc10_ep055_fr020_kd060_t2	outputs/cifar100_4agent_25cls_refine_tuning_followup_ipc10_ep055_fr020_kd060_t2/packet_hub/dsdm/agent_1_dsdm_packet.pt	3126768	model/checkpoint/packet payload	planned
cifar100_4agent_25cls_refine_tuning_followup_ipc10_ep055_fr020_kd060_t2	outputs/cifar100_4agent_25cls_refine_tuning_followup_ipc10_ep055_fr020_kd060_t2/packet_hub/dsdm/agent_2_dsdm_packet.pt	3126768	model/checkpoint/packet payload	planned
cifar100_4agent_25cls_refine_tuning_followup_ipc10_ep055_fr020_kd060_t2	outputs/cifar100_4agent_25cls_refine_tuning_followup_ipc10_ep055_fr020_kd060_t2/packet_hub/dsdm/agent_3_dsdm_packet.pt	3126768	model/checkpoint/packet payload	planned
cifar100_4agent_25cls_refine_tuning_followup_ipc10_ep060_fr015_kd050	outputs/cifar100_4agent_25cls_refine_tuning_followup_ipc10_ep060_fr015_kd050/agents/agent_0/packets/dsdm_packet.pt	3126768	model/checkpoint/packet payload	planned
cifar100_4agent_25cls_refine_tuning_followup_ipc10_ep060_fr015_kd050	outputs/cifar100_4agent_25cls_refine_tuning_followup_ipc10_ep060_fr015_kd050/agents/agent_0/checkpoints/expert_model.pt	719494	model/checkpoint/packet payload	planned
cifar100_4agent_25cls_refine_tuning_followup_ipc10_ep060_fr015_kd050	outputs/cifar100_4agent_25cls_refine_tuning_followup_ipc10_ep060_fr015_kd050/agents/agent_1/packets/dsdm_packet.pt	3126768	model/checkpoint/packet payload	planned
cifar100_4agent_25cls_refine_tuning_followup_ipc10_ep060_fr015_kd050	outputs/cifar100_4agent_25cls_refine_tuning_followup_ipc10_ep060_fr015_kd050/agents/agent_1/checkpoints/expert_model.pt	2023046	model/checkpoint/packet payload	planned
cifar100_4agent_25cls_refine_tuning_followup_ipc10_ep060_fr015_kd050	outputs/cifar100_4agent_25cls_refine_tuning_followup_ipc10_ep060_fr015_kd050/agents/agent_2/packets/dsdm_packet.pt	3126768	model/checkpoint/packet payload	planned
cifar100_4agent_25cls_refine_tuning_followup_ipc10_ep060_fr015_kd050	outputs/cifar100_4agent_25cls_refine_tuning_followup_ipc10_ep060_fr015_kd050/agents/agent_2/checkpoints/expert_model.pt	2001230	model/checkpoint/packet payload	planned
cifar100_4agent_25cls_refine_tuning_followup_ipc10_ep060_fr015_kd050	outputs/cifar100_4agent_25cls_refine_tuning_followup_ipc10_ep060_fr015_kd050/agents/agent_3/packets/dsdm_packet.pt	3126768	model/checkpoint/packet payload	planned
cifar100_4agent_25cls_refine_tuning_followup_ipc10_ep060_fr015_kd050	outputs/cifar100_4agent_25cls_refine_tuning_followup_ipc10_ep060_fr015_kd050/agents/agent_3/checkpoints/expert_model.pt	4325454	model/checkpoint/packet payload	planned
cifar100_4agent_25cls_refine_tuning_followup_ipc10_ep060_fr015_kd050	outputs/cifar100_4agent_25cls_refine_tuning_followup_ipc10_ep060_fr015_kd050/packet_hub/dsdm/agent_0_dsdm_packet.pt	3126768	model/checkpoint/packet payload	planned
cifar100_4agent_25cls_refine_tuning_followup_ipc10_ep060_fr015_kd050	outputs/cifar100_4agent_25cls_refine_tuning_followup_ipc10_ep060_fr015_kd050/packet_hub/dsdm/agent_1_dsdm_packet.pt	3126768	model/checkpoint/packet payload	planned
cifar100_4agent_25cls_refine_tuning_followup_ipc10_ep060_fr015_kd050	outputs/cifar100_4agent_25cls_refine_tuning_followup_ipc10_ep060_fr015_kd050/packet_hub/dsdm/agent_2_dsdm_packet.pt	3126768	model/checkpoint/packet payload	planned
cifar100_4agent_25cls_refine_tuning_followup_ipc10_ep060_fr015_kd050	outputs/cifar100_4agent_25cls_refine_tuning_followup_ipc10_ep060_fr015_kd050/packet_hub/dsdm/agent_3_dsdm_packet.pt	3126768	model/checkpoint/packet payload	planned
cifar100_4agent_25cls_refine_tuning_followup_ipc10_ep060_fr020_kd060	outputs/cifar100_4agent_25cls_refine_tuning_followup_ipc10_ep060_fr020_kd060/agents/agent_0/packets/dsdm_packet.pt	3126768	model/checkpoint/packet payload	planned
cifar100_4agent_25cls_refine_tuning_followup_ipc10_ep060_fr020_kd060	outputs/cifar100_4agent_25cls_refine_tuning_followup_ipc10_ep060_fr020_kd060/agents/agent_0/checkpoints/expert_model.pt	719494	model/checkpoint/packet payload	planned
cifar100_4agent_25cls_refine_tuning_followup_ipc10_ep060_fr020_kd060	outputs/cifar100_4agent_25cls_refine_tuning_followup_ipc10_ep060_fr020_kd060/agents/agent_1/packets/dsdm_packet.pt	3126768	model/checkpoint/packet payload	planned
cifar100_4agent_25cls_refine_tuning_followup_ipc10_ep060_fr020_kd060	outputs/cifar100_4agent_25cls_refine_tuning_followup_ipc10_ep060_fr020_kd060/agents/agent_1/checkpoints/expert_model.pt	2023046	model/checkpoint/packet payload	planned
cifar100_4agent_25cls_refine_tuning_followup_ipc10_ep060_fr020_kd060	outputs/cifar100_4agent_25cls_refine_tuning_followup_ipc10_ep060_fr020_kd060/agents/agent_2/packets/dsdm_packet.pt	3126768	model/checkpoint/packet payload	planned
cifar100_4agent_25cls_refine_tuning_followup_ipc10_ep060_fr020_kd060	outputs/cifar100_4agent_25cls_refine_tuning_followup_ipc10_ep060_fr020_kd060/agents/agent_2/checkpoints/expert_model.pt	2001230	model/checkpoint/packet payload	planned
cifar100_4agent_25cls_refine_tuning_followup_ipc10_ep060_fr020_kd060	outputs/cifar100_4agent_25cls_refine_tuning_followup_ipc10_ep060_fr020_kd060/agents/agent_3/packets/dsdm_packet.pt	3126768	model/checkpoint/packet payload	planned
cifar100_4agent_25cls_refine_tuning_followup_ipc10_ep060_fr020_kd060	outputs/cifar100_4agent_25cls_refine_tuning_followup_ipc10_ep060_fr020_kd060/agents/agent_3/checkpoints/expert_model.pt	4325454	model/checkpoint/packet payload	planned
cifar100_4agent_25cls_refine_tuning_followup_ipc10_ep060_fr020_kd060	outputs/cifar100_4agent_25cls_refine_tuning_followup_ipc10_ep060_fr020_kd060/packet_hub/dsdm/agent_0_dsdm_packet.pt	3126768	model/checkpoint/packet payload	planned
cifar100_4agent_25cls_refine_tuning_followup_ipc10_ep060_fr020_kd060	outputs/cifar100_4agent_25cls_refine_tuning_followup_ipc10_ep060_fr020_kd060/packet_hub/dsdm/agent_1_dsdm_packet.pt	3126768	model/checkpoint/packet payload	planned
cifar100_4agent_25cls_refine_tuning_followup_ipc10_ep060_fr020_kd060	outputs/cifar100_4agent_25cls_refine_tuning_followup_ipc10_ep060_fr020_kd060/packet_hub/dsdm/agent_2_dsdm_packet.pt	3126768	model/checkpoint/packet payload	planned
cifar100_4agent_25cls_refine_tuning_followup_ipc10_ep060_fr020_kd060	outputs/cifar100_4agent_25cls_refine_tuning_followup_ipc10_ep060_fr020_kd060/packet_hub/dsdm/agent_3_dsdm_packet.pt	3126768	model/checkpoint/packet payload	planned
cifar100_4agent_25cls_refine_tuning_followup_ipc10_ep060_fr020_kd060_t1	outputs/cifar100_4agent_25cls_refine_tuning_followup_ipc10_ep060_fr020_kd060_t1/agents/agent_0/packets/dsdm_packet.pt	3126768	model/checkpoint/packet payload	planned
cifar100_4agent_25cls_refine_tuning_followup_ipc10_ep060_fr020_kd060_t1	outputs/cifar100_4agent_25cls_refine_tuning_followup_ipc10_ep060_fr020_kd060_t1/agents/agent_0/checkpoints/expert_model.pt	719494	model/checkpoint/packet payload	planned
cifar100_4agent_25cls_refine_tuning_followup_ipc10_ep060_fr020_kd060_t1	outputs/cifar100_4agent_25cls_refine_tuning_followup_ipc10_ep060_fr020_kd060_t1/agents/agent_1/packets/dsdm_packet.pt	3126768	model/checkpoint/packet payload	planned
cifar100_4agent_25cls_refine_tuning_followup_ipc10_ep060_fr020_kd060_t1	outputs/cifar100_4agent_25cls_refine_tuning_followup_ipc10_ep060_fr020_kd060_t1/agents/agent_1/checkpoints/expert_model.pt	2023046	model/checkpoint/packet payload	planned
cifar100_4agent_25cls_refine_tuning_followup_ipc10_ep060_fr020_kd060_t1	outputs/cifar100_4agent_25cls_refine_tuning_followup_ipc10_ep060_fr020_kd060_t1/agents/agent_2/packets/dsdm_packet.pt	3126768	model/checkpoint/packet payload	planned
cifar100_4agent_25cls_refine_tuning_followup_ipc10_ep060_fr020_kd060_t1	outputs/cifar100_4agent_25cls_refine_tuning_followup_ipc10_ep060_fr020_kd060_t1/agents/agent_2/checkpoints/expert_model.pt	2001230	model/checkpoint/packet payload	planned
cifar100_4agent_25cls_refine_tuning_followup_ipc10_ep060_fr020_kd060_t1	outputs/cifar100_4agent_25cls_refine_tuning_followup_ipc10_ep060_fr020_kd060_t1/agents/agent_3/packets/dsdm_packet.pt	3126768	model/checkpoint/packet payload	planned
cifar100_4agent_25cls_refine_tuning_followup_ipc10_ep060_fr020_kd060_t1	outputs/cifar100_4agent_25cls_refine_tuning_followup_ipc10_ep060_fr020_kd060_t1/agents/agent_3/checkpoints/expert_model.pt	4325454	model/checkpoint/packet payload	planned
cifar100_4agent_25cls_refine_tuning_followup_ipc10_ep060_fr020_kd060_t1	outputs/cifar100_4agent_25cls_refine_tuning_followup_ipc10_ep060_fr020_kd060_t1/packet_hub/dsdm/agent_0_dsdm_packet.pt	3126768	model/checkpoint/packet payload	planned
cifar100_4agent_25cls_refine_tuning_followup_ipc10_ep060_fr020_kd060_t1	outputs/cifar100_4agent_25cls_refine_tuning_followup_ipc10_ep060_fr020_kd060_t1/packet_hub/dsdm/agent_1_dsdm_packet.pt	3126768	model/checkpoint/packet payload	planned
cifar100_4agent_25cls_refine_tuning_followup_ipc10_ep060_fr020_kd060_t1	outputs/cifar100_4agent_25cls_refine_tuning_followup_ipc10_ep060_fr020_kd060_t1/packet_hub/dsdm/agent_2_dsdm_packet.pt	3126768	model/checkpoint/packet payload	planned
cifar100_4agent_25cls_refine_tuning_followup_ipc10_ep060_fr020_kd060_t1	outputs/cifar100_4agent_25cls_refine_tuning_followup_ipc10_ep060_fr020_kd060_t1/packet_hub/dsdm/agent_3_dsdm_packet.pt	3126768	model/checkpoint/packet payload	planned
cifar100_4agent_25cls_refine_tuning_followup_ipc10_ep060_fr020_kd060_t2_latesched	outputs/cifar100_4agent_25cls_refine_tuning_followup_ipc10_ep060_fr020_kd060_t2_latesched/agents/agent_0/packets/dsdm_packet.pt	3126768	model/checkpoint/packet payload	planned
cifar100_4agent_25cls_refine_tuning_followup_ipc10_ep060_fr020_kd060_t2_latesched	outputs/cifar100_4agent_25cls_refine_tuning_followup_ipc10_ep060_fr020_kd060_t2_latesched/agents/agent_0/checkpoints/expert_model.pt	719494	model/checkpoint/packet payload	planned
cifar100_4agent_25cls_refine_tuning_followup_ipc10_ep060_fr020_kd060_t2_latesched	outputs/cifar100_4agent_25cls_refine_tuning_followup_ipc10_ep060_fr020_kd060_t2_latesched/agents/agent_1/packets/dsdm_packet.pt	3126768	model/checkpoint/packet payload	planned
cifar100_4agent_25cls_refine_tuning_followup_ipc10_ep060_fr020_kd060_t2_latesched	outputs/cifar100_4agent_25cls_refine_tuning_followup_ipc10_ep060_fr020_kd060_t2_latesched/agents/agent_1/checkpoints/expert_model.pt	2023046	model/checkpoint/packet payload	planned
cifar100_4agent_25cls_refine_tuning_followup_ipc10_ep060_fr020_kd060_t2_latesched	outputs/cifar100_4agent_25cls_refine_tuning_followup_ipc10_ep060_fr020_kd060_t2_latesched/agents/agent_2/packets/dsdm_packet.pt	3126768	model/checkpoint/packet payload	planned
cifar100_4agent_25cls_refine_tuning_followup_ipc10_ep060_fr020_kd060_t2_latesched	outputs/cifar100_4agent_25cls_refine_tuning_followup_ipc10_ep060_fr020_kd060_t2_latesched/agents/agent_2/checkpoints/expert_model.pt	2001230	model/checkpoint/packet payload	planned
cifar100_4agent_25cls_refine_tuning_followup_ipc10_ep060_fr020_kd060_t2_latesched	outputs/cifar100_4agent_25cls_refine_tuning_followup_ipc10_ep060_fr020_kd060_t2_latesched/agents/agent_3/packets/dsdm_packet.pt	3126768	model/checkpoint/packet payload	planned
cifar100_4agent_25cls_refine_tuning_followup_ipc10_ep060_fr020_kd060_t2_latesched	outputs/cifar100_4agent_25cls_refine_tuning_followup_ipc10_ep060_fr020_kd060_t2_latesched/agents/agent_3/checkpoints/expert_model.pt	4325454	model/checkpoint/packet payload	planned
cifar100_4agent_25cls_refine_tuning_followup_ipc10_ep060_fr020_kd060_t2_latesched	outputs/cifar100_4agent_25cls_refine_tuning_followup_ipc10_ep060_fr020_kd060_t2_latesched/packet_hub/dsdm/agent_0_dsdm_packet.pt	3126768	model/checkpoint/packet payload	planned
cifar100_4agent_25cls_refine_tuning_followup_ipc10_ep060_fr020_kd060_t2_latesched	outputs/cifar100_4agent_25cls_refine_tuning_followup_ipc10_ep060_fr020_kd060_t2_latesched/packet_hub/dsdm/agent_1_dsdm_packet.pt	3126768	model/checkpoint/packet payload	planned
cifar100_4agent_25cls_refine_tuning_followup_ipc10_ep060_fr020_kd060_t2_latesched	outputs/cifar100_4agent_25cls_refine_tuning_followup_ipc10_ep060_fr020_kd060_t2_latesched/packet_hub/dsdm/agent_2_dsdm_packet.pt	3126768	model/checkpoint/packet payload	planned
cifar100_4agent_25cls_refine_tuning_followup_ipc10_ep060_fr020_kd060_t2_latesched	outputs/cifar100_4agent_25cls_refine_tuning_followup_ipc10_ep060_fr020_kd060_t2_latesched/packet_hub/dsdm/agent_3_dsdm_packet.pt	3126768	model/checkpoint/packet payload	planned
cifar100_4agent_25cls_refine_tuning_followup_ipc10_ep060_fr020_kd060_t2_sched	outputs/cifar100_4agent_25cls_refine_tuning_followup_ipc10_ep060_fr020_kd060_t2_sched/agents/agent_0/packets/dsdm_packet.pt	3126768	model/checkpoint/packet payload	planned
cifar100_4agent_25cls_refine_tuning_followup_ipc10_ep060_fr020_kd060_t2_sched	outputs/cifar100_4agent_25cls_refine_tuning_followup_ipc10_ep060_fr020_kd060_t2_sched/agents/agent_0/checkpoints/expert_model.pt	719494	model/checkpoint/packet payload	planned
cifar100_4agent_25cls_refine_tuning_followup_ipc10_ep060_fr020_kd060_t2_sched	outputs/cifar100_4agent_25cls_refine_tuning_followup_ipc10_ep060_fr020_kd060_t2_sched/agents/agent_1/packets/dsdm_packet.pt	3126768	model/checkpoint/packet payload	planned
cifar100_4agent_25cls_refine_tuning_followup_ipc10_ep060_fr020_kd060_t2_sched	outputs/cifar100_4agent_25cls_refine_tuning_followup_ipc10_ep060_fr020_kd060_t2_sched/agents/agent_1/checkpoints/expert_model.pt	2023046	model/checkpoint/packet payload	planned
cifar100_4agent_25cls_refine_tuning_followup_ipc10_ep060_fr020_kd060_t2_sched	outputs/cifar100_4agent_25cls_refine_tuning_followup_ipc10_ep060_fr020_kd060_t2_sched/agents/agent_2/packets/dsdm_packet.pt	3126768	model/checkpoint/packet payload	planned
cifar100_4agent_25cls_refine_tuning_followup_ipc10_ep060_fr020_kd060_t2_sched	outputs/cifar100_4agent_25cls_refine_tuning_followup_ipc10_ep060_fr020_kd060_t2_sched/agents/agent_2/checkpoints/expert_model.pt	2001230	model/checkpoint/packet payload	planned
cifar100_4agent_25cls_refine_tuning_followup_ipc10_ep060_fr020_kd060_t2_sched	outputs/cifar100_4agent_25cls_refine_tuning_followup_ipc10_ep060_fr020_kd060_t2_sched/agents/agent_3/packets/dsdm_packet.pt	3126768	model/checkpoint/packet payload	planned
cifar100_4agent_25cls_refine_tuning_followup_ipc10_ep060_fr020_kd060_t2_sched	outputs/cifar100_4agent_25cls_refine_tuning_followup_ipc10_ep060_fr020_kd060_t2_sched/agents/agent_3/checkpoints/expert_model.pt	4325454	model/checkpoint/packet payload	planned
cifar100_4agent_25cls_refine_tuning_followup_ipc10_ep060_fr020_kd060_t2_sched	outputs/cifar100_4agent_25cls_refine_tuning_followup_ipc10_ep060_fr020_kd060_t2_sched/packet_hub/dsdm/agent_0_dsdm_packet.pt	3126768	model/checkpoint/packet payload	planned
cifar100_4agent_25cls_refine_tuning_followup_ipc10_ep060_fr020_kd060_t2_sched	outputs/cifar100_4agent_25cls_refine_tuning_followup_ipc10_ep060_fr020_kd060_t2_sched/packet_hub/dsdm/agent_1_dsdm_packet.pt	3126768	model/checkpoint/packet payload	planned
cifar100_4agent_25cls_refine_tuning_followup_ipc10_ep060_fr020_kd060_t2_sched	outputs/cifar100_4agent_25cls_refine_tuning_followup_ipc10_ep060_fr020_kd060_t2_sched/packet_hub/dsdm/agent_2_dsdm_packet.pt	3126768	model/checkpoint/packet payload	planned
cifar100_4agent_25cls_refine_tuning_followup_ipc10_ep060_fr020_kd060_t2_sched	outputs/cifar100_4agent_25cls_refine_tuning_followup_ipc10_ep060_fr020_kd060_t2_sched/packet_hub/dsdm/agent_3_dsdm_packet.pt	3126768	model/checkpoint/packet payload	planned
cifar100_4agent_25cls_refine_tuning_followup_ipc10_ep060_fr020_kd060_t2_sched_latesched	outputs/cifar100_4agent_25cls_refine_tuning_followup_ipc10_ep060_fr020_kd060_t2_sched_latesched/agents/agent_0/packets/dsdm_packet.pt	3126768	model/checkpoint/packet payload	planned
cifar100_4agent_25cls_refine_tuning_followup_ipc10_ep060_fr020_kd060_t2_sched_latesched	outputs/cifar100_4agent_25cls_refine_tuning_followup_ipc10_ep060_fr020_kd060_t2_sched_latesched/agents/agent_0/checkpoints/expert_model.pt	719494	model/checkpoint/packet payload	planned
cifar100_4agent_25cls_refine_tuning_followup_ipc10_ep060_fr020_kd060_t2_sched_latesched	outputs/cifar100_4agent_25cls_refine_tuning_followup_ipc10_ep060_fr020_kd060_t2_sched_latesched/agents/agent_1/packets/dsdm_packet.pt	3126768	model/checkpoint/packet payload	planned
cifar100_4agent_25cls_refine_tuning_followup_ipc10_ep060_fr020_kd060_t2_sched_latesched	outputs/cifar100_4agent_25cls_refine_tuning_followup_ipc10_ep060_fr020_kd060_t2_sched_latesched/agents/agent_1/checkpoints/expert_model.pt	2023046	model/checkpoint/packet payload	planned
cifar100_4agent_25cls_refine_tuning_followup_ipc10_ep060_fr020_kd060_t2_sched_latesched	outputs/cifar100_4agent_25cls_refine_tuning_followup_ipc10_ep060_fr020_kd060_t2_sched_latesched/agents/agent_2/packets/dsdm_packet.pt	3126768	model/checkpoint/packet payload	planned
cifar100_4agent_25cls_refine_tuning_followup_ipc10_ep060_fr020_kd060_t2_sched_latesched	outputs/cifar100_4agent_25cls_refine_tuning_followup_ipc10_ep060_fr020_kd060_t2_sched_latesched/agents/agent_2/checkpoints/expert_model.pt	2001230	model/checkpoint/packet payload	planned
cifar100_4agent_25cls_refine_tuning_followup_ipc10_ep060_fr020_kd060_t2_sched_latesched	outputs/cifar100_4agent_25cls_refine_tuning_followup_ipc10_ep060_fr020_kd060_t2_sched_latesched/agents/agent_3/packets/dsdm_packet.pt	3126768	model/checkpoint/packet payload	planned
cifar100_4agent_25cls_refine_tuning_followup_ipc10_ep060_fr020_kd060_t2_sched_latesched	outputs/cifar100_4agent_25cls_refine_tuning_followup_ipc10_ep060_fr020_kd060_t2_sched_latesched/agents/agent_3/checkpoints/expert_model.pt	4325454	model/checkpoint/packet payload	planned
cifar100_4agent_25cls_refine_tuning_followup_ipc10_ep060_fr020_kd060_t2_sched_latesched	outputs/cifar100_4agent_25cls_refine_tuning_followup_ipc10_ep060_fr020_kd060_t2_sched_latesched/packet_hub/dsdm/agent_0_dsdm_packet.pt	3126768	model/checkpoint/packet payload	planned
cifar100_4agent_25cls_refine_tuning_followup_ipc10_ep060_fr020_kd060_t2_sched_latesched	outputs/cifar100_4agent_25cls_refine_tuning_followup_ipc10_ep060_fr020_kd060_t2_sched_latesched/packet_hub/dsdm/agent_1_dsdm_packet.pt	3126768	model/checkpoint/packet payload	planned
cifar100_4agent_25cls_refine_tuning_followup_ipc10_ep060_fr020_kd060_t2_sched_latesched	outputs/cifar100_4agent_25cls_refine_tuning_followup_ipc10_ep060_fr020_kd060_t2_sched_latesched/packet_hub/dsdm/agent_2_dsdm_packet.pt	3126768	model/checkpoint/packet payload	planned
cifar100_4agent_25cls_refine_tuning_followup_ipc10_ep060_fr020_kd060_t2_sched_latesched	outputs/cifar100_4agent_25cls_refine_tuning_followup_ipc10_ep060_fr020_kd060_t2_sched_latesched/packet_hub/dsdm/agent_3_dsdm_packet.pt	3126768	model/checkpoint/packet payload	planned
cifar100_4agent_25cls_refine_tuning_followup_ipc10_ep060_fr020_kd060_t2_sched_self15	outputs/cifar100_4agent_25cls_refine_tuning_followup_ipc10_ep060_fr020_kd060_t2_sched_self15/agents/agent_0/checkpoints/expert_model.pt	719494	model/checkpoint/packet payload	planned
cifar100_4agent_25cls_refine_tuning_followup_ipc10_ep060_fr020_kd060_t2_sched_self15	outputs/cifar100_4agent_25cls_refine_tuning_followup_ipc10_ep060_fr020_kd060_t2_sched_self15/agents/agent_0/packets/dsdm_packet.pt	3126768	model/checkpoint/packet payload	planned
cifar100_4agent_25cls_refine_tuning_followup_ipc10_ep060_fr020_kd060_t2_sched_self15	outputs/cifar100_4agent_25cls_refine_tuning_followup_ipc10_ep060_fr020_kd060_t2_sched_self15/agents/agent_1/checkpoints/expert_model.pt	2023046	model/checkpoint/packet payload	planned
cifar100_4agent_25cls_refine_tuning_followup_ipc10_ep060_fr020_kd060_t2_sched_self15	outputs/cifar100_4agent_25cls_refine_tuning_followup_ipc10_ep060_fr020_kd060_t2_sched_self15/agents/agent_1/packets/dsdm_packet.pt	3126768	model/checkpoint/packet payload	planned
cifar100_4agent_25cls_refine_tuning_followup_ipc10_ep060_fr020_kd060_t2_sched_self15	outputs/cifar100_4agent_25cls_refine_tuning_followup_ipc10_ep060_fr020_kd060_t2_sched_self15/agents/agent_2/checkpoints/expert_model.pt	2001230	model/checkpoint/packet payload	planned
cifar100_4agent_25cls_refine_tuning_followup_ipc10_ep060_fr020_kd060_t2_sched_self15	outputs/cifar100_4agent_25cls_refine_tuning_followup_ipc10_ep060_fr020_kd060_t2_sched_self15/agents/agent_2/packets/dsdm_packet.pt	3126768	model/checkpoint/packet payload	planned
cifar100_4agent_25cls_refine_tuning_followup_ipc10_ep060_fr020_kd060_t2_sched_self15	outputs/cifar100_4agent_25cls_refine_tuning_followup_ipc10_ep060_fr020_kd060_t2_sched_self15/agents/agent_3/checkpoints/expert_model.pt	4325454	model/checkpoint/packet payload	planned
cifar100_4agent_25cls_refine_tuning_followup_ipc10_ep060_fr020_kd060_t2_sched_self15	outputs/cifar100_4agent_25cls_refine_tuning_followup_ipc10_ep060_fr020_kd060_t2_sched_self15/agents/agent_3/packets/dsdm_packet.pt	3126768	model/checkpoint/packet payload	planned
cifar100_4agent_25cls_refine_tuning_followup_ipc10_ep060_fr020_kd060_t2_sched_self15	outputs/cifar100_4agent_25cls_refine_tuning_followup_ipc10_ep060_fr020_kd060_t2_sched_self15/packet_hub/dsdm/agent_0_dsdm_packet.pt	3126768	model/checkpoint/packet payload	planned
cifar100_4agent_25cls_refine_tuning_followup_ipc10_ep060_fr020_kd060_t2_sched_self15	outputs/cifar100_4agent_25cls_refine_tuning_followup_ipc10_ep060_fr020_kd060_t2_sched_self15/packet_hub/dsdm/agent_1_dsdm_packet.pt	3126768	model/checkpoint/packet payload	planned
cifar100_4agent_25cls_refine_tuning_followup_ipc10_ep060_fr020_kd060_t2_sched_self15	outputs/cifar100_4agent_25cls_refine_tuning_followup_ipc10_ep060_fr020_kd060_t2_sched_self15/packet_hub/dsdm/agent_2_dsdm_packet.pt	3126768	model/checkpoint/packet payload	planned
cifar100_4agent_25cls_refine_tuning_followup_ipc10_ep060_fr020_kd060_t2_sched_self15	outputs/cifar100_4agent_25cls_refine_tuning_followup_ipc10_ep060_fr020_kd060_t2_sched_self15/packet_hub/dsdm/agent_3_dsdm_packet.pt	3126768	model/checkpoint/packet payload	planned
cifar100_4agent_25cls_refine_tuning_followup_ipc10_ep060_fr020_kd060_t2_self15	outputs/cifar100_4agent_25cls_refine_tuning_followup_ipc10_ep060_fr020_kd060_t2_self15/agents/agent_0/packets/dsdm_packet.pt	3126768	model/checkpoint/packet payload	planned
cifar100_4agent_25cls_refine_tuning_followup_ipc10_ep060_fr020_kd060_t2_self15	outputs/cifar100_4agent_25cls_refine_tuning_followup_ipc10_ep060_fr020_kd060_t2_self15/agents/agent_0/checkpoints/expert_model.pt	719494	model/checkpoint/packet payload	planned
cifar100_4agent_25cls_refine_tuning_followup_ipc10_ep060_fr020_kd060_t2_self15	outputs/cifar100_4agent_25cls_refine_tuning_followup_ipc10_ep060_fr020_kd060_t2_self15/agents/agent_1/packets/dsdm_packet.pt	3126768	model/checkpoint/packet payload	planned
cifar100_4agent_25cls_refine_tuning_followup_ipc10_ep060_fr020_kd060_t2_self15	outputs/cifar100_4agent_25cls_refine_tuning_followup_ipc10_ep060_fr020_kd060_t2_self15/agents/agent_1/checkpoints/expert_model.pt	2023046	model/checkpoint/packet payload	planned
cifar100_4agent_25cls_refine_tuning_followup_ipc10_ep060_fr020_kd060_t2_self15	outputs/cifar100_4agent_25cls_refine_tuning_followup_ipc10_ep060_fr020_kd060_t2_self15/agents/agent_2/packets/dsdm_packet.pt	3126768	model/checkpoint/packet payload	planned
cifar100_4agent_25cls_refine_tuning_followup_ipc10_ep060_fr020_kd060_t2_self15	outputs/cifar100_4agent_25cls_refine_tuning_followup_ipc10_ep060_fr020_kd060_t2_self15/agents/agent_2/checkpoints/expert_model.pt	2001230	model/checkpoint/packet payload	planned
cifar100_4agent_25cls_refine_tuning_followup_ipc10_ep060_fr020_kd060_t2_self15	outputs/cifar100_4agent_25cls_refine_tuning_followup_ipc10_ep060_fr020_kd060_t2_self15/agents/agent_3/packets/dsdm_packet.pt	3126768	model/checkpoint/packet payload	planned
cifar100_4agent_25cls_refine_tuning_followup_ipc10_ep060_fr020_kd060_t2_self15	outputs/cifar100_4agent_25cls_refine_tuning_followup_ipc10_ep060_fr020_kd060_t2_self15/agents/agent_3/checkpoints/expert_model.pt	4325454	model/checkpoint/packet payload	planned
cifar100_4agent_25cls_refine_tuning_followup_ipc10_ep060_fr020_kd060_t2_self15	outputs/cifar100_4agent_25cls_refine_tuning_followup_ipc10_ep060_fr020_kd060_t2_self15/packet_hub/dsdm/agent_0_dsdm_packet.pt	3126768	model/checkpoint/packet payload	planned
cifar100_4agent_25cls_refine_tuning_followup_ipc10_ep060_fr020_kd060_t2_self15	outputs/cifar100_4agent_25cls_refine_tuning_followup_ipc10_ep060_fr020_kd060_t2_self15/packet_hub/dsdm/agent_1_dsdm_packet.pt	3126768	model/checkpoint/packet payload	planned
cifar100_4agent_25cls_refine_tuning_followup_ipc10_ep060_fr020_kd060_t2_self15	outputs/cifar100_4agent_25cls_refine_tuning_followup_ipc10_ep060_fr020_kd060_t2_self15/packet_hub/dsdm/agent_2_dsdm_packet.pt	3126768	model/checkpoint/packet payload	planned
cifar100_4agent_25cls_refine_tuning_followup_ipc10_ep060_fr020_kd060_t2_self15	outputs/cifar100_4agent_25cls_refine_tuning_followup_ipc10_ep060_fr020_kd060_t2_self15/packet_hub/dsdm/agent_3_dsdm_packet.pt	3126768	model/checkpoint/packet payload	planned
cifar100_4agent_25cls_refine_tuning_followup_ipc10_ep060_fr020_kd060_t2_self20	outputs/cifar100_4agent_25cls_refine_tuning_followup_ipc10_ep060_fr020_kd060_t2_self20/agents/agent_0/packets/dsdm_packet.pt	3126768	model/checkpoint/packet payload	planned
cifar100_4agent_25cls_refine_tuning_followup_ipc10_ep060_fr020_kd060_t2_self20	outputs/cifar100_4agent_25cls_refine_tuning_followup_ipc10_ep060_fr020_kd060_t2_self20/agents/agent_0/checkpoints/expert_model.pt	719494	model/checkpoint/packet payload	planned
cifar100_4agent_25cls_refine_tuning_followup_ipc10_ep060_fr020_kd060_t2_self20	outputs/cifar100_4agent_25cls_refine_tuning_followup_ipc10_ep060_fr020_kd060_t2_self20/agents/agent_1/packets/dsdm_packet.pt	3126768	model/checkpoint/packet payload	planned
cifar100_4agent_25cls_refine_tuning_followup_ipc10_ep060_fr020_kd060_t2_self20	outputs/cifar100_4agent_25cls_refine_tuning_followup_ipc10_ep060_fr020_kd060_t2_self20/agents/agent_1/checkpoints/expert_model.pt	2023046	model/checkpoint/packet payload	planned
cifar100_4agent_25cls_refine_tuning_followup_ipc10_ep060_fr020_kd060_t2_self20	outputs/cifar100_4agent_25cls_refine_tuning_followup_ipc10_ep060_fr020_kd060_t2_self20/agents/agent_2/packets/dsdm_packet.pt	3126768	model/checkpoint/packet payload	planned
cifar100_4agent_25cls_refine_tuning_followup_ipc10_ep060_fr020_kd060_t2_self20	outputs/cifar100_4agent_25cls_refine_tuning_followup_ipc10_ep060_fr020_kd060_t2_self20/agents/agent_2/checkpoints/expert_model.pt	2001230	model/checkpoint/packet payload	planned
cifar100_4agent_25cls_refine_tuning_followup_ipc10_ep060_fr020_kd060_t2_self20	outputs/cifar100_4agent_25cls_refine_tuning_followup_ipc10_ep060_fr020_kd060_t2_self20/agents/agent_3/packets/dsdm_packet.pt	3126768	model/checkpoint/packet payload	planned
cifar100_4agent_25cls_refine_tuning_followup_ipc10_ep060_fr020_kd060_t2_self20	outputs/cifar100_4agent_25cls_refine_tuning_followup_ipc10_ep060_fr020_kd060_t2_self20/agents/agent_3/checkpoints/expert_model.pt	4325454	model/checkpoint/packet payload	planned
cifar100_4agent_25cls_refine_tuning_followup_ipc10_ep060_fr020_kd060_t2_self20	outputs/cifar100_4agent_25cls_refine_tuning_followup_ipc10_ep060_fr020_kd060_t2_self20/packet_hub/dsdm/agent_0_dsdm_packet.pt	3126768	model/checkpoint/packet payload	planned
cifar100_4agent_25cls_refine_tuning_followup_ipc10_ep060_fr020_kd060_t2_self20	outputs/cifar100_4agent_25cls_refine_tuning_followup_ipc10_ep060_fr020_kd060_t2_self20/packet_hub/dsdm/agent_1_dsdm_packet.pt	3126768	model/checkpoint/packet payload	planned
cifar100_4agent_25cls_refine_tuning_followup_ipc10_ep060_fr020_kd060_t2_self20	outputs/cifar100_4agent_25cls_refine_tuning_followup_ipc10_ep060_fr020_kd060_t2_self20/packet_hub/dsdm/agent_2_dsdm_packet.pt	3126768	model/checkpoint/packet payload	planned
cifar100_4agent_25cls_refine_tuning_followup_ipc10_ep060_fr020_kd060_t2_self20	outputs/cifar100_4agent_25cls_refine_tuning_followup_ipc10_ep060_fr020_kd060_t2_self20/packet_hub/dsdm/agent_3_dsdm_packet.pt	3126768	model/checkpoint/packet payload	planned
cifar100_4agent_25cls_refine_tuning_followup_ipc10_ep060_fr020_kd060_t3	outputs/cifar100_4agent_25cls_refine_tuning_followup_ipc10_ep060_fr020_kd060_t3/agents/agent_0/packets/dsdm_packet.pt	3126768	model/checkpoint/packet payload	planned
cifar100_4agent_25cls_refine_tuning_followup_ipc10_ep060_fr020_kd060_t3	outputs/cifar100_4agent_25cls_refine_tuning_followup_ipc10_ep060_fr020_kd060_t3/agents/agent_0/checkpoints/expert_model.pt	719494	model/checkpoint/packet payload	planned
cifar100_4agent_25cls_refine_tuning_followup_ipc10_ep060_fr020_kd060_t3	outputs/cifar100_4agent_25cls_refine_tuning_followup_ipc10_ep060_fr020_kd060_t3/agents/agent_1/packets/dsdm_packet.pt	3126768	model/checkpoint/packet payload	planned
cifar100_4agent_25cls_refine_tuning_followup_ipc10_ep060_fr020_kd060_t3	outputs/cifar100_4agent_25cls_refine_tuning_followup_ipc10_ep060_fr020_kd060_t3/agents/agent_1/checkpoints/expert_model.pt	2023046	model/checkpoint/packet payload	planned
cifar100_4agent_25cls_refine_tuning_followup_ipc10_ep060_fr020_kd060_t3	outputs/cifar100_4agent_25cls_refine_tuning_followup_ipc10_ep060_fr020_kd060_t3/agents/agent_2/packets/dsdm_packet.pt	3126768	model/checkpoint/packet payload	planned
cifar100_4agent_25cls_refine_tuning_followup_ipc10_ep060_fr020_kd060_t3	outputs/cifar100_4agent_25cls_refine_tuning_followup_ipc10_ep060_fr020_kd060_t3/agents/agent_2/checkpoints/expert_model.pt	2001230	model/checkpoint/packet payload	planned
cifar100_4agent_25cls_refine_tuning_followup_ipc10_ep060_fr020_kd060_t3	outputs/cifar100_4agent_25cls_refine_tuning_followup_ipc10_ep060_fr020_kd060_t3/agents/agent_3/packets/dsdm_packet.pt	3126768	model/checkpoint/packet payload	planned
cifar100_4agent_25cls_refine_tuning_followup_ipc10_ep060_fr020_kd060_t3	outputs/cifar100_4agent_25cls_refine_tuning_followup_ipc10_ep060_fr020_kd060_t3/agents/agent_3/checkpoints/expert_model.pt	4325454	model/checkpoint/packet payload	planned
cifar100_4agent_25cls_refine_tuning_followup_ipc10_ep060_fr020_kd060_t3	outputs/cifar100_4agent_25cls_refine_tuning_followup_ipc10_ep060_fr020_kd060_t3/packet_hub/dsdm/agent_0_dsdm_packet.pt	3126768	model/checkpoint/packet payload	planned
cifar100_4agent_25cls_refine_tuning_followup_ipc10_ep060_fr020_kd060_t3	outputs/cifar100_4agent_25cls_refine_tuning_followup_ipc10_ep060_fr020_kd060_t3/packet_hub/dsdm/agent_1_dsdm_packet.pt	3126768	model/checkpoint/packet payload	planned
cifar100_4agent_25cls_refine_tuning_followup_ipc10_ep060_fr020_kd060_t3	outputs/cifar100_4agent_25cls_refine_tuning_followup_ipc10_ep060_fr020_kd060_t3/packet_hub/dsdm/agent_2_dsdm_packet.pt	3126768	model/checkpoint/packet payload	planned
cifar100_4agent_25cls_refine_tuning_followup_ipc10_ep060_fr020_kd060_t3	outputs/cifar100_4agent_25cls_refine_tuning_followup_ipc10_ep060_fr020_kd060_t3/packet_hub/dsdm/agent_3_dsdm_packet.pt	3126768	model/checkpoint/packet payload	planned
cifar100_4agent_25cls_refine_tuning_followup_ipc10_ep060_fr020_kd060_t3_sched	outputs/cifar100_4agent_25cls_refine_tuning_followup_ipc10_ep060_fr020_kd060_t3_sched/agents/agent_0/packets/dsdm_packet.pt	3126768	model/checkpoint/packet payload	planned
cifar100_4agent_25cls_refine_tuning_followup_ipc10_ep060_fr020_kd060_t3_sched	outputs/cifar100_4agent_25cls_refine_tuning_followup_ipc10_ep060_fr020_kd060_t3_sched/agents/agent_0/checkpoints/expert_model.pt	719494	model/checkpoint/packet payload	planned
cifar100_4agent_25cls_refine_tuning_followup_ipc10_ep060_fr020_kd060_t3_sched	outputs/cifar100_4agent_25cls_refine_tuning_followup_ipc10_ep060_fr020_kd060_t3_sched/agents/agent_1/packets/dsdm_packet.pt	3126768	model/checkpoint/packet payload	planned
cifar100_4agent_25cls_refine_tuning_followup_ipc10_ep060_fr020_kd060_t3_sched	outputs/cifar100_4agent_25cls_refine_tuning_followup_ipc10_ep060_fr020_kd060_t3_sched/agents/agent_1/checkpoints/expert_model.pt	2023046	model/checkpoint/packet payload	planned
cifar100_4agent_25cls_refine_tuning_followup_ipc10_ep060_fr020_kd060_t3_sched	outputs/cifar100_4agent_25cls_refine_tuning_followup_ipc10_ep060_fr020_kd060_t3_sched/agents/agent_2/packets/dsdm_packet.pt	3126768	model/checkpoint/packet payload	planned
cifar100_4agent_25cls_refine_tuning_followup_ipc10_ep060_fr020_kd060_t3_sched	outputs/cifar100_4agent_25cls_refine_tuning_followup_ipc10_ep060_fr020_kd060_t3_sched/agents/agent_2/checkpoints/expert_model.pt	2001230	model/checkpoint/packet payload	planned
cifar100_4agent_25cls_refine_tuning_followup_ipc10_ep060_fr020_kd060_t3_sched	outputs/cifar100_4agent_25cls_refine_tuning_followup_ipc10_ep060_fr020_kd060_t3_sched/agents/agent_3/packets/dsdm_packet.pt	3126768	model/checkpoint/packet payload	planned
cifar100_4agent_25cls_refine_tuning_followup_ipc10_ep060_fr020_kd060_t3_sched	outputs/cifar100_4agent_25cls_refine_tuning_followup_ipc10_ep060_fr020_kd060_t3_sched/agents/agent_3/checkpoints/expert_model.pt	4325454	model/checkpoint/packet payload	planned
cifar100_4agent_25cls_refine_tuning_followup_ipc10_ep060_fr020_kd060_t3_sched	outputs/cifar100_4agent_25cls_refine_tuning_followup_ipc10_ep060_fr020_kd060_t3_sched/packet_hub/dsdm/agent_0_dsdm_packet.pt	3126768	model/checkpoint/packet payload	planned
cifar100_4agent_25cls_refine_tuning_followup_ipc10_ep060_fr020_kd060_t3_sched	outputs/cifar100_4agent_25cls_refine_tuning_followup_ipc10_ep060_fr020_kd060_t3_sched/packet_hub/dsdm/agent_1_dsdm_packet.pt	3126768	model/checkpoint/packet payload	planned
cifar100_4agent_25cls_refine_tuning_followup_ipc10_ep060_fr020_kd060_t3_sched	outputs/cifar100_4agent_25cls_refine_tuning_followup_ipc10_ep060_fr020_kd060_t3_sched/packet_hub/dsdm/agent_2_dsdm_packet.pt	3126768	model/checkpoint/packet payload	planned
cifar100_4agent_25cls_refine_tuning_followup_ipc10_ep060_fr020_kd060_t3_sched	outputs/cifar100_4agent_25cls_refine_tuning_followup_ipc10_ep060_fr020_kd060_t3_sched/packet_hub/dsdm/agent_3_dsdm_packet.pt	3126768	model/checkpoint/packet payload	planned
cifar100_4agent_25cls_refine_tuning_followup_ipc10_ep060_fr020_kd060_t4	outputs/cifar100_4agent_25cls_refine_tuning_followup_ipc10_ep060_fr020_kd060_t4/agents/agent_0/packets/dsdm_packet.pt	3126768	model/checkpoint/packet payload	planned
cifar100_4agent_25cls_refine_tuning_followup_ipc10_ep060_fr020_kd060_t4	outputs/cifar100_4agent_25cls_refine_tuning_followup_ipc10_ep060_fr020_kd060_t4/agents/agent_0/checkpoints/expert_model.pt	719494	model/checkpoint/packet payload	planned
cifar100_4agent_25cls_refine_tuning_followup_ipc10_ep060_fr020_kd060_t4	outputs/cifar100_4agent_25cls_refine_tuning_followup_ipc10_ep060_fr020_kd060_t4/agents/agent_1/packets/dsdm_packet.pt	3126768	model/checkpoint/packet payload	planned
cifar100_4agent_25cls_refine_tuning_followup_ipc10_ep060_fr020_kd060_t4	outputs/cifar100_4agent_25cls_refine_tuning_followup_ipc10_ep060_fr020_kd060_t4/agents/agent_1/checkpoints/expert_model.pt	2023046	model/checkpoint/packet payload	planned
cifar100_4agent_25cls_refine_tuning_followup_ipc10_ep060_fr020_kd060_t4	outputs/cifar100_4agent_25cls_refine_tuning_followup_ipc10_ep060_fr020_kd060_t4/agents/agent_2/packets/dsdm_packet.pt	3126768	model/checkpoint/packet payload	planned
cifar100_4agent_25cls_refine_tuning_followup_ipc10_ep060_fr020_kd060_t4	outputs/cifar100_4agent_25cls_refine_tuning_followup_ipc10_ep060_fr020_kd060_t4/agents/agent_2/checkpoints/expert_model.pt	2001230	model/checkpoint/packet payload	planned
cifar100_4agent_25cls_refine_tuning_followup_ipc10_ep060_fr020_kd060_t4	outputs/cifar100_4agent_25cls_refine_tuning_followup_ipc10_ep060_fr020_kd060_t4/agents/agent_3/packets/dsdm_packet.pt	3126768	model/checkpoint/packet payload	planned
cifar100_4agent_25cls_refine_tuning_followup_ipc10_ep060_fr020_kd060_t4	outputs/cifar100_4agent_25cls_refine_tuning_followup_ipc10_ep060_fr020_kd060_t4/agents/agent_3/checkpoints/expert_model.pt	4325454	model/checkpoint/packet payload	planned
cifar100_4agent_25cls_refine_tuning_followup_ipc10_ep060_fr020_kd060_t4	outputs/cifar100_4agent_25cls_refine_tuning_followup_ipc10_ep060_fr020_kd060_t4/packet_hub/dsdm/agent_0_dsdm_packet.pt	3126768	model/checkpoint/packet payload	planned
cifar100_4agent_25cls_refine_tuning_followup_ipc10_ep060_fr020_kd060_t4	outputs/cifar100_4agent_25cls_refine_tuning_followup_ipc10_ep060_fr020_kd060_t4/packet_hub/dsdm/agent_1_dsdm_packet.pt	3126768	model/checkpoint/packet payload	planned
cifar100_4agent_25cls_refine_tuning_followup_ipc10_ep060_fr020_kd060_t4	outputs/cifar100_4agent_25cls_refine_tuning_followup_ipc10_ep060_fr020_kd060_t4/packet_hub/dsdm/agent_2_dsdm_packet.pt	3126768	model/checkpoint/packet payload	planned
cifar100_4agent_25cls_refine_tuning_followup_ipc10_ep060_fr020_kd060_t4	outputs/cifar100_4agent_25cls_refine_tuning_followup_ipc10_ep060_fr020_kd060_t4/packet_hub/dsdm/agent_3_dsdm_packet.pt	3126768	model/checkpoint/packet payload	planned
cifar100_4agent_25cls_refine_tuning_followup_ipc10_ep060_fr020_kd070_t3	outputs/cifar100_4agent_25cls_refine_tuning_followup_ipc10_ep060_fr020_kd070_t3/agents/agent_0/packets/dsdm_packet.pt	3126768	model/checkpoint/packet payload	planned
cifar100_4agent_25cls_refine_tuning_followup_ipc10_ep060_fr020_kd070_t3	outputs/cifar100_4agent_25cls_refine_tuning_followup_ipc10_ep060_fr020_kd070_t3/agents/agent_0/checkpoints/expert_model.pt	719494	model/checkpoint/packet payload	planned
cifar100_4agent_25cls_refine_tuning_followup_ipc10_ep060_fr020_kd070_t3	outputs/cifar100_4agent_25cls_refine_tuning_followup_ipc10_ep060_fr020_kd070_t3/agents/agent_1/packets/dsdm_packet.pt	3126768	model/checkpoint/packet payload	planned
cifar100_4agent_25cls_refine_tuning_followup_ipc10_ep060_fr020_kd070_t3	outputs/cifar100_4agent_25cls_refine_tuning_followup_ipc10_ep060_fr020_kd070_t3/agents/agent_1/checkpoints/expert_model.pt	2023046	model/checkpoint/packet payload	planned
cifar100_4agent_25cls_refine_tuning_followup_ipc10_ep060_fr020_kd070_t3	outputs/cifar100_4agent_25cls_refine_tuning_followup_ipc10_ep060_fr020_kd070_t3/agents/agent_2/packets/dsdm_packet.pt	3126768	model/checkpoint/packet payload	planned
cifar100_4agent_25cls_refine_tuning_followup_ipc10_ep060_fr020_kd070_t3	outputs/cifar100_4agent_25cls_refine_tuning_followup_ipc10_ep060_fr020_kd070_t3/agents/agent_2/checkpoints/expert_model.pt	2001230	model/checkpoint/packet payload	planned
cifar100_4agent_25cls_refine_tuning_followup_ipc10_ep060_fr020_kd070_t3	outputs/cifar100_4agent_25cls_refine_tuning_followup_ipc10_ep060_fr020_kd070_t3/agents/agent_3/packets/dsdm_packet.pt	3126768	model/checkpoint/packet payload	planned
cifar100_4agent_25cls_refine_tuning_followup_ipc10_ep060_fr020_kd070_t3	outputs/cifar100_4agent_25cls_refine_tuning_followup_ipc10_ep060_fr020_kd070_t3/agents/agent_3/checkpoints/expert_model.pt	4325454	model/checkpoint/packet payload	planned
cifar100_4agent_25cls_refine_tuning_followup_ipc10_ep060_fr020_kd070_t3	outputs/cifar100_4agent_25cls_refine_tuning_followup_ipc10_ep060_fr020_kd070_t3/packet_hub/dsdm/agent_0_dsdm_packet.pt	3126768	model/checkpoint/packet payload	planned
cifar100_4agent_25cls_refine_tuning_followup_ipc10_ep060_fr020_kd070_t3	outputs/cifar100_4agent_25cls_refine_tuning_followup_ipc10_ep060_fr020_kd070_t3/packet_hub/dsdm/agent_1_dsdm_packet.pt	3126768	model/checkpoint/packet payload	planned
cifar100_4agent_25cls_refine_tuning_followup_ipc10_ep060_fr020_kd070_t3	outputs/cifar100_4agent_25cls_refine_tuning_followup_ipc10_ep060_fr020_kd070_t3/packet_hub/dsdm/agent_2_dsdm_packet.pt	3126768	model/checkpoint/packet payload	planned
cifar100_4agent_25cls_refine_tuning_followup_ipc10_ep060_fr020_kd070_t3	outputs/cifar100_4agent_25cls_refine_tuning_followup_ipc10_ep060_fr020_kd070_t3/packet_hub/dsdm/agent_3_dsdm_packet.pt	3126768	model/checkpoint/packet payload	planned
cifar100_4agent_25cls_refine_tuning_followup_ipc10_ep060_fr025_kd050	outputs/cifar100_4agent_25cls_refine_tuning_followup_ipc10_ep060_fr025_kd050/agents/agent_0/packets/dsdm_packet.pt	3126768	model/checkpoint/packet payload	planned
cifar100_4agent_25cls_refine_tuning_followup_ipc10_ep060_fr025_kd050	outputs/cifar100_4agent_25cls_refine_tuning_followup_ipc10_ep060_fr025_kd050/agents/agent_0/checkpoints/expert_model.pt	719494	model/checkpoint/packet payload	planned
cifar100_4agent_25cls_refine_tuning_followup_ipc10_ep060_fr025_kd050	outputs/cifar100_4agent_25cls_refine_tuning_followup_ipc10_ep060_fr025_kd050/agents/agent_1/packets/dsdm_packet.pt	3126768	model/checkpoint/packet payload	planned
cifar100_4agent_25cls_refine_tuning_followup_ipc10_ep060_fr025_kd050	outputs/cifar100_4agent_25cls_refine_tuning_followup_ipc10_ep060_fr025_kd050/agents/agent_1/checkpoints/expert_model.pt	2023046	model/checkpoint/packet payload	planned
cifar100_4agent_25cls_refine_tuning_followup_ipc10_ep060_fr025_kd050	outputs/cifar100_4agent_25cls_refine_tuning_followup_ipc10_ep060_fr025_kd050/agents/agent_2/packets/dsdm_packet.pt	3126768	model/checkpoint/packet payload	planned
cifar100_4agent_25cls_refine_tuning_followup_ipc10_ep060_fr025_kd050	outputs/cifar100_4agent_25cls_refine_tuning_followup_ipc10_ep060_fr025_kd050/agents/agent_2/checkpoints/expert_model.pt	2001230	model/checkpoint/packet payload	planned
cifar100_4agent_25cls_refine_tuning_followup_ipc10_ep060_fr025_kd050	outputs/cifar100_4agent_25cls_refine_tuning_followup_ipc10_ep060_fr025_kd050/agents/agent_3/packets/dsdm_packet.pt	3126768	model/checkpoint/packet payload	planned
cifar100_4agent_25cls_refine_tuning_followup_ipc10_ep060_fr025_kd050	outputs/cifar100_4agent_25cls_refine_tuning_followup_ipc10_ep060_fr025_kd050/agents/agent_3/checkpoints/expert_model.pt	4325454	model/checkpoint/packet payload	planned
cifar100_4agent_25cls_refine_tuning_followup_ipc10_ep060_fr025_kd050	outputs/cifar100_4agent_25cls_refine_tuning_followup_ipc10_ep060_fr025_kd050/packet_hub/dsdm/agent_0_dsdm_packet.pt	3126768	model/checkpoint/packet payload	planned
cifar100_4agent_25cls_refine_tuning_followup_ipc10_ep060_fr025_kd050	outputs/cifar100_4agent_25cls_refine_tuning_followup_ipc10_ep060_fr025_kd050/packet_hub/dsdm/agent_1_dsdm_packet.pt	3126768	model/checkpoint/packet payload	planned
cifar100_4agent_25cls_refine_tuning_followup_ipc10_ep060_fr025_kd050	outputs/cifar100_4agent_25cls_refine_tuning_followup_ipc10_ep060_fr025_kd050/packet_hub/dsdm/agent_2_dsdm_packet.pt	3126768	model/checkpoint/packet payload	planned
cifar100_4agent_25cls_refine_tuning_followup_ipc10_ep060_fr025_kd050	outputs/cifar100_4agent_25cls_refine_tuning_followup_ipc10_ep060_fr025_kd050/packet_hub/dsdm/agent_3_dsdm_packet.pt	3126768	model/checkpoint/packet payload	planned
cifar100_4agent_25cls_refine_tuning_followup_ipc10_ep060_fr025_kd060_t2	outputs/cifar100_4agent_25cls_refine_tuning_followup_ipc10_ep060_fr025_kd060_t2/agents/agent_0/packets/dsdm_packet.pt	3126768	model/checkpoint/packet payload	planned
cifar100_4agent_25cls_refine_tuning_followup_ipc10_ep060_fr025_kd060_t2	outputs/cifar100_4agent_25cls_refine_tuning_followup_ipc10_ep060_fr025_kd060_t2/agents/agent_0/checkpoints/expert_model.pt	719494	model/checkpoint/packet payload	planned
cifar100_4agent_25cls_refine_tuning_followup_ipc10_ep060_fr025_kd060_t2	outputs/cifar100_4agent_25cls_refine_tuning_followup_ipc10_ep060_fr025_kd060_t2/agents/agent_1/packets/dsdm_packet.pt	3126768	model/checkpoint/packet payload	planned
cifar100_4agent_25cls_refine_tuning_followup_ipc10_ep060_fr025_kd060_t2	outputs/cifar100_4agent_25cls_refine_tuning_followup_ipc10_ep060_fr025_kd060_t2/agents/agent_1/checkpoints/expert_model.pt	2023046	model/checkpoint/packet payload	planned
cifar100_4agent_25cls_refine_tuning_followup_ipc10_ep060_fr025_kd060_t2	outputs/cifar100_4agent_25cls_refine_tuning_followup_ipc10_ep060_fr025_kd060_t2/agents/agent_2/packets/dsdm_packet.pt	3126768	model/checkpoint/packet payload	planned
cifar100_4agent_25cls_refine_tuning_followup_ipc10_ep060_fr025_kd060_t2	outputs/cifar100_4agent_25cls_refine_tuning_followup_ipc10_ep060_fr025_kd060_t2/agents/agent_2/checkpoints/expert_model.pt	2001230	model/checkpoint/packet payload	planned
cifar100_4agent_25cls_refine_tuning_followup_ipc10_ep060_fr025_kd060_t2	outputs/cifar100_4agent_25cls_refine_tuning_followup_ipc10_ep060_fr025_kd060_t2/agents/agent_3/packets/dsdm_packet.pt	3126768	model/checkpoint/packet payload	planned
cifar100_4agent_25cls_refine_tuning_followup_ipc10_ep060_fr025_kd060_t2	outputs/cifar100_4agent_25cls_refine_tuning_followup_ipc10_ep060_fr025_kd060_t2/agents/agent_3/checkpoints/expert_model.pt	4325454	model/checkpoint/packet payload	planned
cifar100_4agent_25cls_refine_tuning_followup_ipc10_ep060_fr025_kd060_t2	outputs/cifar100_4agent_25cls_refine_tuning_followup_ipc10_ep060_fr025_kd060_t2/packet_hub/dsdm/agent_0_dsdm_packet.pt	3126768	model/checkpoint/packet payload	planned
cifar100_4agent_25cls_refine_tuning_followup_ipc10_ep060_fr025_kd060_t2	outputs/cifar100_4agent_25cls_refine_tuning_followup_ipc10_ep060_fr025_kd060_t2/packet_hub/dsdm/agent_1_dsdm_packet.pt	3126768	model/checkpoint/packet payload	planned
cifar100_4agent_25cls_refine_tuning_followup_ipc10_ep060_fr025_kd060_t2	outputs/cifar100_4agent_25cls_refine_tuning_followup_ipc10_ep060_fr025_kd060_t2/packet_hub/dsdm/agent_2_dsdm_packet.pt	3126768	model/checkpoint/packet payload	planned
cifar100_4agent_25cls_refine_tuning_followup_ipc10_ep060_fr025_kd060_t2	outputs/cifar100_4agent_25cls_refine_tuning_followup_ipc10_ep060_fr025_kd060_t2/packet_hub/dsdm/agent_3_dsdm_packet.pt	3126768	model/checkpoint/packet payload	planned
cifar100_4agent_25cls_refine_tuning_followup_ipc10_ep060_fr030_kd060_t2	outputs/cifar100_4agent_25cls_refine_tuning_followup_ipc10_ep060_fr030_kd060_t2/agents/agent_0/packets/dsdm_packet.pt	3126768	model/checkpoint/packet payload	planned
cifar100_4agent_25cls_refine_tuning_followup_ipc10_ep060_fr030_kd060_t2	outputs/cifar100_4agent_25cls_refine_tuning_followup_ipc10_ep060_fr030_kd060_t2/agents/agent_0/checkpoints/expert_model.pt	719494	model/checkpoint/packet payload	planned
cifar100_4agent_25cls_refine_tuning_followup_ipc10_ep060_fr030_kd060_t2	outputs/cifar100_4agent_25cls_refine_tuning_followup_ipc10_ep060_fr030_kd060_t2/agents/agent_1/packets/dsdm_packet.pt	3126768	model/checkpoint/packet payload	planned
cifar100_4agent_25cls_refine_tuning_followup_ipc10_ep060_fr030_kd060_t2	outputs/cifar100_4agent_25cls_refine_tuning_followup_ipc10_ep060_fr030_kd060_t2/agents/agent_1/checkpoints/expert_model.pt	2023046	model/checkpoint/packet payload	planned
cifar100_4agent_25cls_refine_tuning_followup_ipc10_ep060_fr030_kd060_t2	outputs/cifar100_4agent_25cls_refine_tuning_followup_ipc10_ep060_fr030_kd060_t2/agents/agent_2/packets/dsdm_packet.pt	3126768	model/checkpoint/packet payload	planned
cifar100_4agent_25cls_refine_tuning_followup_ipc10_ep060_fr030_kd060_t2	outputs/cifar100_4agent_25cls_refine_tuning_followup_ipc10_ep060_fr030_kd060_t2/agents/agent_2/checkpoints/expert_model.pt	2001230	model/checkpoint/packet payload	planned
cifar100_4agent_25cls_refine_tuning_followup_ipc10_ep060_fr030_kd060_t2	outputs/cifar100_4agent_25cls_refine_tuning_followup_ipc10_ep060_fr030_kd060_t2/agents/agent_3/packets/dsdm_packet.pt	3126768	model/checkpoint/packet payload	planned
cifar100_4agent_25cls_refine_tuning_followup_ipc10_ep060_fr030_kd060_t2	outputs/cifar100_4agent_25cls_refine_tuning_followup_ipc10_ep060_fr030_kd060_t2/agents/agent_3/checkpoints/expert_model.pt	4325454	model/checkpoint/packet payload	planned
cifar100_4agent_25cls_refine_tuning_followup_ipc10_ep060_fr030_kd060_t2	outputs/cifar100_4agent_25cls_refine_tuning_followup_ipc10_ep060_fr030_kd060_t2/packet_hub/dsdm/agent_0_dsdm_packet.pt	3126768	model/checkpoint/packet payload	planned
cifar100_4agent_25cls_refine_tuning_followup_ipc10_ep060_fr030_kd060_t2	outputs/cifar100_4agent_25cls_refine_tuning_followup_ipc10_ep060_fr030_kd060_t2/packet_hub/dsdm/agent_1_dsdm_packet.pt	3126768	model/checkpoint/packet payload	planned
cifar100_4agent_25cls_refine_tuning_followup_ipc10_ep060_fr030_kd060_t2	outputs/cifar100_4agent_25cls_refine_tuning_followup_ipc10_ep060_fr030_kd060_t2/packet_hub/dsdm/agent_2_dsdm_packet.pt	3126768	model/checkpoint/packet payload	planned
cifar100_4agent_25cls_refine_tuning_followup_ipc10_ep060_fr030_kd060_t2	outputs/cifar100_4agent_25cls_refine_tuning_followup_ipc10_ep060_fr030_kd060_t2/packet_hub/dsdm/agent_3_dsdm_packet.pt	3126768	model/checkpoint/packet payload	planned
cifar100_4agent_25cls_refine_tuning_followup_ipc10_ep065_fr020_kd060_t2	outputs/cifar100_4agent_25cls_refine_tuning_followup_ipc10_ep065_fr020_kd060_t2/agents/agent_0/packets/dsdm_packet.pt	3126768	model/checkpoint/packet payload	planned
cifar100_4agent_25cls_refine_tuning_followup_ipc10_ep065_fr020_kd060_t2	outputs/cifar100_4agent_25cls_refine_tuning_followup_ipc10_ep065_fr020_kd060_t2/agents/agent_0/checkpoints/expert_model.pt	719494	model/checkpoint/packet payload	planned
cifar100_4agent_25cls_refine_tuning_followup_ipc10_ep065_fr020_kd060_t2	outputs/cifar100_4agent_25cls_refine_tuning_followup_ipc10_ep065_fr020_kd060_t2/agents/agent_1/packets/dsdm_packet.pt	3126768	model/checkpoint/packet payload	planned
cifar100_4agent_25cls_refine_tuning_followup_ipc10_ep065_fr020_kd060_t2	outputs/cifar100_4agent_25cls_refine_tuning_followup_ipc10_ep065_fr020_kd060_t2/agents/agent_1/checkpoints/expert_model.pt	2023046	model/checkpoint/packet payload	planned
cifar100_4agent_25cls_refine_tuning_followup_ipc10_ep065_fr020_kd060_t2	outputs/cifar100_4agent_25cls_refine_tuning_followup_ipc10_ep065_fr020_kd060_t2/agents/agent_2/packets/dsdm_packet.pt	3126768	model/checkpoint/packet payload	planned
cifar100_4agent_25cls_refine_tuning_followup_ipc10_ep065_fr020_kd060_t2	outputs/cifar100_4agent_25cls_refine_tuning_followup_ipc10_ep065_fr020_kd060_t2/agents/agent_2/checkpoints/expert_model.pt	2001230	model/checkpoint/packet payload	planned
cifar100_4agent_25cls_refine_tuning_followup_ipc10_ep065_fr020_kd060_t2	outputs/cifar100_4agent_25cls_refine_tuning_followup_ipc10_ep065_fr020_kd060_t2/agents/agent_3/packets/dsdm_packet.pt	3126768	model/checkpoint/packet payload	planned
cifar100_4agent_25cls_refine_tuning_followup_ipc10_ep065_fr020_kd060_t2	outputs/cifar100_4agent_25cls_refine_tuning_followup_ipc10_ep065_fr020_kd060_t2/agents/agent_3/checkpoints/expert_model.pt	4325454	model/checkpoint/packet payload	planned
cifar100_4agent_25cls_refine_tuning_followup_ipc10_ep065_fr020_kd060_t2	outputs/cifar100_4agent_25cls_refine_tuning_followup_ipc10_ep065_fr020_kd060_t2/packet_hub/dsdm/agent_0_dsdm_packet.pt	3126768	model/checkpoint/packet payload	planned
cifar100_4agent_25cls_refine_tuning_followup_ipc10_ep065_fr020_kd060_t2	outputs/cifar100_4agent_25cls_refine_tuning_followup_ipc10_ep065_fr020_kd060_t2/packet_hub/dsdm/agent_1_dsdm_packet.pt	3126768	model/checkpoint/packet payload	planned
cifar100_4agent_25cls_refine_tuning_followup_ipc10_ep065_fr020_kd060_t2	outputs/cifar100_4agent_25cls_refine_tuning_followup_ipc10_ep065_fr020_kd060_t2/packet_hub/dsdm/agent_2_dsdm_packet.pt	3126768	model/checkpoint/packet payload	planned
cifar100_4agent_25cls_refine_tuning_followup_ipc10_ep065_fr020_kd060_t2	outputs/cifar100_4agent_25cls_refine_tuning_followup_ipc10_ep065_fr020_kd060_t2/packet_hub/dsdm/agent_3_dsdm_packet.pt	3126768	model/checkpoint/packet payload	planned
cifar100_4agent_25cls_refine_tuning_followup_ipc50_ep225_fr005_kd050	outputs/cifar100_4agent_25cls_refine_tuning_followup_ipc50_ep225_fr005_kd050/agents/agent_0/checkpoints/expert_model.pt	2023046	model/checkpoint/packet payload	planned
cifar100_4agent_25cls_refine_tuning_followup_ipc50_ep225_fr005_kd050	outputs/cifar100_4agent_25cls_refine_tuning_followup_ipc50_ep225_fr005_kd050/agents/agent_0/packets/dsdm_packet.pt	15622768	model/checkpoint/packet payload	planned
cifar100_4agent_25cls_refine_tuning_followup_ipc50_ep225_fr005_kd050	outputs/cifar100_4agent_25cls_refine_tuning_followup_ipc50_ep225_fr005_kd050/agents/agent_1/checkpoints/expert_model.pt	2023046	model/checkpoint/packet payload	planned
cifar100_4agent_25cls_refine_tuning_followup_ipc50_ep225_fr005_kd050	outputs/cifar100_4agent_25cls_refine_tuning_followup_ipc50_ep225_fr005_kd050/agents/agent_1/packets/dsdm_packet.pt	15622768	model/checkpoint/packet payload	planned
cifar100_4agent_25cls_refine_tuning_followup_ipc50_ep225_fr005_kd050	outputs/cifar100_4agent_25cls_refine_tuning_followup_ipc50_ep225_fr005_kd050/agents/agent_2/checkpoints/expert_model.pt	2023046	model/checkpoint/packet payload	planned
cifar100_4agent_25cls_refine_tuning_followup_ipc50_ep225_fr005_kd050	outputs/cifar100_4agent_25cls_refine_tuning_followup_ipc50_ep225_fr005_kd050/agents/agent_2/packets/dsdm_packet.pt	15622768	model/checkpoint/packet payload	planned
cifar100_4agent_25cls_refine_tuning_followup_ipc50_ep225_fr005_kd050	outputs/cifar100_4agent_25cls_refine_tuning_followup_ipc50_ep225_fr005_kd050/agents/agent_3/checkpoints/expert_model.pt	2023046	model/checkpoint/packet payload	planned
cifar100_4agent_25cls_refine_tuning_followup_ipc50_ep225_fr005_kd050	outputs/cifar100_4agent_25cls_refine_tuning_followup_ipc50_ep225_fr005_kd050/agents/agent_3/packets/dsdm_packet.pt	15622768	model/checkpoint/packet payload	planned
cifar100_4agent_25cls_refine_tuning_followup_ipc50_ep225_fr005_kd050	outputs/cifar100_4agent_25cls_refine_tuning_followup_ipc50_ep225_fr005_kd050/packet_hub/dsdm/agent_0_dsdm_packet.pt	15622768	model/checkpoint/packet payload	planned
cifar100_4agent_25cls_refine_tuning_followup_ipc50_ep225_fr005_kd050	outputs/cifar100_4agent_25cls_refine_tuning_followup_ipc50_ep225_fr005_kd050/packet_hub/dsdm/agent_1_dsdm_packet.pt	15622768	model/checkpoint/packet payload	planned
cifar100_4agent_25cls_refine_tuning_followup_ipc50_ep225_fr005_kd050	outputs/cifar100_4agent_25cls_refine_tuning_followup_ipc50_ep225_fr005_kd050/packet_hub/dsdm/agent_2_dsdm_packet.pt	15622768	model/checkpoint/packet payload	planned
cifar100_4agent_25cls_refine_tuning_followup_ipc50_ep225_fr005_kd050	outputs/cifar100_4agent_25cls_refine_tuning_followup_ipc50_ep225_fr005_kd050/packet_hub/dsdm/agent_3_dsdm_packet.pt	15622768	model/checkpoint/packet payload	planned
cifar100_4agent_25cls_refine_tuning_followup_ipc50_ep250_fr004_kd050	outputs/cifar100_4agent_25cls_refine_tuning_followup_ipc50_ep250_fr004_kd050/agents/agent_0/packets/dsdm_packet.pt	15622768	model/checkpoint/packet payload	planned
cifar100_4agent_25cls_refine_tuning_followup_ipc50_ep250_fr004_kd050	outputs/cifar100_4agent_25cls_refine_tuning_followup_ipc50_ep250_fr004_kd050/agents/agent_0/checkpoints/expert_model.pt	2023046	model/checkpoint/packet payload	planned
cifar100_4agent_25cls_refine_tuning_followup_ipc50_ep250_fr004_kd050	outputs/cifar100_4agent_25cls_refine_tuning_followup_ipc50_ep250_fr004_kd050/agents/agent_1/packets/dsdm_packet.pt	15622768	model/checkpoint/packet payload	planned
cifar100_4agent_25cls_refine_tuning_followup_ipc50_ep250_fr004_kd050	outputs/cifar100_4agent_25cls_refine_tuning_followup_ipc50_ep250_fr004_kd050/agents/agent_1/checkpoints/expert_model.pt	2023046	model/checkpoint/packet payload	planned
cifar100_4agent_25cls_refine_tuning_followup_ipc50_ep250_fr004_kd050	outputs/cifar100_4agent_25cls_refine_tuning_followup_ipc50_ep250_fr004_kd050/agents/agent_2/packets/dsdm_packet.pt	15622768	model/checkpoint/packet payload	planned
cifar100_4agent_25cls_refine_tuning_followup_ipc50_ep250_fr004_kd050	outputs/cifar100_4agent_25cls_refine_tuning_followup_ipc50_ep250_fr004_kd050/agents/agent_2/checkpoints/expert_model.pt	2023046	model/checkpoint/packet payload	planned
cifar100_4agent_25cls_refine_tuning_followup_ipc50_ep250_fr004_kd050	outputs/cifar100_4agent_25cls_refine_tuning_followup_ipc50_ep250_fr004_kd050/agents/agent_3/packets/dsdm_packet.pt	15622768	model/checkpoint/packet payload	planned
cifar100_4agent_25cls_refine_tuning_followup_ipc50_ep250_fr004_kd050	outputs/cifar100_4agent_25cls_refine_tuning_followup_ipc50_ep250_fr004_kd050/agents/agent_3/checkpoints/expert_model.pt	2023046	model/checkpoint/packet payload	planned
cifar100_4agent_25cls_refine_tuning_followup_ipc50_ep250_fr004_kd050	outputs/cifar100_4agent_25cls_refine_tuning_followup_ipc50_ep250_fr004_kd050/packet_hub/dsdm/agent_0_dsdm_packet.pt	15622768	model/checkpoint/packet payload	planned
cifar100_4agent_25cls_refine_tuning_followup_ipc50_ep250_fr004_kd050	outputs/cifar100_4agent_25cls_refine_tuning_followup_ipc50_ep250_fr004_kd050/packet_hub/dsdm/agent_1_dsdm_packet.pt	15622768	model/checkpoint/packet payload	planned
cifar100_4agent_25cls_refine_tuning_followup_ipc50_ep250_fr004_kd050	outputs/cifar100_4agent_25cls_refine_tuning_followup_ipc50_ep250_fr004_kd050/packet_hub/dsdm/agent_2_dsdm_packet.pt	15622768	model/checkpoint/packet payload	planned
cifar100_4agent_25cls_refine_tuning_followup_ipc50_ep250_fr004_kd050	outputs/cifar100_4agent_25cls_refine_tuning_followup_ipc50_ep250_fr004_kd050/packet_hub/dsdm/agent_3_dsdm_packet.pt	15622768	model/checkpoint/packet payload	planned
cifar100_4agent_25cls_refine_tuning_followup_ipc50_ep250_fr006_kd050	outputs/cifar100_4agent_25cls_refine_tuning_followup_ipc50_ep250_fr006_kd050/agents/agent_0/packets/dsdm_packet.pt	15622768	model/checkpoint/packet payload	planned
cifar100_4agent_25cls_refine_tuning_followup_ipc50_ep250_fr006_kd050	outputs/cifar100_4agent_25cls_refine_tuning_followup_ipc50_ep250_fr006_kd050/agents/agent_0/checkpoints/expert_model.pt	2023046	model/checkpoint/packet payload	planned
cifar100_4agent_25cls_refine_tuning_followup_ipc50_ep250_fr006_kd050	outputs/cifar100_4agent_25cls_refine_tuning_followup_ipc50_ep250_fr006_kd050/agents/agent_1/packets/dsdm_packet.pt	15622768	model/checkpoint/packet payload	planned
cifar100_4agent_25cls_refine_tuning_followup_ipc50_ep250_fr006_kd050	outputs/cifar100_4agent_25cls_refine_tuning_followup_ipc50_ep250_fr006_kd050/agents/agent_1/checkpoints/expert_model.pt	2023046	model/checkpoint/packet payload	planned
cifar100_4agent_25cls_refine_tuning_followup_ipc50_ep250_fr006_kd050	outputs/cifar100_4agent_25cls_refine_tuning_followup_ipc50_ep250_fr006_kd050/agents/agent_2/packets/dsdm_packet.pt	15622768	model/checkpoint/packet payload	planned
cifar100_4agent_25cls_refine_tuning_followup_ipc50_ep250_fr006_kd050	outputs/cifar100_4agent_25cls_refine_tuning_followup_ipc50_ep250_fr006_kd050/agents/agent_2/checkpoints/expert_model.pt	2023046	model/checkpoint/packet payload	planned
cifar100_4agent_25cls_refine_tuning_followup_ipc50_ep250_fr006_kd050	outputs/cifar100_4agent_25cls_refine_tuning_followup_ipc50_ep250_fr006_kd050/agents/agent_3/packets/dsdm_packet.pt	15622768	model/checkpoint/packet payload	planned
cifar100_4agent_25cls_refine_tuning_followup_ipc50_ep250_fr006_kd050	outputs/cifar100_4agent_25cls_refine_tuning_followup_ipc50_ep250_fr006_kd050/agents/agent_3/checkpoints/expert_model.pt	2023046	model/checkpoint/packet payload	planned
cifar100_4agent_25cls_refine_tuning_followup_ipc50_ep250_fr006_kd050	outputs/cifar100_4agent_25cls_refine_tuning_followup_ipc50_ep250_fr006_kd050/packet_hub/dsdm/agent_0_dsdm_packet.pt	15622768	model/checkpoint/packet payload	planned
cifar100_4agent_25cls_refine_tuning_followup_ipc50_ep250_fr006_kd050	outputs/cifar100_4agent_25cls_refine_tuning_followup_ipc50_ep250_fr006_kd050/packet_hub/dsdm/agent_1_dsdm_packet.pt	15622768	model/checkpoint/packet payload	planned
cifar100_4agent_25cls_refine_tuning_followup_ipc50_ep250_fr006_kd050	outputs/cifar100_4agent_25cls_refine_tuning_followup_ipc50_ep250_fr006_kd050/packet_hub/dsdm/agent_2_dsdm_packet.pt	15622768	model/checkpoint/packet payload	planned
cifar100_4agent_25cls_refine_tuning_followup_ipc50_ep250_fr006_kd050	outputs/cifar100_4agent_25cls_refine_tuning_followup_ipc50_ep250_fr006_kd050/packet_hub/dsdm/agent_3_dsdm_packet.pt	15622768	model/checkpoint/packet payload	planned
cifar100_4agent_25cls_refine_tuning_followup_ipc50_ep275_fr005_kd050	outputs/cifar100_4agent_25cls_refine_tuning_followup_ipc50_ep275_fr005_kd050/agents/agent_0/packets/dsdm_packet.pt	15622768	model/checkpoint/packet payload	planned
cifar100_4agent_25cls_refine_tuning_followup_ipc50_ep275_fr005_kd050	outputs/cifar100_4agent_25cls_refine_tuning_followup_ipc50_ep275_fr005_kd050/agents/agent_0/checkpoints/expert_model.pt	2023046	model/checkpoint/packet payload	planned
cifar100_4agent_25cls_refine_tuning_followup_ipc50_ep275_fr005_kd050	outputs/cifar100_4agent_25cls_refine_tuning_followup_ipc50_ep275_fr005_kd050/agents/agent_1/packets/dsdm_packet.pt	15622768	model/checkpoint/packet payload	planned
cifar100_4agent_25cls_refine_tuning_followup_ipc50_ep275_fr005_kd050	outputs/cifar100_4agent_25cls_refine_tuning_followup_ipc50_ep275_fr005_kd050/agents/agent_1/checkpoints/expert_model.pt	2023046	model/checkpoint/packet payload	planned
cifar100_4agent_25cls_refine_tuning_followup_ipc50_ep275_fr005_kd050	outputs/cifar100_4agent_25cls_refine_tuning_followup_ipc50_ep275_fr005_kd050/agents/agent_2/packets/dsdm_packet.pt	15622768	model/checkpoint/packet payload	planned
cifar100_4agent_25cls_refine_tuning_followup_ipc50_ep275_fr005_kd050	outputs/cifar100_4agent_25cls_refine_tuning_followup_ipc50_ep275_fr005_kd050/agents/agent_2/checkpoints/expert_model.pt	2023046	model/checkpoint/packet payload	planned
cifar100_4agent_25cls_refine_tuning_followup_ipc50_ep275_fr005_kd050	outputs/cifar100_4agent_25cls_refine_tuning_followup_ipc50_ep275_fr005_kd050/agents/agent_3/packets/dsdm_packet.pt	15622768	model/checkpoint/packet payload	planned
cifar100_4agent_25cls_refine_tuning_followup_ipc50_ep275_fr005_kd050	outputs/cifar100_4agent_25cls_refine_tuning_followup_ipc50_ep275_fr005_kd050/agents/agent_3/checkpoints/expert_model.pt	2023046	model/checkpoint/packet payload	planned
cifar100_4agent_25cls_refine_tuning_followup_ipc50_ep275_fr005_kd050	outputs/cifar100_4agent_25cls_refine_tuning_followup_ipc50_ep275_fr005_kd050/packet_hub/dsdm/agent_0_dsdm_packet.pt	15622768	model/checkpoint/packet payload	planned
cifar100_4agent_25cls_refine_tuning_followup_ipc50_ep275_fr005_kd050	outputs/cifar100_4agent_25cls_refine_tuning_followup_ipc50_ep275_fr005_kd050/packet_hub/dsdm/agent_1_dsdm_packet.pt	15622768	model/checkpoint/packet payload	planned
cifar100_4agent_25cls_refine_tuning_followup_ipc50_ep275_fr005_kd050	outputs/cifar100_4agent_25cls_refine_tuning_followup_ipc50_ep275_fr005_kd050/packet_hub/dsdm/agent_2_dsdm_packet.pt	15622768	model/checkpoint/packet payload	planned
cifar100_4agent_25cls_refine_tuning_followup_ipc50_ep275_fr005_kd050	outputs/cifar100_4agent_25cls_refine_tuning_followup_ipc50_ep275_fr005_kd050/packet_hub/dsdm/agent_3_dsdm_packet.pt	15622768	model/checkpoint/packet payload	planned
cifar100_4agent_25cls_refine_tuning_ipc10_ep060_fr020_kd050	outputs/cifar100_4agent_25cls_refine_tuning_ipc10_ep060_fr020_kd050/agents/agent_0/checkpoints/expert_model.pt	719494	model/checkpoint/packet payload	planned
cifar100_4agent_25cls_refine_tuning_ipc10_ep060_fr020_kd050	outputs/cifar100_4agent_25cls_refine_tuning_ipc10_ep060_fr020_kd050/agents/agent_0/packets/dsdm_packet.pt	3126768	model/checkpoint/packet payload	planned
cifar100_4agent_25cls_refine_tuning_ipc10_ep060_fr020_kd050	outputs/cifar100_4agent_25cls_refine_tuning_ipc10_ep060_fr020_kd050/agents/agent_1/checkpoints/expert_model.pt	2023046	model/checkpoint/packet payload	planned
cifar100_4agent_25cls_refine_tuning_ipc10_ep060_fr020_kd050	outputs/cifar100_4agent_25cls_refine_tuning_ipc10_ep060_fr020_kd050/agents/agent_1/packets/dsdm_packet.pt	3126768	model/checkpoint/packet payload	planned
cifar100_4agent_25cls_refine_tuning_ipc10_ep060_fr020_kd050	outputs/cifar100_4agent_25cls_refine_tuning_ipc10_ep060_fr020_kd050/agents/agent_2/checkpoints/expert_model.pt	2001230	model/checkpoint/packet payload	planned
cifar100_4agent_25cls_refine_tuning_ipc10_ep060_fr020_kd050	outputs/cifar100_4agent_25cls_refine_tuning_ipc10_ep060_fr020_kd050/agents/agent_2/packets/dsdm_packet.pt	3126768	model/checkpoint/packet payload	planned
cifar100_4agent_25cls_refine_tuning_ipc10_ep060_fr020_kd050	outputs/cifar100_4agent_25cls_refine_tuning_ipc10_ep060_fr020_kd050/agents/agent_3/checkpoints/expert_model.pt	4325454	model/checkpoint/packet payload	planned
cifar100_4agent_25cls_refine_tuning_ipc10_ep060_fr020_kd050	outputs/cifar100_4agent_25cls_refine_tuning_ipc10_ep060_fr020_kd050/agents/agent_3/packets/dsdm_packet.pt	3126768	model/checkpoint/packet payload	planned
cifar100_4agent_25cls_refine_tuning_ipc10_ep060_fr020_kd050	outputs/cifar100_4agent_25cls_refine_tuning_ipc10_ep060_fr020_kd050/packet_hub/dsdm/agent_0_dsdm_packet.pt	3126768	model/checkpoint/packet payload	planned
cifar100_4agent_25cls_refine_tuning_ipc10_ep060_fr020_kd050	outputs/cifar100_4agent_25cls_refine_tuning_ipc10_ep060_fr020_kd050/packet_hub/dsdm/agent_1_dsdm_packet.pt	3126768	model/checkpoint/packet payload	planned
cifar100_4agent_25cls_refine_tuning_ipc10_ep060_fr020_kd050	outputs/cifar100_4agent_25cls_refine_tuning_ipc10_ep060_fr020_kd050/packet_hub/dsdm/agent_2_dsdm_packet.pt	3126768	model/checkpoint/packet payload	planned
cifar100_4agent_25cls_refine_tuning_ipc10_ep060_fr020_kd050	outputs/cifar100_4agent_25cls_refine_tuning_ipc10_ep060_fr020_kd050/packet_hub/dsdm/agent_3_dsdm_packet.pt	3126768	model/checkpoint/packet payload	planned
cifar100_4agent_25cls_refine_tuning_ipc10_ep090_fr020_kd050	outputs/cifar100_4agent_25cls_refine_tuning_ipc10_ep090_fr020_kd050/agents/agent_0/packets/dsdm_packet.pt	3126768	model/checkpoint/packet payload	planned
cifar100_4agent_25cls_refine_tuning_ipc10_ep090_fr020_kd050	outputs/cifar100_4agent_25cls_refine_tuning_ipc10_ep090_fr020_kd050/agents/agent_0/checkpoints/expert_model.pt	719494	model/checkpoint/packet payload	planned
cifar100_4agent_25cls_refine_tuning_ipc10_ep090_fr020_kd050	outputs/cifar100_4agent_25cls_refine_tuning_ipc10_ep090_fr020_kd050/agents/agent_1/packets/dsdm_packet.pt	3126768	model/checkpoint/packet payload	planned
cifar100_4agent_25cls_refine_tuning_ipc10_ep090_fr020_kd050	outputs/cifar100_4agent_25cls_refine_tuning_ipc10_ep090_fr020_kd050/agents/agent_1/checkpoints/expert_model.pt	2023046	model/checkpoint/packet payload	planned
cifar100_4agent_25cls_refine_tuning_ipc10_ep090_fr020_kd050	outputs/cifar100_4agent_25cls_refine_tuning_ipc10_ep090_fr020_kd050/agents/agent_2/packets/dsdm_packet.pt	3126768	model/checkpoint/packet payload	planned
cifar100_4agent_25cls_refine_tuning_ipc10_ep090_fr020_kd050	outputs/cifar100_4agent_25cls_refine_tuning_ipc10_ep090_fr020_kd050/agents/agent_2/checkpoints/expert_model.pt	2001230	model/checkpoint/packet payload	planned
cifar100_4agent_25cls_refine_tuning_ipc10_ep090_fr020_kd050	outputs/cifar100_4agent_25cls_refine_tuning_ipc10_ep090_fr020_kd050/agents/agent_3/packets/dsdm_packet.pt	3126768	model/checkpoint/packet payload	planned
cifar100_4agent_25cls_refine_tuning_ipc10_ep090_fr020_kd050	outputs/cifar100_4agent_25cls_refine_tuning_ipc10_ep090_fr020_kd050/agents/agent_3/checkpoints/expert_model.pt	4325454	model/checkpoint/packet payload	planned
cifar100_4agent_25cls_refine_tuning_ipc10_ep090_fr020_kd050	outputs/cifar100_4agent_25cls_refine_tuning_ipc10_ep090_fr020_kd050/packet_hub/dsdm/agent_0_dsdm_packet.pt	3126768	model/checkpoint/packet payload	planned
cifar100_4agent_25cls_refine_tuning_ipc10_ep090_fr020_kd050	outputs/cifar100_4agent_25cls_refine_tuning_ipc10_ep090_fr020_kd050/packet_hub/dsdm/agent_1_dsdm_packet.pt	3126768	model/checkpoint/packet payload	planned
cifar100_4agent_25cls_refine_tuning_ipc10_ep090_fr020_kd050	outputs/cifar100_4agent_25cls_refine_tuning_ipc10_ep090_fr020_kd050/packet_hub/dsdm/agent_2_dsdm_packet.pt	3126768	model/checkpoint/packet payload	planned
cifar100_4agent_25cls_refine_tuning_ipc10_ep090_fr020_kd050	outputs/cifar100_4agent_25cls_refine_tuning_ipc10_ep090_fr020_kd050/packet_hub/dsdm/agent_3_dsdm_packet.pt	3126768	model/checkpoint/packet payload	planned
cifar100_4agent_25cls_refine_tuning_ipc50_ep250_fr005_kd050	outputs/cifar100_4agent_25cls_refine_tuning_ipc50_ep250_fr005_kd050/agents/agent_0/checkpoints/expert_model.pt	2023046	model/checkpoint/packet payload	planned
cifar100_4agent_25cls_refine_tuning_ipc50_ep250_fr005_kd050	outputs/cifar100_4agent_25cls_refine_tuning_ipc50_ep250_fr005_kd050/agents/agent_0/packets/dsdm_packet.pt	15622768	model/checkpoint/packet payload	planned
cifar100_4agent_25cls_refine_tuning_ipc50_ep250_fr005_kd050	outputs/cifar100_4agent_25cls_refine_tuning_ipc50_ep250_fr005_kd050/agents/agent_1/checkpoints/expert_model.pt	2023046	model/checkpoint/packet payload	planned
cifar100_4agent_25cls_refine_tuning_ipc50_ep250_fr005_kd050	outputs/cifar100_4agent_25cls_refine_tuning_ipc50_ep250_fr005_kd050/agents/agent_1/packets/dsdm_packet.pt	15622768	model/checkpoint/packet payload	planned
cifar100_4agent_25cls_refine_tuning_ipc50_ep250_fr005_kd050	outputs/cifar100_4agent_25cls_refine_tuning_ipc50_ep250_fr005_kd050/agents/agent_2/checkpoints/expert_model.pt	2023046	model/checkpoint/packet payload	planned
cifar100_4agent_25cls_refine_tuning_ipc50_ep250_fr005_kd050	outputs/cifar100_4agent_25cls_refine_tuning_ipc50_ep250_fr005_kd050/agents/agent_2/packets/dsdm_packet.pt	15622768	model/checkpoint/packet payload	planned
cifar100_4agent_25cls_refine_tuning_ipc50_ep250_fr005_kd050	outputs/cifar100_4agent_25cls_refine_tuning_ipc50_ep250_fr005_kd050/agents/agent_3/checkpoints/expert_model.pt	2023046	model/checkpoint/packet payload	planned
cifar100_4agent_25cls_refine_tuning_ipc50_ep250_fr005_kd050	outputs/cifar100_4agent_25cls_refine_tuning_ipc50_ep250_fr005_kd050/agents/agent_3/packets/dsdm_packet.pt	15622768	model/checkpoint/packet payload	planned
cifar100_4agent_25cls_refine_tuning_ipc50_ep250_fr005_kd050	outputs/cifar100_4agent_25cls_refine_tuning_ipc50_ep250_fr005_kd050/packet_hub/dsdm/agent_0_dsdm_packet.pt	15622768	model/checkpoint/packet payload	planned
cifar100_4agent_25cls_refine_tuning_ipc50_ep250_fr005_kd050	outputs/cifar100_4agent_25cls_refine_tuning_ipc50_ep250_fr005_kd050/packet_hub/dsdm/agent_1_dsdm_packet.pt	15622768	model/checkpoint/packet payload	planned
cifar100_4agent_25cls_refine_tuning_ipc50_ep250_fr005_kd050	outputs/cifar100_4agent_25cls_refine_tuning_ipc50_ep250_fr005_kd050/packet_hub/dsdm/agent_2_dsdm_packet.pt	15622768	model/checkpoint/packet payload	planned
cifar100_4agent_25cls_refine_tuning_ipc50_ep250_fr005_kd050	outputs/cifar100_4agent_25cls_refine_tuning_ipc50_ep250_fr005_kd050/packet_hub/dsdm/agent_3_dsdm_packet.pt	15622768	model/checkpoint/packet payload	planned
cifar100_4agent_25cls_refine_tuning_ipc50_ep300_fr005_kd040	outputs/cifar100_4agent_25cls_refine_tuning_ipc50_ep300_fr005_kd040/agents/agent_0/packets/dsdm_packet.pt	15622768	model/checkpoint/packet payload	planned
cifar100_4agent_25cls_refine_tuning_ipc50_ep300_fr005_kd040	outputs/cifar100_4agent_25cls_refine_tuning_ipc50_ep300_fr005_kd040/agents/agent_0/checkpoints/expert_model.pt	2023046	model/checkpoint/packet payload	planned
cifar100_4agent_25cls_refine_tuning_ipc50_ep300_fr005_kd040	outputs/cifar100_4agent_25cls_refine_tuning_ipc50_ep300_fr005_kd040/agents/agent_1/packets/dsdm_packet.pt	15622768	model/checkpoint/packet payload	planned
cifar100_4agent_25cls_refine_tuning_ipc50_ep300_fr005_kd040	outputs/cifar100_4agent_25cls_refine_tuning_ipc50_ep300_fr005_kd040/agents/agent_1/checkpoints/expert_model.pt	2023046	model/checkpoint/packet payload	planned
cifar100_4agent_25cls_refine_tuning_ipc50_ep300_fr005_kd040	outputs/cifar100_4agent_25cls_refine_tuning_ipc50_ep300_fr005_kd040/agents/agent_2/packets/dsdm_packet.pt	15622768	model/checkpoint/packet payload	planned
cifar100_4agent_25cls_refine_tuning_ipc50_ep300_fr005_kd040	outputs/cifar100_4agent_25cls_refine_tuning_ipc50_ep300_fr005_kd040/agents/agent_2/checkpoints/expert_model.pt	2023046	model/checkpoint/packet payload	planned
cifar100_4agent_25cls_refine_tuning_ipc50_ep300_fr005_kd040	outputs/cifar100_4agent_25cls_refine_tuning_ipc50_ep300_fr005_kd040/agents/agent_3/packets/dsdm_packet.pt	15622768	model/checkpoint/packet payload	planned
cifar100_4agent_25cls_refine_tuning_ipc50_ep300_fr005_kd040	outputs/cifar100_4agent_25cls_refine_tuning_ipc50_ep300_fr005_kd040/agents/agent_3/checkpoints/expert_model.pt	2023046	model/checkpoint/packet payload	planned
cifar100_4agent_25cls_refine_tuning_ipc50_ep300_fr005_kd040	outputs/cifar100_4agent_25cls_refine_tuning_ipc50_ep300_fr005_kd040/packet_hub/dsdm/agent_0_dsdm_packet.pt	15622768	model/checkpoint/packet payload	planned
cifar100_4agent_25cls_refine_tuning_ipc50_ep300_fr005_kd040	outputs/cifar100_4agent_25cls_refine_tuning_ipc50_ep300_fr005_kd040/packet_hub/dsdm/agent_1_dsdm_packet.pt	15622768	model/checkpoint/packet payload	planned
cifar100_4agent_25cls_refine_tuning_ipc50_ep300_fr005_kd040	outputs/cifar100_4agent_25cls_refine_tuning_ipc50_ep300_fr005_kd040/packet_hub/dsdm/agent_2_dsdm_packet.pt	15622768	model/checkpoint/packet payload	planned
cifar100_4agent_25cls_refine_tuning_ipc50_ep300_fr005_kd040	outputs/cifar100_4agent_25cls_refine_tuning_ipc50_ep300_fr005_kd040/packet_hub/dsdm/agent_3_dsdm_packet.pt	15622768	model/checkpoint/packet payload	planned
cifar100_4agent_25cls_refine_tuning_ipc50_ep300_fr005_kd060	outputs/cifar100_4agent_25cls_refine_tuning_ipc50_ep300_fr005_kd060/agents/agent_0/packets/dsdm_packet.pt	15622768	model/checkpoint/packet payload	planned
cifar100_4agent_25cls_refine_tuning_ipc50_ep300_fr005_kd060	outputs/cifar100_4agent_25cls_refine_tuning_ipc50_ep300_fr005_kd060/agents/agent_0/checkpoints/expert_model.pt	2023046	model/checkpoint/packet payload	planned
cifar100_4agent_25cls_refine_tuning_ipc50_ep300_fr005_kd060	outputs/cifar100_4agent_25cls_refine_tuning_ipc50_ep300_fr005_kd060/agents/agent_1/packets/dsdm_packet.pt	15622768	model/checkpoint/packet payload	planned
cifar100_4agent_25cls_refine_tuning_ipc50_ep300_fr005_kd060	outputs/cifar100_4agent_25cls_refine_tuning_ipc50_ep300_fr005_kd060/agents/agent_1/checkpoints/expert_model.pt	2023046	model/checkpoint/packet payload	planned
cifar100_4agent_25cls_refine_tuning_ipc50_ep300_fr005_kd060	outputs/cifar100_4agent_25cls_refine_tuning_ipc50_ep300_fr005_kd060/agents/agent_2/packets/dsdm_packet.pt	15622768	model/checkpoint/packet payload	planned
cifar100_4agent_25cls_refine_tuning_ipc50_ep300_fr005_kd060	outputs/cifar100_4agent_25cls_refine_tuning_ipc50_ep300_fr005_kd060/agents/agent_2/checkpoints/expert_model.pt	2023046	model/checkpoint/packet payload	planned
cifar100_4agent_25cls_refine_tuning_ipc50_ep300_fr005_kd060	outputs/cifar100_4agent_25cls_refine_tuning_ipc50_ep300_fr005_kd060/agents/agent_3/packets/dsdm_packet.pt	15622768	model/checkpoint/packet payload	planned
cifar100_4agent_25cls_refine_tuning_ipc50_ep300_fr005_kd060	outputs/cifar100_4agent_25cls_refine_tuning_ipc50_ep300_fr005_kd060/agents/agent_3/checkpoints/expert_model.pt	2023046	model/checkpoint/packet payload	planned
cifar100_4agent_25cls_refine_tuning_ipc50_ep300_fr005_kd060	outputs/cifar100_4agent_25cls_refine_tuning_ipc50_ep300_fr005_kd060/packet_hub/dsdm/agent_0_dsdm_packet.pt	15622768	model/checkpoint/packet payload	planned
cifar100_4agent_25cls_refine_tuning_ipc50_ep300_fr005_kd060	outputs/cifar100_4agent_25cls_refine_tuning_ipc50_ep300_fr005_kd060/packet_hub/dsdm/agent_1_dsdm_packet.pt	15622768	model/checkpoint/packet payload	planned
cifar100_4agent_25cls_refine_tuning_ipc50_ep300_fr005_kd060	outputs/cifar100_4agent_25cls_refine_tuning_ipc50_ep300_fr005_kd060/packet_hub/dsdm/agent_2_dsdm_packet.pt	15622768	model/checkpoint/packet payload	planned
cifar100_4agent_25cls_refine_tuning_ipc50_ep300_fr005_kd060	outputs/cifar100_4agent_25cls_refine_tuning_ipc50_ep300_fr005_kd060/packet_hub/dsdm/agent_3_dsdm_packet.pt	15622768	model/checkpoint/packet payload	planned
cifar100_4agent_25cls_refine_tuning_ipc50_ep350_fr005_kd050	outputs/cifar100_4agent_25cls_refine_tuning_ipc50_ep350_fr005_kd050/agents/agent_0/packets/dsdm_packet.pt	15622768	model/checkpoint/packet payload	planned
cifar100_4agent_25cls_refine_tuning_ipc50_ep350_fr005_kd050	outputs/cifar100_4agent_25cls_refine_tuning_ipc50_ep350_fr005_kd050/agents/agent_0/checkpoints/expert_model.pt	2023046	model/checkpoint/packet payload	planned
cifar100_4agent_25cls_refine_tuning_ipc50_ep350_fr005_kd050	outputs/cifar100_4agent_25cls_refine_tuning_ipc50_ep350_fr005_kd050/agents/agent_1/packets/dsdm_packet.pt	15622768	model/checkpoint/packet payload	planned
cifar100_4agent_25cls_refine_tuning_ipc50_ep350_fr005_kd050	outputs/cifar100_4agent_25cls_refine_tuning_ipc50_ep350_fr005_kd050/agents/agent_1/checkpoints/expert_model.pt	2023046	model/checkpoint/packet payload	planned
cifar100_4agent_25cls_refine_tuning_ipc50_ep350_fr005_kd050	outputs/cifar100_4agent_25cls_refine_tuning_ipc50_ep350_fr005_kd050/agents/agent_2/packets/dsdm_packet.pt	15622768	model/checkpoint/packet payload	planned
cifar100_4agent_25cls_refine_tuning_ipc50_ep350_fr005_kd050	outputs/cifar100_4agent_25cls_refine_tuning_ipc50_ep350_fr005_kd050/agents/agent_2/checkpoints/expert_model.pt	2023046	model/checkpoint/packet payload	planned
cifar100_4agent_25cls_refine_tuning_ipc50_ep350_fr005_kd050	outputs/cifar100_4agent_25cls_refine_tuning_ipc50_ep350_fr005_kd050/agents/agent_3/packets/dsdm_packet.pt	15622768	model/checkpoint/packet payload	planned
cifar100_4agent_25cls_refine_tuning_ipc50_ep350_fr005_kd050	outputs/cifar100_4agent_25cls_refine_tuning_ipc50_ep350_fr005_kd050/agents/agent_3/checkpoints/expert_model.pt	2023046	model/checkpoint/packet payload	planned
cifar100_4agent_25cls_refine_tuning_ipc50_ep350_fr005_kd050	outputs/cifar100_4agent_25cls_refine_tuning_ipc50_ep350_fr005_kd050/packet_hub/dsdm/agent_0_dsdm_packet.pt	15622768	model/checkpoint/packet payload	planned
cifar100_4agent_25cls_refine_tuning_ipc50_ep350_fr005_kd050	outputs/cifar100_4agent_25cls_refine_tuning_ipc50_ep350_fr005_kd050/packet_hub/dsdm/agent_1_dsdm_packet.pt	15622768	model/checkpoint/packet payload	planned
cifar100_4agent_25cls_refine_tuning_ipc50_ep350_fr005_kd050	outputs/cifar100_4agent_25cls_refine_tuning_ipc50_ep350_fr005_kd050/packet_hub/dsdm/agent_2_dsdm_packet.pt	15622768	model/checkpoint/packet payload	planned
cifar100_4agent_25cls_refine_tuning_ipc50_ep350_fr005_kd050	outputs/cifar100_4agent_25cls_refine_tuning_ipc50_ep350_fr005_kd050/packet_hub/dsdm/agent_3_dsdm_packet.pt	15622768	model/checkpoint/packet payload	planned
cifar100_resnet18_compact_recipe_diag_seed0_ipc50_fast	outputs/cifar100_resnet18_compact_recipe_diag_seed0_ipc50_fast/agents/agent_0/packets/fast_packet.pt	15375792	model/checkpoint/packet payload	planned
cifar100_resnet18_compact_recipe_diag_seed0_ipc50_fast	outputs/cifar100_resnet18_compact_recipe_diag_seed0_ipc50_fast/agents/agent_1/packets/fast_packet.pt	15375792	model/checkpoint/packet payload	planned
cifar100_resnet18_compact_recipe_diag_seed0_ipc50_fast	outputs/cifar100_resnet18_compact_recipe_diag_seed0_ipc50_fast/agents/agent_2/packets/fast_packet.pt	15375792	model/checkpoint/packet payload	planned
cifar100_resnet18_compact_recipe_diag_seed0_ipc50_fast	outputs/cifar100_resnet18_compact_recipe_diag_seed0_ipc50_fast/agents/agent_2/checkpoints/expert_model.pt	11341492	model/checkpoint/packet payload	planned
cifar100_resnet18_compact_recipe_diag_seed0_ipc50_fast	outputs/cifar100_resnet18_compact_recipe_diag_seed0_ipc50_fast/agents/agent_3/packets/fast_packet.pt	15375792	model/checkpoint/packet payload	planned
cifar100_resnet18_compact_recipe_diag_seed0_ipc50_fast	outputs/cifar100_resnet18_compact_recipe_diag_seed0_ipc50_fast/packet_hub/fast/agent_0_fast_packet.pt	15375792	model/checkpoint/packet payload	planned
cifar100_resnet18_compact_recipe_diag_seed0_ipc50_fast	outputs/cifar100_resnet18_compact_recipe_diag_seed0_ipc50_fast/packet_hub/fast/agent_1_fast_packet.pt	15375792	model/checkpoint/packet payload	planned
cifar100_resnet18_compact_recipe_diag_seed0_ipc50_fast	outputs/cifar100_resnet18_compact_recipe_diag_seed0_ipc50_fast/packet_hub/fast/agent_2_fast_packet.pt	15375792	model/checkpoint/packet payload	planned
cifar100_resnet18_compact_recipe_diag_seed0_ipc50_fast	outputs/cifar100_resnet18_compact_recipe_diag_seed0_ipc50_fast/packet_hub/fast/agent_3_fast_packet.pt	15375792	model/checkpoint/packet payload	planned
cifar100_resnet18_standard_recipe_diag_seed0_ipc50_fast	outputs/cifar100_resnet18_standard_recipe_diag_seed0_ipc50_fast/agents/agent_0/packets/fast_packet.pt	15375792	model/checkpoint/packet payload	planned
cifar100_resnet18_standard_recipe_diag_seed0_ipc50_fast	outputs/cifar100_resnet18_standard_recipe_diag_seed0_ipc50_fast/agents/agent_1/packets/fast_packet.pt	15375792	model/checkpoint/packet payload	planned
cifar100_resnet18_standard_recipe_diag_seed0_ipc50_fast	outputs/cifar100_resnet18_standard_recipe_diag_seed0_ipc50_fast/agents/agent_2/packets/fast_packet.pt	15375792	model/checkpoint/packet payload	planned
cifar100_resnet18_standard_recipe_diag_seed0_ipc50_fast	outputs/cifar100_resnet18_standard_recipe_diag_seed0_ipc50_fast/agents/agent_3/packets/fast_packet.pt	15375792	model/checkpoint/packet payload	planned
cifar100_resnet18_standard_recipe_diag_seed0_ipc50_fast	outputs/cifar100_resnet18_standard_recipe_diag_seed0_ipc50_fast/packet_hub/fast/agent_0_fast_packet.pt	15375792	model/checkpoint/packet payload	planned
cifar100_resnet18_standard_recipe_diag_seed0_ipc50_fast	outputs/cifar100_resnet18_standard_recipe_diag_seed0_ipc50_fast/packet_hub/fast/agent_1_fast_packet.pt	15375792	model/checkpoint/packet payload	planned
cifar100_resnet18_standard_recipe_diag_seed0_ipc50_fast	outputs/cifar100_resnet18_standard_recipe_diag_seed0_ipc50_fast/packet_hub/fast/agent_2_fast_packet.pt	15375792	model/checkpoint/packet payload	planned
cifar100_resnet18_standard_recipe_diag_seed0_ipc50_fast	outputs/cifar100_resnet18_standard_recipe_diag_seed0_ipc50_fast/packet_hub/fast/agent_3_fast_packet.pt	15375792	model/checkpoint/packet payload	planned
cifar100_teacher_quality_conv3_seed0_smoke	outputs/cifar100_teacher_quality_conv3_seed0_smoke/agents/agent_0/checkpoints/expert_model.pt	2023472	model/checkpoint/packet payload	planned
cifar100_teacher_quality_conv3_seed0_smoke	outputs/cifar100_teacher_quality_conv3_seed0_smoke/agents/agent_0/checkpoints/guide_pools/e0001/guide_model_0.pt	2023490	model/checkpoint/packet payload	planned
cifar100_teacher_quality_conv3_seed0_smoke	outputs/cifar100_teacher_quality_conv3_seed0_smoke/agents/agent_0/checkpoints/guide_pools/e0002/guide_model_0.pt	2023490	model/checkpoint/packet payload	planned
cifar100_teacher_quality_conv3_seed0_smoke_v2	outputs/cifar100_teacher_quality_conv3_seed0_smoke_v2/agents/agent_0/checkpoints/expert_model.pt	2023472	model/checkpoint/packet payload	planned
cifar100_teacher_quality_conv3_seed0_smoke_v2	outputs/cifar100_teacher_quality_conv3_seed0_smoke_v2/agents/agent_0/checkpoints/guide_pools/e0001/guide_model_0.pt	2023490	model/checkpoint/packet payload	planned
cifar100_teacher_quality_conv3_seed0_smoke_v2	outputs/cifar100_teacher_quality_conv3_seed0_smoke_v2/agents/agent_0/checkpoints/guide_pools/e0002/guide_model_0.pt	2023490	model/checkpoint/packet payload	planned
cifar100_tq_conv3_guidee0002_seed0_ipc10_smoke	outputs/cifar100_tq_conv3_guidee0002_seed0_ipc10_smoke/agents/agent_0/checkpoints/data_best.pt	2460644	model/checkpoint/packet payload	planned
cifar100_tq_conv3_guidee0002_seed0_ipc10_smoke	outputs/cifar100_tq_conv3_guidee0002_seed0_ipc10_smoke/agents/agent_0/checkpoints/dsdm_pretrained/e0002/cifar100_model_0.pth	2023434	model/checkpoint/packet payload	planned
cifar100_tq_conv3_guidee0002_seed0_ipc10_smoke	outputs/cifar100_tq_conv3_guidee0002_seed0_ipc10_smoke/agents/agent_0/packets/dsdm_packet.pt	2495192	model/checkpoint/packet payload	planned
cifar100_tq_conv3_guidee0002_seed0_ipc10_smoke	outputs/cifar100_tq_conv3_guidee0002_seed0_ipc10_smoke/agents/agent_0/synthetic/data_best.pt	2461106	model/checkpoint/packet payload	planned
cifar100_tq_conv3_guidee0002_seed0_ipc10_smoke	outputs/cifar100_tq_conv3_guidee0002_seed0_ipc10_smoke/agents/agent_0/synthetic/history/best_iter_00001.pt	2461142	model/checkpoint/packet payload	planned
cifar100_tq_conv3_guidee0002_seed0_ipc10_smoke	outputs/cifar100_tq_conv3_guidee0002_seed0_ipc10_smoke/agents/agent_0/synthetic/history/best_iter_00002.pt	2461142	model/checkpoint/packet payload	planned
cifar100_tq_conv3_guidee0002_seed0_ipc10_smoke_v2	outputs/cifar100_tq_conv3_guidee0002_seed0_ipc10_smoke_v2/agents/agent_0/checkpoints/data_best.pt	2460644	model/checkpoint/packet payload	planned
cifar100_tq_conv3_guidee0002_seed0_ipc10_smoke_v2	outputs/cifar100_tq_conv3_guidee0002_seed0_ipc10_smoke_v2/agents/agent_0/checkpoints/dsdm_pretrained/e0002/cifar100_model_0.pth	2023434	model/checkpoint/packet payload	planned
cifar100_tq_conv3_guidee0002_seed0_ipc10_smoke_v2	outputs/cifar100_tq_conv3_guidee0002_seed0_ipc10_smoke_v2/agents/agent_0/packets/dsdm_packet.pt	2495512	model/checkpoint/packet payload	planned
cifar100_tq_conv3_guidee0002_seed0_ipc10_smoke_v2	outputs/cifar100_tq_conv3_guidee0002_seed0_ipc10_smoke_v2/agents/agent_0/synthetic/data_best.pt	2461106	model/checkpoint/packet payload	planned
cifar100_tq_conv3_guidee0002_seed0_ipc10_smoke_v2	outputs/cifar100_tq_conv3_guidee0002_seed0_ipc10_smoke_v2/agents/agent_0/synthetic/history/best_iter_00001.pt	2461142	model/checkpoint/packet payload	planned
cifar100_tq_conv3_guidee0002_seed0_ipc10_smoke_v2	outputs/cifar100_tq_conv3_guidee0002_seed0_ipc10_smoke_v2/agents/agent_0/synthetic/history/best_iter_00002.pt	2461142	model/checkpoint/packet payload	planned
