registry_source,source_file,run_name,receiver_agent,receiver_model,expert_classes,packet_method,method,init_mode,self_data_mode,self_real_per_class,use_fr,lambda_fr,use_logits,communication_mode,use_generalist_logits,kd_mix_beta,lambda_kd,kd_temperature,ipc,self_real_images,external_comm_images,external_comm_logit_bytes,external_comm_generalist_logit_bytes,acc_global_before,acc_expert_before,acc_global_after,acc_expert_after,acc_new_after,forgetting,loss_cls,loss_fr,loss_kd,loss_sender_kd,loss_generalist_kd,time,notes
pipeline_social_results,outputs/cifar100_4agent_25cls_conv_family_ablation_fr010_kd025_ep500/metrics/social_results.csv,cifar100_4agent_25cls_conv_family_ablation_fr010_kd025_ep500,0,convnet3w05,"0,1,2,3,4,5,6,7,8,9,10,11,12,13,14,15,16,17,18,19,20,21,22,23,24",dsdm,DSDM_LOGIT,expert,,,true,0.1,true,direct,false,0.0,0.25,2.0,10,,750,150000,0,15.99,63.96,30.95,24.84,32.986666666666665,39.120000000000005,0.03714633733034134,0.10692606121301651,0.1165180429816246,0.1165180429816246,0.0,2026-06-27T11:41:55,
pipeline_social_results,outputs/cifar100_4agent_25cls_conv_family_ablation_fr010_kd025_ep500/metrics/social_results.csv,cifar100_4agent_25cls_conv_family_ablation_fr010_kd025_ep500,1,convnet3w1,"25,26,27,28,29,30,31,32,33,34,35,36,37,38,39,40,41,42,43,44,45,46,47,48,49",dsdm,DSDM_LOGIT,expert,,,true,0.1,true,direct,false,0.0,0.25,2.0,10,,750,150000,0,16.33,65.32,33.29,27.68,35.16,37.63999999999999,0.034354377537965775,0.08919738978147507,0.13831011950969696,0.13831011950969696,0.0,2026-06-27T11:46:27,
pipeline_social_results,outputs/cifar100_4agent_25cls_conv_family_ablation_fr010_kd025_ep500/metrics/social_results.csv,cifar100_4agent_25cls_conv_family_ablation_fr010_kd025_ep500,2,convnet4w1,"50,51,52,53,54,55,56,57,58,59,60,61,62,63,64,65,66,67,68,69,70,71,72,73,74",dsdm,DSDM_LOGIT,expert,,,true,0.1,true,direct,false,0.0,0.25,2.0,10,,750,150000,0,16.78,67.12,29.65,53.8,21.6,13.320000000000007,0.0298258438706398,0.18624284863471985,0.19780953228473663,0.19780953228473663,0.0,2026-06-27T11:51:28,
pipeline_social_results,outputs/cifar100_4agent_25cls_conv_family_ablation_fr010_kd025_ep500/metrics/social_results.csv,cifar100_4agent_25cls_conv_family_ablation_fr010_kd025_ep500,3,convnet4w15,"75,76,77,78,79,80,81,82,83,84,85,86,87,88,89,90,91,92,93,94,95,96,97,98,99",dsdm,DSDM_LOGIT,expert,,,true,0.1,true,direct,false,0.0,0.25,2.0,10,,750,150000,0,18.04,72.16,31.98,56.24,23.893333333333334,15.919999999999995,0.0495593398809433,0.124615378677845,0.16841602325439453,0.16841602325439453,0.0,2026-06-27T11:58:04,
pipeline_social_results,outputs/cifar100_4agent_25cls_conv_family_ablation_fr010_kd050_ep200/metrics/social_results.csv,cifar100_4agent_25cls_conv_family_ablation_fr010_kd050_ep200,0,convnet3w05,"0,1,2,3,4,5,6,7,8,9,10,11,12,13,14,15,16,17,18,19,20,21,22,23,24",dsdm,DSDM_LOGIT,expert,,,true,0.1,true,direct,false,0.0,0.5,2.0,10,,750,150000,0,15.99,63.96,31.83,27.64,33.22666666666667,36.32,0.04779868200421333,0.3482430577278137,0.11407286673784256,0.11407286673784256,0.0,2026-06-27T12:00:16,
pipeline_social_results,outputs/cifar100_4agent_25cls_conv_family_ablation_fr010_kd050_ep200/metrics/social_results.csv,cifar100_4agent_25cls_conv_family_ablation_fr010_kd050_ep200,1,convnet3w1,"25,26,27,28,29,30,31,32,33,34,35,36,37,38,39,40,41,42,43,44,45,46,47,48,49",dsdm,DSDM_LOGIT,expert,,,true,0.1,true,direct,false,0.0,0.5,2.0,10,,750,150000,0,16.33,65.32,34.42,34.32,34.45333333333333,30.999999999999993,0.037100788205862045,0.18484775722026825,0.1190090924501419,0.1190090924501419,0.0,2026-06-27T12:02:02,
pipeline_social_results,outputs/cifar100_4agent_25cls_conv_family_ablation_fr010_kd050_ep200/metrics/social_results.csv,cifar100_4agent_25cls_conv_family_ablation_fr010_kd050_ep200,2,convnet4w1,"50,51,52,53,54,55,56,57,58,59,60,61,62,63,64,65,66,67,68,69,70,71,72,73,74",dsdm,DSDM_LOGIT,expert,,,true,0.1,true,direct,false,0.0,0.5,2.0,10,,750,150000,0,16.78,67.12,30.84,52.84,23.506666666666668,14.280000000000001,0.036248829215765,0.12766188383102417,0.11125480383634567,0.11125480383634567,0.0,2026-06-27T12:04:01,
pipeline_social_results,outputs/cifar100_4agent_25cls_conv_family_ablation_fr010_kd050_ep200/metrics/social_results.csv,cifar100_4agent_25cls_conv_family_ablation_fr010_kd050_ep200,3,convnet4w15,"75,76,77,78,79,80,81,82,83,84,85,86,87,88,89,90,91,92,93,94,95,96,97,98,99",dsdm,DSDM_LOGIT,expert,,,true,0.1,true,direct,false,0.0,0.5,2.0,10,,750,150000,0,18.04,72.16,33.63,54.56,26.653333333333332,17.599999999999994,0.047350626438856125,0.12033233791589737,0.08918863534927368,0.08918863534927368,0.0,2026-06-27T12:06:22,
pipeline_social_results,outputs/cifar100_4agent_25cls_conv_family_ablation_fr010_kd050_ep500/metrics/social_results.csv,cifar100_4agent_25cls_conv_family_ablation_fr010_kd050_ep500,0,convnet3w05,"0,1,2,3,4,5,6,7,8,9,10,11,12,13,14,15,16,17,18,19,20,21,22,23,24",dsdm,DSDM_LOGIT,expert,,,true,0.1,true,direct,false,0.0,0.5,2.0,10,,750,150000,0,15.99,63.96,31.89,27.04,33.50666666666667,36.92,0.023207470774650574,0.1718471348285675,0.1972678005695343,0.1972678005695343,0.0,2026-06-27T11:20:57,
pipeline_social_results,outputs/cifar100_4agent_25cls_conv_family_ablation_fr010_kd050_ep500/metrics/social_results.csv,cifar100_4agent_25cls_conv_family_ablation_fr010_kd050_ep500,1,convnet3w1,"25,26,27,28,29,30,31,32,33,34,35,36,37,38,39,40,41,42,43,44,45,46,47,48,49",dsdm,DSDM_LOGIT,expert,,,true,0.1,true,direct,false,0.0,0.5,2.0,10,,750,150000,0,16.33,65.32,33.91,30.28,35.12,35.03999999999999,0.08924852311611176,0.14483313262462616,0.04845353960990906,0.04845353960990906,0.0,2026-06-27T11:25:30,
pipeline_social_results,outputs/cifar100_4agent_25cls_conv_family_ablation_fr010_kd050_ep500/metrics/social_results.csv,cifar100_4agent_25cls_conv_family_ablation_fr010_kd050_ep500,2,convnet4w1,"50,51,52,53,54,55,56,57,58,59,60,61,62,63,64,65,66,67,68,69,70,71,72,73,74",dsdm,DSDM_LOGIT,expert,,,true,0.1,true,direct,false,0.0,0.5,2.0,10,,750,150000,0,16.78,67.12,30.63,53.6,22.973333333333333,13.520000000000003,0.054869722574949265,0.19454903900623322,0.07074509561061859,0.07074509561061859,0.0,2026-06-27T11:30:38,
pipeline_social_results,outputs/cifar100_4agent_25cls_conv_family_ablation_fr010_kd050_ep500/metrics/social_results.csv,cifar100_4agent_25cls_conv_family_ablation_fr010_kd050_ep500,3,convnet4w15,"75,76,77,78,79,80,81,82,83,84,85,86,87,88,89,90,91,92,93,94,95,96,97,98,99",dsdm,DSDM_LOGIT,expert,,,true,0.1,true,direct,false,0.0,0.5,2.0,10,,750,150000,0,18.04,72.16,32.59,53.88,25.493333333333332,18.279999999999994,0.026017215102910995,0.10515305399894714,0.12694387137889862,0.12694387137889862,0.0,2026-06-27T11:37:20,
pipeline_social_results,outputs/cifar100_4agent_25cls_conv_family_ablation_fr020_kd025_ep500/metrics/social_results.csv,cifar100_4agent_25cls_conv_family_ablation_fr020_kd025_ep500,0,convnet3w05,"0,1,2,3,4,5,6,7,8,9,10,11,12,13,14,15,16,17,18,19,20,21,22,23,24",dsdm,DSDM_LOGIT,expert,,,true,0.2,true,direct,false,0.0,0.25,2.0,10,,750,150000,0,15.99,63.96,30.98,26.04,32.626666666666665,37.92,0.034213609993457794,0.14180703461170197,0.11208311468362808,0.11208311468362808,0.0,2026-06-27T12:02:48,
pipeline_social_results,outputs/cifar100_4agent_25cls_conv_family_ablation_fr020_kd025_ep500/metrics/social_results.csv,cifar100_4agent_25cls_conv_family_ablation_fr020_kd025_ep500,1,convnet3w1,"25,26,27,28,29,30,31,32,33,34,35,36,37,38,39,40,41,42,43,44,45,46,47,48,49",dsdm,DSDM_LOGIT,expert,,,true,0.2,true,direct,false,0.0,0.25,2.0,10,,750,150000,0,16.33,65.32,33.65,28.64,35.32,36.67999999999999,0.028056224808096886,0.06826499849557877,0.14242815971374512,0.14242815971374512,0.0,2026-06-27T12:07:27,
pipeline_social_results,outputs/cifar100_4agent_25cls_conv_family_ablation_fr020_kd025_ep500/metrics/social_results.csv,cifar100_4agent_25cls_conv_family_ablation_fr020_kd025_ep500,2,convnet4w1,"50,51,52,53,54,55,56,57,58,59,60,61,62,63,64,65,66,67,68,69,70,71,72,73,74",dsdm,DSDM_LOGIT,expert,,,true,0.2,true,direct,false,0.0,0.25,2.0,10,,750,150000,0,16.78,67.12,29.74,53.32,21.88,13.800000000000004,0.022042272612452507,0.27340954542160034,0.06815646588802338,0.06815646588802338,0.0,2026-06-27T12:12:23,
pipeline_social_results,outputs/cifar100_4agent_25cls_conv_family_ablation_fr020_kd025_ep500/metrics/social_results.csv,cifar100_4agent_25cls_conv_family_ablation_fr020_kd025_ep500,3,convnet4w15,"75,76,77,78,79,80,81,82,83,84,85,86,87,88,89,90,91,92,93,94,95,96,97,98,99",dsdm,DSDM_LOGIT,expert,,,true,0.2,true,direct,false,0.0,0.25,2.0,10,,750,150000,0,18.04,72.16,31.9,54.76,24.28,17.4,0.04175692796707153,0.1695626676082611,0.15097811818122864,0.15097811818122864,0.0,2026-06-27T12:17:51,
pipeline_social_results,outputs/cifar100_4agent_25cls_conv_family_ablation_fr020_kd050_ep200/metrics/social_results.csv,cifar100_4agent_25cls_conv_family_ablation_fr020_kd050_ep200,0,convnet3w05,"0,1,2,3,4,5,6,7,8,9,10,11,12,13,14,15,16,17,18,19,20,21,22,23,24",dsdm,DSDM_LOGIT,expert,,,true,0.2,true,direct,false,0.0,0.5,2.0,10,,750,150000,0,15.99,63.96,32.54,28.68,33.82666666666667,35.28,0.03793787583708763,0.11680962145328522,0.18008184432983398,0.18008184432983398,0.0,2026-06-27T12:08:45,
pipeline_social_results,outputs/cifar100_4agent_25cls_conv_family_ablation_fr020_kd050_ep200/metrics/social_results.csv,cifar100_4agent_25cls_conv_family_ablation_fr020_kd050_ep200,1,convnet3w1,"25,26,27,28,29,30,31,32,33,34,35,36,37,38,39,40,41,42,43,44,45,46,47,48,49",dsdm,DSDM_LOGIT,expert,,,true,0.2,true,direct,false,0.0,0.5,2.0,10,,750,150000,0,16.33,65.32,34.84,34.8,34.85333333333333,30.519999999999996,0.04092022776603699,0.11983881890773773,0.10526320338249207,0.10526320338249207,0.0,2026-06-27T12:10:39,
pipeline_social_results,outputs/cifar100_4agent_25cls_conv_family_ablation_fr020_kd050_ep200/metrics/social_results.csv,cifar100_4agent_25cls_conv_family_ablation_fr020_kd050_ep200,2,convnet4w1,"50,51,52,53,54,55,56,57,58,59,60,61,62,63,64,65,66,67,68,69,70,71,72,73,74",dsdm,DSDM_LOGIT,expert,,,true,0.2,true,direct,false,0.0,0.5,2.0,10,,750,150000,0,16.78,67.12,30.28,52.12,23.0,15.000000000000007,0.16902752220630646,0.1871580332517624,0.1683114767074585,0.1683114767074585,0.0,2026-06-27T12:12:47,
pipeline_social_results,outputs/cifar100_4agent_25cls_conv_family_ablation_fr020_kd050_ep200/metrics/social_results.csv,cifar100_4agent_25cls_conv_family_ablation_fr020_kd050_ep200,3,convnet4w15,"75,76,77,78,79,80,81,82,83,84,85,86,87,88,89,90,91,92,93,94,95,96,97,98,99",dsdm,DSDM_LOGIT,expert,,,true,0.2,true,direct,false,0.0,0.5,2.0,10,,750,150000,0,18.04,72.16,33.42,54.92,26.253333333333334,17.239999999999995,0.04690646007657051,0.06727533787488937,0.1164148822426796,0.1164148822426796,0.0,2026-06-27T12:15:31,
pipeline_social_results,outputs/cifar100_4agent_25cls_conv_family_ablation_fr020_kd050_ep500/metrics/social_results.csv,cifar100_4agent_25cls_conv_family_ablation_fr020_kd050_ep500,0,convnet3w05,"0,1,2,3,4,5,6,7,8,9,10,11,12,13,14,15,16,17,18,19,20,21,22,23,24",dsdm,DSDM_LOGIT,expert,,,true,0.2,true,direct,false,0.0,0.5,2.0,10,,750,150000,0,15.99,63.96,30.98,25.96,32.653333333333336,38.0,0.09337843209505081,0.12183570861816406,0.13343562185764313,0.13343562185764313,0.0,2026-06-27T11:20:58,
pipeline_social_results,outputs/cifar100_4agent_25cls_conv_family_ablation_fr020_kd050_ep500/metrics/social_results.csv,cifar100_4agent_25cls_conv_family_ablation_fr020_kd050_ep500,1,convnet3w1,"25,26,27,28,29,30,31,32,33,34,35,36,37,38,39,40,41,42,43,44,45,46,47,48,49",dsdm,DSDM_LOGIT,expert,,,true,0.2,true,direct,false,0.0,0.5,2.0,10,,750,150000,0,16.33,65.32,33.83,29.2,35.373333333333335,36.11999999999999,0.039910316467285156,0.13682959973812103,0.05718927085399628,0.05718927085399628,0.0,2026-06-27T11:25:30,
pipeline_social_results,outputs/cifar100_4agent_25cls_conv_family_ablation_fr020_kd050_ep500/metrics/social_results.csv,cifar100_4agent_25cls_conv_family_ablation_fr020_kd050_ep500,2,convnet4w1,"50,51,52,53,54,55,56,57,58,59,60,61,62,63,64,65,66,67,68,69,70,71,72,73,74",dsdm,DSDM_LOGIT,expert,,,true,0.2,true,direct,false,0.0,0.5,2.0,10,,750,150000,0,16.78,67.12,29.45,54.04,21.253333333333334,13.080000000000005,0.016453780233860016,0.10275501012802124,0.05213146656751633,0.05213146656751633,0.0,2026-06-27T11:30:40,
pipeline_social_results,outputs/cifar100_4agent_25cls_conv_family_ablation_fr020_kd050_ep500/metrics/social_results.csv,cifar100_4agent_25cls_conv_family_ablation_fr020_kd050_ep500,3,convnet4w15,"75,76,77,78,79,80,81,82,83,84,85,86,87,88,89,90,91,92,93,94,95,96,97,98,99",dsdm,DSDM_LOGIT,expert,,,true,0.2,true,direct,false,0.0,0.5,2.0,10,,750,150000,0,18.04,72.16,32.66,53.72,25.64,18.439999999999998,0.04342697188258171,0.06990394741296768,0.0966736450791359,0.0966736450791359,0.0,2026-06-27T11:37:22,
pipeline_social_results,outputs/cifar100_4agent_25cls_conv_family_ablation_fr050_kd050_ep500/metrics/social_results.csv,cifar100_4agent_25cls_conv_family_ablation_fr050_kd050_ep500,0,convnet3w05,"0,1,2,3,4,5,6,7,8,9,10,11,12,13,14,15,16,17,18,19,20,21,22,23,24",dsdm,DSDM_LOGIT,expert,,,true,0.5,true,direct,false,0.0,0.5,2.0,10,,750,150000,0,15.99,63.96,31.4,26.24,33.12,37.72,0.07229053974151611,0.2014269381761551,0.08523803949356079,0.08523803949356079,0.0,2026-06-27T11:41:53,
pipeline_social_results,outputs/cifar100_4agent_25cls_conv_family_ablation_fr050_kd050_ep500/metrics/social_results.csv,cifar100_4agent_25cls_conv_family_ablation_fr050_kd050_ep500,1,convnet3w1,"25,26,27,28,29,30,31,32,33,34,35,36,37,38,39,40,41,42,43,44,45,46,47,48,49",dsdm,DSDM_LOGIT,expert,,,true,0.5,true,direct,false,0.0,0.5,2.0,10,,750,150000,0,16.33,65.32,32.75,26.72,34.76,38.599999999999994,0.06251195818185806,0.11352058500051498,0.11700699478387833,0.11700699478387833,0.0,2026-06-27T11:46:22,
pipeline_social_results,outputs/cifar100_4agent_25cls_conv_family_ablation_fr050_kd050_ep500/metrics/social_results.csv,cifar100_4agent_25cls_conv_family_ablation_fr050_kd050_ep500,2,convnet4w1,"50,51,52,53,54,55,56,57,58,59,60,61,62,63,64,65,66,67,68,69,70,71,72,73,74",dsdm,DSDM_LOGIT,expert,,,true,0.5,true,direct,false,0.0,0.5,2.0,10,,750,150000,0,16.78,67.12,30.52,52.0,23.36,15.120000000000005,0.05476947873830795,0.09253838658332825,0.10068333894014359,0.10068333894014359,0.0,2026-06-27T11:51:24,
pipeline_social_results,outputs/cifar100_4agent_25cls_conv_family_ablation_fr050_kd050_ep500/metrics/social_results.csv,cifar100_4agent_25cls_conv_family_ablation_fr050_kd050_ep500,3,convnet4w15,"75,76,77,78,79,80,81,82,83,84,85,86,87,88,89,90,91,92,93,94,95,96,97,98,99",dsdm,DSDM_LOGIT,expert,,,true,0.5,true,direct,false,0.0,0.5,2.0,10,,750,150000,0,18.04,72.16,32.41,52.56,25.69333333333333,19.599999999999994,0.03013269230723381,0.05462577939033508,0.041139598935842514,0.041139598935842514,0.0,2026-06-27T11:58:02,
pipeline_social_results,outputs/cifar100_4agent_25cls_conv_family_ipc10/metrics/social_results.csv,cifar100_4agent_25cls_conv_family_ipc10,0,convnet3w05,"0,1,2,3,4,5,6,7,8,9,10,11,12,13,14,15,16,17,18,19,20,21,22,23,24",full_real,FULL_REAL,expert,,,true,0.05,false,,,,0.0,2.0,10,,37500,0,,15.99,63.96,43.2,45.96,42.28,18.0,0.33200567960739136,3.7540321350097656,0.0,,,2026-06-26T10:35:37,
pipeline_social_results,outputs/cifar100_4agent_25cls_conv_family_ipc10/metrics/social_results.csv,cifar100_4agent_25cls_conv_family_ipc10,1,convnet3w1,"25,26,27,28,29,30,31,32,33,34,35,36,37,38,39,40,41,42,43,44,45,46,47,48,49",full_real,FULL_REAL,expert,,,true,0.05,false,,,,0.0,2.0,10,,37500,0,,16.33,65.32,50.16,49.52,50.373333333333335,15.79999999999999,0.034390196204185486,2.23484468460083,0.0,,,2026-06-26T11:10:49,
pipeline_social_results,outputs/cifar100_4agent_25cls_conv_family_ipc10/metrics/social_results.csv,cifar100_4agent_25cls_conv_family_ipc10,2,convnet4w1,"50,51,52,53,54,55,56,57,58,59,60,61,62,63,64,65,66,67,68,69,70,71,72,73,74",full_real,FULL_REAL,expert,,,true,0.05,false,,,,0.0,2.0,10,,37500,0,,16.78,67.12,48.86,51.64,47.93333333333333,15.480000000000004,0.027215536683797836,1.3220337629318237,0.0,,,2026-06-26T11:54:23,
pipeline_social_results,outputs/cifar100_4agent_25cls_conv_family_ipc10/metrics/social_results.csv,cifar100_4agent_25cls_conv_family_ipc10,3,convnet4w15,"75,76,77,78,79,80,81,82,83,84,85,86,87,88,89,90,91,92,93,94,95,96,97,98,99",full_real,FULL_REAL,expert,,,true,0.05,false,,,,0.0,2.0,10,,37500,0,,18.04,72.16,52.17,57.08,50.53333333333333,15.079999999999998,0.043744586408138275,0.9037047624588013,0.0,,,2026-06-26T12:41:35,
pipeline_social_results,outputs/cifar100_4agent_25cls_conv_family_ipc10/metrics/social_results.csv,cifar100_4agent_25cls_conv_family_ipc10,0,convnet3w05,"0,1,2,3,4,5,6,7,8,9,10,11,12,13,14,15,16,17,18,19,20,21,22,23,24",heuristic,HEURISTIC,expert,,,true,0.05,false,,,,0.0,2.0,10,,750,0,,15.99,63.96,22.88,52.24,13.093333333333334,11.719999999999999,0.008776241913437843,0.08166022598743439,0.0,,,2026-06-26T12:42:42,
pipeline_social_results,outputs/cifar100_4agent_25cls_conv_family_ipc10/metrics/social_results.csv,cifar100_4agent_25cls_conv_family_ipc10,1,convnet3w1,"25,26,27,28,29,30,31,32,33,34,35,36,37,38,39,40,41,42,43,44,45,46,47,48,49",heuristic,HEURISTIC,expert,,,true,0.05,false,,,,0.0,2.0,10,,750,0,,16.33,65.32,24.71,51.32,15.84,13.999999999999993,0.006224215496331453,0.027871523052453995,0.0,,,2026-06-26T12:43:34,
pipeline_social_results,outputs/cifar100_4agent_25cls_conv_family_ipc10/metrics/social_results.csv,cifar100_4agent_25cls_conv_family_ipc10,2,convnet4w1,"50,51,52,53,54,55,56,57,58,59,60,61,62,63,64,65,66,67,68,69,70,71,72,73,74",heuristic,HEURISTIC,expert,,,true,0.05,false,,,,0.0,2.0,10,,750,0,,16.78,67.12,21.96,51.04,12.266666666666667,16.080000000000005,0.005449253134429455,0.016773032024502754,0.0,,,2026-06-26T12:44:34,
pipeline_social_results,outputs/cifar100_4agent_25cls_conv_family_ipc10/metrics/social_results.csv,cifar100_4agent_25cls_conv_family_ipc10,3,convnet4w15,"75,76,77,78,79,80,81,82,83,84,85,86,87,88,89,90,91,92,93,94,95,96,97,98,99",heuristic,HEURISTIC,expert,,,true,0.05,false,,,,0.0,2.0,10,,750,0,,18.04,72.16,24.28,53.52,14.533333333333333,18.639999999999993,0.005475335754454136,0.013452647253870964,0.0,,,2026-06-26T12:45:40,
pipeline_social_results,outputs/cifar100_4agent_25cls_conv_family_ipc10/metrics/social_results.csv,cifar100_4agent_25cls_conv_family_ipc10,0,convnet3w05,"0,1,2,3,4,5,6,7,8,9,10,11,12,13,14,15,16,17,18,19,20,21,22,23,24",dsdm,DSDM,expert,,,true,0.05,false,,,,0.0,2.0,10,,750,0,,15.99,63.96,29.37,22.64,31.613333333333333,41.32,0.01212542038410902,0.18590064346790314,0.0,,,2026-06-27T08:40:52,
pipeline_social_results,outputs/cifar100_4agent_25cls_conv_family_ipc10/metrics/social_results.csv,cifar100_4agent_25cls_conv_family_ipc10,1,convnet3w1,"25,26,27,28,29,30,31,32,33,34,35,36,37,38,39,40,41,42,43,44,45,46,47,48,49",dsdm,DSDM,expert,,,true,0.05,false,,,,0.0,2.0,10,,750,0,,16.33,65.32,31.54,27.44,32.906666666666666,37.879999999999995,0.014933967031538486,0.4846469759941101,0.0,,,2026-06-27T08:43:44,
pipeline_social_results,outputs/cifar100_4agent_25cls_conv_family_ipc10/metrics/social_results.csv,cifar100_4agent_25cls_conv_family_ipc10,2,convnet4w1,"50,51,52,53,54,55,56,57,58,59,60,61,62,63,64,65,66,67,68,69,70,71,72,73,74",dsdm,DSDM,expert,,,true,0.05,false,,,,0.0,2.0,10,,750,0,,16.78,67.12,25.7,55.4,15.8,11.720000000000006,0.00754862604662776,0.16636691987514496,0.0,,,2026-06-27T08:47:07,
pipeline_social_results,outputs/cifar100_4agent_25cls_conv_family_ipc10/metrics/social_results.csv,cifar100_4agent_25cls_conv_family_ipc10,3,convnet4w15,"75,76,77,78,79,80,81,82,83,84,85,86,87,88,89,90,91,92,93,94,95,96,97,98,99",dsdm,DSDM,expert,,,true,0.05,false,,,,0.0,2.0,10,,750,0,,18.04,72.16,27.05,56.44,17.253333333333334,15.719999999999999,0.005686986725777388,0.13308753073215485,0.0,,,2026-06-27T08:50:58,
pipeline_social_results,outputs/cifar100_4agent_25cls_conv_family_ipc10/metrics/social_results.csv,cifar100_4agent_25cls_conv_family_ipc10,0,convnet3w05,"0,1,2,3,4,5,6,7,8,9,10,11,12,13,14,15,16,17,18,19,20,21,22,23,24",dsdm,DSDM_LOGIT,expert,,,true,0.05,true,,,,0.5,2.0,10,,750,150000,,15.99,63.96,31.56,25.0,33.74666666666667,38.96,0.02999553270637989,0.3298337757587433,0.05588463321328163,,,2026-06-27T08:54:39,
pipeline_social_results,outputs/cifar100_4agent_25cls_conv_family_ipc10/metrics/social_results.csv,cifar100_4agent_25cls_conv_family_ipc10,1,convnet3w1,"25,26,27,28,29,30,31,32,33,34,35,36,37,38,39,40,41,42,43,44,45,46,47,48,49",dsdm,DSDM_LOGIT,expert,,,true,0.05,true,,,,0.5,2.0,10,,750,150000,,16.33,65.32,34.1,29.96,35.48,35.35999999999999,0.044577501714229584,0.35550475120544434,0.09661342948675156,,,2026-06-27T08:58:10,
pipeline_social_results,outputs/cifar100_4agent_25cls_conv_family_ipc10/metrics/social_results.csv,cifar100_4agent_25cls_conv_family_ipc10,2,convnet4w1,"50,51,52,53,54,55,56,57,58,59,60,61,62,63,64,65,66,67,68,69,70,71,72,73,74",dsdm,DSDM_LOGIT,expert,,,true,0.05,true,,,,0.5,2.0,10,,750,150000,,16.78,67.12,30.89,52.12,23.813333333333333,15.000000000000007,0.019896378740668297,0.30130866169929504,0.053495436906814575,,,2026-06-27T09:02:05,
pipeline_social_results,outputs/cifar100_4agent_25cls_conv_family_ipc10/metrics/social_results.csv,cifar100_4agent_25cls_conv_family_ipc10,3,convnet4w15,"75,76,77,78,79,80,81,82,83,84,85,86,87,88,89,90,91,92,93,94,95,96,97,98,99",dsdm,DSDM_LOGIT,expert,,,true,0.05,true,,,,0.5,2.0,10,,750,150000,,18.04,72.16,32.66,53.16,25.826666666666668,19.0,0.04980771243572235,0.15320751070976257,0.06208425387740135,,,2026-06-27T09:06:39,
pipeline_social_results,outputs/cifar100_4agent_25cls_conv_family_ipc50/metrics/social_results.csv,cifar100_4agent_25cls_conv_family_ipc50,0,convnet3w05,"0,1,2,3,4,5,6,7,8,9,10,11,12,13,14,15,16,17,18,19,20,21,22,23,24",dsdm,DSDM_LOGIT,expert,,,true,0.05,true,direct,false,0.0,0.5,2.0,50,,3750,750000,0,15.99,63.96,40.09,40.68,39.89333333333333,23.28,0.08347321301698685,1.6325169801712036,0.23639294505119324,0.23639294505119324,0.0,2026-07-04T04:44:15,
pipeline_social_results,outputs/cifar100_4agent_25cls_conv_family_ipc50/metrics/social_results.csv,cifar100_4agent_25cls_conv_family_ipc50,1,convnet3w1,"25,26,27,28,29,30,31,32,33,34,35,36,37,38,39,40,41,42,43,44,45,46,47,48,49",dsdm,DSDM_LOGIT,expert,,,true,0.05,true,direct,false,0.0,0.5,2.0,50,,3750,750000,0,16.33,65.32,43.08,41.88,43.48,23.43999999999999,0.054672449827194214,0.3813629746437073,0.13174812495708466,0.13174812495708466,0.0,2026-07-04T04:54:49,
pipeline_social_results,outputs/cifar100_4agent_25cls_conv_family_ipc50/metrics/social_results.csv,cifar100_4agent_25cls_conv_family_ipc50,2,convnet4w1,"50,51,52,53,54,55,56,57,58,59,60,61,62,63,64,65,66,67,68,69,70,71,72,73,74",dsdm,DSDM_LOGIT,expert,,,true,0.05,true,direct,false,0.0,0.5,2.0,50,,3750,750000,0,16.78,67.12,40.95,48.6,38.4,18.520000000000003,0.0699983760714531,0.42195969820022583,0.17692150175571442,0.17692150175571442,0.0,2026-07-04T05:06:37,
pipeline_social_results,outputs/cifar100_4agent_25cls_conv_family_ipc50/metrics/social_results.csv,cifar100_4agent_25cls_conv_family_ipc50,3,convnet4w15,"75,76,77,78,79,80,81,82,83,84,85,86,87,88,89,90,91,92,93,94,95,96,97,98,99",dsdm,DSDM_LOGIT,expert,,,true,0.05,true,direct,false,0.0,0.5,2.0,50,,3750,750000,0,18.04,72.16,43.38,57.0,38.84,15.159999999999997,0.08512820303440094,0.2581213116645813,0.1327461153268814,0.1327461153268814,0.0,2026-07-04T05:20:46,
pipeline_social_results,outputs/cifar100_4agent_25cls_conv_family_ipc50_lastfeat/metrics/social_results.csv,cifar100_4agent_25cls_conv_family_ipc50_lastfeat,0,convnet3w05,"0,1,2,3,4,5,6,7,8,9,10,11,12,13,14,15,16,17,18,19,20,21,22,23,24",dsdm,DSDM_LOGIT,expert,,,true,0.05,true,direct,false,0.0,0.5,2.0,50,,3750,750000,0,15.99,63.96,40.44,43.4,39.45333333333333,20.560000000000002,0.08657123148441315,1.584579586982727,0.25543212890625,0.25543212890625,0.0,2026-07-06T11:44:37,
pipeline_social_results,outputs/cifar100_4agent_25cls_conv_family_packet_generalist/metrics/social_results.csv,cifar100_4agent_25cls_conv_family_packet_generalist,0,convnet3w05,"0,1,2,3,4,5,6,7,8,9,10,11,12,13,14,15,16,17,18,19,20,21,22,23,24",dsdm,DSDM_PACKET_GENERALIST,expert,,,true,0.05,true,packet_generalist,true,0.5,0.5,2.0,10,,750,150000,600000,15.99,63.96,31.99,21.92,35.346666666666664,42.04,0.027897965162992477,0.33694496750831604,0.12486611306667328,0.10057321935892105,0.1491590142250061,2026-06-27T10:12:03,
pipeline_social_results,outputs/cifar100_4agent_25cls_conv_family_packet_generalist/metrics/social_results.csv,cifar100_4agent_25cls_conv_family_packet_generalist,1,convnet3w1,"25,26,27,28,29,30,31,32,33,34,35,36,37,38,39,40,41,42,43,44,45,46,47,48,49",dsdm,DSDM_PACKET_GENERALIST,expert,,,true,0.05,true,packet_generalist,true,0.5,0.5,2.0,10,,750,150000,600000,16.33,65.32,33.92,24.44,37.08,40.879999999999995,0.02827998250722885,0.19491660594940186,0.10799995064735413,0.10094532370567322,0.11505457013845444,2026-06-27T10:15:53,
pipeline_social_results,outputs/cifar100_4agent_25cls_conv_family_packet_generalist/metrics/social_results.csv,cifar100_4agent_25cls_conv_family_packet_generalist,2,convnet4w1,"50,51,52,53,54,55,56,57,58,59,60,61,62,63,64,65,66,67,68,69,70,71,72,73,74",dsdm,DSDM_PACKET_GENERALIST,expert,,,true,0.05,true,packet_generalist,true,0.5,0.5,2.0,10,,750,150000,600000,16.78,67.12,30.22,51.36,23.173333333333332,15.760000000000005,0.04446924477815628,0.1952737271785736,0.12202927470207214,0.15681035816669464,0.08724818378686905,2026-06-27T10:20:10,
pipeline_social_results,outputs/cifar100_4agent_25cls_conv_family_packet_generalist/metrics/social_results.csv,cifar100_4agent_25cls_conv_family_packet_generalist,3,convnet4w15,"75,76,77,78,79,80,81,82,83,84,85,86,87,88,89,90,91,92,93,94,95,96,97,98,99",dsdm,DSDM_PACKET_GENERALIST,expert,,,true,0.05,true,packet_generalist,true,0.5,0.5,2.0,10,,750,150000,600000,18.04,72.16,31.88,51.68,25.28,20.479999999999997,0.02279660850763321,0.1434928923845291,0.0541202612221241,0.06705055385828018,0.04118996858596802,2026-06-27T10:25:13,
pipeline_social_results,outputs/cifar100_4agent_25cls_conv_family_recipe_dsdm_image_fr020_ep200/metrics/social_results.csv,cifar100_4agent_25cls_conv_family_recipe_dsdm_image_fr020_ep200,0,convnet3w05,"0,1,2,3,4,5,6,7,8,9,10,11,12,13,14,15,16,17,18,19,20,21,22,23,24",dsdm,DSDM,expert,,,true,0.2,false,direct,false,0.0,0.0,2.0,10,,750,0,0,15.99,63.96,30.19,27.6,31.053333333333335,36.36,0.016455547884106636,0.07437387108802795,0.0,0.0,0.0,2026-06-27T13:47:29,
pipeline_social_results,outputs/cifar100_4agent_25cls_conv_family_recipe_dsdm_image_fr020_ep200/metrics/social_results.csv,cifar100_4agent_25cls_conv_family_recipe_dsdm_image_fr020_ep200,1,convnet3w1,"25,26,27,28,29,30,31,32,33,34,35,36,37,38,39,40,41,42,43,44,45,46,47,48,49",dsdm,DSDM,expert,,,true,0.2,false,direct,false,0.0,0.0,2.0,10,,750,0,0,16.33,65.32,32.88,32.2,33.10666666666667,33.11999999999999,0.014895526692271233,0.09588623046875,0.0,0.0,0.0,2026-06-27T13:48:55,
pipeline_social_results,outputs/cifar100_4agent_25cls_conv_family_recipe_dsdm_image_fr020_ep200/metrics/social_results.csv,cifar100_4agent_25cls_conv_family_recipe_dsdm_image_fr020_ep200,2,convnet4w1,"50,51,52,53,54,55,56,57,58,59,60,61,62,63,64,65,66,67,68,69,70,71,72,73,74",dsdm,DSDM,expert,,,true,0.2,false,direct,false,0.0,0.0,2.0,10,,750,0,0,16.78,67.12,28.06,53.68,19.52,13.440000000000005,0.01577627845108509,0.17531844973564148,0.0,0.0,0.0,2026-06-27T13:50:36,
pipeline_social_results,outputs/cifar100_4agent_25cls_conv_family_recipe_dsdm_image_fr020_ep200/metrics/social_results.csv,cifar100_4agent_25cls_conv_family_recipe_dsdm_image_fr020_ep200,3,convnet4w15,"75,76,77,78,79,80,81,82,83,84,85,86,87,88,89,90,91,92,93,94,95,96,97,98,99",dsdm,DSDM,expert,,,true,0.2,false,direct,false,0.0,0.0,2.0,10,,750,0,0,18.04,72.16,30.76,57.24,21.933333333333334,14.919999999999995,0.014950210228562355,0.1621020883321762,0.0,0.0,0.0,2026-06-27T13:52:35,
pipeline_social_results,outputs/cifar100_4agent_25cls_conv_family_recipe_dsdm_logit_fr020_ep200/metrics/social_results.csv,cifar100_4agent_25cls_conv_family_recipe_dsdm_logit_fr020_ep200,0,convnet3w05,"0,1,2,3,4,5,6,7,8,9,10,11,12,13,14,15,16,17,18,19,20,21,22,23,24",dsdm,DSDM_LOGIT,expert,,,true,0.2,true,direct,false,0.0,0.5,2.0,10,,750,150000,0,15.99,63.96,32.25,29.24,33.25333333333333,34.72,0.03688773140311241,0.10408992320299149,0.08759061992168427,0.08759061992168427,0.0,2026-06-27T13:47:52,
pipeline_social_results,outputs/cifar100_4agent_25cls_conv_family_recipe_dsdm_logit_fr020_ep200/metrics/social_results.csv,cifar100_4agent_25cls_conv_family_recipe_dsdm_logit_fr020_ep200,1,convnet3w1,"25,26,27,28,29,30,31,32,33,34,35,36,37,38,39,40,41,42,43,44,45,46,47,48,49",dsdm,DSDM_LOGIT,expert,,,true,0.2,true,direct,false,0.0,0.5,2.0,10,,750,150000,0,16.33,65.32,34.57,33.52,34.92,31.79999999999999,0.02512889727950096,0.07585577666759491,0.08471830934286118,0.08471830934286118,0.0,2026-06-27T13:49:49,
pipeline_social_results,outputs/cifar100_4agent_25cls_conv_family_recipe_dsdm_logit_fr020_ep200/metrics/social_results.csv,cifar100_4agent_25cls_conv_family_recipe_dsdm_logit_fr020_ep200,2,convnet4w1,"50,51,52,53,54,55,56,57,58,59,60,61,62,63,64,65,66,67,68,69,70,71,72,73,74",dsdm,DSDM_LOGIT,expert,,,true,0.2,true,direct,false,0.0,0.5,2.0,10,,750,150000,0,16.78,67.12,31.17,52.44,24.08,14.680000000000007,0.02980547770857811,0.09453564882278442,0.06731563061475754,0.06731563061475754,0.0,2026-06-27T13:52:10,
pipeline_social_results,outputs/cifar100_4agent_25cls_conv_family_recipe_dsdm_logit_fr020_ep200/metrics/social_results.csv,cifar100_4agent_25cls_conv_family_recipe_dsdm_logit_fr020_ep200,3,convnet4w15,"75,76,77,78,79,80,81,82,83,84,85,86,87,88,89,90,91,92,93,94,95,96,97,98,99",dsdm,DSDM_LOGIT,expert,,,true,0.2,true,direct,false,0.0,0.5,2.0,10,,750,150000,0,18.04,72.16,33.48,54.4,26.506666666666668,17.759999999999998,0.038690950721502304,0.11788475513458252,0.06420601904392242,0.06420601904392242,0.0,2026-06-27T13:54:24,
pipeline_social_results,outputs/cifar100_4agent_25cls_conv_family_recipe_heuristic_image_fr020_ep200/metrics/social_results.csv,cifar100_4agent_25cls_conv_family_recipe_heuristic_image_fr020_ep200,0,convnet3w05,"0,1,2,3,4,5,6,7,8,9,10,11,12,13,14,15,16,17,18,19,20,21,22,23,24",heuristic,HEURISTIC,expert,,,true,0.2,false,direct,false,0.0,0.0,2.0,10,,750,0,0,15.99,63.96,22.66,54.64,12.0,9.32,0.015895726159214973,0.03813038393855095,0.0,0.0,0.0,2026-06-27T13:53:34,
pipeline_social_results,outputs/cifar100_4agent_25cls_conv_family_recipe_heuristic_image_fr020_ep200/metrics/social_results.csv,cifar100_4agent_25cls_conv_family_recipe_heuristic_image_fr020_ep200,1,convnet3w1,"25,26,27,28,29,30,31,32,33,34,35,36,37,38,39,40,41,42,43,44,45,46,47,48,49",heuristic,HEURISTIC,expert,,,true,0.2,false,direct,false,0.0,0.0,2.0,10,,750,0,0,16.33,65.32,24.78,54.24,14.96,11.079999999999991,0.010626736097037792,0.005691841244697571,0.0,0.0,0.0,2026-06-27T13:54:07,
pipeline_social_results,outputs/cifar100_4agent_25cls_conv_family_recipe_heuristic_image_fr020_ep200/metrics/social_results.csv,cifar100_4agent_25cls_conv_family_recipe_heuristic_image_fr020_ep200,2,convnet4w1,"50,51,52,53,54,55,56,57,58,59,60,61,62,63,64,65,66,67,68,69,70,71,72,73,74",heuristic,HEURISTIC,expert,,,true,0.2,false,direct,false,0.0,0.0,2.0,10,,750,0,0,16.78,67.12,22.98,50.12,13.933333333333334,17.000000000000007,0.01102157961577177,0.02107815258204937,0.0,0.0,0.0,2026-06-27T13:54:38,
pipeline_social_results,outputs/cifar100_4agent_25cls_conv_family_recipe_heuristic_image_fr020_ep200/metrics/social_results.csv,cifar100_4agent_25cls_conv_family_recipe_heuristic_image_fr020_ep200,3,convnet4w15,"75,76,77,78,79,80,81,82,83,84,85,86,87,88,89,90,91,92,93,94,95,96,97,98,99",heuristic,HEURISTIC,expert,,,true,0.2,false,direct,false,0.0,0.0,2.0,10,,750,0,0,18.04,72.16,25.88,53.72,16.6,18.439999999999998,0.008760029450058937,0.0182387325912714,0.0,0.0,0.0,2026-06-27T13:55:08,
pipeline_social_results,outputs/cifar100_4agent_25cls_conv_family_tuning_A_ep100_fr020_kd050/metrics/social_results.csv,cifar100_4agent_25cls_conv_family_tuning_A_ep100_fr020_kd050,0,convnet3w05,"0,1,2,3,4,5,6,7,8,9,10,11,12,13,14,15,16,17,18,19,20,21,22,23,24",dsdm,DSDM_LOGIT,expert,,,true,0.2,true,direct,false,0.0,0.5,2.0,10,,750,150000,0,15.99,63.96,33.07,32.0,33.42666666666667,31.96,0.056441642343997955,0.0727800503373146,0.11988532543182373,0.11988532543182373,0.0,2026-06-27T14:29:18,
pipeline_social_results,outputs/cifar100_4agent_25cls_conv_family_tuning_A_ep100_fr020_kd050/metrics/social_results.csv,cifar100_4agent_25cls_conv_family_tuning_A_ep100_fr020_kd050,1,convnet3w1,"25,26,27,28,29,30,31,32,33,34,35,36,37,38,39,40,41,42,43,44,45,46,47,48,49",dsdm,DSDM_LOGIT,expert,,,true,0.2,true,direct,false,0.0,0.5,2.0,10,,750,150000,0,16.33,65.32,35.54,36.84,35.10666666666667,28.47999999999999,0.06173548847436905,0.08892324566841125,0.06389017403125763,0.06389017403125763,0.0,2026-06-27T14:30:14,
pipeline_social_results,outputs/cifar100_4agent_25cls_conv_family_tuning_A_ep100_fr020_kd050/metrics/social_results.csv,cifar100_4agent_25cls_conv_family_tuning_A_ep100_fr020_kd050,2,convnet4w1,"50,51,52,53,54,55,56,57,58,59,60,61,62,63,64,65,66,67,68,69,70,71,72,73,74",dsdm,DSDM_LOGIT,expert,,,true,0.2,true,direct,false,0.0,0.5,2.0,10,,750,150000,0,16.78,67.12,31.27,52.48,24.2,14.640000000000008,0.0542871318757534,0.17763587832450867,0.10418803244829178,0.10418803244829178,0.0,2026-06-27T14:31:20,
pipeline_social_results,outputs/cifar100_4agent_25cls_conv_family_tuning_A_ep100_fr020_kd050/metrics/social_results.csv,cifar100_4agent_25cls_conv_family_tuning_A_ep100_fr020_kd050,3,convnet4w15,"75,76,77,78,79,80,81,82,83,84,85,86,87,88,89,90,91,92,93,94,95,96,97,98,99",dsdm,DSDM_LOGIT,expert,,,true,0.2,true,direct,false,0.0,0.5,2.0,10,,750,150000,0,18.04,72.16,34.42,54.8,27.626666666666665,17.36,0.052006445825099945,0.0650567039847374,0.1230902373790741,0.1230902373790741,0.0,2026-06-27T14:32:36,
pipeline_social_results,outputs/cifar100_4agent_25cls_conv_family_tuning_B_ep150_fr020_kd050/metrics/social_results.csv,cifar100_4agent_25cls_conv_family_tuning_B_ep150_fr020_kd050,0,convnet3w05,"0,1,2,3,4,5,6,7,8,9,10,11,12,13,14,15,16,17,18,19,20,21,22,23,24",dsdm,DSDM_LOGIT,expert,,,true,0.2,true,direct,false,0.0,0.5,2.0,10,,750,150000,0,15.99,63.96,32.23,30.04,32.96,33.92,0.0679900199174881,0.30656933784484863,0.12943235039710999,0.12943235039710999,0.0,2026-06-27T14:29:42,
pipeline_social_results,outputs/cifar100_4agent_25cls_conv_family_tuning_B_ep150_fr020_kd050/metrics/social_results.csv,cifar100_4agent_25cls_conv_family_tuning_B_ep150_fr020_kd050,1,convnet3w1,"25,26,27,28,29,30,31,32,33,34,35,36,37,38,39,40,41,42,43,44,45,46,47,48,49",dsdm,DSDM_LOGIT,expert,,,true,0.2,true,direct,false,0.0,0.5,2.0,10,,750,150000,0,16.33,65.32,35.43,35.2,35.50666666666667,30.11999999999999,0.05434916913509369,0.1018223837018013,0.1508955955505371,0.1508955955505371,0.0,2026-06-27T14:31:09,
pipeline_social_results,outputs/cifar100_4agent_25cls_conv_family_tuning_B_ep150_fr020_kd050/metrics/social_results.csv,cifar100_4agent_25cls_conv_family_tuning_B_ep150_fr020_kd050,2,convnet4w1,"50,51,52,53,54,55,56,57,58,59,60,61,62,63,64,65,66,67,68,69,70,71,72,73,74",dsdm,DSDM_LOGIT,expert,,,true,0.2,true,direct,false,0.0,0.5,2.0,10,,750,150000,0,16.78,67.12,30.46,53.0,22.946666666666665,14.120000000000005,0.023571522906422615,0.08289418369531631,0.0732632502913475,0.0732632502913475,0.0,2026-06-27T14:32:53,
pipeline_social_results,outputs/cifar100_4agent_25cls_conv_family_tuning_B_ep150_fr020_kd050/metrics/social_results.csv,cifar100_4agent_25cls_conv_family_tuning_B_ep150_fr020_kd050,3,convnet4w15,"75,76,77,78,79,80,81,82,83,84,85,86,87,88,89,90,91,92,93,94,95,96,97,98,99",dsdm,DSDM_LOGIT,expert,,,true,0.2,true,direct,false,0.0,0.5,2.0,10,,750,150000,0,18.04,72.16,33.99,55.32,26.88,16.839999999999996,0.04259636625647545,0.09225008636713028,0.12821155786514282,0.12821155786514282,0.0,2026-06-27T14:34:33,
pipeline_social_results,outputs/cifar100_4agent_25cls_conv_family_tuning_C_ep250_fr020_kd050/metrics/social_results.csv,cifar100_4agent_25cls_conv_family_tuning_C_ep250_fr020_kd050,0,convnet3w05,"0,1,2,3,4,5,6,7,8,9,10,11,12,13,14,15,16,17,18,19,20,21,22,23,24",dsdm,DSDM_LOGIT,expert,,,true,0.2,true,direct,false,0.0,0.5,2.0,10,,750,150000,0,15.99,63.96,31.65,28.76,32.61333333333334,35.2,0.024510350078344345,0.11236704140901566,0.06359005719423294,0.06359005719423294,0.0,2026-06-27T14:35:25,
pipeline_social_results,outputs/cifar100_4agent_25cls_conv_family_tuning_C_ep250_fr020_kd050/metrics/social_results.csv,cifar100_4agent_25cls_conv_family_tuning_C_ep250_fr020_kd050,1,convnet3w1,"25,26,27,28,29,30,31,32,33,34,35,36,37,38,39,40,41,42,43,44,45,46,47,48,49",dsdm,DSDM_LOGIT,expert,,,true,0.2,true,direct,false,0.0,0.5,2.0,10,,750,150000,0,16.33,65.32,34.4,32.24,35.12,33.07999999999999,0.07126694172620773,0.10986079275608063,0.07317715883255005,0.07317715883255005,0.0,2026-06-27T14:37:35,
pipeline_social_results,outputs/cifar100_4agent_25cls_conv_family_tuning_C_ep250_fr020_kd050/metrics/social_results.csv,cifar100_4agent_25cls_conv_family_tuning_C_ep250_fr020_kd050,2,convnet4w1,"50,51,52,53,54,55,56,57,58,59,60,61,62,63,64,65,66,67,68,69,70,71,72,73,74",dsdm,DSDM_LOGIT,expert,,,true,0.2,true,direct,false,0.0,0.5,2.0,10,,750,150000,0,16.78,67.12,30.52,52.16,23.30666666666667,14.960000000000008,0.037947386503219604,0.18110975623130798,0.09004979580640793,0.09004979580640793,0.0,2026-06-27T14:40:10,
pipeline_social_results,outputs/cifar100_4agent_25cls_conv_family_tuning_C_ep250_fr020_kd050/metrics/social_results.csv,cifar100_4agent_25cls_conv_family_tuning_C_ep250_fr020_kd050,3,convnet4w15,"75,76,77,78,79,80,81,82,83,84,85,86,87,88,89,90,91,92,93,94,95,96,97,98,99",dsdm,DSDM_LOGIT,expert,,,true,0.2,true,direct,false,0.0,0.5,2.0,10,,750,150000,0,18.04,72.16,33.28,54.92,26.066666666666666,17.239999999999995,0.042074862867593765,0.07330144196748734,0.11166728287935257,0.11166728287935257,0.0,2026-06-27T14:43:07,
pipeline_social_results,outputs/cifar100_4agent_25cls_conv_family_tuning_D_ep300_fr020_kd050/metrics/social_results.csv,cifar100_4agent_25cls_conv_family_tuning_D_ep300_fr020_kd050,0,convnet3w05,"0,1,2,3,4,5,6,7,8,9,10,11,12,13,14,15,16,17,18,19,20,21,22,23,24",dsdm,DSDM_LOGIT,expert,,,true,0.2,true,direct,false,0.0,0.5,2.0,10,,750,150000,0,15.99,63.96,31.98,28.08,33.28,35.88,0.06507110595703125,0.10522797703742981,0.1583133488893509,0.1583133488893509,0.0,2026-06-27T14:37:41,
pipeline_social_results,outputs/cifar100_4agent_25cls_conv_family_tuning_D_ep300_fr020_kd050/metrics/social_results.csv,cifar100_4agent_25cls_conv_family_tuning_D_ep300_fr020_kd050,1,convnet3w1,"25,26,27,28,29,30,31,32,33,34,35,36,37,38,39,40,41,42,43,44,45,46,47,48,49",dsdm,DSDM_LOGIT,expert,,,true,0.2,true,direct,false,0.0,0.5,2.0,10,,750,150000,0,16.33,65.32,33.92,31.16,34.84,34.16,0.03512528911232948,0.10617252439260483,0.08642806857824326,0.08642806857824326,0.0,2026-06-27T14:40:28,
pipeline_social_results,outputs/cifar100_4agent_25cls_conv_family_tuning_D_ep300_fr020_kd050/metrics/social_results.csv,cifar100_4agent_25cls_conv_family_tuning_D_ep300_fr020_kd050,2,convnet4w1,"50,51,52,53,54,55,56,57,58,59,60,61,62,63,64,65,66,67,68,69,70,71,72,73,74",dsdm,DSDM_LOGIT,expert,,,true,0.2,true,direct,false,0.0,0.5,2.0,10,,750,150000,0,16.78,67.12,30.73,53.8,23.04,13.320000000000007,0.055396802723407745,0.12649919092655182,0.1067734807729721,0.1067734807729721,0.0,2026-06-27T14:43:48,
pipeline_social_results,outputs/cifar100_4agent_25cls_conv_family_tuning_D_ep300_fr020_kd050/metrics/social_results.csv,cifar100_4agent_25cls_conv_family_tuning_D_ep300_fr020_kd050,3,convnet4w15,"75,76,77,78,79,80,81,82,83,84,85,86,87,88,89,90,91,92,93,94,95,96,97,98,99",dsdm,DSDM_LOGIT,expert,,,true,0.2,true,direct,false,0.0,0.5,2.0,10,,750,150000,0,18.04,72.16,32.75,54.92,25.36,17.239999999999995,0.05265432223677635,0.11052324622869492,0.07385428249835968,0.07385428249835968,0.0,2026-06-27T14:47:10,
pipeline_social_results,outputs/cifar100_4agent_25cls_conv_family_tuning_E_ep200_fr015_kd050/metrics/social_results.csv,cifar100_4agent_25cls_conv_family_tuning_E_ep200_fr015_kd050,0,convnet3w05,"0,1,2,3,4,5,6,7,8,9,10,11,12,13,14,15,16,17,18,19,20,21,22,23,24",dsdm,DSDM_LOGIT,expert,,,true,0.15,true,direct,false,0.0,0.5,2.0,10,,750,150000,0,15.99,63.96,31.96,28.48,33.12,35.480000000000004,0.09230171889066696,0.08437496423721313,0.11660753190517426,0.11660753190517426,0.0,2026-06-27T14:45:29,
pipeline_social_results,outputs/cifar100_4agent_25cls_conv_family_tuning_E_ep200_fr015_kd050/metrics/social_results.csv,cifar100_4agent_25cls_conv_family_tuning_E_ep200_fr015_kd050,1,convnet3w1,"25,26,27,28,29,30,31,32,33,34,35,36,37,38,39,40,41,42,43,44,45,46,47,48,49",dsdm,DSDM_LOGIT,expert,,,true,0.15,true,direct,false,0.0,0.5,2.0,10,,750,150000,0,16.33,65.32,34.83,33.04,35.42666666666667,32.279999999999994,0.03875872865319252,0.09394143521785736,0.09959007799625397,0.09959007799625397,0.0,2026-06-27T14:47:32,
pipeline_social_results,outputs/cifar100_4agent_25cls_conv_family_tuning_E_ep200_fr015_kd050/metrics/social_results.csv,cifar100_4agent_25cls_conv_family_tuning_E_ep200_fr015_kd050,2,convnet4w1,"50,51,52,53,54,55,56,57,58,59,60,61,62,63,64,65,66,67,68,69,70,71,72,73,74",dsdm,DSDM_LOGIT,expert,,,true,0.15,true,direct,false,0.0,0.5,2.0,10,,750,150000,0,16.78,67.12,30.89,53.16,23.466666666666665,13.960000000000008,0.046606890857219696,0.13032644987106323,0.14704576134681702,0.14704576134681702,0.0,2026-06-27T14:49:29,
pipeline_social_results,outputs/cifar100_4agent_25cls_conv_family_tuning_E_ep200_fr015_kd050/metrics/social_results.csv,cifar100_4agent_25cls_conv_family_tuning_E_ep200_fr015_kd050,3,convnet4w15,"75,76,77,78,79,80,81,82,83,84,85,86,87,88,89,90,91,92,93,94,95,96,97,98,99",dsdm,DSDM_LOGIT,expert,,,true,0.15,true,direct,false,0.0,0.5,2.0,10,,750,150000,0,18.04,72.16,33.6,53.96,26.813333333333333,18.199999999999996,0.045779865235090256,0.18833482265472412,0.09917385131120682,0.09917385131120682,0.0,2026-06-27T14:51:53,
pipeline_social_results,outputs/cifar100_4agent_25cls_conv_family_tuning_F_ep200_fr025_kd050/metrics/social_results.csv,cifar100_4agent_25cls_conv_family_tuning_F_ep200_fr025_kd050,0,convnet3w05,"0,1,2,3,4,5,6,7,8,9,10,11,12,13,14,15,16,17,18,19,20,21,22,23,24",dsdm,DSDM_LOGIT,expert,,,true,0.25,true,direct,false,0.0,0.5,2.0,10,,750,150000,0,15.99,63.96,32.31,29.88,33.12,34.08,0.08496496826410294,0.2804967164993286,0.11624547094106674,0.11624547094106674,0.0,2026-06-27T14:49:36,
pipeline_social_results,outputs/cifar100_4agent_25cls_conv_family_tuning_F_ep200_fr025_kd050/metrics/social_results.csv,cifar100_4agent_25cls_conv_family_tuning_F_ep200_fr025_kd050,1,convnet3w1,"25,26,27,28,29,30,31,32,33,34,35,36,37,38,39,40,41,42,43,44,45,46,47,48,49",dsdm,DSDM_LOGIT,expert,,,true,0.25,true,direct,false,0.0,0.5,2.0,10,,750,150000,0,16.33,65.32,35.39,34.64,35.64,30.679999999999993,0.08790240436792374,0.10027649253606796,0.08944042026996613,0.08944042026996613,0.0,2026-06-27T14:51:52,
pipeline_social_results,outputs/cifar100_4agent_25cls_conv_family_tuning_F_ep200_fr025_kd050/metrics/social_results.csv,cifar100_4agent_25cls_conv_family_tuning_F_ep200_fr025_kd050,2,convnet4w1,"50,51,52,53,54,55,56,57,58,59,60,61,62,63,64,65,66,67,68,69,70,71,72,73,74",dsdm,DSDM_LOGIT,expert,,,true,0.25,true,direct,false,0.0,0.5,2.0,10,,750,150000,0,16.78,67.12,30.39,52.84,22.906666666666666,14.280000000000001,0.03933742642402649,0.1393357366323471,0.11558844149112701,0.11558844149112701,0.0,2026-06-27T14:53:44,
pipeline_social_results,outputs/cifar100_4agent_25cls_conv_family_tuning_F_ep200_fr025_kd050/metrics/social_results.csv,cifar100_4agent_25cls_conv_family_tuning_F_ep200_fr025_kd050,3,convnet4w15,"75,76,77,78,79,80,81,82,83,84,85,86,87,88,89,90,91,92,93,94,95,96,97,98,99",dsdm,DSDM_LOGIT,expert,,,true,0.25,true,direct,false,0.0,0.5,2.0,10,,750,150000,0,18.04,72.16,33.45,55.2,26.2,16.959999999999994,0.04330938681960106,0.05461156368255615,0.06800330430269241,0.06800330430269241,0.0,2026-06-27T14:56:06,
pipeline_social_results,outputs/cifar100_4agent_25cls_conv_family_tuning_G_ep200_fr020_kd060/metrics/social_results.csv,cifar100_4agent_25cls_conv_family_tuning_G_ep200_fr020_kd060,0,convnet3w05,"0,1,2,3,4,5,6,7,8,9,10,11,12,13,14,15,16,17,18,19,20,21,22,23,24",dsdm,DSDM_LOGIT,expert,,,true,0.2,true,direct,false,0.0,0.6,2.0,10,,750,150000,0,15.99,63.96,31.91,29.32,32.77333333333333,34.64,0.0467391274869442,0.08543600887060165,0.08933524787425995,0.08933524787425995,0.0,2026-06-27T14:54:18,
pipeline_social_results,outputs/cifar100_4agent_25cls_conv_family_tuning_G_ep200_fr020_kd060/metrics/social_results.csv,cifar100_4agent_25cls_conv_family_tuning_G_ep200_fr020_kd060,1,convnet3w1,"25,26,27,28,29,30,31,32,33,34,35,36,37,38,39,40,41,42,43,44,45,46,47,48,49",dsdm,DSDM_LOGIT,expert,,,true,0.2,true,direct,false,0.0,0.6,2.0,10,,750,150000,0,16.33,65.32,35.09,34.0,35.45333333333333,31.319999999999993,0.03900351747870445,0.13387171924114227,0.06422596424818039,0.06422596424818039,0.0,2026-06-27T14:56:26,
pipeline_social_results,outputs/cifar100_4agent_25cls_conv_family_tuning_G_ep200_fr020_kd060/metrics/social_results.csv,cifar100_4agent_25cls_conv_family_tuning_G_ep200_fr020_kd060,2,convnet4w1,"50,51,52,53,54,55,56,57,58,59,60,61,62,63,64,65,66,67,68,69,70,71,72,73,74",dsdm,DSDM_LOGIT,expert,,,true,0.2,true,direct,false,0.0,0.6,2.0,10,,750,150000,0,16.78,67.12,30.38,52.28,23.08,14.840000000000003,0.03852728381752968,0.12380187958478928,0.08720865100622177,0.08720865100622177,0.0,2026-06-27T14:58:25,
pipeline_social_results,outputs/cifar100_4agent_25cls_conv_family_tuning_G_ep200_fr020_kd060/metrics/social_results.csv,cifar100_4agent_25cls_conv_family_tuning_G_ep200_fr020_kd060,3,convnet4w15,"75,76,77,78,79,80,81,82,83,84,85,86,87,88,89,90,91,92,93,94,95,96,97,98,99",dsdm,DSDM_LOGIT,expert,,,true,0.2,true,direct,false,0.0,0.6,2.0,10,,750,150000,0,18.04,72.16,33.29,54.6,26.186666666666667,17.559999999999995,0.044974565505981445,0.26632487773895264,0.09520328044891357,0.09520328044891357,0.0,2026-06-27T15:00:46,
pipeline_social_results,outputs/cifar100_4agent_25cls_conv_family_tuning_H_ep200_fr020_kd075/metrics/social_results.csv,cifar100_4agent_25cls_conv_family_tuning_H_ep200_fr020_kd075,0,convnet3w05,"0,1,2,3,4,5,6,7,8,9,10,11,12,13,14,15,16,17,18,19,20,21,22,23,24",dsdm,DSDM_LOGIT,expert,,,true,0.2,true,direct,false,0.0,0.75,2.0,10,,750,150000,0,15.99,63.96,32.52,31.08,33.0,32.88,0.03622083738446236,0.1274368315935135,0.06765270233154297,0.06765270233154297,0.0,2026-06-27T14:58:15,
pipeline_social_results,outputs/cifar100_4agent_25cls_conv_family_tuning_H_ep200_fr020_kd075/metrics/social_results.csv,cifar100_4agent_25cls_conv_family_tuning_H_ep200_fr020_kd075,1,convnet3w1,"25,26,27,28,29,30,31,32,33,34,35,36,37,38,39,40,41,42,43,44,45,46,47,48,49",dsdm,DSDM_LOGIT,expert,,,true,0.2,true,direct,false,0.0,0.75,2.0,10,,750,150000,0,16.33,65.32,34.76,32.92,35.373333333333335,32.39999999999999,0.07537393271923065,0.09100119769573212,0.0852230116724968,0.0852230116724968,0.0,2026-06-27T15:00:29,
pipeline_social_results,outputs/cifar100_4agent_25cls_conv_family_tuning_H_ep200_fr020_kd075/metrics/social_results.csv,cifar100_4agent_25cls_conv_family_tuning_H_ep200_fr020_kd075,2,convnet4w1,"50,51,52,53,54,55,56,57,58,59,60,61,62,63,64,65,66,67,68,69,70,71,72,73,74",dsdm,DSDM_LOGIT,expert,,,true,0.2,true,direct,false,0.0,0.75,2.0,10,,750,150000,0,16.78,67.12,31.24,52.0,24.32,15.120000000000005,0.05421793460845947,0.10991273820400238,0.07287968695163727,0.07287968695163727,0.0,2026-06-27T15:02:12,
pipeline_social_results,outputs/cifar100_4agent_25cls_conv_family_tuning_H_ep200_fr020_kd075/metrics/social_results.csv,cifar100_4agent_25cls_conv_family_tuning_H_ep200_fr020_kd075,3,convnet4w15,"75,76,77,78,79,80,81,82,83,84,85,86,87,88,89,90,91,92,93,94,95,96,97,98,99",dsdm,DSDM_LOGIT,expert,,,true,0.2,true,direct,false,0.0,0.75,2.0,10,,750,150000,0,18.04,72.16,33.42,53.24,26.813333333333333,18.919999999999995,0.04325266554951668,0.06727587431669235,0.09070580452680588,0.09070580452680588,0.0,2026-06-27T15:04:06,
pipeline_social_results,outputs/cifar100_4agent_25cls_hetero4arch_ipc10/metrics/social_results.csv,cifar100_4agent_25cls_hetero4arch_ipc10,0,convnet3w1,"25,26,27,28,29,30,31,32,33,34,35,36,37,38,39,40,41,42,43,44,45,46,47,48,49",dsdm,DSDM_LOGIT,expert,,,true,0.2,true,direct,false,0.0,0.6,3.0,10,,750,150000,0,16.33,65.32,33.37,39.52,31.32,25.79999999999999,0.06930021196603775,0.06640057265758514,0.259126752614975,0.259126752614975,0.0,2026-07-06T07:38:54,
pipeline_social_results,outputs/cifar100_4agent_25cls_hetero4arch_ipc10/metrics/social_results.csv,cifar100_4agent_25cls_hetero4arch_ipc10,1,convnet4w15,"75,76,77,78,79,80,81,82,83,84,85,86,87,88,89,90,91,92,93,94,95,96,97,98,99",dsdm,DSDM_LOGIT,expert,,,true,0.2,true,direct,false,0.0,0.6,3.0,10,,750,150000,0,18.04,72.16,32.5,51.36,26.213333333333335,20.799999999999997,0.07744429260492325,0.037020064890384674,0.1879299283027649,0.1879299283027649,0.0,2026-07-06T07:40:15,
pipeline_social_results,outputs/cifar100_4agent_25cls_hetero4arch_ipc10/metrics/social_results.csv,cifar100_4agent_25cls_hetero4arch_ipc10,2,vgg,"50,51,52,53,54,55,56,57,58,59,60,61,62,63,64,65,66,67,68,69,70,71,72,73,74",dsdm,DSDM_LOGIT,expert,,,true,0.2,true,direct,false,0.0,0.6,3.0,10,,750,150000,0,16.08,64.32,24.63,16.44,27.36,47.879999999999995,0.1484953612089157,1.3939330577850342,0.7155440449714661,0.7155440449714661,0.0,2026-07-06T07:41:23,
pipeline_social_results,outputs/cifar100_4agent_25cls_hetero4arch_ipc10/metrics/social_results.csv,cifar100_4agent_25cls_hetero4arch_ipc10,3,alexnet,"0,1,2,3,4,5,6,7,8,9,10,11,12,13,14,15,16,17,18,19,20,21,22,23,24",dsdm,DSDM_LOGIT,expert,,,true,0.2,true,direct,false,0.0,0.6,3.0,10,,750,150000,0,17.77,71.08,32.5,49.2,26.933333333333334,21.879999999999995,0.03151848539710045,0.8573533296585083,0.4579523801803589,0.4579523801803589,0.0,2026-07-06T07:42:21,
pipeline_social_results,outputs/cifar100_4agent_25cls_hetero4arch_ipc10/metrics/social_results.csv,cifar100_4agent_25cls_hetero4arch_ipc10,0,convnet3w1,"25,26,27,28,29,30,31,32,33,34,35,36,37,38,39,40,41,42,43,44,45,46,47,48,49",heuristic,HEURISTIC_LOGIT,expert,,,true,0.2,true,direct,false,0.0,0.6,3.0,10,,750,37500,0,16.33,65.32,27.01,49.24,19.6,16.07999999999999,0.02471592277288437,0.02225377783179283,0.18570511043071747,0.18570511043071747,0.0,2026-07-06T07:42:43,
pipeline_social_results,outputs/cifar100_4agent_25cls_hetero4arch_ipc10/metrics/social_results.csv,cifar100_4agent_25cls_hetero4arch_ipc10,1,convnet4w15,"75,76,77,78,79,80,81,82,83,84,85,86,87,88,89,90,91,92,93,94,95,96,97,98,99",heuristic,HEURISTIC_LOGIT,expert,,,true,0.2,true,direct,false,0.0,0.6,3.0,10,,750,37500,0,18.04,72.16,27.06,38.84,23.133333333333333,33.31999999999999,0.0398034006357193,0.018818465992808342,0.14260096848011017,0.14260096848011017,0.0,2026-07-06T07:43:04,
pipeline_social_results,outputs/cifar100_4agent_25cls_hetero4arch_ipc10/metrics/social_results.csv,cifar100_4agent_25cls_hetero4arch_ipc10,2,vgg,"50,51,52,53,54,55,56,57,58,59,60,61,62,63,64,65,66,67,68,69,70,71,72,73,74",heuristic,HEURISTIC_LOGIT,expert,,,true,0.2,true,direct,false,0.0,0.6,3.0,10,,750,37500,0,16.08,64.32,21.18,33.04,17.226666666666667,31.279999999999994,0.10401992499828339,1.6160292625427246,0.8383209705352783,0.8383209705352783,0.0,2026-07-06T07:43:27,
pipeline_social_results,outputs/cifar100_4agent_25cls_hetero4arch_ipc10/metrics/social_results.csv,cifar100_4agent_25cls_hetero4arch_ipc10,3,alexnet,"0,1,2,3,4,5,6,7,8,9,10,11,12,13,14,15,16,17,18,19,20,21,22,23,24",heuristic,HEURISTIC_LOGIT,expert,,,true,0.2,true,direct,false,0.0,0.6,3.0,10,,750,37500,0,17.77,71.08,29.77,41.24,25.946666666666665,29.839999999999996,0.05636008828878403,1.4998862743377686,0.47355973720550537,0.47355973720550537,0.0,2026-07-06T07:43:48,
pipeline_social_results,outputs/cifar100_4agent_25cls_hetero4arch_ipc10_guardian_alex_dense_ep60_lr0p01_fr0p25_kd0p5_t3p0/metrics/social_results.csv,cifar100_4agent_25cls_hetero4arch_ipc10_guardian_alex_dense_ep60_lr0p01_fr0p25_kd0p5_t3p0,3,alexnet,"0,1,2,3,4,5,6,7,8,9,10,11,12,13,14,15,16,17,18,19,20,21,22,23,24",dsdm,DSDM_LOGIT,expert,,,true,0.25,true,direct,false,0.0,0.5,3.0,10,,750,150000,0,17.77,71.08,31.83,47.48,26.613333333333333,23.6,0.07442469149827957,3.537660837173462,0.5852828025817871,0.5852828025817871,0.0,2026-07-06T18:31:58,
pipeline_social_results,outputs/cifar100_4agent_25cls_hetero4arch_ipc10_guardian_alex_dense_ep60_lr0p01_fr0p25_kd0p5_t4p0/metrics/social_results.csv,cifar100_4agent_25cls_hetero4arch_ipc10_guardian_alex_dense_ep60_lr0p01_fr0p25_kd0p5_t4p0,3,alexnet,"0,1,2,3,4,5,6,7,8,9,10,11,12,13,14,15,16,17,18,19,20,21,22,23,24",dsdm,DSDM_LOGIT,expert,,,true,0.25,true,direct,false,0.0,0.5,4.0,10,,750,150000,0,17.77,71.08,32.8,48.28,27.64,22.799999999999997,0.07679923623800278,0.8063856959342957,0.6820760369300842,0.6820760369300842,0.0,2026-07-06T18:33:47,
pipeline_social_results,outputs/cifar100_4agent_25cls_hetero4arch_ipc10_guardian_alex_dense_ep60_lr0p01_fr0p25_kd0p5_t4p0/metrics/social_results.csv,cifar100_4agent_25cls_hetero4arch_ipc10_guardian_alex_dense_ep60_lr0p01_fr0p25_kd0p5_t4p0,3,alexnet,"0,1,2,3,4,5,6,7,8,9,10,11,12,13,14,15,16,17,18,19,20,21,22,23,24",dsdm,DSDM_LOGIT,expert,,,true,0.25,true,direct,false,0.0,0.5,4.0,10,,750,150000,0,17.77,71.08,31.91,47.44,26.733333333333334,23.64,0.08775439858436584,1.7764419317245483,0.8679840564727783,0.8679840564727783,0.0,2026-07-06T18:35:16,
pipeline_social_results,outputs/cifar100_4agent_25cls_hetero4arch_ipc10_guardian_alex_dense_ep60_lr0p01_fr0p25_kd0p5_t4p0/metrics/social_results.csv,cifar100_4agent_25cls_hetero4arch_ipc10_guardian_alex_dense_ep60_lr0p01_fr0p25_kd0p5_t4p0,3,alexnet,"0,1,2,3,4,5,6,7,8,9,10,11,12,13,14,15,16,17,18,19,20,21,22,23,24",dsdm,DSDM_LOGIT,expert,,,true,0.25,true,direct,false,0.0,0.5,4.0,10,,750,150000,0,17.77,71.08,32.23,46.68,27.413333333333334,24.4,0.07408665120601654,0.7787293195724487,1.1037654876708984,1.1037654876708984,0.0,2026-07-06T18:36:45,
pipeline_social_results,outputs/cifar100_4agent_25cls_hetero4arch_ipc10_guardian_alex_dense_ep60_lr0p01_fr0p25_kd0p5_t4p0/metrics/social_results.csv,cifar100_4agent_25cls_hetero4arch_ipc10_guardian_alex_dense_ep60_lr0p01_fr0p25_kd0p5_t4p0,3,alexnet,"0,1,2,3,4,5,6,7,8,9,10,11,12,13,14,15,16,17,18,19,20,21,22,23,24",dsdm,DSDM_LOGIT,expert,,,true,0.25,true,direct,false,0.0,0.5,4.0,10,,750,150000,0,17.77,71.08,32.19,47.32,27.14666666666667,23.759999999999998,0.07991120964288712,0.792712390422821,0.6068416237831116,0.6068416237831116,0.0,2026-07-06T18:38:16,
pipeline_social_results,outputs/cifar100_4agent_25cls_hetero4arch_ipc10_guardian_alex_dense_ep60_lr0p01_fr0p25_kd0p5_t4p0/metrics/social_results.csv,cifar100_4agent_25cls_hetero4arch_ipc10_guardian_alex_dense_ep60_lr0p01_fr0p25_kd0p5_t4p0,3,alexnet,"0,1,2,3,4,5,6,7,8,9,10,11,12,13,14,15,16,17,18,19,20,21,22,23,24",dsdm,DSDM_LOGIT,expert,,,true,0.25,true,direct,false,0.0,0.5,4.0,10,,750,150000,0,17.77,71.08,32.4,47.76,27.28,23.32,0.08798413723707199,1.4566106796264648,0.6453290581703186,0.6453290581703186,0.0,2026-07-06T18:39:48,
pipeline_social_results,outputs/cifar100_4agent_25cls_hetero4arch_ipc10_guardian_alex_g3_ep090_fr020_kd060_t3_sched/metrics/social_results.csv,cifar100_4agent_25cls_hetero4arch_ipc10_guardian_alex_g3_ep090_fr020_kd060_t3_sched,3,alexnet,"0,1,2,3,4,5,6,7,8,9,10,11,12,13,14,15,16,17,18,19,20,21,22,23,24",dsdm,DSDM_LOGIT,expert,,,true,0.2,true,direct,false,0.0,0.6,3.0,10,,750,150000,0,17.77,71.08,32.58,49.2,27.04,21.879999999999995,0.042720992118120193,0.6806977987289429,0.3730721175670624,0.3730721175670624,0.0,2026-07-06T14:47:34,
pipeline_social_results,outputs/cifar100_4agent_25cls_hetero4arch_ipc10_guardian_alex_g3_fr020_kd060_t3_sched_self20/metrics/social_results.csv,cifar100_4agent_25cls_hetero4arch_ipc10_guardian_alex_g3_fr020_kd060_t3_sched_self20,3,alexnet,"0,1,2,3,4,5,6,7,8,9,10,11,12,13,14,15,16,17,18,19,20,21,22,23,24",dsdm,DSDM_LOGIT,expert,,,true,0.2,true,direct,false,0.0,0.6,3.0,10,,750,150000,0,17.77,71.08,32.44,51.44,26.106666666666666,19.64,0.037320826202631,0.7616223096847534,0.5100499391555786,0.5100499391555786,0.0,2026-07-06T14:45:54,
pipeline_social_results,outputs/cifar100_4agent_25cls_hetero4arch_ipc10_guardian_alex_g3_fr020_kd070_t4_sched/metrics/social_results.csv,cifar100_4agent_25cls_hetero4arch_ipc10_guardian_alex_g3_fr020_kd070_t4_sched,3,alexnet,"0,1,2,3,4,5,6,7,8,9,10,11,12,13,14,15,16,17,18,19,20,21,22,23,24",dsdm,DSDM_LOGIT,expert,,,true,0.2,true,direct,false,0.0,0.7,4.0,10,,750,150000,0,17.77,71.08,33.03,47.4,28.24,23.68,0.07291190326213837,1.167072057723999,0.4869859516620636,0.4869859516620636,0.0,2026-07-06T14:43:02,
pipeline_social_results,outputs/cifar100_4agent_25cls_hetero4arch_ipc10_guardian_alex_g3_fr020_kd080_t3_sched/metrics/social_results.csv,cifar100_4agent_25cls_hetero4arch_ipc10_guardian_alex_g3_fr020_kd080_t3_sched,3,alexnet,"0,1,2,3,4,5,6,7,8,9,10,11,12,13,14,15,16,17,18,19,20,21,22,23,24",dsdm,DSDM_LOGIT,expert,,,true,0.2,true,direct,false,0.0,0.8,3.0,10,,750,150000,0,17.77,71.08,32.55,47.96,27.413333333333334,23.119999999999997,0.04268677160143852,1.21090829372406,0.39104971289634705,0.39104971289634705,0.0,2026-07-06T14:41:37,
pipeline_social_results,outputs/cifar100_4agent_25cls_hetero4arch_ipc10_guardian_alex_g3_fr025_kd070_t3_sched_self15/metrics/social_results.csv,cifar100_4agent_25cls_hetero4arch_ipc10_guardian_alex_g3_fr025_kd070_t3_sched_self15,3,alexnet,"0,1,2,3,4,5,6,7,8,9,10,11,12,13,14,15,16,17,18,19,20,21,22,23,24",dsdm,DSDM_LOGIT,expert,,,true,0.25,true,direct,false,0.0,0.7,3.0,10,,750,150000,0,17.77,71.08,32.67,49.0,27.226666666666667,22.08,0.03606235235929489,0.7567918300628662,0.4323911964893341,0.4323911964893341,0.0,2026-07-06T14:44:28,
pipeline_social_results,outputs/cifar100_4agent_25cls_hetero4arch_ipc10_guardian_alex_g3_fr030_kd060_t3_sched/metrics/social_results.csv,cifar100_4agent_25cls_hetero4arch_ipc10_guardian_alex_g3_fr030_kd060_t3_sched,3,alexnet,"0,1,2,3,4,5,6,7,8,9,10,11,12,13,14,15,16,17,18,19,20,21,22,23,24",dsdm,DSDM_LOGIT,expert,,,true,0.3,true,direct,false,0.0,0.6,3.0,10,,750,150000,0,17.77,71.08,32.54,49.0,27.053333333333335,22.08,0.13988924026489258,0.7224475741386414,0.5482335090637207,0.5482335090637207,0.0,2026-07-06T14:40:09,
pipeline_social_results,outputs/cifar100_4agent_25cls_hetero4arch_ipc10_guardian_vgg_dense_ep60_lr0p01_fr0p25_kd0p3_t3p0_self2p5/metrics/social_results.csv,cifar100_4agent_25cls_hetero4arch_ipc10_guardian_vgg_dense_ep60_lr0p01_fr0p25_kd0p3_t3p0_self2p5,2,vgg,"50,51,52,53,54,55,56,57,58,59,60,61,62,63,64,65,66,67,68,69,70,71,72,73,74",dsdm,DSDM_LOGIT,expert,,,true,0.25,true,direct,false,0.0,0.3,3.0,10,,750,150000,0,16.08,64.32,24.75,19.52,26.493333333333332,44.8,0.04243496060371399,0.6478400826454163,0.8779783844947815,0.8779783844947815,0.0,2026-07-06T16:40:44,
pipeline_social_results,outputs/cifar100_4agent_25cls_hetero4arch_ipc10_guardian_vgg_dense_ep60_lr0p01_fr0p25_kd0p3_t3p0_self3p0/metrics/social_results.csv,cifar100_4agent_25cls_hetero4arch_ipc10_guardian_vgg_dense_ep60_lr0p01_fr0p25_kd0p3_t3p0_self3p0,2,vgg,"50,51,52,53,54,55,56,57,58,59,60,61,62,63,64,65,66,67,68,69,70,71,72,73,74",dsdm,DSDM_LOGIT,expert,,,true,0.25,true,direct,false,0.0,0.3,3.0,10,,750,150000,0,16.08,64.32,24.84,20.0,26.453333333333333,44.31999999999999,0.10277225077152252,0.6943067312240601,0.9910867810249329,0.9910867810249329,0.0,2026-07-06T14:58:38,
pipeline_social_results,outputs/cifar100_4agent_25cls_hetero4arch_ipc10_guardian_vgg_dense_ep60_lr0p01_fr0p25_kd0p3_t3p0_self4p0/metrics/social_results.csv,cifar100_4agent_25cls_hetero4arch_ipc10_guardian_vgg_dense_ep60_lr0p01_fr0p25_kd0p3_t3p0_self4p0,2,vgg,"50,51,52,53,54,55,56,57,58,59,60,61,62,63,64,65,66,67,68,69,70,71,72,73,74",dsdm,DSDM_LOGIT,expert,,,true,0.25,true,direct,false,0.0,0.3,3.0,10,,750,150000,0,16.08,64.32,24.97,20.56,26.44,43.75999999999999,0.06012262776494026,0.9557111263275146,0.8895769119262695,0.8895769119262695,0.0,2026-07-06T15:49:32,
pipeline_social_results,outputs/cifar100_4agent_25cls_hetero4arch_ipc10_guardian_vgg_dense_ep60_lr0p01_fr0p25_kd0p3_t4p0_self2p5/metrics/social_results.csv,cifar100_4agent_25cls_hetero4arch_ipc10_guardian_vgg_dense_ep60_lr0p01_fr0p25_kd0p3_t4p0_self2p5,2,vgg,"50,51,52,53,54,55,56,57,58,59,60,61,62,63,64,65,66,67,68,69,70,71,72,73,74",dsdm,DSDM_LOGIT,expert,,,true,0.25,true,direct,false,0.0,0.3,4.0,10,,750,150000,0,16.08,64.32,25.3,19.88,27.106666666666666,44.44,0.03767769783735275,0.6236041784286499,0.94388347864151,0.94388347864151,0.0,2026-07-06T16:42:20,
pipeline_social_results,outputs/cifar100_4agent_25cls_hetero4arch_ipc10_guardian_vgg_dense_ep60_lr0p01_fr0p25_kd0p3_t4p0_self3p0/metrics/social_results.csv,cifar100_4agent_25cls_hetero4arch_ipc10_guardian_vgg_dense_ep60_lr0p01_fr0p25_kd0p3_t4p0_self3p0,2,vgg,"50,51,52,53,54,55,56,57,58,59,60,61,62,63,64,65,66,67,68,69,70,71,72,73,74",dsdm,DSDM_LOGIT,expert,,,true,0.25,true,direct,false,0.0,0.3,4.0,10,,750,150000,0,16.08,64.32,25.11,19.0,27.14666666666667,45.31999999999999,0.03974097594618797,0.7037151455879211,1.0994727611541748,1.0994727611541748,0.0,2026-07-06T15:00:14,
pipeline_social_results,outputs/cifar100_4agent_25cls_hetero4arch_ipc10_guardian_vgg_dense_ep60_lr0p01_fr0p25_kd0p3_t4p0_self4p0/metrics/social_results.csv,cifar100_4agent_25cls_hetero4arch_ipc10_guardian_vgg_dense_ep60_lr0p01_fr0p25_kd0p3_t4p0_self4p0,2,vgg,"50,51,52,53,54,55,56,57,58,59,60,61,62,63,64,65,66,67,68,69,70,71,72,73,74",dsdm,DSDM_LOGIT,expert,,,true,0.25,true,direct,false,0.0,0.3,4.0,10,,750,150000,0,16.08,64.32,25.19,20.08,26.893333333333334,44.239999999999995,0.060389310121536255,0.6509023308753967,0.8842434287071228,0.8842434287071228,0.0,2026-07-06T15:51:08,
pipeline_social_results,outputs/cifar100_4agent_25cls_hetero4arch_ipc10_guardian_vgg_dense_ep60_lr0p01_fr0p25_kd0p4_t3p0_self2p5/metrics/social_results.csv,cifar100_4agent_25cls_hetero4arch_ipc10_guardian_vgg_dense_ep60_lr0p01_fr0p25_kd0p4_t3p0_self2p5,2,vgg,"50,51,52,53,54,55,56,57,58,59,60,61,62,63,64,65,66,67,68,69,70,71,72,73,74",dsdm,DSDM_LOGIT,expert,,,true,0.25,true,direct,false,0.0,0.4,3.0,10,,750,150000,0,16.08,64.32,24.55,17.96,26.746666666666666,46.35999999999999,0.048215221613645554,0.630241334438324,0.7735340595245361,0.7735340595245361,0.0,2026-07-06T16:34:23,
pipeline_social_results,outputs/cifar100_4agent_25cls_hetero4arch_ipc10_guardian_vgg_dense_ep60_lr0p01_fr0p25_kd0p4_t3p0_self3p0/metrics/social_results.csv,cifar100_4agent_25cls_hetero4arch_ipc10_guardian_vgg_dense_ep60_lr0p01_fr0p25_kd0p4_t3p0_self3p0,2,vgg,"50,51,52,53,54,55,56,57,58,59,60,61,62,63,64,65,66,67,68,69,70,71,72,73,74",dsdm,DSDM_LOGIT,expert,,,true,0.25,true,direct,false,0.0,0.4,3.0,10,,750,150000,0,16.08,64.32,24.65,18.16,26.813333333333333,46.16,0.04137568920850754,1.1651287078857422,0.7493714094161987,0.7493714094161987,0.0,2026-07-06T14:52:19,
pipeline_social_results,outputs/cifar100_4agent_25cls_hetero4arch_ipc10_guardian_vgg_dense_ep60_lr0p01_fr0p25_kd0p4_t3p0_self4p0/metrics/social_results.csv,cifar100_4agent_25cls_hetero4arch_ipc10_guardian_vgg_dense_ep60_lr0p01_fr0p25_kd0p4_t3p0_self4p0,2,vgg,"50,51,52,53,54,55,56,57,58,59,60,61,62,63,64,65,66,67,68,69,70,71,72,73,74",dsdm,DSDM_LOGIT,expert,,,true,0.25,true,direct,false,0.0,0.4,3.0,10,,750,150000,0,16.08,64.32,26.18,21.76,27.653333333333332,42.55999999999999,0.030170710757374763,0.6553092002868652,0.6732885837554932,0.6732885837554932,0.0,2026-07-06T15:43:12,
pipeline_social_results,outputs/cifar100_4agent_25cls_hetero4arch_ipc10_guardian_vgg_dense_ep60_lr0p01_fr0p25_kd0p4_t4p0_self2p5/metrics/social_results.csv,cifar100_4agent_25cls_hetero4arch_ipc10_guardian_vgg_dense_ep60_lr0p01_fr0p25_kd0p4_t4p0_self2p5,2,vgg,"50,51,52,53,54,55,56,57,58,59,60,61,62,63,64,65,66,67,68,69,70,71,72,73,74",dsdm,DSDM_LOGIT,expert,,,true,0.25,true,direct,false,0.0,0.4,4.0,10,,750,150000,0,16.08,64.32,25.09,18.96,27.133333333333333,45.35999999999999,0.09758489578962326,0.7753536701202393,1.1618422269821167,1.1618422269821167,0.0,2026-07-06T16:35:57,
pipeline_social_results,outputs/cifar100_4agent_25cls_hetero4arch_ipc10_guardian_vgg_dense_ep60_lr0p01_fr0p25_kd0p4_t4p0_self3p0/metrics/social_results.csv,cifar100_4agent_25cls_hetero4arch_ipc10_guardian_vgg_dense_ep60_lr0p01_fr0p25_kd0p4_t4p0_self3p0,2,vgg,"50,51,52,53,54,55,56,57,58,59,60,61,62,63,64,65,66,67,68,69,70,71,72,73,74",dsdm,DSDM_LOGIT,expert,,,true,0.25,true,direct,false,0.0,0.4,4.0,10,,750,150000,0,16.08,64.32,25.59,20.88,27.16,43.44,0.07334157824516296,0.8860406279563904,1.1599966287612915,1.1599966287612915,0.0,2026-07-06T14:53:50,
pipeline_social_results,outputs/cifar100_4agent_25cls_hetero4arch_ipc10_guardian_vgg_dense_ep60_lr0p01_fr0p25_kd0p4_t4p0_self4p0/metrics/social_results.csv,cifar100_4agent_25cls_hetero4arch_ipc10_guardian_vgg_dense_ep60_lr0p01_fr0p25_kd0p4_t4p0_self4p0,2,vgg,"50,51,52,53,54,55,56,57,58,59,60,61,62,63,64,65,66,67,68,69,70,71,72,73,74",dsdm,DSDM_LOGIT,expert,,,true,0.25,true,direct,false,0.0,0.4,4.0,10,,750,150000,0,16.08,64.32,26.38,21.36,28.053333333333335,42.959999999999994,0.03534312918782234,0.7581576108932495,0.8754391670227051,0.8754391670227051,0.0,2026-07-06T15:44:50,
pipeline_social_results,outputs/cifar100_4agent_25cls_hetero4arch_ipc10_guardian_vgg_dense_ep60_lr0p01_fr0p25_kd0p5_t3p0_self2p5/metrics/social_results.csv,cifar100_4agent_25cls_hetero4arch_ipc10_guardian_vgg_dense_ep60_lr0p01_fr0p25_kd0p5_t3p0_self2p5,2,vgg,"50,51,52,53,54,55,56,57,58,59,60,61,62,63,64,65,66,67,68,69,70,71,72,73,74",dsdm,DSDM_LOGIT,expert,,,true,0.25,true,direct,false,0.0,0.5,3.0,10,,750,150000,0,16.08,64.32,25.18,17.52,27.733333333333334,46.8,0.036466699093580246,0.7739807963371277,0.6877577304840088,0.6877577304840088,0.0,2026-07-06T16:31:13,
pipeline_social_results,outputs/cifar100_4agent_25cls_hetero4arch_ipc10_guardian_vgg_dense_ep60_lr0p01_fr0p25_kd0p5_t3p0_self3p0/metrics/social_results.csv,cifar100_4agent_25cls_hetero4arch_ipc10_guardian_vgg_dense_ep60_lr0p01_fr0p25_kd0p5_t3p0_self3p0,2,vgg,"50,51,52,53,54,55,56,57,58,59,60,61,62,63,64,65,66,67,68,69,70,71,72,73,74",dsdm,DSDM_LOGIT,expert,,,true,0.25,true,direct,false,0.0,0.5,3.0,10,,750,150000,0,16.08,64.32,25.09,19.16,27.066666666666666,45.16,0.08015783131122589,0.8595322966575623,0.9386582374572754,0.9386582374572754,0.0,2026-07-06T14:49:09,
pipeline_social_results,outputs/cifar100_4agent_25cls_hetero4arch_ipc10_guardian_vgg_dense_ep60_lr0p01_fr0p25_kd0p5_t3p0_self4p0/metrics/social_results.csv,cifar100_4agent_25cls_hetero4arch_ipc10_guardian_vgg_dense_ep60_lr0p01_fr0p25_kd0p5_t3p0_self4p0,2,vgg,"50,51,52,53,54,55,56,57,58,59,60,61,62,63,64,65,66,67,68,69,70,71,72,73,74",dsdm,DSDM_LOGIT,expert,,,true,0.25,true,direct,false,0.0,0.5,3.0,10,,750,150000,0,16.08,64.32,26.61,23.44,27.666666666666668,40.879999999999995,0.04112355411052704,0.8683964014053345,0.8762991428375244,0.8762991428375244,0.0,2026-07-06T15:40:05,
pipeline_social_results,outputs/cifar100_4agent_25cls_hetero4arch_ipc10_guardian_vgg_dense_ep60_lr0p01_fr0p25_kd0p5_t4p0_self2p5/metrics/social_results.csv,cifar100_4agent_25cls_hetero4arch_ipc10_guardian_vgg_dense_ep60_lr0p01_fr0p25_kd0p5_t4p0_self2p5,2,vgg,"50,51,52,53,54,55,56,57,58,59,60,61,62,63,64,65,66,67,68,69,70,71,72,73,74",dsdm,DSDM_LOGIT,expert,,,true,0.25,true,direct,false,0.0,0.5,4.0,10,,750,150000,0,16.08,64.32,25.79,20.4,27.586666666666666,43.919999999999995,0.040407098829746246,0.7343255877494812,0.8756994009017944,0.8756994009017944,0.0,2026-07-06T16:32:47,
pipeline_social_results,outputs/cifar100_4agent_25cls_hetero4arch_ipc10_guardian_vgg_dense_ep60_lr0p01_fr0p25_kd0p5_t4p0_self3p0/metrics/social_results.csv,cifar100_4agent_25cls_hetero4arch_ipc10_guardian_vgg_dense_ep60_lr0p01_fr0p25_kd0p5_t4p0_self3p0,2,vgg,"50,51,52,53,54,55,56,57,58,59,60,61,62,63,64,65,66,67,68,69,70,71,72,73,74",dsdm,DSDM_LOGIT,expert,,,true,0.25,true,direct,false,0.0,0.5,4.0,10,,750,150000,0,16.08,64.32,26.54,21.68,28.16,42.63999999999999,0.1630069613456726,0.8231959342956543,1.142025351524353,1.142025351524353,0.0,2026-07-06T14:50:42,
pipeline_social_results,outputs/cifar100_4agent_25cls_hetero4arch_ipc10_guardian_vgg_dense_ep60_lr0p01_fr0p25_kd0p5_t4p0_self4p0/metrics/social_results.csv,cifar100_4agent_25cls_hetero4arch_ipc10_guardian_vgg_dense_ep60_lr0p01_fr0p25_kd0p5_t4p0_self4p0,2,vgg,"50,51,52,53,54,55,56,57,58,59,60,61,62,63,64,65,66,67,68,69,70,71,72,73,74",dsdm,DSDM_LOGIT,expert,,,true,0.25,true,direct,false,0.0,0.5,4.0,10,,750,150000,0,16.08,64.32,26.97,22.92,28.32,41.39999999999999,0.14052215218544006,0.7068034410476685,0.9554982781410217,0.9554982781410217,0.0,2026-07-06T15:41:38,
pipeline_social_results,outputs/cifar100_4agent_25cls_hetero4arch_ipc10_guardian_vgg_dense_ep60_lr0p01_fr0p25_kd0p6_t3p0_self2p5/metrics/social_results.csv,cifar100_4agent_25cls_hetero4arch_ipc10_guardian_vgg_dense_ep60_lr0p01_fr0p25_kd0p6_t3p0_self2p5,2,vgg,"50,51,52,53,54,55,56,57,58,59,60,61,62,63,64,65,66,67,68,69,70,71,72,73,74",dsdm,DSDM_LOGIT,expert,,,true,0.25,true,direct,false,0.0,0.6,3.0,10,,750,150000,0,16.08,64.32,25.73,18.72,28.066666666666666,45.599999999999994,0.0959283858537674,1.0510201454162598,0.5930984616279602,0.5930984616279602,0.0,2026-07-06T16:37:32,
pipeline_social_results,outputs/cifar100_4agent_25cls_hetero4arch_ipc10_guardian_vgg_dense_ep60_lr0p01_fr0p25_kd0p6_t3p0_self3p0/metrics/social_results.csv,cifar100_4agent_25cls_hetero4arch_ipc10_guardian_vgg_dense_ep60_lr0p01_fr0p25_kd0p6_t3p0_self3p0,2,vgg,"50,51,52,53,54,55,56,57,58,59,60,61,62,63,64,65,66,67,68,69,70,71,72,73,74",dsdm,DSDM_LOGIT,expert,,,true,0.25,true,direct,false,0.0,0.6,3.0,10,,750,150000,0,16.08,64.32,25.84,20.24,27.706666666666667,44.08,0.052927274256944656,0.949230968952179,0.7156503200531006,0.7156503200531006,0.0,2026-07-06T14:55:26,
pipeline_social_results,outputs/cifar100_4agent_25cls_hetero4arch_ipc10_guardian_vgg_dense_ep60_lr0p01_fr0p25_kd0p6_t3p0_self4p0/metrics/social_results.csv,cifar100_4agent_25cls_hetero4arch_ipc10_guardian_vgg_dense_ep60_lr0p01_fr0p25_kd0p6_t3p0_self4p0,2,vgg,"50,51,52,53,54,55,56,57,58,59,60,61,62,63,64,65,66,67,68,69,70,71,72,73,74",dsdm,DSDM_LOGIT,expert,,,true,0.25,true,direct,false,0.0,0.6,3.0,10,,750,150000,0,16.08,64.32,26.58,22.32,28.0,41.99999999999999,0.4275967478752136,0.7745243310928345,1.0069880485534668,1.0069880485534668,0.0,2026-07-06T15:46:25,
pipeline_social_results,outputs/cifar100_4agent_25cls_hetero4arch_ipc10_guardian_vgg_dense_ep60_lr0p01_fr0p25_kd0p6_t4p0_self2p5/metrics/social_results.csv,cifar100_4agent_25cls_hetero4arch_ipc10_guardian_vgg_dense_ep60_lr0p01_fr0p25_kd0p6_t4p0_self2p5,2,vgg,"50,51,52,53,54,55,56,57,58,59,60,61,62,63,64,65,66,67,68,69,70,71,72,73,74",dsdm,DSDM_LOGIT,expert,,,true,0.25,true,direct,false,0.0,0.6,4.0,10,,750,150000,0,16.08,64.32,25.23,17.92,27.666666666666668,46.39999999999999,0.12907657027244568,1.5199480056762695,0.9090501666069031,0.9090501666069031,0.0,2026-07-06T16:39:09,
pipeline_social_results,outputs/cifar100_4agent_25cls_hetero4arch_ipc10_guardian_vgg_dense_ep60_lr0p01_fr0p25_kd0p6_t4p0_self3p0/metrics/social_results.csv,cifar100_4agent_25cls_hetero4arch_ipc10_guardian_vgg_dense_ep60_lr0p01_fr0p25_kd0p6_t4p0_self3p0,2,vgg,"50,51,52,53,54,55,56,57,58,59,60,61,62,63,64,65,66,67,68,69,70,71,72,73,74",dsdm,DSDM_LOGIT,expert,,,true,0.25,true,direct,false,0.0,0.6,4.0,10,,750,150000,0,16.08,64.32,25.73,20.64,27.426666666666666,43.67999999999999,0.07507555931806564,0.9521676301956177,1.1563477516174316,1.1563477516174316,0.0,2026-07-06T14:57:01,
pipeline_social_results,outputs/cifar100_4agent_25cls_hetero4arch_ipc10_guardian_vgg_dense_ep60_lr0p01_fr0p25_kd0p6_t4p0_self4p0/metrics/social_results.csv,cifar100_4agent_25cls_hetero4arch_ipc10_guardian_vgg_dense_ep60_lr0p01_fr0p25_kd0p6_t4p0_self4p0,2,vgg,"50,51,52,53,54,55,56,57,58,59,60,61,62,63,64,65,66,67,68,69,70,71,72,73,74",dsdm,DSDM_LOGIT,expert,,,true,0.25,true,direct,false,0.0,0.6,4.0,10,,750,150000,0,16.08,64.32,26.15,21.48,27.706666666666667,42.83999999999999,0.11281022429466248,0.8204109072685242,0.8717873692512512,0.8717873692512512,0.0,2026-07-06T15:47:58,
pipeline_social_results,outputs/cifar100_4agent_25cls_hetero4arch_ipc10_guardian_vgg_dense_ep60_lr0p01_fr0p35_kd0p3_t3p0_self2p5/metrics/social_results.csv,cifar100_4agent_25cls_hetero4arch_ipc10_guardian_vgg_dense_ep60_lr0p01_fr0p35_kd0p3_t3p0_self2p5,2,vgg,"50,51,52,53,54,55,56,57,58,59,60,61,62,63,64,65,66,67,68,69,70,71,72,73,74",dsdm,DSDM_LOGIT,expert,,,true,0.35,true,direct,false,0.0,0.3,3.0,10,,750,150000,0,16.08,64.32,24.9,20.16,26.48,44.16,0.040147844702005386,0.9624674916267395,0.786906361579895,0.786906361579895,0.0,2026-07-06T17:06:13,
pipeline_social_results,outputs/cifar100_4agent_25cls_hetero4arch_ipc10_guardian_vgg_dense_ep60_lr0p01_fr0p35_kd0p3_t3p0_self3p0/metrics/social_results.csv,cifar100_4agent_25cls_hetero4arch_ipc10_guardian_vgg_dense_ep60_lr0p01_fr0p35_kd0p3_t3p0_self3p0,2,vgg,"50,51,52,53,54,55,56,57,58,59,60,61,62,63,64,65,66,67,68,69,70,71,72,73,74",dsdm,DSDM_LOGIT,expert,,,true,0.35,true,direct,false,0.0,0.3,3.0,10,,750,150000,0,16.08,64.32,24.32,19.48,25.933333333333334,44.83999999999999,0.021907873451709747,1.2085702419281006,1.0036293268203735,1.0036293268203735,0.0,2026-07-06T15:24:12,
pipeline_social_results,outputs/cifar100_4agent_25cls_hetero4arch_ipc10_guardian_vgg_dense_ep60_lr0p01_fr0p35_kd0p3_t3p0_self4p0/metrics/social_results.csv,cifar100_4agent_25cls_hetero4arch_ipc10_guardian_vgg_dense_ep60_lr0p01_fr0p35_kd0p3_t3p0_self4p0,2,vgg,"50,51,52,53,54,55,56,57,58,59,60,61,62,63,64,65,66,67,68,69,70,71,72,73,74",dsdm,DSDM_LOGIT,expert,,,true,0.35,true,direct,false,0.0,0.3,3.0,10,,750,150000,0,16.08,64.32,24.93,19.88,26.613333333333333,44.44,0.12937156856060028,0.6059039235115051,1.0399196147918701,1.0399196147918701,0.0,2026-07-06T16:15:08,
pipeline_social_results,outputs/cifar100_4agent_25cls_hetero4arch_ipc10_guardian_vgg_dense_ep60_lr0p01_fr0p35_kd0p3_t4p0_self2p5/metrics/social_results.csv,cifar100_4agent_25cls_hetero4arch_ipc10_guardian_vgg_dense_ep60_lr0p01_fr0p35_kd0p3_t4p0_self2p5,2,vgg,"50,51,52,53,54,55,56,57,58,59,60,61,62,63,64,65,66,67,68,69,70,71,72,73,74",dsdm,DSDM_LOGIT,expert,,,true,0.35,true,direct,false,0.0,0.3,4.0,10,,750,150000,0,16.08,64.32,24.95,17.44,27.453333333333333,46.879999999999995,0.04114887863397598,0.766794741153717,1.1731598377227783,1.1731598377227783,0.0,2026-07-06T17:07:48,
pipeline_social_results,outputs/cifar100_4agent_25cls_hetero4arch_ipc10_guardian_vgg_dense_ep60_lr0p01_fr0p35_kd0p3_t4p0_self3p0/metrics/social_results.csv,cifar100_4agent_25cls_hetero4arch_ipc10_guardian_vgg_dense_ep60_lr0p01_fr0p35_kd0p3_t4p0_self3p0,2,vgg,"50,51,52,53,54,55,56,57,58,59,60,61,62,63,64,65,66,67,68,69,70,71,72,73,74",dsdm,DSDM_LOGIT,expert,,,true,0.35,true,direct,false,0.0,0.3,4.0,10,,750,150000,0,16.08,64.32,25.03,19.48,26.88,44.83999999999999,0.029930898919701576,0.7018225193023682,1.3258355855941772,1.3258355855941772,0.0,2026-07-06T15:25:49,
pipeline_social_results,outputs/cifar100_4agent_25cls_hetero4arch_ipc10_guardian_vgg_dense_ep60_lr0p01_fr0p35_kd0p3_t4p0_self4p0/metrics/social_results.csv,cifar100_4agent_25cls_hetero4arch_ipc10_guardian_vgg_dense_ep60_lr0p01_fr0p35_kd0p3_t4p0_self4p0,2,vgg,"50,51,52,53,54,55,56,57,58,59,60,61,62,63,64,65,66,67,68,69,70,71,72,73,74",dsdm,DSDM_LOGIT,expert,,,true,0.35,true,direct,false,0.0,0.3,4.0,10,,750,150000,0,16.08,64.32,25.76,21.68,27.12,42.63999999999999,0.044043801724910736,0.7434062361717224,1.2359155416488647,1.2359155416488647,0.0,2026-07-06T16:16:46,
pipeline_social_results,outputs/cifar100_4agent_25cls_hetero4arch_ipc10_guardian_vgg_dense_ep60_lr0p01_fr0p35_kd0p4_t3p0_self2p5/metrics/social_results.csv,cifar100_4agent_25cls_hetero4arch_ipc10_guardian_vgg_dense_ep60_lr0p01_fr0p35_kd0p4_t3p0_self2p5,2,vgg,"50,51,52,53,54,55,56,57,58,59,60,61,62,63,64,65,66,67,68,69,70,71,72,73,74",dsdm,DSDM_LOGIT,expert,,,true,0.35,true,direct,false,0.0,0.4,3.0,10,,750,150000,0,16.08,64.32,24.52,18.64,26.48,45.67999999999999,0.04085545986890793,1.5419232845306396,0.8846506476402283,0.8846506476402283,0.0,2026-07-06T16:59:57,
pipeline_social_results,outputs/cifar100_4agent_25cls_hetero4arch_ipc10_guardian_vgg_dense_ep60_lr0p01_fr0p35_kd0p4_t3p0_self3p0/metrics/social_results.csv,cifar100_4agent_25cls_hetero4arch_ipc10_guardian_vgg_dense_ep60_lr0p01_fr0p35_kd0p4_t3p0_self3p0,2,vgg,"50,51,52,53,54,55,56,57,58,59,60,61,62,63,64,65,66,67,68,69,70,71,72,73,74",dsdm,DSDM_LOGIT,expert,,,true,0.35,true,direct,false,0.0,0.4,3.0,10,,750,150000,0,16.08,64.32,25.15,21.04,26.52,43.279999999999994,0.019296204671263695,0.7402732968330383,0.8615840673446655,0.8615840673446655,0.0,2026-07-06T15:17:50,
pipeline_social_results,outputs/cifar100_4agent_25cls_hetero4arch_ipc10_guardian_vgg_dense_ep60_lr0p01_fr0p35_kd0p4_t3p0_self4p0/metrics/social_results.csv,cifar100_4agent_25cls_hetero4arch_ipc10_guardian_vgg_dense_ep60_lr0p01_fr0p35_kd0p4_t3p0_self4p0,2,vgg,"50,51,52,53,54,55,56,57,58,59,60,61,62,63,64,65,66,67,68,69,70,71,72,73,74",dsdm,DSDM_LOGIT,expert,,,true,0.35,true,direct,false,0.0,0.4,3.0,10,,750,150000,0,16.08,64.32,25.37,21.36,26.706666666666667,42.959999999999994,0.05087865889072418,0.6378508806228638,0.8338607549667358,0.8338607549667358,0.0,2026-07-06T16:08:41,
pipeline_social_results,outputs/cifar100_4agent_25cls_hetero4arch_ipc10_guardian_vgg_dense_ep60_lr0p01_fr0p35_kd0p4_t4p0_self2p5/metrics/social_results.csv,cifar100_4agent_25cls_hetero4arch_ipc10_guardian_vgg_dense_ep60_lr0p01_fr0p35_kd0p4_t4p0_self2p5,2,vgg,"50,51,52,53,54,55,56,57,58,59,60,61,62,63,64,65,66,67,68,69,70,71,72,73,74",dsdm,DSDM_LOGIT,expert,,,true,0.35,true,direct,false,0.0,0.4,4.0,10,,750,150000,0,16.08,64.32,25.32,20.52,26.92,43.8,0.05231780558824539,0.6871582865715027,1.3959412574768066,1.3959412574768066,0.0,2026-07-06T17:01:30,
pipeline_social_results,outputs/cifar100_4agent_25cls_hetero4arch_ipc10_guardian_vgg_dense_ep60_lr0p01_fr0p35_kd0p4_t4p0_self3p0/metrics/social_results.csv,cifar100_4agent_25cls_hetero4arch_ipc10_guardian_vgg_dense_ep60_lr0p01_fr0p35_kd0p4_t4p0_self3p0,2,vgg,"50,51,52,53,54,55,56,57,58,59,60,61,62,63,64,65,66,67,68,69,70,71,72,73,74",dsdm,DSDM_LOGIT,expert,,,true,0.35,true,direct,false,0.0,0.4,4.0,10,,750,150000,0,16.08,64.32,25.04,20.0,26.72,44.31999999999999,0.045572709292173386,0.7128856778144836,0.9700700044631958,0.9700700044631958,0.0,2026-07-06T15:19:26,
pipeline_social_results,outputs/cifar100_4agent_25cls_hetero4arch_ipc10_guardian_vgg_dense_ep60_lr0p01_fr0p35_kd0p4_t4p0_self4p0/metrics/social_results.csv,cifar100_4agent_25cls_hetero4arch_ipc10_guardian_vgg_dense_ep60_lr0p01_fr0p35_kd0p4_t4p0_self4p0,2,vgg,"50,51,52,53,54,55,56,57,58,59,60,61,62,63,64,65,66,67,68,69,70,71,72,73,74",dsdm,DSDM_LOGIT,expert,,,true,0.35,true,direct,false,0.0,0.4,4.0,10,,750,150000,0,16.08,64.32,26.1,21.8,27.533333333333335,42.519999999999996,0.023956213146448135,0.6976006627082825,0.9019851088523865,0.9019851088523865,0.0,2026-07-06T16:10:17,
pipeline_social_results,outputs/cifar100_4agent_25cls_hetero4arch_ipc10_guardian_vgg_dense_ep60_lr0p01_fr0p35_kd0p5_t3p0_self2p5/metrics/social_results.csv,cifar100_4agent_25cls_hetero4arch_ipc10_guardian_vgg_dense_ep60_lr0p01_fr0p35_kd0p5_t3p0_self2p5,2,vgg,"50,51,52,53,54,55,56,57,58,59,60,61,62,63,64,65,66,67,68,69,70,71,72,73,74",dsdm,DSDM_LOGIT,expert,,,true,0.35,true,direct,false,0.0,0.5,3.0,10,,750,150000,0,16.08,64.32,25.22,20.72,26.72,43.599999999999994,0.053051743656396866,0.49978575110435486,0.5926524996757507,0.5926524996757507,0.0,2026-07-06T16:56:45,
pipeline_social_results,outputs/cifar100_4agent_25cls_hetero4arch_ipc10_guardian_vgg_dense_ep60_lr0p01_fr0p35_kd0p5_t3p0_self3p0/metrics/social_results.csv,cifar100_4agent_25cls_hetero4arch_ipc10_guardian_vgg_dense_ep60_lr0p01_fr0p35_kd0p5_t3p0_self3p0,2,vgg,"50,51,52,53,54,55,56,57,58,59,60,61,62,63,64,65,66,67,68,69,70,71,72,73,74",dsdm,DSDM_LOGIT,expert,,,true,0.35,true,direct,false,0.0,0.5,3.0,10,,750,150000,0,16.08,64.32,26.03,21.6,27.506666666666668,42.71999999999999,0.07019419968128204,1.1436290740966797,0.9120678305625916,0.9120678305625916,0.0,2026-07-06T15:14:42,
pipeline_social_results,outputs/cifar100_4agent_25cls_hetero4arch_ipc10_guardian_vgg_dense_ep60_lr0p01_fr0p35_kd0p5_t3p0_self4p0/metrics/social_results.csv,cifar100_4agent_25cls_hetero4arch_ipc10_guardian_vgg_dense_ep60_lr0p01_fr0p35_kd0p5_t3p0_self4p0,2,vgg,"50,51,52,53,54,55,56,57,58,59,60,61,62,63,64,65,66,67,68,69,70,71,72,73,74",dsdm,DSDM_LOGIT,expert,,,true,0.35,true,direct,false,0.0,0.5,3.0,10,,750,150000,0,16.08,64.32,26.17,23.96,26.906666666666666,40.35999999999999,0.12233515828847885,1.075939655303955,0.6159434914588928,0.6159434914588928,0.0,2026-07-06T16:05:29,
pipeline_social_results,outputs/cifar100_4agent_25cls_hetero4arch_ipc10_guardian_vgg_dense_ep60_lr0p01_fr0p35_kd0p5_t4p0_self2p5/metrics/social_results.csv,cifar100_4agent_25cls_hetero4arch_ipc10_guardian_vgg_dense_ep60_lr0p01_fr0p35_kd0p5_t4p0_self2p5,2,vgg,"50,51,52,53,54,55,56,57,58,59,60,61,62,63,64,65,66,67,68,69,70,71,72,73,74",dsdm,DSDM_LOGIT,expert,,,true,0.35,true,direct,false,0.0,0.5,4.0,10,,750,150000,0,16.08,64.32,25.19,19.12,27.213333333333335,45.19999999999999,0.11617159843444824,1.0255788564682007,1.206873893737793,1.206873893737793,0.0,2026-07-06T16:58:20,
pipeline_social_results,outputs/cifar100_4agent_25cls_hetero4arch_ipc10_guardian_vgg_dense_ep60_lr0p01_fr0p35_kd0p5_t4p0_self3p0/metrics/social_results.csv,cifar100_4agent_25cls_hetero4arch_ipc10_guardian_vgg_dense_ep60_lr0p01_fr0p35_kd0p5_t4p0_self3p0,2,vgg,"50,51,52,53,54,55,56,57,58,59,60,61,62,63,64,65,66,67,68,69,70,71,72,73,74",dsdm,DSDM_LOGIT,expert,,,true,0.35,true,direct,false,0.0,0.5,4.0,10,,750,150000,0,16.08,64.32,25.77,20.24,27.613333333333333,44.08,0.07505790889263153,2.220226764678955,1.1309102773666382,1.1309102773666382,0.0,2026-07-06T15:16:18,
pipeline_social_results,outputs/cifar100_4agent_25cls_hetero4arch_ipc10_guardian_vgg_dense_ep60_lr0p01_fr0p35_kd0p5_t4p0_self4p0/metrics/social_results.csv,cifar100_4agent_25cls_hetero4arch_ipc10_guardian_vgg_dense_ep60_lr0p01_fr0p35_kd0p5_t4p0_self4p0,2,vgg,"50,51,52,53,54,55,56,57,58,59,60,61,62,63,64,65,66,67,68,69,70,71,72,73,74",dsdm,DSDM_LOGIT,expert,,,true,0.35,true,direct,false,0.0,0.5,4.0,10,,750,150000,0,16.08,64.32,25.93,21.04,27.56,43.279999999999994,0.35997921228408813,1.236700177192688,1.3826196193695068,1.3826196193695068,0.0,2026-07-06T16:07:07,
pipeline_social_results,outputs/cifar100_4agent_25cls_hetero4arch_ipc10_guardian_vgg_dense_ep60_lr0p01_fr0p35_kd0p6_t3p0_self2p5/metrics/social_results.csv,cifar100_4agent_25cls_hetero4arch_ipc10_guardian_vgg_dense_ep60_lr0p01_fr0p35_kd0p6_t3p0_self2p5,2,vgg,"50,51,52,53,54,55,56,57,58,59,60,61,62,63,64,65,66,67,68,69,70,71,72,73,74",dsdm,DSDM_LOGIT,expert,,,true,0.35,true,direct,false,0.0,0.6,3.0,10,,750,150000,0,16.08,64.32,24.97,19.8,26.69333333333333,44.519999999999996,0.07889854162931442,0.8518131971359253,0.7055796980857849,0.7055796980857849,0.0,2026-07-06T17:03:05,
pipeline_social_results,outputs/cifar100_4agent_25cls_hetero4arch_ipc10_guardian_vgg_dense_ep60_lr0p01_fr0p35_kd0p6_t3p0_self3p0/metrics/social_results.csv,cifar100_4agent_25cls_hetero4arch_ipc10_guardian_vgg_dense_ep60_lr0p01_fr0p35_kd0p6_t3p0_self3p0,2,vgg,"50,51,52,53,54,55,56,57,58,59,60,61,62,63,64,65,66,67,68,69,70,71,72,73,74",dsdm,DSDM_LOGIT,expert,,,true,0.35,true,direct,false,0.0,0.6,3.0,10,,750,150000,0,16.08,64.32,26.24,22.48,27.493333333333332,41.83999999999999,0.10997436195611954,0.8405795097351074,0.7767643332481384,0.7767643332481384,0.0,2026-07-06T15:21:03,
pipeline_social_results,outputs/cifar100_4agent_25cls_hetero4arch_ipc10_guardian_vgg_dense_ep60_lr0p01_fr0p35_kd0p6_t3p0_self4p0/metrics/social_results.csv,cifar100_4agent_25cls_hetero4arch_ipc10_guardian_vgg_dense_ep60_lr0p01_fr0p35_kd0p6_t3p0_self4p0,2,vgg,"50,51,52,53,54,55,56,57,58,59,60,61,62,63,64,65,66,67,68,69,70,71,72,73,74",dsdm,DSDM_LOGIT,expert,,,true,0.35,true,direct,false,0.0,0.6,3.0,10,,750,150000,0,16.08,64.32,26.17,22.68,27.333333333333332,41.63999999999999,0.08618544042110443,0.5753645896911621,0.6304694414138794,0.6304694414138794,0.0,2026-07-06T16:11:55,
pipeline_social_results,outputs/cifar100_4agent_25cls_hetero4arch_ipc10_guardian_vgg_dense_ep60_lr0p01_fr0p35_kd0p6_t4p0_self2p5/metrics/social_results.csv,cifar100_4agent_25cls_hetero4arch_ipc10_guardian_vgg_dense_ep60_lr0p01_fr0p35_kd0p6_t4p0_self2p5,2,vgg,"50,51,52,53,54,55,56,57,58,59,60,61,62,63,64,65,66,67,68,69,70,71,72,73,74",dsdm,DSDM_LOGIT,expert,,,true,0.35,true,direct,false,0.0,0.6,4.0,10,,750,150000,0,16.08,64.32,26.42,20.24,28.48,44.08,0.04284043610095978,0.9747740626335144,0.8382101655006409,0.8382101655006409,0.0,2026-07-06T17:04:42,
pipeline_social_results,outputs/cifar100_4agent_25cls_hetero4arch_ipc10_guardian_vgg_dense_ep60_lr0p01_fr0p35_kd0p6_t4p0_self3p0/metrics/social_results.csv,cifar100_4agent_25cls_hetero4arch_ipc10_guardian_vgg_dense_ep60_lr0p01_fr0p35_kd0p6_t4p0_self3p0,2,vgg,"50,51,52,53,54,55,56,57,58,59,60,61,62,63,64,65,66,67,68,69,70,71,72,73,74",dsdm,DSDM_LOGIT,expert,,,true,0.35,true,direct,false,0.0,0.6,4.0,10,,750,150000,0,16.08,64.32,26.04,20.08,28.026666666666667,44.239999999999995,0.031471867114305496,0.8118156790733337,1.2343785762786865,1.2343785762786865,0.0,2026-07-06T15:22:35,
pipeline_social_results,outputs/cifar100_4agent_25cls_hetero4arch_ipc10_guardian_vgg_dense_ep60_lr0p01_fr0p35_kd0p6_t4p0_self4p0/metrics/social_results.csv,cifar100_4agent_25cls_hetero4arch_ipc10_guardian_vgg_dense_ep60_lr0p01_fr0p35_kd0p6_t4p0_self4p0,2,vgg,"50,51,52,53,54,55,56,57,58,59,60,61,62,63,64,65,66,67,68,69,70,71,72,73,74",dsdm,DSDM_LOGIT,expert,,,true,0.35,true,direct,false,0.0,0.6,4.0,10,,750,150000,0,16.08,64.32,26.66,23.2,27.813333333333333,41.11999999999999,0.097943514585495,0.8027018904685974,0.9323327541351318,0.9323327541351318,0.0,2026-07-06T16:13:32,
pipeline_social_results,outputs/cifar100_4agent_25cls_hetero4arch_ipc10_guardian_vgg_dense_ep60_lr0p01_fr0p3_kd0p3_t3p0_self2p5/metrics/social_results.csv,cifar100_4agent_25cls_hetero4arch_ipc10_guardian_vgg_dense_ep60_lr0p01_fr0p3_kd0p3_t3p0_self2p5,2,vgg,"50,51,52,53,54,55,56,57,58,59,60,61,62,63,64,65,66,67,68,69,70,71,72,73,74",dsdm,DSDM_LOGIT,expert,,,true,0.3,true,direct,false,0.0,0.3,3.0,10,,750,150000,0,16.08,64.32,23.81,18.48,25.586666666666666,45.83999999999999,0.0787566602230072,0.6670101881027222,0.7211635708808899,0.7211635708808899,0.0,2026-07-06T16:53:32,
pipeline_social_results,outputs/cifar100_4agent_25cls_hetero4arch_ipc10_guardian_vgg_dense_ep60_lr0p01_fr0p3_kd0p3_t3p0_self3p0/metrics/social_results.csv,cifar100_4agent_25cls_hetero4arch_ipc10_guardian_vgg_dense_ep60_lr0p01_fr0p3_kd0p3_t3p0_self3p0,2,vgg,"50,51,52,53,54,55,56,57,58,59,60,61,62,63,64,65,66,67,68,69,70,71,72,73,74",dsdm,DSDM_LOGIT,expert,,,true,0.3,true,direct,false,0.0,0.3,3.0,10,,750,150000,0,16.08,64.32,24.66,19.52,26.373333333333335,44.8,0.055333659052848816,0.6855824589729309,0.8244835138320923,0.8244835138320923,0.0,2026-07-06T15:11:29,
pipeline_social_results,outputs/cifar100_4agent_25cls_hetero4arch_ipc10_guardian_vgg_dense_ep60_lr0p01_fr0p3_kd0p3_t3p0_self4p0/metrics/social_results.csv,cifar100_4agent_25cls_hetero4arch_ipc10_guardian_vgg_dense_ep60_lr0p01_fr0p3_kd0p3_t3p0_self4p0,2,vgg,"50,51,52,53,54,55,56,57,58,59,60,61,62,63,64,65,66,67,68,69,70,71,72,73,74",dsdm,DSDM_LOGIT,expert,,,true,0.3,true,direct,false,0.0,0.3,3.0,10,,750,150000,0,16.08,64.32,24.69,19.0,26.586666666666666,45.31999999999999,0.04313645511865616,1.1676983833312988,0.9718031287193298,0.9718031287193298,0.0,2026-07-06T16:02:17,
pipeline_social_results,outputs/cifar100_4agent_25cls_hetero4arch_ipc10_guardian_vgg_dense_ep60_lr0p01_fr0p3_kd0p3_t4p0_self2p5/metrics/social_results.csv,cifar100_4agent_25cls_hetero4arch_ipc10_guardian_vgg_dense_ep60_lr0p01_fr0p3_kd0p3_t4p0_self2p5,2,vgg,"50,51,52,53,54,55,56,57,58,59,60,61,62,63,64,65,66,67,68,69,70,71,72,73,74",dsdm,DSDM_LOGIT,expert,,,true,0.3,true,direct,false,0.0,0.3,4.0,10,,750,150000,0,16.08,64.32,24.33,18.24,26.36,46.08,0.01929624006152153,1.2581877708435059,1.1069715023040771,1.1069715023040771,0.0,2026-07-06T16:55:09,
pipeline_social_results,outputs/cifar100_4agent_25cls_hetero4arch_ipc10_guardian_vgg_dense_ep60_lr0p01_fr0p3_kd0p3_t4p0_self3p0/metrics/social_results.csv,cifar100_4agent_25cls_hetero4arch_ipc10_guardian_vgg_dense_ep60_lr0p01_fr0p3_kd0p3_t4p0_self3p0,2,vgg,"50,51,52,53,54,55,56,57,58,59,60,61,62,63,64,65,66,67,68,69,70,71,72,73,74",dsdm,DSDM_LOGIT,expert,,,true,0.3,true,direct,false,0.0,0.3,4.0,10,,750,150000,0,16.08,64.32,25.46,20.92,26.973333333333333,43.39999999999999,0.0507475845515728,0.6772439479827881,1.3062301874160767,1.3062301874160767,0.0,2026-07-06T15:13:06,
pipeline_social_results,outputs/cifar100_4agent_25cls_hetero4arch_ipc10_guardian_vgg_dense_ep60_lr0p01_fr0p3_kd0p3_t4p0_self4p0/metrics/social_results.csv,cifar100_4agent_25cls_hetero4arch_ipc10_guardian_vgg_dense_ep60_lr0p01_fr0p3_kd0p3_t4p0_self4p0,2,vgg,"50,51,52,53,54,55,56,57,58,59,60,61,62,63,64,65,66,67,68,69,70,71,72,73,74",dsdm,DSDM_LOGIT,expert,,,true,0.3,true,direct,false,0.0,0.3,4.0,10,,750,150000,0,16.08,64.32,26.04,22.04,27.373333333333335,42.279999999999994,0.023527853190898895,0.9157482981681824,1.2090100049972534,1.2090100049972534,0.0,2026-07-06T16:03:55,
pipeline_social_results,outputs/cifar100_4agent_25cls_hetero4arch_ipc10_guardian_vgg_dense_ep60_lr0p01_fr0p3_kd0p4_t3p0_self2p5/metrics/social_results.csv,cifar100_4agent_25cls_hetero4arch_ipc10_guardian_vgg_dense_ep60_lr0p01_fr0p3_kd0p4_t3p0_self2p5,2,vgg,"50,51,52,53,54,55,56,57,58,59,60,61,62,63,64,65,66,67,68,69,70,71,72,73,74",dsdm,DSDM_LOGIT,expert,,,true,0.3,true,direct,false,0.0,0.4,3.0,10,,750,150000,0,16.08,64.32,25.23,20.44,26.826666666666668,43.879999999999995,0.034731458872556686,0.8161619901657104,0.6177743673324585,0.6177743673324585,0.0,2026-07-06T16:47:10,
pipeline_social_results,outputs/cifar100_4agent_25cls_hetero4arch_ipc10_guardian_vgg_dense_ep60_lr0p01_fr0p3_kd0p4_t3p0_self3p0/metrics/social_results.csv,cifar100_4agent_25cls_hetero4arch_ipc10_guardian_vgg_dense_ep60_lr0p01_fr0p3_kd0p4_t3p0_self3p0,2,vgg,"50,51,52,53,54,55,56,57,58,59,60,61,62,63,64,65,66,67,68,69,70,71,72,73,74",dsdm,DSDM_LOGIT,expert,,,true,0.3,true,direct,false,0.0,0.4,3.0,10,,750,150000,0,16.08,64.32,25.33,20.52,26.933333333333334,43.8,0.04721957817673683,0.792872428894043,0.9085425138473511,0.9085425138473511,0.0,2026-07-06T15:05:03,
pipeline_social_results,outputs/cifar100_4agent_25cls_hetero4arch_ipc10_guardian_vgg_dense_ep60_lr0p01_fr0p3_kd0p4_t3p0_self4p0/metrics/social_results.csv,cifar100_4agent_25cls_hetero4arch_ipc10_guardian_vgg_dense_ep60_lr0p01_fr0p3_kd0p4_t3p0_self4p0,2,vgg,"50,51,52,53,54,55,56,57,58,59,60,61,62,63,64,65,66,67,68,69,70,71,72,73,74",dsdm,DSDM_LOGIT,expert,,,true,0.3,true,direct,false,0.0,0.4,3.0,10,,750,150000,0,16.08,64.32,26.11,21.4,27.68,42.919999999999995,0.13782231509685516,0.9176517724990845,1.042027235031128,1.042027235031128,0.0,2026-07-06T15:55:53,
pipeline_social_results,outputs/cifar100_4agent_25cls_hetero4arch_ipc10_guardian_vgg_dense_ep60_lr0p01_fr0p3_kd0p4_t4p0_self2p5/metrics/social_results.csv,cifar100_4agent_25cls_hetero4arch_ipc10_guardian_vgg_dense_ep60_lr0p01_fr0p3_kd0p4_t4p0_self2p5,2,vgg,"50,51,52,53,54,55,56,57,58,59,60,61,62,63,64,65,66,67,68,69,70,71,72,73,74",dsdm,DSDM_LOGIT,expert,,,true,0.3,true,direct,false,0.0,0.4,4.0,10,,750,150000,0,16.08,64.32,25.35,19.48,27.30666666666667,44.83999999999999,0.06228769198060036,0.6641054153442383,1.0908793210983276,1.0908793210983276,0.0,2026-07-06T16:48:46,
pipeline_social_results,outputs/cifar100_4agent_25cls_hetero4arch_ipc10_guardian_vgg_dense_ep60_lr0p01_fr0p3_kd0p4_t4p0_self3p0/metrics/social_results.csv,cifar100_4agent_25cls_hetero4arch_ipc10_guardian_vgg_dense_ep60_lr0p01_fr0p3_kd0p4_t4p0_self3p0,2,vgg,"50,51,52,53,54,55,56,57,58,59,60,61,62,63,64,65,66,67,68,69,70,71,72,73,74",dsdm,DSDM_LOGIT,expert,,,true,0.3,true,direct,false,0.0,0.4,4.0,10,,750,150000,0,16.08,64.32,26.02,20.68,27.8,43.63999999999999,0.0832420364022255,0.7059993147850037,0.9851705431938171,0.9851705431938171,0.0,2026-07-06T15:06:40,
pipeline_social_results,outputs/cifar100_4agent_25cls_hetero4arch_ipc10_guardian_vgg_dense_ep60_lr0p01_fr0p3_kd0p4_t4p0_self4p0/metrics/social_results.csv,cifar100_4agent_25cls_hetero4arch_ipc10_guardian_vgg_dense_ep60_lr0p01_fr0p3_kd0p4_t4p0_self4p0,2,vgg,"50,51,52,53,54,55,56,57,58,59,60,61,62,63,64,65,66,67,68,69,70,71,72,73,74",dsdm,DSDM_LOGIT,expert,,,true,0.3,true,direct,false,0.0,0.4,4.0,10,,750,150000,0,16.08,64.32,26.24,21.16,27.933333333333334,43.16,0.037931282073259354,1.499720573425293,1.0452182292938232,1.0452182292938232,0.0,2026-07-06T15:57:27,
pipeline_social_results,outputs/cifar100_4agent_25cls_hetero4arch_ipc10_guardian_vgg_dense_ep60_lr0p01_fr0p3_kd0p5_t3p0_self2p5/metrics/social_results.csv,cifar100_4agent_25cls_hetero4arch_ipc10_guardian_vgg_dense_ep60_lr0p01_fr0p3_kd0p5_t3p0_self2p5,2,vgg,"50,51,52,53,54,55,56,57,58,59,60,61,62,63,64,65,66,67,68,69,70,71,72,73,74",dsdm,DSDM_LOGIT,expert,,,true,0.3,true,direct,false,0.0,0.5,3.0,10,,750,150000,0,16.08,64.32,25.08,19.36,26.986666666666668,44.959999999999994,0.0938505157828331,0.9989373087882996,0.7971842885017395,0.7971842885017395,0.0,2026-07-06T16:43:57,
pipeline_social_results,outputs/cifar100_4agent_25cls_hetero4arch_ipc10_guardian_vgg_dense_ep60_lr0p01_fr0p3_kd0p5_t3p0_self3p0/metrics/social_results.csv,cifar100_4agent_25cls_hetero4arch_ipc10_guardian_vgg_dense_ep60_lr0p01_fr0p3_kd0p5_t3p0_self3p0,2,vgg,"50,51,52,53,54,55,56,57,58,59,60,61,62,63,64,65,66,67,68,69,70,71,72,73,74",dsdm,DSDM_LOGIT,expert,,,true,0.3,true,direct,false,0.0,0.5,3.0,10,,750,150000,0,16.08,64.32,25.54,20.48,27.226666666666667,43.83999999999999,0.061569809913635254,0.6905993223190308,0.7810083627700806,0.7810083627700806,0.0,2026-07-06T15:01:51,
pipeline_social_results,outputs/cifar100_4agent_25cls_hetero4arch_ipc10_guardian_vgg_dense_ep60_lr0p01_fr0p3_kd0p5_t3p0_self4p0/metrics/social_results.csv,cifar100_4agent_25cls_hetero4arch_ipc10_guardian_vgg_dense_ep60_lr0p01_fr0p3_kd0p5_t3p0_self4p0,2,vgg,"50,51,52,53,54,55,56,57,58,59,60,61,62,63,64,65,66,67,68,69,70,71,72,73,74",dsdm,DSDM_LOGIT,expert,,,true,0.3,true,direct,false,0.0,0.5,3.0,10,,750,150000,0,16.08,64.32,26.07,22.32,27.32,41.99999999999999,0.14387677609920502,0.7585683465003967,0.8863375782966614,0.8863375782966614,0.0,2026-07-06T15:52:43,
pipeline_social_results,outputs/cifar100_4agent_25cls_hetero4arch_ipc10_guardian_vgg_dense_ep60_lr0p01_fr0p3_kd0p5_t4p0_self2p5/metrics/social_results.csv,cifar100_4agent_25cls_hetero4arch_ipc10_guardian_vgg_dense_ep60_lr0p01_fr0p3_kd0p5_t4p0_self2p5,2,vgg,"50,51,52,53,54,55,56,57,58,59,60,61,62,63,64,65,66,67,68,69,70,71,72,73,74",dsdm,DSDM_LOGIT,expert,,,true,0.3,true,direct,false,0.0,0.5,4.0,10,,750,150000,0,16.08,64.32,26.07,20.4,27.96,43.919999999999995,0.11292126774787903,0.7288989424705505,1.2522464990615845,1.2522464990615845,0.0,2026-07-06T16:45:33,
pipeline_social_results,outputs/cifar100_4agent_25cls_hetero4arch_ipc10_guardian_vgg_dense_ep60_lr0p01_fr0p3_kd0p5_t4p0_self3p0/metrics/social_results.csv,cifar100_4agent_25cls_hetero4arch_ipc10_guardian_vgg_dense_ep60_lr0p01_fr0p3_kd0p5_t4p0_self3p0,2,vgg,"50,51,52,53,54,55,56,57,58,59,60,61,62,63,64,65,66,67,68,69,70,71,72,73,74",dsdm,DSDM_LOGIT,expert,,,true,0.3,true,direct,false,0.0,0.5,4.0,10,,750,150000,0,16.08,64.32,25.19,18.72,27.346666666666668,45.599999999999994,0.21456991136074066,0.6782092452049255,1.2423796653747559,1.2423796653747559,0.0,2026-07-06T15:03:26,
pipeline_social_results,outputs/cifar100_4agent_25cls_hetero4arch_ipc10_guardian_vgg_dense_ep60_lr0p01_fr0p3_kd0p5_t4p0_self4p0/metrics/social_results.csv,cifar100_4agent_25cls_hetero4arch_ipc10_guardian_vgg_dense_ep60_lr0p01_fr0p3_kd0p5_t4p0_self4p0,2,vgg,"50,51,52,53,54,55,56,57,58,59,60,61,62,63,64,65,66,67,68,69,70,71,72,73,74",dsdm,DSDM_LOGIT,expert,,,true,0.3,true,direct,false,0.0,0.5,4.0,10,,750,150000,0,16.08,64.32,27.21,23.76,28.36,40.55999999999999,0.06813696771860123,0.8336223363876343,1.1467604637145996,1.1467604637145996,0.0,2026-07-06T15:54:18,
pipeline_social_results,outputs/cifar100_4agent_25cls_hetero4arch_ipc10_guardian_vgg_dense_ep60_lr0p01_fr0p3_kd0p6_t3p0_self2p5/metrics/social_results.csv,cifar100_4agent_25cls_hetero4arch_ipc10_guardian_vgg_dense_ep60_lr0p01_fr0p3_kd0p6_t3p0_self2p5,2,vgg,"50,51,52,53,54,55,56,57,58,59,60,61,62,63,64,65,66,67,68,69,70,71,72,73,74",dsdm,DSDM_LOGIT,expert,,,true,0.3,true,direct,false,0.0,0.6,3.0,10,,750,150000,0,16.08,64.32,25.45,19.2,27.533333333333335,45.11999999999999,0.021289590746164322,0.7727326154708862,0.5968982577323914,0.5968982577323914,0.0,2026-07-06T16:50:20,
pipeline_social_results,outputs/cifar100_4agent_25cls_hetero4arch_ipc10_guardian_vgg_dense_ep60_lr0p01_fr0p3_kd0p6_t3p0_self3p0/metrics/social_results.csv,cifar100_4agent_25cls_hetero4arch_ipc10_guardian_vgg_dense_ep60_lr0p01_fr0p3_kd0p6_t3p0_self3p0,2,vgg,"50,51,52,53,54,55,56,57,58,59,60,61,62,63,64,65,66,67,68,69,70,71,72,73,74",dsdm,DSDM_LOGIT,expert,,,true,0.3,true,direct,false,0.0,0.6,3.0,10,,750,150000,0,16.08,64.32,26.26,22.44,27.533333333333335,41.879999999999995,0.07885715365409851,0.9249621629714966,0.7270190715789795,0.7270190715789795,0.0,2026-07-06T15:08:16,
pipeline_social_results,outputs/cifar100_4agent_25cls_hetero4arch_ipc10_guardian_vgg_dense_ep60_lr0p01_fr0p3_kd0p6_t3p0_self4p0/metrics/social_results.csv,cifar100_4agent_25cls_hetero4arch_ipc10_guardian_vgg_dense_ep60_lr0p01_fr0p3_kd0p6_t3p0_self4p0,2,vgg,"50,51,52,53,54,55,56,57,58,59,60,61,62,63,64,65,66,67,68,69,70,71,72,73,74",dsdm,DSDM_LOGIT,expert,,,true,0.3,true,direct,false,0.0,0.6,3.0,10,,750,150000,0,16.08,64.32,27.27,25.16,27.973333333333333,39.16,0.1469612717628479,0.5840668082237244,0.8163060545921326,0.8163060545921326,0.0,2026-07-06T15:59:04,
pipeline_social_results,outputs/cifar100_4agent_25cls_hetero4arch_ipc10_guardian_vgg_dense_ep60_lr0p01_fr0p3_kd0p6_t4p0_self2p5/metrics/social_results.csv,cifar100_4agent_25cls_hetero4arch_ipc10_guardian_vgg_dense_ep60_lr0p01_fr0p3_kd0p6_t4p0_self2p5,2,vgg,"50,51,52,53,54,55,56,57,58,59,60,61,62,63,64,65,66,67,68,69,70,71,72,73,74",dsdm,DSDM_LOGIT,expert,,,true,0.3,true,direct,false,0.0,0.6,4.0,10,,750,150000,0,16.08,64.32,25.9,20.24,27.786666666666665,44.08,0.19374676048755646,1.8034011125564575,1.1982609033584595,1.1982609033584595,0.0,2026-07-06T16:51:55,
pipeline_social_results,outputs/cifar100_4agent_25cls_hetero4arch_ipc10_guardian_vgg_dense_ep60_lr0p01_fr0p3_kd0p6_t4p0_self3p0/metrics/social_results.csv,cifar100_4agent_25cls_hetero4arch_ipc10_guardian_vgg_dense_ep60_lr0p01_fr0p3_kd0p6_t4p0_self3p0,2,vgg,"50,51,52,53,54,55,56,57,58,59,60,61,62,63,64,65,66,67,68,69,70,71,72,73,74",dsdm,DSDM_LOGIT,expert,,,true,0.3,true,direct,false,0.0,0.6,4.0,10,,750,150000,0,16.08,64.32,26.81,21.16,28.69333333333333,43.16,0.06875248998403549,1.0218021869659424,0.9755538105964661,0.9755538105964661,0.0,2026-07-06T15:09:53,
pipeline_social_results,outputs/cifar100_4agent_25cls_hetero4arch_ipc10_guardian_vgg_dense_ep60_lr0p01_fr0p3_kd0p6_t4p0_self4p0/metrics/social_results.csv,cifar100_4agent_25cls_hetero4arch_ipc10_guardian_vgg_dense_ep60_lr0p01_fr0p3_kd0p6_t4p0_self4p0,2,vgg,"50,51,52,53,54,55,56,57,58,59,60,61,62,63,64,65,66,67,68,69,70,71,72,73,74",dsdm,DSDM_LOGIT,expert,,,true,0.3,true,direct,false,0.0,0.6,4.0,10,,750,150000,0,16.08,64.32,26.39,22.44,27.706666666666667,41.879999999999995,0.05525173246860504,0.7706142663955688,1.145634651184082,1.145634651184082,0.0,2026-07-06T16:00:39,
pipeline_social_results,outputs/cifar100_4agent_25cls_hetero4arch_ipc10_guardian_vgg_dense_ep60_lr0p01_fr0p4_kd0p3_t3p0_self2p5/metrics/social_results.csv,cifar100_4agent_25cls_hetero4arch_ipc10_guardian_vgg_dense_ep60_lr0p01_fr0p4_kd0p3_t3p0_self2p5,2,vgg,"50,51,52,53,54,55,56,57,58,59,60,61,62,63,64,65,66,67,68,69,70,71,72,73,74",dsdm,DSDM_LOGIT,expert,,,true,0.4,true,direct,false,0.0,0.3,3.0,10,,750,150000,0,16.08,64.32,23.66,19.0,25.213333333333335,45.31999999999999,0.07428473234176636,1.4536384344100952,1.2021020650863647,1.2021020650863647,0.0,2026-07-06T17:18:54,
pipeline_social_results,outputs/cifar100_4agent_25cls_hetero4arch_ipc10_guardian_vgg_dense_ep60_lr0p01_fr0p4_kd0p3_t3p0_self3p0/metrics/social_results.csv,cifar100_4agent_25cls_hetero4arch_ipc10_guardian_vgg_dense_ep60_lr0p01_fr0p4_kd0p3_t3p0_self3p0,2,vgg,"50,51,52,53,54,55,56,57,58,59,60,61,62,63,64,65,66,67,68,69,70,71,72,73,74",dsdm,DSDM_LOGIT,expert,,,true,0.4,true,direct,false,0.0,0.3,3.0,10,,750,150000,0,16.08,64.32,24.05,18.28,25.973333333333333,46.03999999999999,0.03340663015842438,0.5614528059959412,0.8988698124885559,0.8988698124885559,0.0,2026-07-06T15:36:53,
pipeline_social_results,outputs/cifar100_4agent_25cls_hetero4arch_ipc10_guardian_vgg_dense_ep60_lr0p01_fr0p4_kd0p3_t3p0_self4p0/metrics/social_results.csv,cifar100_4agent_25cls_hetero4arch_ipc10_guardian_vgg_dense_ep60_lr0p01_fr0p4_kd0p3_t3p0_self4p0,2,vgg,"50,51,52,53,54,55,56,57,58,59,60,61,62,63,64,65,66,67,68,69,70,71,72,73,74",dsdm,DSDM_LOGIT,expert,,,true,0.4,true,direct,false,0.0,0.3,3.0,10,,750,150000,0,16.08,64.32,24.36,19.52,25.973333333333333,44.8,0.052776746451854706,1.1451154947280884,1.0451335906982422,1.0451335906982422,0.0,2026-07-06T16:28:03,
pipeline_social_results,outputs/cifar100_4agent_25cls_hetero4arch_ipc10_guardian_vgg_dense_ep60_lr0p01_fr0p4_kd0p3_t4p0_self2p5/metrics/social_results.csv,cifar100_4agent_25cls_hetero4arch_ipc10_guardian_vgg_dense_ep60_lr0p01_fr0p4_kd0p3_t4p0_self2p5,2,vgg,"50,51,52,53,54,55,56,57,58,59,60,61,62,63,64,65,66,67,68,69,70,71,72,73,74",dsdm,DSDM_LOGIT,expert,,,true,0.4,true,direct,false,0.0,0.3,4.0,10,,750,150000,0,16.08,64.32,24.65,19.12,26.493333333333332,45.19999999999999,0.07215441018342972,0.5658919811248779,1.006138563156128,1.006138563156128,0.0,2026-07-06T17:20:28,
pipeline_social_results,outputs/cifar100_4agent_25cls_hetero4arch_ipc10_guardian_vgg_dense_ep60_lr0p01_fr0p4_kd0p3_t4p0_self3p0/metrics/social_results.csv,cifar100_4agent_25cls_hetero4arch_ipc10_guardian_vgg_dense_ep60_lr0p01_fr0p4_kd0p3_t4p0_self3p0,2,vgg,"50,51,52,53,54,55,56,57,58,59,60,61,62,63,64,65,66,67,68,69,70,71,72,73,74",dsdm,DSDM_LOGIT,expert,,,true,0.4,true,direct,false,0.0,0.3,4.0,10,,750,150000,0,16.08,64.32,24.38,19.72,25.933333333333334,44.599999999999994,0.05638942867517471,1.0138119459152222,1.6800341606140137,1.6800341606140137,0.0,2026-07-06T15:38:29,
pipeline_social_results,outputs/cifar100_4agent_25cls_hetero4arch_ipc10_guardian_vgg_dense_ep60_lr0p01_fr0p4_kd0p3_t4p0_self4p0/metrics/social_results.csv,cifar100_4agent_25cls_hetero4arch_ipc10_guardian_vgg_dense_ep60_lr0p01_fr0p4_kd0p3_t4p0_self4p0,2,vgg,"50,51,52,53,54,55,56,57,58,59,60,61,62,63,64,65,66,67,68,69,70,71,72,73,74",dsdm,DSDM_LOGIT,expert,,,true,0.4,true,direct,false,0.0,0.3,4.0,10,,750,150000,0,16.08,64.32,24.87,19.92,26.52,44.39999999999999,0.28823718428611755,0.8797119855880737,1.6202279329299927,1.6202279329299927,0.0,2026-07-06T16:29:38,
pipeline_social_results,outputs/cifar100_4agent_25cls_hetero4arch_ipc10_guardian_vgg_dense_ep60_lr0p01_fr0p4_kd0p4_t3p0_self2p5/metrics/social_results.csv,cifar100_4agent_25cls_hetero4arch_ipc10_guardian_vgg_dense_ep60_lr0p01_fr0p4_kd0p4_t3p0_self2p5,2,vgg,"50,51,52,53,54,55,56,57,58,59,60,61,62,63,64,65,66,67,68,69,70,71,72,73,74",dsdm,DSDM_LOGIT,expert,,,true,0.4,true,direct,false,0.0,0.4,3.0,10,,750,150000,0,16.08,64.32,23.75,16.64,26.12,47.67999999999999,0.10985907912254333,0.8846049904823303,0.8019096851348877,0.8019096851348877,0.0,2026-07-06T17:12:34,
pipeline_social_results,outputs/cifar100_4agent_25cls_hetero4arch_ipc10_guardian_vgg_dense_ep60_lr0p01_fr0p4_kd0p4_t3p0_self3p0/metrics/social_results.csv,cifar100_4agent_25cls_hetero4arch_ipc10_guardian_vgg_dense_ep60_lr0p01_fr0p4_kd0p4_t3p0_self3p0,2,vgg,"50,51,52,53,54,55,56,57,58,59,60,61,62,63,64,65,66,67,68,69,70,71,72,73,74",dsdm,DSDM_LOGIT,expert,,,true,0.4,true,direct,false,0.0,0.4,3.0,10,,750,150000,0,16.08,64.32,24.9,19.68,26.64,44.63999999999999,0.058358363807201385,0.6133370399475098,1.048809289932251,1.048809289932251,0.0,2026-07-06T15:30:33,
pipeline_social_results,outputs/cifar100_4agent_25cls_hetero4arch_ipc10_guardian_vgg_dense_ep60_lr0p01_fr0p4_kd0p4_t3p0_self4p0/metrics/social_results.csv,cifar100_4agent_25cls_hetero4arch_ipc10_guardian_vgg_dense_ep60_lr0p01_fr0p4_kd0p4_t3p0_self4p0,2,vgg,"50,51,52,53,54,55,56,57,58,59,60,61,62,63,64,65,66,67,68,69,70,71,72,73,74",dsdm,DSDM_LOGIT,expert,,,true,0.4,true,direct,false,0.0,0.4,3.0,10,,750,150000,0,16.08,64.32,25.51,21.76,26.76,42.55999999999999,0.02928037941455841,0.5898613929748535,0.770929217338562,0.770929217338562,0.0,2026-07-06T16:21:34,
pipeline_social_results,outputs/cifar100_4agent_25cls_hetero4arch_ipc10_guardian_vgg_dense_ep60_lr0p01_fr0p4_kd0p4_t4p0_self2p5/metrics/social_results.csv,cifar100_4agent_25cls_hetero4arch_ipc10_guardian_vgg_dense_ep60_lr0p01_fr0p4_kd0p4_t4p0_self2p5,2,vgg,"50,51,52,53,54,55,56,57,58,59,60,61,62,63,64,65,66,67,68,69,70,71,72,73,74",dsdm,DSDM_LOGIT,expert,,,true,0.4,true,direct,false,0.0,0.4,4.0,10,,750,150000,0,16.08,64.32,24.78,19.04,26.69333333333333,45.279999999999994,0.05030379444360733,0.5995988249778748,1.2321752309799194,1.2321752309799194,0.0,2026-07-06T17:14:10,
pipeline_social_results,outputs/cifar100_4agent_25cls_hetero4arch_ipc10_guardian_vgg_dense_ep60_lr0p01_fr0p4_kd0p4_t4p0_self3p0/metrics/social_results.csv,cifar100_4agent_25cls_hetero4arch_ipc10_guardian_vgg_dense_ep60_lr0p01_fr0p4_kd0p4_t4p0_self3p0,2,vgg,"50,51,52,53,54,55,56,57,58,59,60,61,62,63,64,65,66,67,68,69,70,71,72,73,74",dsdm,DSDM_LOGIT,expert,,,true,0.4,true,direct,false,0.0,0.4,4.0,10,,750,150000,0,16.08,64.32,24.52,18.4,26.56,45.919999999999995,0.04125015065073967,1.0980511903762817,1.3498274087905884,1.3498274087905884,0.0,2026-07-06T15:32:09,
pipeline_social_results,outputs/cifar100_4agent_25cls_hetero4arch_ipc10_guardian_vgg_dense_ep60_lr0p01_fr0p4_kd0p4_t4p0_self4p0/metrics/social_results.csv,cifar100_4agent_25cls_hetero4arch_ipc10_guardian_vgg_dense_ep60_lr0p01_fr0p4_kd0p4_t4p0_self4p0,2,vgg,"50,51,52,53,54,55,56,57,58,59,60,61,62,63,64,65,66,67,68,69,70,71,72,73,74",dsdm,DSDM_LOGIT,expert,,,true,0.4,true,direct,false,0.0,0.4,4.0,10,,750,150000,0,16.08,64.32,26.41,24.48,27.053333333333335,39.83999999999999,0.06452809274196625,0.6872441172599792,1.2033785581588745,1.2033785581588745,0.0,2026-07-06T16:23:10,
pipeline_social_results,outputs/cifar100_4agent_25cls_hetero4arch_ipc10_guardian_vgg_dense_ep60_lr0p01_fr0p4_kd0p5_t3p0_self2p5/metrics/social_results.csv,cifar100_4agent_25cls_hetero4arch_ipc10_guardian_vgg_dense_ep60_lr0p01_fr0p4_kd0p5_t3p0_self2p5,2,vgg,"50,51,52,53,54,55,56,57,58,59,60,61,62,63,64,65,66,67,68,69,70,71,72,73,74",dsdm,DSDM_LOGIT,expert,,,true,0.4,true,direct,false,0.0,0.5,3.0,10,,750,150000,0,16.08,64.32,25.23,19.72,27.066666666666666,44.599999999999994,0.07422374933958054,0.5711125731468201,0.8289779424667358,0.8289779424667358,0.0,2026-07-06T17:09:23,
pipeline_social_results,outputs/cifar100_4agent_25cls_hetero4arch_ipc10_guardian_vgg_dense_ep60_lr0p01_fr0p4_kd0p5_t3p0_self3p0/metrics/social_results.csv,cifar100_4agent_25cls_hetero4arch_ipc10_guardian_vgg_dense_ep60_lr0p01_fr0p4_kd0p5_t3p0_self3p0,2,vgg,"50,51,52,53,54,55,56,57,58,59,60,61,62,63,64,65,66,67,68,69,70,71,72,73,74",dsdm,DSDM_LOGIT,expert,,,true,0.4,true,direct,false,0.0,0.5,3.0,10,,750,150000,0,16.08,64.32,24.86,21.0,26.14666666666667,43.31999999999999,0.026494033634662628,0.9395806193351746,0.6037426590919495,0.6037426590919495,0.0,2026-07-06T15:27:24,
pipeline_social_results,outputs/cifar100_4agent_25cls_hetero4arch_ipc10_guardian_vgg_dense_ep60_lr0p01_fr0p4_kd0p5_t3p0_self4p0/metrics/social_results.csv,cifar100_4agent_25cls_hetero4arch_ipc10_guardian_vgg_dense_ep60_lr0p01_fr0p4_kd0p5_t3p0_self4p0,2,vgg,"50,51,52,53,54,55,56,57,58,59,60,61,62,63,64,65,66,67,68,69,70,71,72,73,74",dsdm,DSDM_LOGIT,expert,,,true,0.4,true,direct,false,0.0,0.5,3.0,10,,750,150000,0,16.08,64.32,26.25,23.76,27.08,40.55999999999999,0.07390734553337097,0.7484495639801025,0.8324471116065979,0.8324471116065979,0.0,2026-07-06T16:18:20,
pipeline_social_results,outputs/cifar100_4agent_25cls_hetero4arch_ipc10_guardian_vgg_dense_ep60_lr0p01_fr0p4_kd0p5_t4p0_self2p5/metrics/social_results.csv,cifar100_4agent_25cls_hetero4arch_ipc10_guardian_vgg_dense_ep60_lr0p01_fr0p4_kd0p5_t4p0_self2p5,2,vgg,"50,51,52,53,54,55,56,57,58,59,60,61,62,63,64,65,66,67,68,69,70,71,72,73,74",dsdm,DSDM_LOGIT,expert,,,true,0.4,true,direct,false,0.0,0.5,4.0,10,,750,150000,0,16.08,64.32,25.63,18.44,28.026666666666667,45.879999999999995,0.019976258277893066,0.675728440284729,0.9085521697998047,0.9085521697998047,0.0,2026-07-06T17:10:57,
pipeline_social_results,outputs/cifar100_4agent_25cls_hetero4arch_ipc10_guardian_vgg_dense_ep60_lr0p01_fr0p4_kd0p5_t4p0_self3p0/metrics/social_results.csv,cifar100_4agent_25cls_hetero4arch_ipc10_guardian_vgg_dense_ep60_lr0p01_fr0p4_kd0p5_t4p0_self3p0,2,vgg,"50,51,52,53,54,55,56,57,58,59,60,61,62,63,64,65,66,67,68,69,70,71,72,73,74",dsdm,DSDM_LOGIT,expert,,,true,0.4,true,direct,false,0.0,0.5,4.0,10,,750,150000,0,16.08,64.32,25.69,20.24,27.506666666666668,44.08,0.18858276307582855,0.5235538482666016,1.2056713104248047,1.2056713104248047,0.0,2026-07-06T15:28:57,
pipeline_social_results,outputs/cifar100_4agent_25cls_hetero4arch_ipc10_guardian_vgg_dense_ep60_lr0p01_fr0p4_kd0p5_t4p0_self4p0/metrics/social_results.csv,cifar100_4agent_25cls_hetero4arch_ipc10_guardian_vgg_dense_ep60_lr0p01_fr0p4_kd0p5_t4p0_self4p0,2,vgg,"50,51,52,53,54,55,56,57,58,59,60,61,62,63,64,65,66,67,68,69,70,71,72,73,74",dsdm,DSDM_LOGIT,expert,,,true,0.4,true,direct,false,0.0,0.5,4.0,10,,750,150000,0,16.08,64.32,26.38,21.68,27.946666666666665,42.63999999999999,0.08015795797109604,0.677321195602417,1.4662407636642456,1.4662407636642456,0.0,2026-07-06T16:19:58,
pipeline_social_results,outputs/cifar100_4agent_25cls_hetero4arch_ipc10_guardian_vgg_dense_ep60_lr0p01_fr0p4_kd0p6_t3p0_self2p5/metrics/social_results.csv,cifar100_4agent_25cls_hetero4arch_ipc10_guardian_vgg_dense_ep60_lr0p01_fr0p4_kd0p6_t3p0_self2p5,2,vgg,"50,51,52,53,54,55,56,57,58,59,60,61,62,63,64,65,66,67,68,69,70,71,72,73,74",dsdm,DSDM_LOGIT,expert,,,true,0.4,true,direct,false,0.0,0.6,3.0,10,,750,150000,0,16.08,64.32,25.9,20.84,27.586666666666666,43.47999999999999,0.038530830293893814,0.7861882448196411,0.5899879336357117,0.5899879336357117,0.0,2026-07-06T17:15:44,
pipeline_social_results,outputs/cifar100_4agent_25cls_hetero4arch_ipc10_guardian_vgg_dense_ep60_lr0p01_fr0p4_kd0p6_t3p0_self3p0/metrics/social_results.csv,cifar100_4agent_25cls_hetero4arch_ipc10_guardian_vgg_dense_ep60_lr0p01_fr0p4_kd0p6_t3p0_self3p0,2,vgg,"50,51,52,53,54,55,56,57,58,59,60,61,62,63,64,65,66,67,68,69,70,71,72,73,74",dsdm,DSDM_LOGIT,expert,,,true,0.4,true,direct,false,0.0,0.6,3.0,10,,750,150000,0,16.08,64.32,25.32,20.8,26.826666666666668,43.519999999999996,0.2796490788459778,0.6393741965293884,0.6807577013969421,0.6807577013969421,0.0,2026-07-06T15:33:43,
pipeline_social_results,outputs/cifar100_4agent_25cls_hetero4arch_ipc10_guardian_vgg_dense_ep60_lr0p01_fr0p4_kd0p6_t3p0_self4p0/metrics/social_results.csv,cifar100_4agent_25cls_hetero4arch_ipc10_guardian_vgg_dense_ep60_lr0p01_fr0p4_kd0p6_t3p0_self4p0,2,vgg,"50,51,52,53,54,55,56,57,58,59,60,61,62,63,64,65,66,67,68,69,70,71,72,73,74",dsdm,DSDM_LOGIT,expert,,,true,0.4,true,direct,false,0.0,0.6,3.0,10,,750,150000,0,16.08,64.32,26.75,24.0,27.666666666666668,40.31999999999999,0.11952728033065796,0.6442685723304749,0.8769291043281555,0.8769291043281555,0.0,2026-07-06T16:24:49,
pipeline_social_results,outputs/cifar100_4agent_25cls_hetero4arch_ipc10_guardian_vgg_dense_ep60_lr0p01_fr0p4_kd0p6_t4p0_self2p5/metrics/social_results.csv,cifar100_4agent_25cls_hetero4arch_ipc10_guardian_vgg_dense_ep60_lr0p01_fr0p4_kd0p6_t4p0_self2p5,2,vgg,"50,51,52,53,54,55,56,57,58,59,60,61,62,63,64,65,66,67,68,69,70,71,72,73,74",dsdm,DSDM_LOGIT,expert,,,true,0.4,true,direct,false,0.0,0.6,4.0,10,,750,150000,0,16.08,64.32,26.01,20.04,28.0,44.279999999999994,0.03857254609465599,0.7561914324760437,0.8542848825454712,0.8542848825454712,0.0,2026-07-06T17:17:19,
pipeline_social_results,outputs/cifar100_4agent_25cls_hetero4arch_ipc10_guardian_vgg_dense_ep60_lr0p01_fr0p4_kd0p6_t4p0_self3p0/metrics/social_results.csv,cifar100_4agent_25cls_hetero4arch_ipc10_guardian_vgg_dense_ep60_lr0p01_fr0p4_kd0p6_t4p0_self3p0,2,vgg,"50,51,52,53,54,55,56,57,58,59,60,61,62,63,64,65,66,67,68,69,70,71,72,73,74",dsdm,DSDM_LOGIT,expert,,,true,0.4,true,direct,false,0.0,0.6,4.0,10,,750,150000,0,16.08,64.32,26.29,22.16,27.666666666666668,42.16,0.09826674312353134,1.0395207405090332,1.0785963535308838,1.0785963535308838,0.0,2026-07-06T15:35:19,
pipeline_social_results,outputs/cifar100_4agent_25cls_hetero4arch_ipc10_guardian_vgg_dense_ep60_lr0p01_fr0p4_kd0p6_t4p0_self4p0/metrics/social_results.csv,cifar100_4agent_25cls_hetero4arch_ipc10_guardian_vgg_dense_ep60_lr0p01_fr0p4_kd0p6_t4p0_self4p0,2,vgg,"50,51,52,53,54,55,56,57,58,59,60,61,62,63,64,65,66,67,68,69,70,71,72,73,74",dsdm,DSDM_LOGIT,expert,,,true,0.4,true,direct,false,0.0,0.6,4.0,10,,750,150000,0,16.08,64.32,26.46,23.28,27.52,41.03999999999999,0.16131849586963654,0.8100309371948242,1.1742266416549683,1.1742266416549683,0.0,2026-07-06T16:26:25,
pipeline_social_results,outputs/cifar100_4agent_25cls_hetero4arch_ipc10_guardian_vgg_dense_ep75_lr0p01_fr0p25_kd0p3_t3p0_self3p0/metrics/social_results.csv,cifar100_4agent_25cls_hetero4arch_ipc10_guardian_vgg_dense_ep75_lr0p01_fr0p25_kd0p3_t3p0_self3p0,2,vgg,"50,51,52,53,54,55,56,57,58,59,60,61,62,63,64,65,66,67,68,69,70,71,72,73,74",dsdm,DSDM_LOGIT,expert,,,true,0.25,true,direct,false,0.0,0.3,3.0,10,,750,150000,0,16.08,64.32,24.44,18.08,26.56,46.239999999999995,0.07232945412397385,1.5931719541549683,0.7030060887336731,0.7030060887336731,0.0,2026-07-06T17:33:00,
pipeline_social_results,outputs/cifar100_4agent_25cls_hetero4arch_ipc10_guardian_vgg_dense_ep75_lr0p01_fr0p25_kd0p3_t4p0_self3p0/metrics/social_results.csv,cifar100_4agent_25cls_hetero4arch_ipc10_guardian_vgg_dense_ep75_lr0p01_fr0p25_kd0p3_t4p0_self3p0,2,vgg,"50,51,52,53,54,55,56,57,58,59,60,61,62,63,64,65,66,67,68,69,70,71,72,73,74",dsdm,DSDM_LOGIT,expert,,,true,0.25,true,direct,false,0.0,0.3,4.0,10,,750,150000,0,16.08,64.32,24.57,18.16,26.706666666666667,46.16,0.03645537421107292,0.6466958522796631,1.154772162437439,1.154772162437439,0.0,2026-07-06T17:34:45,
pipeline_social_results,outputs/cifar100_4agent_25cls_hetero4arch_ipc10_guardian_vgg_dense_ep75_lr0p01_fr0p25_kd0p4_t3p0_self3p0/metrics/social_results.csv,cifar100_4agent_25cls_hetero4arch_ipc10_guardian_vgg_dense_ep75_lr0p01_fr0p25_kd0p4_t3p0_self3p0,2,vgg,"50,51,52,53,54,55,56,57,58,59,60,61,62,63,64,65,66,67,68,69,70,71,72,73,74",dsdm,DSDM_LOGIT,expert,,,true,0.25,true,direct,false,0.0,0.4,3.0,10,,750,150000,0,16.08,64.32,25.23,19.24,27.226666666666667,45.08,0.09694918245077133,0.6280550360679626,0.5721643567085266,0.5721643567085266,0.0,2026-07-06T17:25:50,
pipeline_social_results,outputs/cifar100_4agent_25cls_hetero4arch_ipc10_guardian_vgg_dense_ep75_lr0p01_fr0p25_kd0p4_t4p0_self3p0/metrics/social_results.csv,cifar100_4agent_25cls_hetero4arch_ipc10_guardian_vgg_dense_ep75_lr0p01_fr0p25_kd0p4_t4p0_self3p0,2,vgg,"50,51,52,53,54,55,56,57,58,59,60,61,62,63,64,65,66,67,68,69,70,71,72,73,74",dsdm,DSDM_LOGIT,expert,,,true,0.25,true,direct,false,0.0,0.4,4.0,10,,750,150000,0,16.08,64.32,25.65,18.12,28.16,46.19999999999999,0.02252749167382717,0.6240525841712952,0.9130728244781494,0.9130728244781494,0.0,2026-07-06T17:27:40,
pipeline_social_results,outputs/cifar100_4agent_25cls_hetero4arch_ipc10_guardian_vgg_dense_ep75_lr0p01_fr0p25_kd0p5_t3p0_self3p0/metrics/social_results.csv,cifar100_4agent_25cls_hetero4arch_ipc10_guardian_vgg_dense_ep75_lr0p01_fr0p25_kd0p5_t3p0_self3p0,2,vgg,"50,51,52,53,54,55,56,57,58,59,60,61,62,63,64,65,66,67,68,69,70,71,72,73,74",dsdm,DSDM_LOGIT,expert,,,true,0.25,true,direct,false,0.0,0.5,3.0,10,,750,150000,0,16.08,64.32,25.17,19.12,27.186666666666667,45.19999999999999,0.07072695344686508,0.7207238078117371,0.8004642724990845,0.8004642724990845,0.0,2026-07-06T17:22:15,
pipeline_social_results,outputs/cifar100_4agent_25cls_hetero4arch_ipc10_guardian_vgg_dense_ep75_lr0p01_fr0p25_kd0p5_t4p0_self3p0/metrics/social_results.csv,cifar100_4agent_25cls_hetero4arch_ipc10_guardian_vgg_dense_ep75_lr0p01_fr0p25_kd0p5_t4p0_self3p0,2,vgg,"50,51,52,53,54,55,56,57,58,59,60,61,62,63,64,65,66,67,68,69,70,71,72,73,74",dsdm,DSDM_LOGIT,expert,,,true,0.25,true,direct,false,0.0,0.5,4.0,10,,750,150000,0,16.08,64.32,26.48,18.64,29.093333333333334,45.67999999999999,0.028448082506656647,1.003937005996704,0.8670676946640015,0.8670676946640015,0.0,2026-07-06T17:24:04,
pipeline_social_results,outputs/cifar100_4agent_25cls_hetero4arch_ipc10_guardian_vgg_dense_ep75_lr0p01_fr0p25_kd0p6_t3p0_self3p0/metrics/social_results.csv,cifar100_4agent_25cls_hetero4arch_ipc10_guardian_vgg_dense_ep75_lr0p01_fr0p25_kd0p6_t3p0_self3p0,2,vgg,"50,51,52,53,54,55,56,57,58,59,60,61,62,63,64,65,66,67,68,69,70,71,72,73,74",dsdm,DSDM_LOGIT,expert,,,true,0.25,true,direct,false,0.0,0.6,3.0,10,,750,150000,0,16.08,64.32,25.53,20.56,27.186666666666667,43.75999999999999,0.05862400680780411,1.1514679193496704,0.8046547174453735,0.8046547174453735,0.0,2026-07-06T17:29:34,
pipeline_social_results,outputs/cifar100_4agent_25cls_hetero4arch_ipc10_guardian_vgg_dense_ep75_lr0p01_fr0p25_kd0p6_t4p0_self3p0/metrics/social_results.csv,cifar100_4agent_25cls_hetero4arch_ipc10_guardian_vgg_dense_ep75_lr0p01_fr0p25_kd0p6_t4p0_self3p0,2,vgg,"50,51,52,53,54,55,56,57,58,59,60,61,62,63,64,65,66,67,68,69,70,71,72,73,74",dsdm,DSDM_LOGIT,expert,,,true,0.25,true,direct,false,0.0,0.6,4.0,10,,750,150000,0,16.08,64.32,26.66,19.04,29.2,45.279999999999994,0.08553720265626907,0.7721186876296997,0.7299637198448181,0.7299637198448181,0.0,2026-07-06T17:31:17,
pipeline_social_results,outputs/cifar100_4agent_25cls_hetero4arch_ipc10_guardian_vgg_dense_ep75_lr0p01_fr0p3_kd0p3_t3p0_self3p0/metrics/social_results.csv,cifar100_4agent_25cls_hetero4arch_ipc10_guardian_vgg_dense_ep75_lr0p01_fr0p3_kd0p3_t3p0_self3p0,2,vgg,"50,51,52,53,54,55,56,57,58,59,60,61,62,63,64,65,66,67,68,69,70,71,72,73,74",dsdm,DSDM_LOGIT,expert,,,true,0.3,true,direct,false,0.0,0.3,3.0,10,,750,150000,0,16.08,64.32,23.66,17.48,25.72,46.83999999999999,0.01956983655691147,0.8301133513450623,0.7599908113479614,0.7599908113479614,0.0,2026-07-06T17:47:09,
pipeline_social_results,outputs/cifar100_4agent_25cls_hetero4arch_ipc10_guardian_vgg_dense_ep75_lr0p01_fr0p3_kd0p4_t3p0_self3p0/metrics/social_results.csv,cifar100_4agent_25cls_hetero4arch_ipc10_guardian_vgg_dense_ep75_lr0p01_fr0p3_kd0p4_t3p0_self3p0,2,vgg,"50,51,52,53,54,55,56,57,58,59,60,61,62,63,64,65,66,67,68,69,70,71,72,73,74",dsdm,DSDM_LOGIT,expert,,,true,0.3,true,direct,false,0.0,0.4,3.0,10,,750,150000,0,16.08,64.32,24.14,17.56,26.333333333333332,46.75999999999999,0.2097664326429367,1.0266096591949463,1.113723635673523,1.113723635673523,0.0,2026-07-06T17:40:06,
pipeline_social_results,outputs/cifar100_4agent_25cls_hetero4arch_ipc10_guardian_vgg_dense_ep75_lr0p01_fr0p3_kd0p4_t4p0_self3p0/metrics/social_results.csv,cifar100_4agent_25cls_hetero4arch_ipc10_guardian_vgg_dense_ep75_lr0p01_fr0p3_kd0p4_t4p0_self3p0,2,vgg,"50,51,52,53,54,55,56,57,58,59,60,61,62,63,64,65,66,67,68,69,70,71,72,73,74",dsdm,DSDM_LOGIT,expert,,,true,0.3,true,direct,false,0.0,0.4,4.0,10,,750,150000,0,16.08,64.32,25.27,19.6,27.16,44.71999999999999,0.05422337353229523,0.8345429301261902,0.7114123106002808,0.7114123106002808,0.0,2026-07-06T17:41:51,
pipeline_social_results,outputs/cifar100_4agent_25cls_hetero4arch_ipc10_guardian_vgg_dense_ep75_lr0p01_fr0p3_kd0p5_t3p0_self3p0/metrics/social_results.csv,cifar100_4agent_25cls_hetero4arch_ipc10_guardian_vgg_dense_ep75_lr0p01_fr0p3_kd0p5_t3p0_self3p0,2,vgg,"50,51,52,53,54,55,56,57,58,59,60,61,62,63,64,65,66,67,68,69,70,71,72,73,74",dsdm,DSDM_LOGIT,expert,,,true,0.3,true,direct,false,0.0,0.5,3.0,10,,750,150000,0,16.08,64.32,25.36,19.84,27.2,44.47999999999999,0.04917117953300476,0.6289390325546265,0.6391346454620361,0.6391346454620361,0.0,2026-07-06T17:36:32,
pipeline_social_results,outputs/cifar100_4agent_25cls_hetero4arch_ipc10_guardian_vgg_dense_ep75_lr0p01_fr0p3_kd0p5_t4p0_self3p0/metrics/social_results.csv,cifar100_4agent_25cls_hetero4arch_ipc10_guardian_vgg_dense_ep75_lr0p01_fr0p3_kd0p5_t4p0_self3p0,2,vgg,"50,51,52,53,54,55,56,57,58,59,60,61,62,63,64,65,66,67,68,69,70,71,72,73,74",dsdm,DSDM_LOGIT,expert,,,true,0.3,true,direct,false,0.0,0.5,4.0,10,,750,150000,0,16.08,64.32,25.51,18.24,27.933333333333334,46.08,0.0938122496008873,4.350058078765869,1.1311887502670288,1.1311887502670288,0.0,2026-07-06T17:38:18,
pipeline_social_results,outputs/cifar100_4agent_25cls_hetero4arch_ipc10_guardian_vgg_dense_ep75_lr0p01_fr0p3_kd0p6_t3p0_self3p0/metrics/social_results.csv,cifar100_4agent_25cls_hetero4arch_ipc10_guardian_vgg_dense_ep75_lr0p01_fr0p3_kd0p6_t3p0_self3p0,2,vgg,"50,51,52,53,54,55,56,57,58,59,60,61,62,63,64,65,66,67,68,69,70,71,72,73,74",dsdm,DSDM_LOGIT,expert,,,true,0.3,true,direct,false,0.0,0.6,3.0,10,,750,150000,0,16.08,64.32,25.45,20.4,27.133333333333333,43.919999999999995,0.040781170129776,0.6879205703735352,0.7945840358734131,0.7945840358734131,0.0,2026-07-06T17:43:37,
pipeline_social_results,outputs/cifar100_4agent_25cls_hetero4arch_ipc10_guardian_vgg_dense_ep75_lr0p01_fr0p3_kd0p6_t4p0_self3p0/metrics/social_results.csv,cifar100_4agent_25cls_hetero4arch_ipc10_guardian_vgg_dense_ep75_lr0p01_fr0p3_kd0p6_t4p0_self3p0,2,vgg,"50,51,52,53,54,55,56,57,58,59,60,61,62,63,64,65,66,67,68,69,70,71,72,73,74",dsdm,DSDM_LOGIT,expert,,,true,0.3,true,direct,false,0.0,0.6,4.0,10,,750,150000,0,16.08,64.32,26.27,19.48,28.533333333333335,44.83999999999999,0.07077426463365555,1.006543517112732,0.7288010716438293,0.7288010716438293,0.0,2026-07-06T17:45:23,
pipeline_social_results,outputs/cifar100_4agent_25cls_hetero4arch_ipc10_guardian_vgg_g3_ep090_fr025_kd050_t3_sched_self20/metrics/social_results.csv,cifar100_4agent_25cls_hetero4arch_ipc10_guardian_vgg_g3_ep090_fr025_kd050_t3_sched_self20,2,vgg,"50,51,52,53,54,55,56,57,58,59,60,61,62,63,64,65,66,67,68,69,70,71,72,73,74",dsdm,DSDM_LOGIT,expert,,,true,0.25,true,direct,false,0.0,0.5,3.0,10,,750,150000,0,16.08,64.32,24.57,17.28,27.0,47.03999999999999,0.049771059304475784,0.7185163497924805,0.5392591953277588,0.5392591953277588,0.0,2026-07-06T14:33:28,
pipeline_social_results,outputs/cifar100_4agent_25cls_hetero4arch_ipc10_guardian_vgg_g3_ep090_fr030_kd050_t3_sched_self30/metrics/social_results.csv,cifar100_4agent_25cls_hetero4arch_ipc10_guardian_vgg_g3_ep090_fr030_kd050_t3_sched_self30,2,vgg,"50,51,52,53,54,55,56,57,58,59,60,61,62,63,64,65,66,67,68,69,70,71,72,73,74",dsdm,DSDM_LOGIT,expert,,,true,0.3,true,direct,false,0.0,0.5,3.0,10,,750,150000,0,16.08,64.32,24.47,17.16,26.906666666666666,47.16,0.06038813665509224,0.5697298049926758,0.4743492603302002,0.4743492603302002,0.0,2026-07-06T14:36:57,
pipeline_social_results,outputs/cifar100_4agent_25cls_hetero4arch_ipc10_guardian_vgg_g3_fr020_kd040_t4_sched_self30/metrics/social_results.csv,cifar100_4agent_25cls_hetero4arch_ipc10_guardian_vgg_g3_fr020_kd040_t4_sched_self30,2,vgg,"50,51,52,53,54,55,56,57,58,59,60,61,62,63,64,65,66,67,68,69,70,71,72,73,74",dsdm,DSDM_LOGIT,expert,,,true,0.2,true,direct,false,0.0,0.4,4.0,10,,750,150000,0,16.08,64.32,25.63,18.72,27.933333333333334,45.599999999999994,0.17064790427684784,0.9605833292007446,1.0641306638717651,1.0641306638717651,0.0,2026-07-06T14:29:57,
pipeline_social_results,outputs/cifar100_4agent_25cls_hetero4arch_ipc10_guardian_vgg_g3_fr025_kd050_t3_sched_self30/metrics/social_results.csv,cifar100_4agent_25cls_hetero4arch_ipc10_guardian_vgg_g3_fr025_kd050_t3_sched_self30,2,vgg,"50,51,52,53,54,55,56,57,58,59,60,61,62,63,64,65,66,67,68,69,70,71,72,73,74",dsdm,DSDM_LOGIT,expert,,,true,0.25,true,direct,false,0.0,0.5,3.0,10,,750,150000,0,16.08,64.32,25.57,20.36,27.30666666666667,43.959999999999994,0.1093834862112999,0.8934939503669739,0.6103523969650269,0.6103523969650269,0.0,2026-07-06T14:20:34,
pipeline_social_results,outputs/cifar100_4agent_25cls_hetero4arch_ipc10_guardian_vgg_g3_fr030_kd040_t3_sched_self30/metrics/social_results.csv,cifar100_4agent_25cls_hetero4arch_ipc10_guardian_vgg_g3_fr030_kd040_t3_sched_self30,2,vgg,"50,51,52,53,54,55,56,57,58,59,60,61,62,63,64,65,66,67,68,69,70,71,72,73,74",dsdm,DSDM_LOGIT,expert,,,true,0.3,true,direct,false,0.0,0.4,3.0,10,,750,150000,0,16.08,64.32,25.55,21.44,26.92,42.879999999999995,0.04054773226380348,1.0807780027389526,0.8310350775718689,0.8310350775718689,0.0,2026-07-06T14:26:49,
pipeline_social_results,outputs/cifar100_4agent_25cls_hetero4arch_ipc10_guardian_vgg_g3_fr030_kd050_t3_sched_self30/metrics/social_results.csv,cifar100_4agent_25cls_hetero4arch_ipc10_guardian_vgg_g3_fr030_kd050_t3_sched_self30,2,vgg,"50,51,52,53,54,55,56,57,58,59,60,61,62,63,64,65,66,67,68,69,70,71,72,73,74",dsdm,DSDM_LOGIT,expert,,,true,0.3,true,direct,false,0.0,0.5,3.0,10,,750,150000,0,16.08,64.32,25.54,20.52,27.213333333333335,43.8,0.1257447600364685,1.345337152481079,0.8860640525817871,0.8860640525817871,0.0,2026-07-06T14:23:41,
pipeline_social_results,outputs/cifar100_4agent_25cls_hetero4arch_ipc10_guardian_vgg_g3_fr035_kd060_t3_sched_self20/metrics/social_results.csv,cifar100_4agent_25cls_hetero4arch_ipc10_guardian_vgg_g3_fr035_kd060_t3_sched_self20,2,vgg,"50,51,52,53,54,55,56,57,58,59,60,61,62,63,64,65,66,67,68,69,70,71,72,73,74",dsdm,DSDM_LOGIT,expert,,,true,0.35,true,direct,false,0.0,0.6,3.0,10,,750,150000,0,16.08,64.32,25.24,18.64,27.44,45.67999999999999,0.12834608554840088,0.6808227300643921,0.6814274787902832,0.6814274787902832,0.0,2026-07-06T14:14:21,
pipeline_social_results,outputs/cifar100_4agent_25cls_hetero4arch_ipc10_guardian_vgg_g3_fr040_kd060_t3_sched_self20/metrics/social_results.csv,cifar100_4agent_25cls_hetero4arch_ipc10_guardian_vgg_g3_fr040_kd060_t3_sched_self20,2,vgg,"50,51,52,53,54,55,56,57,58,59,60,61,62,63,64,65,66,67,68,69,70,71,72,73,74",dsdm,DSDM_LOGIT,expert,,,true,0.4,true,direct,false,0.0,0.6,3.0,10,,750,150000,0,16.08,64.32,24.09,17.84,26.173333333333332,46.47999999999999,0.03405846655368805,0.5162994861602783,0.5466962456703186,0.5466962456703186,0.0,2026-07-06T14:17:26,
pipeline_social_results,outputs/cifar100_4agent_25cls_hetero4arch_ipc10_tune2_alex_ep075_fr020_kd060_t3_sched/metrics/social_results.csv,cifar100_4agent_25cls_hetero4arch_ipc10_tune2_alex_ep075_fr020_kd060_t3_sched,3,alexnet,"0,1,2,3,4,5,6,7,8,9,10,11,12,13,14,15,16,17,18,19,20,21,22,23,24",dsdm,DSDM_LOGIT,expert,,,true,0.2,true,direct,false,0.0,0.6,3.0,10,,750,150000,0,17.77,71.08,32.1,49.6,26.266666666666666,21.479999999999997,0.09199833869934082,3.0165932178497314,0.42617732286453247,0.42617732286453247,0.0,2026-07-06T14:11:09,
pipeline_social_results,outputs/cifar100_4agent_25cls_hetero4arch_ipc10_tune2_alex_fr020_kd060_t3_sched/metrics/social_results.csv,cifar100_4agent_25cls_hetero4arch_ipc10_tune2_alex_fr020_kd060_t3_sched,3,alexnet,"0,1,2,3,4,5,6,7,8,9,10,11,12,13,14,15,16,17,18,19,20,21,22,23,24",dsdm,DSDM_LOGIT,expert,,,true,0.2,true,direct,false,0.0,0.6,3.0,10,,750,150000,0,17.77,71.08,32.21,50.36,26.16,20.72,0.07906237989664078,0.8935458660125732,0.46687957644462585,0.46687957644462585,0.0,2026-07-06T14:06:03,
pipeline_social_results,outputs/cifar100_4agent_25cls_hetero4arch_ipc10_tune2_alex_fr020_kd060_t3_sched_self15/metrics/social_results.csv,cifar100_4agent_25cls_hetero4arch_ipc10_tune2_alex_fr020_kd060_t3_sched_self15,3,alexnet,"0,1,2,3,4,5,6,7,8,9,10,11,12,13,14,15,16,17,18,19,20,21,22,23,24",dsdm,DSDM_LOGIT,expert,,,true,0.2,true,direct,false,0.0,0.6,3.0,10,,750,150000,0,17.77,71.08,32.99,50.76,27.066666666666666,20.32,0.0527825765311718,0.6276656985282898,0.48965439200401306,0.48965439200401306,0.0,2026-07-06T14:09:02,
pipeline_social_results,outputs/cifar100_4agent_25cls_hetero4arch_ipc10_tune2_alex_fr020_kd060_t4_sched/metrics/social_results.csv,cifar100_4agent_25cls_hetero4arch_ipc10_tune2_alex_fr020_kd060_t4_sched,3,alexnet,"0,1,2,3,4,5,6,7,8,9,10,11,12,13,14,15,16,17,18,19,20,21,22,23,24",dsdm,DSDM_LOGIT,expert,,,true,0.2,true,direct,false,0.0,0.6,4.0,10,,750,150000,0,17.77,71.08,32.93,49.44,27.426666666666666,21.64,0.0522896833717823,1.04436194896698,0.7628684043884277,0.7628684043884277,0.0,2026-07-06T14:08:06,
pipeline_social_results,outputs/cifar100_4agent_25cls_hetero4arch_ipc10_tune2_alex_fr020_kd070_t3_sched/metrics/social_results.csv,cifar100_4agent_25cls_hetero4arch_ipc10_tune2_alex_fr020_kd070_t3_sched,3,alexnet,"0,1,2,3,4,5,6,7,8,9,10,11,12,13,14,15,16,17,18,19,20,21,22,23,24",dsdm,DSDM_LOGIT,expert,,,true,0.2,true,direct,false,0.0,0.7,3.0,10,,750,150000,0,17.77,71.08,32.81,48.8,27.48,22.28,0.06763432174921036,0.6471195816993713,0.5556561350822449,0.5556561350822449,0.0,2026-07-06T14:07:02,
pipeline_social_results,outputs/cifar100_4agent_25cls_hetero4arch_ipc10_tune2_alex_fr025_kd060_t3_sched/metrics/social_results.csv,cifar100_4agent_25cls_hetero4arch_ipc10_tune2_alex_fr025_kd060_t3_sched,3,alexnet,"0,1,2,3,4,5,6,7,8,9,10,11,12,13,14,15,16,17,18,19,20,21,22,23,24",dsdm,DSDM_LOGIT,expert,,,true,0.25,true,direct,false,0.0,0.6,3.0,10,,750,150000,0,17.77,71.08,31.96,48.2,26.546666666666667,22.879999999999995,0.0744238942861557,0.9215335845947266,0.5705289244651794,0.5705289244651794,0.0,2026-07-06T14:10:06,
pipeline_social_results,outputs/cifar100_4agent_25cls_hetero4arch_ipc10_tune2_vgg_ep075_fr020_kd060_t3_sched_self20/metrics/social_results.csv,cifar100_4agent_25cls_hetero4arch_ipc10_tune2_vgg_ep075_fr020_kd060_t3_sched_self20,2,vgg,"50,51,52,53,54,55,56,57,58,59,60,61,62,63,64,65,66,67,68,69,70,71,72,73,74",dsdm,DSDM_LOGIT,expert,,,true,0.2,true,direct,false,0.0,0.6,3.0,10,,750,150000,0,16.08,64.32,25.07,17.4,27.626666666666665,46.919999999999995,0.15060703456401825,1.0438681840896606,0.7176255583763123,0.7176255583763123,0.0,2026-07-06T14:05:03,
pipeline_social_results,outputs/cifar100_4agent_25cls_hetero4arch_ipc10_tune2_vgg_fr020_kd050_t3_sched_self20/metrics/social_results.csv,cifar100_4agent_25cls_hetero4arch_ipc10_tune2_vgg_fr020_kd050_t3_sched_self20,2,vgg,"50,51,52,53,54,55,56,57,58,59,60,61,62,63,64,65,66,67,68,69,70,71,72,73,74",dsdm,DSDM_LOGIT,expert,,,true,0.2,true,direct,false,0.0,0.5,3.0,10,,750,150000,0,16.08,64.32,24.4,17.16,26.813333333333333,47.16,0.07056239247322083,0.8826698064804077,0.8572902083396912,0.8572902083396912,0.0,2026-07-06T14:00:51,
pipeline_social_results,outputs/cifar100_4agent_25cls_hetero4arch_ipc10_tune2_vgg_fr020_kd060_t3_latefr_self20/metrics/social_results.csv,cifar100_4agent_25cls_hetero4arch_ipc10_tune2_vgg_fr020_kd060_t3_latefr_self20,2,vgg,"50,51,52,53,54,55,56,57,58,59,60,61,62,63,64,65,66,67,68,69,70,71,72,73,74",dsdm,DSDM_LOGIT,expert,,,true,0.2,true,direct,false,0.0,0.6,3.0,10,,750,150000,0,16.08,64.32,25.19,21.08,26.56,43.239999999999995,0.032764732837677,1.0482016801834106,0.6235599517822266,0.6235599517822266,0.0,2026-07-06T14:03:33,
pipeline_social_results,outputs/cifar100_4agent_25cls_hetero4arch_ipc10_tune2_vgg_fr020_kd060_t3_sched_self20/metrics/social_results.csv,cifar100_4agent_25cls_hetero4arch_ipc10_tune2_vgg_fr020_kd060_t3_sched_self20,2,vgg,"50,51,52,53,54,55,56,57,58,59,60,61,62,63,64,65,66,67,68,69,70,71,72,73,74",dsdm,DSDM_LOGIT,expert,,,true,0.2,true,direct,false,0.0,0.6,3.0,10,,750,150000,0,16.08,64.32,25.65,18.08,28.173333333333332,46.239999999999995,0.17956116795539856,0.9625747203826904,0.7215285897254944,0.7215285897254944,0.0,2026-07-06T13:55:33,
pipeline_social_results,outputs/cifar100_4agent_25cls_hetero4arch_ipc10_tune2_vgg_fr020_kd060_t3_sched_self30/metrics/social_results.csv,cifar100_4agent_25cls_hetero4arch_ipc10_tune2_vgg_fr020_kd060_t3_sched_self30,2,vgg,"50,51,52,53,54,55,56,57,58,59,60,61,62,63,64,65,66,67,68,69,70,71,72,73,74",dsdm,DSDM_LOGIT,expert,,,true,0.2,true,direct,false,0.0,0.6,3.0,10,,750,150000,0,16.08,64.32,25.81,20.8,27.48,43.519999999999996,0.0935419574379921,0.7915836572647095,0.8300438523292542,0.8300438523292542,0.0,2026-07-06T13:56:53,
pipeline_social_results,outputs/cifar100_4agent_25cls_hetero4arch_ipc10_tune2_vgg_fr020_kd070_t4_sched_self20/metrics/social_results.csv,cifar100_4agent_25cls_hetero4arch_ipc10_tune2_vgg_fr020_kd070_t4_sched_self20,2,vgg,"50,51,52,53,54,55,56,57,58,59,60,61,62,63,64,65,66,67,68,69,70,71,72,73,74",dsdm,DSDM_LOGIT,expert,,,true,0.2,true,direct,false,0.0,0.7,4.0,10,,750,150000,0,16.08,64.32,25.42,18.28,27.8,46.03999999999999,0.07218674570322037,1.4669640064239502,0.9708199501037598,0.9708199501037598,0.0,2026-07-06T14:02:12,
pipeline_social_results,outputs/cifar100_4agent_25cls_hetero4arch_ipc10_tune2_vgg_fr025_kd060_t3_sched_self20/metrics/social_results.csv,cifar100_4agent_25cls_hetero4arch_ipc10_tune2_vgg_fr025_kd060_t3_sched_self20,2,vgg,"50,51,52,53,54,55,56,57,58,59,60,61,62,63,64,65,66,67,68,69,70,71,72,73,74",dsdm,DSDM_LOGIT,expert,,,true,0.25,true,direct,false,0.0,0.6,3.0,10,,750,150000,0,16.08,64.32,26.05,19.84,28.12,44.47999999999999,0.04841350018978119,0.9193910956382751,0.7860878109931946,0.7860878109931946,0.0,2026-07-06T13:58:12,
pipeline_social_results,outputs/cifar100_4agent_25cls_hetero4arch_ipc10_tune2_vgg_fr030_kd060_t3_sched_self20/metrics/social_results.csv,cifar100_4agent_25cls_hetero4arch_ipc10_tune2_vgg_fr030_kd060_t3_sched_self20,2,vgg,"50,51,52,53,54,55,56,57,58,59,60,61,62,63,64,65,66,67,68,69,70,71,72,73,74",dsdm,DSDM_LOGIT,expert,,,true,0.3,true,direct,false,0.0,0.6,3.0,10,,750,150000,0,16.08,64.32,25.69,19.84,27.64,44.47999999999999,0.06460791081190109,0.8012389540672302,0.512509822845459,0.512509822845459,0.0,2026-07-06T13:59:32,
pipeline_social_results,outputs/cifar100_4agent_25cls_hetero4arch_ipc10_tune_ep050_fr020_kd050_t2/metrics/social_results.csv,cifar100_4agent_25cls_hetero4arch_ipc10_tune_ep050_fr020_kd050_t2,0,convnet3w1,"25,26,27,28,29,30,31,32,33,34,35,36,37,38,39,40,41,42,43,44,45,46,47,48,49",dsdm,DSDM_LOGIT,expert,,,true,0.2,true,direct,false,0.0,0.5,2.0,10,,750,150000,0,16.33,65.32,32.85,41.24,30.053333333333335,24.07999999999999,0.06078129634261131,0.07498615235090256,0.21609464287757874,0.21609464287757874,0.0,2026-07-06T12:25:17,
pipeline_social_results,outputs/cifar100_4agent_25cls_hetero4arch_ipc10_tune_ep050_fr020_kd050_t2/metrics/social_results.csv,cifar100_4agent_25cls_hetero4arch_ipc10_tune_ep050_fr020_kd050_t2,1,convnet4w15,"75,76,77,78,79,80,81,82,83,84,85,86,87,88,89,90,91,92,93,94,95,96,97,98,99",dsdm,DSDM_LOGIT,expert,,,true,0.2,true,direct,false,0.0,0.5,2.0,10,,750,150000,0,18.04,72.16,32.04,54.64,24.506666666666668,17.519999999999996,0.0945577323436737,0.12093721330165863,0.22695371508598328,0.22695371508598328,0.0,2026-07-06T12:25:54,
pipeline_social_results,outputs/cifar100_4agent_25cls_hetero4arch_ipc10_tune_ep050_fr020_kd050_t2/metrics/social_results.csv,cifar100_4agent_25cls_hetero4arch_ipc10_tune_ep050_fr020_kd050_t2,2,vgg,"50,51,52,53,54,55,56,57,58,59,60,61,62,63,64,65,66,67,68,69,70,71,72,73,74",dsdm,DSDM_LOGIT,expert,,,true,0.2,true,direct,false,0.0,0.5,2.0,10,,750,150000,0,16.08,64.32,23.26,19.32,24.573333333333334,44.99999999999999,0.12463203817605972,1.1771498918533325,0.5038336515426636,0.5038336515426636,0.0,2026-07-06T12:26:40,
pipeline_social_results,outputs/cifar100_4agent_25cls_hetero4arch_ipc10_tune_ep050_fr020_kd050_t2/metrics/social_results.csv,cifar100_4agent_25cls_hetero4arch_ipc10_tune_ep050_fr020_kd050_t2,3,alexnet,"0,1,2,3,4,5,6,7,8,9,10,11,12,13,14,15,16,17,18,19,20,21,22,23,24",dsdm,DSDM_LOGIT,expert,,,true,0.2,true,direct,false,0.0,0.5,2.0,10,,750,150000,0,17.77,71.08,31.19,48.72,25.346666666666668,22.36,0.08803539723157883,1.0442211627960205,0.31877750158309937,0.31877750158309937,0.0,2026-07-06T12:27:15,
pipeline_social_results,outputs/cifar100_4agent_25cls_hetero4arch_ipc10_tune_ep050_fr020_kd050_t2_partial_20260706_122417/metrics/social_results.csv,cifar100_4agent_25cls_hetero4arch_ipc10_tune_ep050_fr020_kd050_t2,0,convnet3w1,"25,26,27,28,29,30,31,32,33,34,35,36,37,38,39,40,41,42,43,44,45,46,47,48,49",dsdm,DSDM_LOGIT,expert,,,true,0.2,true,direct,false,0.0,0.5,2.0,10,,750,150000,0,16.33,65.32,32.88,41.28,30.08,24.039999999999992,0.05027797818183899,0.10485918819904327,0.11174467951059341,0.11174467951059341,0.0,2026-07-06T12:21:59,
pipeline_social_results,outputs/cifar100_4agent_25cls_hetero4arch_ipc10_tune_ep055_fr020_kd060_t2/metrics/social_results.csv,cifar100_4agent_25cls_hetero4arch_ipc10_tune_ep055_fr020_kd060_t2,0,convnet3w1,"25,26,27,28,29,30,31,32,33,34,35,36,37,38,39,40,41,42,43,44,45,46,47,48,49",dsdm,DSDM_LOGIT,expert,,,true,0.2,true,direct,false,0.0,0.6,2.0,10,,750,150000,0,16.33,65.32,32.65,40.6,30.0,24.71999999999999,0.050273407250642776,0.11432468146085739,0.15051954984664917,0.15051954984664917,0.0,2026-07-06T12:28:18,
pipeline_social_results,outputs/cifar100_4agent_25cls_hetero4arch_ipc10_tune_ep055_fr020_kd060_t2/metrics/social_results.csv,cifar100_4agent_25cls_hetero4arch_ipc10_tune_ep055_fr020_kd060_t2,1,convnet4w15,"75,76,77,78,79,80,81,82,83,84,85,86,87,88,89,90,91,92,93,94,95,96,97,98,99",dsdm,DSDM_LOGIT,expert,,,true,0.2,true,direct,false,0.0,0.6,2.0,10,,750,150000,0,18.04,72.16,31.79,54.48,24.226666666666667,17.68,0.07637341320514679,0.10428161919116974,0.19333615899085999,0.19333615899085999,0.0,2026-07-06T12:28:56,
pipeline_social_results,outputs/cifar100_4agent_25cls_hetero4arch_ipc10_tune_ep055_fr020_kd060_t2/metrics/social_results.csv,cifar100_4agent_25cls_hetero4arch_ipc10_tune_ep055_fr020_kd060_t2,2,vgg,"50,51,52,53,54,55,56,57,58,59,60,61,62,63,64,65,66,67,68,69,70,71,72,73,74",dsdm,DSDM_LOGIT,expert,,,true,0.2,true,direct,false,0.0,0.6,2.0,10,,750,150000,0,16.08,64.32,23.07,18.6,24.56,45.71999999999999,0.08872533589601517,1.229406714439392,0.41650113463401794,0.41650113463401794,0.0,2026-07-06T12:29:41,
pipeline_social_results,outputs/cifar100_4agent_25cls_hetero4arch_ipc10_tune_ep055_fr020_kd060_t2/metrics/social_results.csv,cifar100_4agent_25cls_hetero4arch_ipc10_tune_ep055_fr020_kd060_t2,3,alexnet,"0,1,2,3,4,5,6,7,8,9,10,11,12,13,14,15,16,17,18,19,20,21,22,23,24",dsdm,DSDM_LOGIT,expert,,,true,0.2,true,direct,false,0.0,0.6,2.0,10,,750,150000,0,17.77,71.08,30.73,47.08,25.28,24.0,0.030008653178811073,1.3158413171768188,0.2563859522342682,0.2563859522342682,0.0,2026-07-06T12:30:18,
pipeline_social_results,outputs/cifar100_4agent_25cls_hetero4arch_ipc10_tune_ep055_fr020_kd060_t2_partial_20260706_122417/metrics/social_results.csv,cifar100_4agent_25cls_hetero4arch_ipc10_tune_ep055_fr020_kd060_t2,0,convnet3w1,"25,26,27,28,29,30,31,32,33,34,35,36,37,38,39,40,41,42,43,44,45,46,47,48,49",dsdm,DSDM_LOGIT,expert,,,true,0.2,true,direct,false,0.0,0.6,2.0,10,,750,150000,0,16.33,65.32,32.82,40.2,30.36,25.11999999999999,0.1558409035205841,0.07390343397855759,0.46804726123809814,0.46804726123809814,0.0,2026-07-06T12:23:38,
pipeline_social_results,outputs/cifar100_4agent_25cls_hetero4arch_ipc10_tune_ep060_fr015_kd050_t2/metrics/social_results.csv,cifar100_4agent_25cls_hetero4arch_ipc10_tune_ep060_fr015_kd050_t2,0,convnet3w1,"25,26,27,28,29,30,31,32,33,34,35,36,37,38,39,40,41,42,43,44,45,46,47,48,49",dsdm,DSDM_LOGIT,expert,,,true,0.15,true,direct,false,0.0,0.5,2.0,10,,750,150000,0,16.33,65.32,32.49,40.36,29.866666666666667,24.959999999999994,0.02925966866314411,0.1238226667046547,0.15222008526325226,0.15222008526325226,0.0,2026-07-06T12:31:21,
pipeline_social_results,outputs/cifar100_4agent_25cls_hetero4arch_ipc10_tune_ep060_fr015_kd050_t2/metrics/social_results.csv,cifar100_4agent_25cls_hetero4arch_ipc10_tune_ep060_fr015_kd050_t2,1,convnet4w15,"75,76,77,78,79,80,81,82,83,84,85,86,87,88,89,90,91,92,93,94,95,96,97,98,99",dsdm,DSDM_LOGIT,expert,,,true,0.15,true,direct,false,0.0,0.5,2.0,10,,750,150000,0,18.04,72.16,32.42,54.88,24.933333333333334,17.279999999999994,0.021660281345248222,0.10533040761947632,0.12924876809120178,0.12924876809120178,0.0,2026-07-06T12:32:00,
pipeline_social_results,outputs/cifar100_4agent_25cls_hetero4arch_ipc10_tune_ep060_fr015_kd050_t2/metrics/social_results.csv,cifar100_4agent_25cls_hetero4arch_ipc10_tune_ep060_fr015_kd050_t2,2,vgg,"50,51,52,53,54,55,56,57,58,59,60,61,62,63,64,65,66,67,68,69,70,71,72,73,74",dsdm,DSDM_LOGIT,expert,,,true,0.15,true,direct,false,0.0,0.5,2.0,10,,750,150000,0,16.08,64.32,22.53,17.84,24.093333333333334,46.47999999999999,0.07838262617588043,0.9087062478065491,0.2902970314025879,0.2902970314025879,0.0,2026-07-06T12:32:49,
pipeline_social_results,outputs/cifar100_4agent_25cls_hetero4arch_ipc10_tune_ep060_fr015_kd050_t2/metrics/social_results.csv,cifar100_4agent_25cls_hetero4arch_ipc10_tune_ep060_fr015_kd050_t2,3,alexnet,"0,1,2,3,4,5,6,7,8,9,10,11,12,13,14,15,16,17,18,19,20,21,22,23,24",dsdm,DSDM_LOGIT,expert,,,true,0.15,true,direct,false,0.0,0.5,2.0,10,,750,150000,0,17.77,71.08,30.67,50.12,24.186666666666667,20.96,0.17811714112758636,2.496229648590088,0.28361839056015015,0.28361839056015015,0.0,2026-07-06T12:33:31,
pipeline_social_results,outputs/cifar100_4agent_25cls_hetero4arch_ipc10_tune_ep060_fr020_kd050_t2/metrics/social_results.csv,cifar100_4agent_25cls_hetero4arch_ipc10_tune_ep060_fr020_kd050_t2,0,convnet3w1,"25,26,27,28,29,30,31,32,33,34,35,36,37,38,39,40,41,42,43,44,45,46,47,48,49",dsdm,DSDM_LOGIT,expert,,,true,0.2,true,direct,false,0.0,0.5,2.0,10,,750,150000,0,16.33,65.32,32.91,41.2,30.14666666666667,24.11999999999999,0.06479106843471527,0.08443856239318848,0.26296424865722656,0.26296424865722656,0.0,2026-07-06T12:34:19,
pipeline_social_results,outputs/cifar100_4agent_25cls_hetero4arch_ipc10_tune_ep060_fr020_kd050_t2/metrics/social_results.csv,cifar100_4agent_25cls_hetero4arch_ipc10_tune_ep060_fr020_kd050_t2,1,convnet4w15,"75,76,77,78,79,80,81,82,83,84,85,86,87,88,89,90,91,92,93,94,95,96,97,98,99",dsdm,DSDM_LOGIT,expert,,,true,0.2,true,direct,false,0.0,0.5,2.0,10,,750,150000,0,18.04,72.16,31.95,54.2,24.533333333333335,17.959999999999994,0.05986338108778,0.09984226524829865,0.1736384928226471,0.1736384928226471,0.0,2026-07-06T12:35:00,
pipeline_social_results,outputs/cifar100_4agent_25cls_hetero4arch_ipc10_tune_ep060_fr020_kd050_t2/metrics/social_results.csv,cifar100_4agent_25cls_hetero4arch_ipc10_tune_ep060_fr020_kd050_t2,2,vgg,"50,51,52,53,54,55,56,57,58,59,60,61,62,63,64,65,66,67,68,69,70,71,72,73,74",dsdm,DSDM_LOGIT,expert,,,true,0.2,true,direct,false,0.0,0.5,2.0,10,,750,150000,0,16.08,64.32,22.95,17.76,24.68,46.55999999999999,0.03186821937561035,1.420210361480713,0.36749085783958435,0.36749085783958435,0.0,2026-07-06T12:35:50,
pipeline_social_results,outputs/cifar100_4agent_25cls_hetero4arch_ipc10_tune_ep060_fr020_kd050_t2/metrics/social_results.csv,cifar100_4agent_25cls_hetero4arch_ipc10_tune_ep060_fr020_kd050_t2,3,alexnet,"0,1,2,3,4,5,6,7,8,9,10,11,12,13,14,15,16,17,18,19,20,21,22,23,24",dsdm,DSDM_LOGIT,expert,,,true,0.2,true,direct,false,0.0,0.5,2.0,10,,750,150000,0,17.77,71.08,30.2,47.96,24.28,23.119999999999997,0.03378033638000488,1.2707875967025757,0.3449755907058716,0.3449755907058716,0.0,2026-07-06T12:36:30,
pipeline_social_results,outputs/cifar100_4agent_25cls_hetero4arch_ipc10_tune_ep060_fr020_kd060_t1/metrics/social_results.csv,cifar100_4agent_25cls_hetero4arch_ipc10_tune_ep060_fr020_kd060_t1,0,convnet3w1,"25,26,27,28,29,30,31,32,33,34,35,36,37,38,39,40,41,42,43,44,45,46,47,48,49",dsdm,DSDM_LOGIT,expert,,,true,0.2,true,direct,false,0.0,0.6,1.0,10,,750,150000,0,16.33,65.32,31.34,42.4,27.653333333333332,22.919999999999995,0.06129756197333336,0.11637189239263535,0.049856092780828476,0.049856092780828476,0.0,2026-07-06T12:40:38,
pipeline_social_results,outputs/cifar100_4agent_25cls_hetero4arch_ipc10_tune_ep060_fr020_kd060_t1/metrics/social_results.csv,cifar100_4agent_25cls_hetero4arch_ipc10_tune_ep060_fr020_kd060_t1,1,convnet4w15,"75,76,77,78,79,80,81,82,83,84,85,86,87,88,89,90,91,92,93,94,95,96,97,98,99",dsdm,DSDM_LOGIT,expert,,,true,0.2,true,direct,false,0.0,0.6,1.0,10,,750,150000,0,18.04,72.16,30.13,56.36,21.386666666666667,15.799999999999997,0.03434884175658226,0.10506061464548111,0.15848331153392792,0.15848331153392792,0.0,2026-07-06T12:41:17,
pipeline_social_results,outputs/cifar100_4agent_25cls_hetero4arch_ipc10_tune_ep060_fr020_kd060_t1/metrics/social_results.csv,cifar100_4agent_25cls_hetero4arch_ipc10_tune_ep060_fr020_kd060_t1,2,vgg,"50,51,52,53,54,55,56,57,58,59,60,61,62,63,64,65,66,67,68,69,70,71,72,73,74",dsdm,DSDM_LOGIT,expert,,,true,0.2,true,direct,false,0.0,0.6,1.0,10,,750,150000,0,16.08,64.32,19.83,17.6,20.573333333333334,46.71999999999999,0.018682140856981277,0.9443089365959167,0.09796544164419174,0.09796544164419174,0.0,2026-07-06T12:42:07,
pipeline_social_results,outputs/cifar100_4agent_25cls_hetero4arch_ipc10_tune_ep060_fr020_kd060_t1/metrics/social_results.csv,cifar100_4agent_25cls_hetero4arch_ipc10_tune_ep060_fr020_kd060_t1,3,alexnet,"0,1,2,3,4,5,6,7,8,9,10,11,12,13,14,15,16,17,18,19,20,21,22,23,24",dsdm,DSDM_LOGIT,expert,,,true,0.2,true,direct,false,0.0,0.6,1.0,10,,750,150000,0,17.77,71.08,27.53,43.2,22.30666666666667,27.879999999999995,0.2047702670097351,1.1675481796264648,0.14494387805461884,0.14494387805461884,0.0,2026-07-06T12:42:48,
pipeline_social_results,outputs/cifar100_4agent_25cls_hetero4arch_ipc10_tune_ep060_fr020_kd060_t2/metrics/social_results.csv,cifar100_4agent_25cls_hetero4arch_ipc10_tune_ep060_fr020_kd060_t2,0,convnet3w1,"25,26,27,28,29,30,31,32,33,34,35,36,37,38,39,40,41,42,43,44,45,46,47,48,49",dsdm,DSDM_LOGIT,expert,,,true,0.2,true,direct,false,0.0,0.6,2.0,10,,750,150000,0,16.33,65.32,33.04,40.16,30.666666666666668,25.159999999999997,0.10235645622015,0.12535855174064636,0.48355692625045776,0.48355692625045776,0.0,2026-07-06T12:43:41,
pipeline_social_results,outputs/cifar100_4agent_25cls_hetero4arch_ipc10_tune_ep060_fr020_kd060_t2/metrics/social_results.csv,cifar100_4agent_25cls_hetero4arch_ipc10_tune_ep060_fr020_kd060_t2,1,convnet4w15,"75,76,77,78,79,80,81,82,83,84,85,86,87,88,89,90,91,92,93,94,95,96,97,98,99",dsdm,DSDM_LOGIT,expert,,,true,0.2,true,direct,false,0.0,0.6,2.0,10,,750,150000,0,18.04,72.16,31.6,54.48,23.973333333333333,17.68,0.13657818734645844,0.09527622163295746,0.20572040975093842,0.20572040975093842,0.0,2026-07-06T12:44:21,
pipeline_social_results,outputs/cifar100_4agent_25cls_hetero4arch_ipc10_tune_ep060_fr020_kd060_t2/metrics/social_results.csv,cifar100_4agent_25cls_hetero4arch_ipc10_tune_ep060_fr020_kd060_t2,2,vgg,"50,51,52,53,54,55,56,57,58,59,60,61,62,63,64,65,66,67,68,69,70,71,72,73,74",dsdm,DSDM_LOGIT,expert,,,true,0.2,true,direct,false,0.0,0.6,2.0,10,,750,150000,0,16.08,64.32,22.52,15.64,24.813333333333333,48.67999999999999,0.029017381370067596,1.666438341140747,0.1835758537054062,0.1835758537054062,0.0,2026-07-06T12:45:09,
pipeline_social_results,outputs/cifar100_4agent_25cls_hetero4arch_ipc10_tune_ep060_fr020_kd060_t2/metrics/social_results.csv,cifar100_4agent_25cls_hetero4arch_ipc10_tune_ep060_fr020_kd060_t2,3,alexnet,"0,1,2,3,4,5,6,7,8,9,10,11,12,13,14,15,16,17,18,19,20,21,22,23,24",dsdm,DSDM_LOGIT,expert,,,true,0.2,true,direct,false,0.0,0.6,2.0,10,,750,150000,0,17.77,71.08,30.15,44.12,25.493333333333332,26.96,0.13128268718719482,1.2283546924591064,0.5284413695335388,0.5284413695335388,0.0,2026-07-06T12:45:52,
pipeline_social_results,outputs/cifar100_4agent_25cls_hetero4arch_ipc10_tune_ep060_fr020_kd060_t2_latesched/metrics/social_results.csv,cifar100_4agent_25cls_hetero4arch_ipc10_tune_ep060_fr020_kd060_t2_latesched,0,convnet3w1,"25,26,27,28,29,30,31,32,33,34,35,36,37,38,39,40,41,42,43,44,45,46,47,48,49",dsdm,DSDM_LOGIT,expert,,,true,0.2,true,direct,false,0.0,0.6,2.0,10,,750,150000,0,16.33,65.32,32.75,41.8,29.733333333333334,23.519999999999996,0.03690991923213005,0.06854479759931564,0.10684940963983536,0.10684940963983536,0.0,2026-07-06T13:20:24,
pipeline_social_results,outputs/cifar100_4agent_25cls_hetero4arch_ipc10_tune_ep060_fr020_kd060_t2_latesched/metrics/social_results.csv,cifar100_4agent_25cls_hetero4arch_ipc10_tune_ep060_fr020_kd060_t2_latesched,1,convnet4w15,"75,76,77,78,79,80,81,82,83,84,85,86,87,88,89,90,91,92,93,94,95,96,97,98,99",dsdm,DSDM_LOGIT,expert,,,true,0.2,true,direct,false,0.0,0.6,2.0,10,,750,150000,0,18.04,72.16,31.93,55.08,24.213333333333335,17.08,0.05858665704727173,0.11635870486497879,0.1254408061504364,0.1254408061504364,0.0,2026-07-06T13:21:03,
pipeline_social_results,outputs/cifar100_4agent_25cls_hetero4arch_ipc10_tune_ep060_fr020_kd060_t2_latesched/metrics/social_results.csv,cifar100_4agent_25cls_hetero4arch_ipc10_tune_ep060_fr020_kd060_t2_latesched,2,vgg,"50,51,52,53,54,55,56,57,58,59,60,61,62,63,64,65,66,67,68,69,70,71,72,73,74",dsdm,DSDM_LOGIT,expert,,,true,0.2,true,direct,false,0.0,0.6,2.0,10,,750,150000,0,16.08,64.32,21.98,18.64,23.093333333333334,45.67999999999999,0.1562817245721817,1.5110788345336914,0.38001304864883423,0.38001304864883423,0.0,2026-07-06T13:21:56,
pipeline_social_results,outputs/cifar100_4agent_25cls_hetero4arch_ipc10_tune_ep060_fr020_kd060_t2_latesched/metrics/social_results.csv,cifar100_4agent_25cls_hetero4arch_ipc10_tune_ep060_fr020_kd060_t2_latesched,3,alexnet,"0,1,2,3,4,5,6,7,8,9,10,11,12,13,14,15,16,17,18,19,20,21,22,23,24",dsdm,DSDM_LOGIT,expert,,,true,0.2,true,direct,false,0.0,0.6,2.0,10,,750,150000,0,17.77,71.08,29.94,49.08,23.56,22.0,0.06739439815282822,1.7506269216537476,0.38710400462150574,0.38710400462150574,0.0,2026-07-06T13:22:38,
pipeline_social_results,outputs/cifar100_4agent_25cls_hetero4arch_ipc10_tune_ep060_fr020_kd060_t2_sched/metrics/social_results.csv,cifar100_4agent_25cls_hetero4arch_ipc10_tune_ep060_fr020_kd060_t2_sched,0,convnet3w1,"25,26,27,28,29,30,31,32,33,34,35,36,37,38,39,40,41,42,43,44,45,46,47,48,49",dsdm,DSDM_LOGIT,expert,,,true,0.2,true,direct,false,0.0,0.6,2.0,10,,750,150000,0,16.33,65.32,33.01,41.44,30.2,23.879999999999995,0.07066571712493896,0.018253182992339134,0.17376135289669037,0.17376135289669037,0.0,2026-07-06T13:05:03,
pipeline_social_results,outputs/cifar100_4agent_25cls_hetero4arch_ipc10_tune_ep060_fr020_kd060_t2_sched/metrics/social_results.csv,cifar100_4agent_25cls_hetero4arch_ipc10_tune_ep060_fr020_kd060_t2_sched,1,convnet4w15,"75,76,77,78,79,80,81,82,83,84,85,86,87,88,89,90,91,92,93,94,95,96,97,98,99",dsdm,DSDM_LOGIT,expert,,,true,0.2,true,direct,false,0.0,0.6,2.0,10,,750,150000,0,18.04,72.16,32.39,53.4,25.386666666666667,18.759999999999998,0.0896182432770729,0.03724588826298714,0.21372640132904053,0.21372640132904053,0.0,2026-07-06T13:05:44,
pipeline_social_results,outputs/cifar100_4agent_25cls_hetero4arch_ipc10_tune_ep060_fr020_kd060_t2_sched/metrics/social_results.csv,cifar100_4agent_25cls_hetero4arch_ipc10_tune_ep060_fr020_kd060_t2_sched,2,vgg,"50,51,52,53,54,55,56,57,58,59,60,61,62,63,64,65,66,67,68,69,70,71,72,73,74",dsdm,DSDM_LOGIT,expert,,,true,0.2,true,direct,false,0.0,0.6,2.0,10,,750,150000,0,16.08,64.32,23.52,18.64,25.14666666666667,45.67999999999999,0.04446977749466896,0.9186655282974243,0.2879256010055542,0.2879256010055542,0.0,2026-07-06T13:06:30,
pipeline_social_results,outputs/cifar100_4agent_25cls_hetero4arch_ipc10_tune_ep060_fr020_kd060_t2_sched/metrics/social_results.csv,cifar100_4agent_25cls_hetero4arch_ipc10_tune_ep060_fr020_kd060_t2_sched,3,alexnet,"0,1,2,3,4,5,6,7,8,9,10,11,12,13,14,15,16,17,18,19,20,21,22,23,24",dsdm,DSDM_LOGIT,expert,,,true,0.2,true,direct,false,0.0,0.6,2.0,10,,750,150000,0,17.77,71.08,31.65,47.68,26.30666666666667,23.4,0.08321934938430786,0.8385783433914185,0.28147971630096436,0.28147971630096436,0.0,2026-07-06T13:07:11,
pipeline_social_results,outputs/cifar100_4agent_25cls_hetero4arch_ipc10_tune_ep060_fr020_kd060_t2_sched_latesched/metrics/social_results.csv,cifar100_4agent_25cls_hetero4arch_ipc10_tune_ep060_fr020_kd060_t2_sched_latesched,0,convnet3w1,"25,26,27,28,29,30,31,32,33,34,35,36,37,38,39,40,41,42,43,44,45,46,47,48,49",dsdm,DSDM_LOGIT,expert,,,true,0.2,true,direct,false,0.0,0.6,2.0,10,,750,150000,0,16.33,65.32,33.35,41.8,30.533333333333335,23.519999999999996,0.07218236476182938,0.043141115456819534,0.22491824626922607,0.22491824626922607,0.0,2026-07-06T13:23:43,
pipeline_social_results,outputs/cifar100_4agent_25cls_hetero4arch_ipc10_tune_ep060_fr020_kd060_t2_sched_latesched/metrics/social_results.csv,cifar100_4agent_25cls_hetero4arch_ipc10_tune_ep060_fr020_kd060_t2_sched_latesched,1,convnet4w15,"75,76,77,78,79,80,81,82,83,84,85,86,87,88,89,90,91,92,93,94,95,96,97,98,99",dsdm,DSDM_LOGIT,expert,,,true,0.2,true,direct,false,0.0,0.6,2.0,10,,750,150000,0,18.04,72.16,32.72,54.08,25.6,18.08,0.034892886877059937,0.014323403127491474,0.11376547813415527,0.11376547813415527,0.0,2026-07-06T13:24:25,
pipeline_social_results,outputs/cifar100_4agent_25cls_hetero4arch_ipc10_tune_ep060_fr020_kd060_t2_sched_latesched/metrics/social_results.csv,cifar100_4agent_25cls_hetero4arch_ipc10_tune_ep060_fr020_kd060_t2_sched_latesched,2,vgg,"50,51,52,53,54,55,56,57,58,59,60,61,62,63,64,65,66,67,68,69,70,71,72,73,74",dsdm,DSDM_LOGIT,expert,,,true,0.2,true,direct,false,0.0,0.6,2.0,10,,750,150000,0,16.08,64.32,22.73,16.12,24.933333333333334,48.19999999999999,0.033051006495952606,0.8424409031867981,0.4522263705730438,0.4522263705730438,0.0,2026-07-06T13:25:14,
pipeline_social_results,outputs/cifar100_4agent_25cls_hetero4arch_ipc10_tune_ep060_fr020_kd060_t2_sched_latesched/metrics/social_results.csv,cifar100_4agent_25cls_hetero4arch_ipc10_tune_ep060_fr020_kd060_t2_sched_latesched,3,alexnet,"0,1,2,3,4,5,6,7,8,9,10,11,12,13,14,15,16,17,18,19,20,21,22,23,24",dsdm,DSDM_LOGIT,expert,,,true,0.2,true,direct,false,0.0,0.6,2.0,10,,750,150000,0,17.77,71.08,31.33,47.72,25.866666666666667,23.36,0.09175268560647964,0.7494032382965088,0.30958595871925354,0.30958595871925354,0.0,2026-07-06T13:25:55,
pipeline_social_results,outputs/cifar100_4agent_25cls_hetero4arch_ipc10_tune_ep060_fr020_kd060_t2_sched_self15/metrics/social_results.csv,cifar100_4agent_25cls_hetero4arch_ipc10_tune_ep060_fr020_kd060_t2_sched_self15,0,convnet3w1,"25,26,27,28,29,30,31,32,33,34,35,36,37,38,39,40,41,42,43,44,45,46,47,48,49",dsdm,DSDM_LOGIT,expert,,,true,0.2,true,direct,false,0.0,0.6,2.0,10,,750,150000,0,16.33,65.32,33.21,43.08,29.92,22.239999999999995,0.07432327419519424,0.1144694834947586,0.1524118334054947,0.1524118334054947,0.0,2026-07-06T13:17:22,
pipeline_social_results,outputs/cifar100_4agent_25cls_hetero4arch_ipc10_tune_ep060_fr020_kd060_t2_sched_self15/metrics/social_results.csv,cifar100_4agent_25cls_hetero4arch_ipc10_tune_ep060_fr020_kd060_t2_sched_self15,1,convnet4w15,"75,76,77,78,79,80,81,82,83,84,85,86,87,88,89,90,91,92,93,94,95,96,97,98,99",dsdm,DSDM_LOGIT,expert,,,true,0.2,true,direct,false,0.0,0.6,2.0,10,,750,150000,0,18.04,72.16,32.35,55.4,24.666666666666668,16.759999999999998,0.03749162703752518,0.022443480789661407,0.1219974160194397,0.1219974160194397,0.0,2026-07-06T13:18:04,
pipeline_social_results,outputs/cifar100_4agent_25cls_hetero4arch_ipc10_tune_ep060_fr020_kd060_t2_sched_self15/metrics/social_results.csv,cifar100_4agent_25cls_hetero4arch_ipc10_tune_ep060_fr020_kd060_t2_sched_self15,2,vgg,"50,51,52,53,54,55,56,57,58,59,60,61,62,63,64,65,66,67,68,69,70,71,72,73,74",dsdm,DSDM_LOGIT,expert,,,true,0.2,true,direct,false,0.0,0.6,2.0,10,,750,150000,0,16.08,64.32,23.93,17.48,26.08,46.83999999999999,0.03740454092621803,0.8275209665298462,0.3426649868488312,0.3426649868488312,0.0,2026-07-06T13:18:54,
pipeline_social_results,outputs/cifar100_4agent_25cls_hetero4arch_ipc10_tune_ep060_fr020_kd060_t2_sched_self15/metrics/social_results.csv,cifar100_4agent_25cls_hetero4arch_ipc10_tune_ep060_fr020_kd060_t2_sched_self15,3,alexnet,"0,1,2,3,4,5,6,7,8,9,10,11,12,13,14,15,16,17,18,19,20,21,22,23,24",dsdm,DSDM_LOGIT,expert,,,true,0.2,true,direct,false,0.0,0.6,2.0,10,,750,150000,0,17.77,71.08,30.98,49.76,24.72,21.32,0.07457178831100464,1.605305790901184,0.2562844753265381,0.2562844753265381,0.0,2026-07-06T13:19:36,
pipeline_social_results,outputs/cifar100_4agent_25cls_hetero4arch_ipc10_tune_ep060_fr020_kd060_t2_self15/metrics/social_results.csv,cifar100_4agent_25cls_hetero4arch_ipc10_tune_ep060_fr020_kd060_t2_self15,0,convnet3w1,"25,26,27,28,29,30,31,32,33,34,35,36,37,38,39,40,41,42,43,44,45,46,47,48,49",dsdm,DSDM_LOGIT,expert,,,true,0.2,true,direct,false,0.0,0.6,2.0,10,,750,150000,0,16.33,65.32,32.29,41.44,29.24,23.879999999999995,0.1172994002699852,0.11674927175045013,0.1766062080860138,0.1766062080860138,0.0,2026-07-06T13:11:01,
pipeline_social_results,outputs/cifar100_4agent_25cls_hetero4arch_ipc10_tune_ep060_fr020_kd060_t2_self15/metrics/social_results.csv,cifar100_4agent_25cls_hetero4arch_ipc10_tune_ep060_fr020_kd060_t2_self15,1,convnet4w15,"75,76,77,78,79,80,81,82,83,84,85,86,87,88,89,90,91,92,93,94,95,96,97,98,99",dsdm,DSDM_LOGIT,expert,,,true,0.2,true,direct,false,0.0,0.6,2.0,10,,750,150000,0,18.04,72.16,31.99,55.64,24.106666666666666,16.519999999999996,0.15948960185050964,0.08820118755102158,0.31496545672416687,0.31496545672416687,0.0,2026-07-06T13:11:44,
pipeline_social_results,outputs/cifar100_4agent_25cls_hetero4arch_ipc10_tune_ep060_fr020_kd060_t2_self15/metrics/social_results.csv,cifar100_4agent_25cls_hetero4arch_ipc10_tune_ep060_fr020_kd060_t2_self15,2,vgg,"50,51,52,53,54,55,56,57,58,59,60,61,62,63,64,65,66,67,68,69,70,71,72,73,74",dsdm,DSDM_LOGIT,expert,,,true,0.2,true,direct,false,0.0,0.6,2.0,10,,750,150000,0,16.08,64.32,24.02,17.84,26.08,46.47999999999999,0.09863357990980148,1.5804212093353271,0.3220894932746887,0.3220894932746887,0.0,2026-07-06T13:12:32,
pipeline_social_results,outputs/cifar100_4agent_25cls_hetero4arch_ipc10_tune_ep060_fr020_kd060_t2_self15/metrics/social_results.csv,cifar100_4agent_25cls_hetero4arch_ipc10_tune_ep060_fr020_kd060_t2_self15,3,alexnet,"0,1,2,3,4,5,6,7,8,9,10,11,12,13,14,15,16,17,18,19,20,21,22,23,24",dsdm,DSDM_LOGIT,expert,,,true,0.2,true,direct,false,0.0,0.6,2.0,10,,750,150000,0,17.77,71.08,30.94,48.68,25.026666666666667,22.4,0.06365803629159927,1.0169872045516968,0.521273136138916,0.521273136138916,0.0,2026-07-06T13:13:11,
pipeline_social_results,outputs/cifar100_4agent_25cls_hetero4arch_ipc10_tune_ep060_fr020_kd060_t2_self20/metrics/social_results.csv,cifar100_4agent_25cls_hetero4arch_ipc10_tune_ep060_fr020_kd060_t2_self20,0,convnet3w1,"25,26,27,28,29,30,31,32,33,34,35,36,37,38,39,40,41,42,43,44,45,46,47,48,49",dsdm,DSDM_LOGIT,expert,,,true,0.2,true,direct,false,0.0,0.6,2.0,10,,750,150000,0,16.33,65.32,32.89,42.28,29.76,23.039999999999992,0.03875823691487312,0.09593924134969711,0.2441941797733307,0.2441941797733307,0.0,2026-07-06T13:14:05,
pipeline_social_results,outputs/cifar100_4agent_25cls_hetero4arch_ipc10_tune_ep060_fr020_kd060_t2_self20/metrics/social_results.csv,cifar100_4agent_25cls_hetero4arch_ipc10_tune_ep060_fr020_kd060_t2_self20,1,convnet4w15,"75,76,77,78,79,80,81,82,83,84,85,86,87,88,89,90,91,92,93,94,95,96,97,98,99",dsdm,DSDM_LOGIT,expert,,,true,0.2,true,direct,false,0.0,0.6,2.0,10,,750,150000,0,18.04,72.16,31.69,55.48,23.76,16.68,0.029828108847141266,0.1225263774394989,0.2687472403049469,0.2687472403049469,0.0,2026-07-06T13:14:45,
pipeline_social_results,outputs/cifar100_4agent_25cls_hetero4arch_ipc10_tune_ep060_fr020_kd060_t2_self20/metrics/social_results.csv,cifar100_4agent_25cls_hetero4arch_ipc10_tune_ep060_fr020_kd060_t2_self20,2,vgg,"50,51,52,53,54,55,56,57,58,59,60,61,62,63,64,65,66,67,68,69,70,71,72,73,74",dsdm,DSDM_LOGIT,expert,,,true,0.2,true,direct,false,0.0,0.6,2.0,10,,750,150000,0,16.08,64.32,22.67,15.0,25.226666666666667,49.31999999999999,0.046297330409288406,1.3502627611160278,0.20546290278434753,0.20546290278434753,0.0,2026-07-06T13:15:38,
pipeline_social_results,outputs/cifar100_4agent_25cls_hetero4arch_ipc10_tune_ep060_fr020_kd060_t2_self20/metrics/social_results.csv,cifar100_4agent_25cls_hetero4arch_ipc10_tune_ep060_fr020_kd060_t2_self20,3,alexnet,"0,1,2,3,4,5,6,7,8,9,10,11,12,13,14,15,16,17,18,19,20,21,22,23,24",dsdm,DSDM_LOGIT,expert,,,true,0.2,true,direct,false,0.0,0.6,2.0,10,,750,150000,0,17.77,71.08,31.52,49.24,25.613333333333333,21.839999999999996,0.058134276419878006,0.7982878684997559,0.19504961371421814,0.19504961371421814,0.0,2026-07-06T13:16:19,
pipeline_social_results,outputs/cifar100_4agent_25cls_hetero4arch_ipc10_tune_ep060_fr020_kd060_t3/metrics/social_results.csv,cifar100_4agent_25cls_hetero4arch_ipc10_tune_ep060_fr020_kd060_t3,0,convnet3w1,"25,26,27,28,29,30,31,32,33,34,35,36,37,38,39,40,41,42,43,44,45,46,47,48,49",dsdm,DSDM_LOGIT,expert,,,true,0.2,true,direct,false,0.0,0.6,3.0,10,,750,150000,0,16.33,65.32,32.97,38.52,31.12,26.79999999999999,0.06327345222234726,0.1366872787475586,0.2528134882450104,0.2528134882450104,0.0,2026-07-06T12:46:41,
pipeline_social_results,outputs/cifar100_4agent_25cls_hetero4arch_ipc10_tune_ep060_fr020_kd060_t3/metrics/social_results.csv,cifar100_4agent_25cls_hetero4arch_ipc10_tune_ep060_fr020_kd060_t3,1,convnet4w15,"75,76,77,78,79,80,81,82,83,84,85,86,87,88,89,90,91,92,93,94,95,96,97,98,99",dsdm,DSDM_LOGIT,expert,,,true,0.2,true,direct,false,0.0,0.6,3.0,10,,750,150000,0,18.04,72.16,31.31,51.32,24.64,20.839999999999996,0.07566628605127335,0.1318545937538147,0.22275280952453613,0.22275280952453613,0.0,2026-07-06T12:47:21,
pipeline_social_results,outputs/cifar100_4agent_25cls_hetero4arch_ipc10_tune_ep060_fr020_kd060_t3/metrics/social_results.csv,cifar100_4agent_25cls_hetero4arch_ipc10_tune_ep060_fr020_kd060_t3,2,vgg,"50,51,52,53,54,55,56,57,58,59,60,61,62,63,64,65,66,67,68,69,70,71,72,73,74",dsdm,DSDM_LOGIT,expert,,,true,0.2,true,direct,false,0.0,0.6,3.0,10,,750,150000,0,16.08,64.32,24.13,16.56,26.653333333333332,47.75999999999999,0.08762247115373611,1.5231770277023315,0.8379198312759399,0.8379198312759399,0.0,2026-07-06T12:48:14,
pipeline_social_results,outputs/cifar100_4agent_25cls_hetero4arch_ipc10_tune_ep060_fr020_kd060_t3/metrics/social_results.csv,cifar100_4agent_25cls_hetero4arch_ipc10_tune_ep060_fr020_kd060_t3,3,alexnet,"0,1,2,3,4,5,6,7,8,9,10,11,12,13,14,15,16,17,18,19,20,21,22,23,24",dsdm,DSDM_LOGIT,expert,,,true,0.2,true,direct,false,0.0,0.6,3.0,10,,750,150000,0,17.77,71.08,32.18,46.84,27.293333333333333,24.239999999999995,0.044262707233428955,1.343662977218628,0.4837552309036255,0.4837552309036255,0.0,2026-07-06T12:48:54,
pipeline_social_results,outputs/cifar100_4agent_25cls_hetero4arch_ipc10_tune_ep060_fr020_kd060_t3_sched/metrics/social_results.csv,cifar100_4agent_25cls_hetero4arch_ipc10_tune_ep060_fr020_kd060_t3_sched,0,convnet3w1,"25,26,27,28,29,30,31,32,33,34,35,36,37,38,39,40,41,42,43,44,45,46,47,48,49",dsdm,DSDM_LOGIT,expert,,,true,0.2,true,direct,false,0.0,0.6,3.0,10,,750,150000,0,16.33,65.32,33.22,39.32,31.186666666666667,25.999999999999993,0.07010049372911453,0.09160728007555008,0.21537399291992188,0.21537399291992188,0.0,2026-07-06T13:08:01,
pipeline_social_results,outputs/cifar100_4agent_25cls_hetero4arch_ipc10_tune_ep060_fr020_kd060_t3_sched/metrics/social_results.csv,cifar100_4agent_25cls_hetero4arch_ipc10_tune_ep060_fr020_kd060_t3_sched,1,convnet4w15,"75,76,77,78,79,80,81,82,83,84,85,86,87,88,89,90,91,92,93,94,95,96,97,98,99",dsdm,DSDM_LOGIT,expert,,,true,0.2,true,direct,false,0.0,0.6,3.0,10,,750,150000,0,18.04,72.16,32.81,50.68,26.85333333333333,21.479999999999997,0.07304254919290543,0.023448366671800613,0.22175508737564087,0.22175508737564087,0.0,2026-07-06T13:08:41,
pipeline_social_results,outputs/cifar100_4agent_25cls_hetero4arch_ipc10_tune_ep060_fr020_kd060_t3_sched/metrics/social_results.csv,cifar100_4agent_25cls_hetero4arch_ipc10_tune_ep060_fr020_kd060_t3_sched,2,vgg,"50,51,52,53,54,55,56,57,58,59,60,61,62,63,64,65,66,67,68,69,70,71,72,73,74",dsdm,DSDM_LOGIT,expert,,,true,0.2,true,direct,false,0.0,0.6,3.0,10,,750,150000,0,16.08,64.32,24.1,16.16,26.746666666666666,48.16,0.08789142966270447,1.3380067348480225,0.9481948614120483,0.9481948614120483,0.0,2026-07-06T13:09:32,
pipeline_social_results,outputs/cifar100_4agent_25cls_hetero4arch_ipc10_tune_ep060_fr020_kd060_t3_sched/metrics/social_results.csv,cifar100_4agent_25cls_hetero4arch_ipc10_tune_ep060_fr020_kd060_t3_sched,3,alexnet,"0,1,2,3,4,5,6,7,8,9,10,11,12,13,14,15,16,17,18,19,20,21,22,23,24",dsdm,DSDM_LOGIT,expert,,,true,0.2,true,direct,false,0.0,0.6,3.0,10,,750,150000,0,17.77,71.08,32.77,50.28,26.933333333333334,20.799999999999997,0.09032286703586578,0.9569136500358582,0.4689512848854065,0.4689512848854065,0.0,2026-07-06T13:10:12,
pipeline_social_results,outputs/cifar100_4agent_25cls_hetero4arch_ipc10_tune_ep060_fr020_kd060_t4/metrics/social_results.csv,cifar100_4agent_25cls_hetero4arch_ipc10_tune_ep060_fr020_kd060_t4,0,convnet3w1,"25,26,27,28,29,30,31,32,33,34,35,36,37,38,39,40,41,42,43,44,45,46,47,48,49",dsdm,DSDM_LOGIT,expert,,,true,0.2,true,direct,false,0.0,0.6,4.0,10,,750,150000,0,16.33,65.32,32.22,36.48,30.8,28.839999999999996,0.020470060408115387,0.17074072360992432,0.18714915215969086,0.18714915215969086,0.0,2026-07-06T12:49:40,
pipeline_social_results,outputs/cifar100_4agent_25cls_hetero4arch_ipc10_tune_ep060_fr020_kd060_t4/metrics/social_results.csv,cifar100_4agent_25cls_hetero4arch_ipc10_tune_ep060_fr020_kd060_t4,1,convnet4w15,"75,76,77,78,79,80,81,82,83,84,85,86,87,88,89,90,91,92,93,94,95,96,97,98,99",dsdm,DSDM_LOGIT,expert,,,true,0.2,true,direct,false,0.0,0.6,4.0,10,,750,150000,0,18.04,72.16,31.65,50.28,25.44,21.879999999999995,0.06516475975513458,0.08243860304355621,0.1653042435646057,0.1653042435646057,0.0,2026-07-06T12:50:21,
pipeline_social_results,outputs/cifar100_4agent_25cls_hetero4arch_ipc10_tune_ep060_fr020_kd060_t4/metrics/social_results.csv,cifar100_4agent_25cls_hetero4arch_ipc10_tune_ep060_fr020_kd060_t4,2,vgg,"50,51,52,53,54,55,56,57,58,59,60,61,62,63,64,65,66,67,68,69,70,71,72,73,74",dsdm,DSDM_LOGIT,expert,,,true,0.2,true,direct,false,0.0,0.6,4.0,10,,750,150000,0,16.08,64.32,24.01,15.8,26.746666666666666,48.519999999999996,0.1232539564371109,1.2072426080703735,1.2563683986663818,1.2563683986663818,0.0,2026-07-06T12:51:12,
pipeline_social_results,outputs/cifar100_4agent_25cls_hetero4arch_ipc10_tune_ep060_fr020_kd060_t4/metrics/social_results.csv,cifar100_4agent_25cls_hetero4arch_ipc10_tune_ep060_fr020_kd060_t4,3,alexnet,"0,1,2,3,4,5,6,7,8,9,10,11,12,13,14,15,16,17,18,19,20,21,22,23,24",dsdm,DSDM_LOGIT,expert,,,true,0.2,true,direct,false,0.0,0.6,4.0,10,,750,150000,0,17.77,71.08,32.0,47.6,26.8,23.479999999999997,0.1045202910900116,1.3784183263778687,0.52546226978302,0.52546226978302,0.0,2026-07-06T12:51:52,
pipeline_social_results,outputs/cifar100_4agent_25cls_hetero4arch_ipc10_tune_ep060_fr020_kd070_t3/metrics/social_results.csv,cifar100_4agent_25cls_hetero4arch_ipc10_tune_ep060_fr020_kd070_t3,0,convnet3w1,"25,26,27,28,29,30,31,32,33,34,35,36,37,38,39,40,41,42,43,44,45,46,47,48,49",dsdm,DSDM_LOGIT,expert,,,true,0.2,true,direct,false,0.0,0.7,3.0,10,,750,150000,0,16.33,65.32,32.83,37.04,31.426666666666666,28.279999999999994,0.0820992961525917,0.12039889395236969,0.19669832289218903,0.19669832289218903,0.0,2026-07-06T12:58:42,
pipeline_social_results,outputs/cifar100_4agent_25cls_hetero4arch_ipc10_tune_ep060_fr020_kd070_t3/metrics/social_results.csv,cifar100_4agent_25cls_hetero4arch_ipc10_tune_ep060_fr020_kd070_t3,1,convnet4w15,"75,76,77,78,79,80,81,82,83,84,85,86,87,88,89,90,91,92,93,94,95,96,97,98,99",dsdm,DSDM_LOGIT,expert,,,true,0.2,true,direct,false,0.0,0.7,3.0,10,,750,150000,0,18.04,72.16,31.51,50.68,25.12,21.479999999999997,0.031402837485075,0.11417695879936218,0.10595913231372833,0.10595913231372833,0.0,2026-07-06T12:59:25,
pipeline_social_results,outputs/cifar100_4agent_25cls_hetero4arch_ipc10_tune_ep060_fr020_kd070_t3/metrics/social_results.csv,cifar100_4agent_25cls_hetero4arch_ipc10_tune_ep060_fr020_kd070_t3,2,vgg,"50,51,52,53,54,55,56,57,58,59,60,61,62,63,64,65,66,67,68,69,70,71,72,73,74",dsdm,DSDM_LOGIT,expert,,,true,0.2,true,direct,false,0.0,0.7,3.0,10,,750,150000,0,16.08,64.32,24.38,15.44,27.36,48.879999999999995,0.07504542917013168,1.6557362079620361,0.9011293649673462,0.9011293649673462,0.0,2026-07-06T13:00:13,
pipeline_social_results,outputs/cifar100_4agent_25cls_hetero4arch_ipc10_tune_ep060_fr020_kd070_t3/metrics/social_results.csv,cifar100_4agent_25cls_hetero4arch_ipc10_tune_ep060_fr020_kd070_t3,3,alexnet,"0,1,2,3,4,5,6,7,8,9,10,11,12,13,14,15,16,17,18,19,20,21,22,23,24",dsdm,DSDM_LOGIT,expert,,,true,0.2,true,direct,false,0.0,0.7,3.0,10,,750,150000,0,17.77,71.08,31.82,47.8,26.493333333333332,23.28,0.07848986983299255,1.2188619375228882,0.4999195337295532,0.4999195337295532,0.0,2026-07-06T13:00:54,
pipeline_social_results,outputs/cifar100_4agent_25cls_hetero4arch_ipc10_tune_ep060_fr025_kd050_t2/metrics/social_results.csv,cifar100_4agent_25cls_hetero4arch_ipc10_tune_ep060_fr025_kd050_t2,0,convnet3w1,"25,26,27,28,29,30,31,32,33,34,35,36,37,38,39,40,41,42,43,44,45,46,47,48,49",dsdm,DSDM_LOGIT,expert,,,true,0.25,true,direct,false,0.0,0.5,2.0,10,,750,150000,0,16.33,65.32,32.81,40.52,30.24,24.79999999999999,0.046603649854660034,0.09756237268447876,0.15188881754875183,0.15188881754875183,0.0,2026-07-06T12:37:22,
pipeline_social_results,outputs/cifar100_4agent_25cls_hetero4arch_ipc10_tune_ep060_fr025_kd050_t2/metrics/social_results.csv,cifar100_4agent_25cls_hetero4arch_ipc10_tune_ep060_fr025_kd050_t2,1,convnet4w15,"75,76,77,78,79,80,81,82,83,84,85,86,87,88,89,90,91,92,93,94,95,96,97,98,99",dsdm,DSDM_LOGIT,expert,,,true,0.25,true,direct,false,0.0,0.5,2.0,10,,750,150000,0,18.04,72.16,31.81,54.4,24.28,17.759999999999998,0.044312577694654465,0.11775457859039307,0.16191817820072174,0.16191817820072174,0.0,2026-07-06T12:38:02,
pipeline_social_results,outputs/cifar100_4agent_25cls_hetero4arch_ipc10_tune_ep060_fr025_kd050_t2/metrics/social_results.csv,cifar100_4agent_25cls_hetero4arch_ipc10_tune_ep060_fr025_kd050_t2,2,vgg,"50,51,52,53,54,55,56,57,58,59,60,61,62,63,64,65,66,67,68,69,70,71,72,73,74",dsdm,DSDM_LOGIT,expert,,,true,0.25,true,direct,false,0.0,0.5,2.0,10,,750,150000,0,16.08,64.32,22.45,17.28,24.173333333333332,47.03999999999999,0.12401897460222244,1.9242616891860962,0.6762470602989197,0.6762470602989197,0.0,2026-07-06T12:38:53,
pipeline_social_results,outputs/cifar100_4agent_25cls_hetero4arch_ipc10_tune_ep060_fr025_kd050_t2/metrics/social_results.csv,cifar100_4agent_25cls_hetero4arch_ipc10_tune_ep060_fr025_kd050_t2,3,alexnet,"0,1,2,3,4,5,6,7,8,9,10,11,12,13,14,15,16,17,18,19,20,21,22,23,24",dsdm,DSDM_LOGIT,expert,,,true,0.25,true,direct,false,0.0,0.5,2.0,10,,750,150000,0,17.77,71.08,29.57,42.12,25.386666666666667,28.96,0.054000772535800934,1.190624713897705,0.23957090079784393,0.23957090079784393,0.0,2026-07-06T12:39:35,
pipeline_social_results,outputs/cifar100_4agent_25cls_hetero4arch_ipc10_tune_ep060_fr025_kd060_t2/metrics/social_results.csv,cifar100_4agent_25cls_hetero4arch_ipc10_tune_ep060_fr025_kd060_t2,0,convnet3w1,"25,26,27,28,29,30,31,32,33,34,35,36,37,38,39,40,41,42,43,44,45,46,47,48,49",dsdm,DSDM_LOGIT,expert,,,true,0.25,true,direct,false,0.0,0.6,2.0,10,,750,150000,0,16.33,65.32,32.74,41.12,29.946666666666665,24.199999999999996,0.04095614328980446,0.10578420758247375,0.24348485469818115,0.24348485469818115,0.0,2026-07-06T12:52:43,
pipeline_social_results,outputs/cifar100_4agent_25cls_hetero4arch_ipc10_tune_ep060_fr025_kd060_t2/metrics/social_results.csv,cifar100_4agent_25cls_hetero4arch_ipc10_tune_ep060_fr025_kd060_t2,1,convnet4w15,"75,76,77,78,79,80,81,82,83,84,85,86,87,88,89,90,91,92,93,94,95,96,97,98,99",dsdm,DSDM_LOGIT,expert,,,true,0.25,true,direct,false,0.0,0.6,2.0,10,,750,150000,0,18.04,72.16,32.28,54.84,24.76,17.319999999999993,0.07228270173072815,0.08230394124984741,0.1733676940202713,0.1733676940202713,0.0,2026-07-06T12:53:22,
pipeline_social_results,outputs/cifar100_4agent_25cls_hetero4arch_ipc10_tune_ep060_fr025_kd060_t2/metrics/social_results.csv,cifar100_4agent_25cls_hetero4arch_ipc10_tune_ep060_fr025_kd060_t2,2,vgg,"50,51,52,53,54,55,56,57,58,59,60,61,62,63,64,65,66,67,68,69,70,71,72,73,74",dsdm,DSDM_LOGIT,expert,,,true,0.25,true,direct,false,0.0,0.6,2.0,10,,750,150000,0,16.08,64.32,21.71,15.44,23.8,48.879999999999995,0.03986889496445656,1.0570513010025024,0.20871981978416443,0.20871981978416443,0.0,2026-07-06T12:54:11,
pipeline_social_results,outputs/cifar100_4agent_25cls_hetero4arch_ipc10_tune_ep060_fr025_kd060_t2/metrics/social_results.csv,cifar100_4agent_25cls_hetero4arch_ipc10_tune_ep060_fr025_kd060_t2,3,alexnet,"0,1,2,3,4,5,6,7,8,9,10,11,12,13,14,15,16,17,18,19,20,21,22,23,24",dsdm,DSDM_LOGIT,expert,,,true,0.25,true,direct,false,0.0,0.6,2.0,10,,750,150000,0,17.77,71.08,30.57,46.76,25.173333333333332,24.32,0.04953557252883911,0.7844781279563904,0.23205718398094177,0.23205718398094177,0.0,2026-07-06T12:54:53,
pipeline_social_results,outputs/cifar100_4agent_25cls_hetero4arch_ipc10_tune_ep060_fr030_kd060_t2/metrics/social_results.csv,cifar100_4agent_25cls_hetero4arch_ipc10_tune_ep060_fr030_kd060_t2,0,convnet3w1,"25,26,27,28,29,30,31,32,33,34,35,36,37,38,39,40,41,42,43,44,45,46,47,48,49",dsdm,DSDM_LOGIT,expert,,,true,0.3,true,direct,false,0.0,0.6,2.0,10,,750,150000,0,16.33,65.32,32.75,40.16,30.28,25.159999999999997,0.0947190597653389,0.168718159198761,0.10200332850217819,0.10200332850217819,0.0,2026-07-06T12:55:40,
pipeline_social_results,outputs/cifar100_4agent_25cls_hetero4arch_ipc10_tune_ep060_fr030_kd060_t2/metrics/social_results.csv,cifar100_4agent_25cls_hetero4arch_ipc10_tune_ep060_fr030_kd060_t2,1,convnet4w15,"75,76,77,78,79,80,81,82,83,84,85,86,87,88,89,90,91,92,93,94,95,96,97,98,99",dsdm,DSDM_LOGIT,expert,,,true,0.3,true,direct,false,0.0,0.6,2.0,10,,750,150000,0,18.04,72.16,31.82,53.72,24.52,18.439999999999998,0.12652696669101715,0.11609428375959396,0.32152193784713745,0.32152193784713745,0.0,2026-07-06T12:56:19,
pipeline_social_results,outputs/cifar100_4agent_25cls_hetero4arch_ipc10_tune_ep060_fr030_kd060_t2/metrics/social_results.csv,cifar100_4agent_25cls_hetero4arch_ipc10_tune_ep060_fr030_kd060_t2,2,vgg,"50,51,52,53,54,55,56,57,58,59,60,61,62,63,64,65,66,67,68,69,70,71,72,73,74",dsdm,DSDM_LOGIT,expert,,,true,0.3,true,direct,false,0.0,0.6,2.0,10,,750,150000,0,16.08,64.32,22.08,16.24,24.026666666666667,48.08,0.049352679401636124,2.1830148696899414,0.39304542541503906,0.39304542541503906,0.0,2026-07-06T12:57:11,
pipeline_social_results,outputs/cifar100_4agent_25cls_hetero4arch_ipc10_tune_ep060_fr030_kd060_t2/metrics/social_results.csv,cifar100_4agent_25cls_hetero4arch_ipc10_tune_ep060_fr030_kd060_t2,3,alexnet,"0,1,2,3,4,5,6,7,8,9,10,11,12,13,14,15,16,17,18,19,20,21,22,23,24",dsdm,DSDM_LOGIT,expert,,,true,0.3,true,direct,false,0.0,0.6,2.0,10,,750,150000,0,17.77,71.08,30.7,47.4,25.133333333333333,23.68,0.16865210235118866,1.4089207649230957,0.3838227689266205,0.3838227689266205,0.0,2026-07-06T12:57:48,
pipeline_social_results,outputs/cifar100_4agent_25cls_hetero4arch_ipc10_tune_ep065_fr020_kd060_t2/metrics/social_results.csv,cifar100_4agent_25cls_hetero4arch_ipc10_tune_ep065_fr020_kd060_t2,0,convnet3w1,"25,26,27,28,29,30,31,32,33,34,35,36,37,38,39,40,41,42,43,44,45,46,47,48,49",dsdm,DSDM_LOGIT,expert,,,true,0.2,true,direct,false,0.0,0.6,2.0,10,,750,150000,0,16.33,65.32,32.58,40.36,29.986666666666668,24.959999999999994,0.09000030159950256,0.08737165480852127,0.12753570079803467,0.12753570079803467,0.0,2026-07-06T13:01:44,
pipeline_social_results,outputs/cifar100_4agent_25cls_hetero4arch_ipc10_tune_ep065_fr020_kd060_t2/metrics/social_results.csv,cifar100_4agent_25cls_hetero4arch_ipc10_tune_ep065_fr020_kd060_t2,1,convnet4w15,"75,76,77,78,79,80,81,82,83,84,85,86,87,88,89,90,91,92,93,94,95,96,97,98,99",dsdm,DSDM_LOGIT,expert,,,true,0.2,true,direct,false,0.0,0.6,2.0,10,,750,150000,0,18.04,72.16,31.84,53.88,24.493333333333332,18.279999999999994,0.03438837081193924,0.12637144327163696,0.09434396773576736,0.09434396773576736,0.0,2026-07-06T13:02:25,
pipeline_social_results,outputs/cifar100_4agent_25cls_hetero4arch_ipc10_tune_ep065_fr020_kd060_t2/metrics/social_results.csv,cifar100_4agent_25cls_hetero4arch_ipc10_tune_ep065_fr020_kd060_t2,2,vgg,"50,51,52,53,54,55,56,57,58,59,60,61,62,63,64,65,66,67,68,69,70,71,72,73,74",dsdm,DSDM_LOGIT,expert,,,true,0.2,true,direct,false,0.0,0.6,2.0,10,,750,150000,0,16.08,64.32,22.53,16.4,24.573333333333334,47.919999999999995,0.02962450683116913,1.4352980852127075,0.21873947978019714,0.21873947978019714,0.0,2026-07-06T13:03:21,
pipeline_social_results,outputs/cifar100_4agent_25cls_hetero4arch_ipc10_tune_ep065_fr020_kd060_t2/metrics/social_results.csv,cifar100_4agent_25cls_hetero4arch_ipc10_tune_ep065_fr020_kd060_t2,3,alexnet,"0,1,2,3,4,5,6,7,8,9,10,11,12,13,14,15,16,17,18,19,20,21,22,23,24",dsdm,DSDM_LOGIT,expert,,,true,0.2,true,direct,false,0.0,0.6,2.0,10,,750,150000,0,17.77,71.08,31.26,46.88,26.053333333333335,24.199999999999996,0.15915890038013458,1.1029597520828247,0.345096617937088,0.345096617937088,0.0,2026-07-06T13:04:03,
pipeline_social_results,outputs/cifar100_4agent_25cls_hetero4arch_ipc10_vgg_selfreal_A_lr0p005_fr0p30_kd0p50_t3_selfreal_w2p0/metrics/social_results.csv,cifar100_4agent_25cls_hetero4arch_ipc10_vgg_selfreal_A_lr0p005_fr0p30_kd0p50_t3_selfreal_w2p0,2,vgg,"50,51,52,53,54,55,56,57,58,59,60,61,62,63,64,65,66,67,68,69,70,71,72,73,74",dsdm,DSDM_LOGIT,expert,real,,true,0.3,true,direct,false,0.0,0.5,3.0,10,12500,750,150000,0,16.08,64.32,20.39,66.04,5.173333333333333,-1.720000000000013,0.025060666725039482,5.025193214416504,0.4058849513530731,0.4058849513530731,0.0,2026-07-07T11:16:55,
pipeline_social_results,outputs/cifar100_4agent_25cls_hetero4arch_ipc10_vgg_selfreal_E_p40_lr0p005_fr0p20_kd0p60_t3_selfreal_w1p0/metrics/social_results.csv,cifar100_4agent_25cls_hetero4arch_ipc10_vgg_selfreal_E_p40_lr0p005_fr0p20_kd0p60_t3_selfreal_w1p0,2,vgg,"50,51,52,53,54,55,56,57,58,59,60,61,62,63,64,65,66,67,68,69,70,71,72,73,74",dsdm,DSDM_LOGIT,expert,real,40,true,0.2,true,direct,false,0.0,0.6,3.0,10,1000,750,150000,0,16.08,64.32,25.62,51.08,17.133333333333333,13.239999999999995,0.10089877247810364,0.9857800602912903,0.6657373309135437,0.6657373309135437,0.0,2026-07-07T11:49:58,
pipeline_social_results,outputs/cifar100_4agent_25cls_hetero4arch_ipc10_vgg_selfreal_H_p10_lr0p005_fr0p20_kd0p60_t3_selfreal_w1p0/metrics/social_results.csv,cifar100_4agent_25cls_hetero4arch_ipc10_vgg_selfreal_H_p10_lr0p005_fr0p20_kd0p60_t3_selfreal_w1p0,2,vgg,"50,51,52,53,54,55,56,57,58,59,60,61,62,63,64,65,66,67,68,69,70,71,72,73,74",dsdm,DSDM_LOGIT,expert,real,10,true,0.2,true,direct,false,0.0,0.6,3.0,10,250,750,150000,0,16.08,64.32,25.87,29.12,24.786666666666665,35.19999999999999,0.04070846736431122,1.484212875366211,0.6027132272720337,0.6027132272720337,0.0,2026-07-07T11:53:35,
pipeline_social_results,outputs/cifar100_4agent_25cls_hetero4arch_ipc10_vgg_selfreal_I_p20_lr0p005_fr0p20_kd0p60_t3_selfreal_w1p0/metrics/social_results.csv,cifar100_4agent_25cls_hetero4arch_ipc10_vgg_selfreal_I_p20_lr0p005_fr0p20_kd0p60_t3_selfreal_w1p0,2,vgg,"50,51,52,53,54,55,56,57,58,59,60,61,62,63,64,65,66,67,68,69,70,71,72,73,74",dsdm,DSDM_LOGIT,expert,real,20,true,0.2,true,direct,false,0.0,0.6,3.0,10,500,750,150000,0,16.08,64.32,26.29,41.52,21.213333333333335,22.79999999999999,0.08346247673034668,1.0995080471038818,0.6947516202926636,0.6947516202926636,0.0,2026-07-07T11:55:25,
pipeline_social_results,outputs/cifar100_4agent_25cls_hetero4arch_ipc50_fullreal_eval_20260707_1032/metrics/social_results.csv,cifar100_4agent_25cls_hetero4arch_ipc50_fullreal_eval_20260707_1032,0,convnet3w1,"25,26,27,28,29,30,31,32,33,34,35,36,37,38,39,40,41,42,43,44,45,46,47,48,49",full_real,FULL_REAL,expert,,,true,0.05,false,direct,false,0.0,0.0,2.0,50,,37500,0,0,16.33,65.32,44.27,43.88,44.4,21.43999999999999,0.31477054953575134,2.6469595432281494,0.0,0.0,0.0,2026-07-07T10:57:25,
pipeline_social_results,outputs/cifar100_4agent_25cls_hetero4arch_ipc50_fullreal_eval_20260707_1032/metrics/social_results.csv,cifar100_4agent_25cls_hetero4arch_ipc50_fullreal_eval_20260707_1032,1,convnet4w15,"75,76,77,78,79,80,81,82,83,84,85,86,87,88,89,90,91,92,93,94,95,96,97,98,99",full_real,FULL_REAL,expert,,,true,0.05,false,direct,false,0.0,0.0,2.0,50,,37500,0,0,18.04,72.16,53.28,57.64,51.82666666666667,14.519999999999996,0.04772542044520378,1.057405948638916,0.0,0.0,0.0,2026-07-07T11:29:06,
pipeline_social_results,outputs/cifar100_4agent_25cls_hetero4arch_ipc50_heuristic_eval_20260707_1032/metrics/social_results.csv,cifar100_4agent_25cls_hetero4arch_ipc50_heuristic_eval_20260707_1032,0,convnet3w1,"25,26,27,28,29,30,31,32,33,34,35,36,37,38,39,40,41,42,43,44,45,46,47,48,49",heuristic,HEURISTIC_LOGIT,expert,,,true,0.05,true,direct,false,0.0,0.5,2.0,50,,3750,187500,0,16.33,65.32,37.19,44.2,34.85333333333333,21.11999999999999,0.010195717215538025,0.2625236213207245,0.0434243269264698,0.0434243269264698,0.0,2026-07-07T10:36:47,
pipeline_social_results,outputs/cifar100_4agent_25cls_hetero4arch_ipc50_heuristic_eval_20260707_1032/metrics/social_results.csv,cifar100_4agent_25cls_hetero4arch_ipc50_heuristic_eval_20260707_1032,1,convnet4w15,"75,76,77,78,79,80,81,82,83,84,85,86,87,88,89,90,91,92,93,94,95,96,97,98,99",heuristic,HEURISTIC_LOGIT,expert,,,true,0.05,true,direct,false,0.0,0.5,2.0,50,,3750,187500,0,18.04,72.16,36.45,45.12,33.56,27.04,0.028459457680583,0.2514533996582031,0.18966850638389587,0.18966850638389587,0.0,2026-07-07T10:40:37,
pipeline_social_results,outputs/cifar100_4agent_25cls_hetero4arch_ipc50_heuristic_eval_20260707_1032/metrics/social_results.csv,cifar100_4agent_25cls_hetero4arch_ipc50_heuristic_eval_20260707_1032,2,vgg,"50,51,52,53,54,55,56,57,58,59,60,61,62,63,64,65,66,67,68,69,70,71,72,73,74",heuristic,HEURISTIC_LOGIT,expert,,,true,0.05,true,direct,false,0.0,0.5,2.0,50,,3750,187500,0,15.97,63.88,29.97,30.8,29.69333333333333,33.08,0.01501299999654293,2.8308398723602295,0.11147169023752213,0.11147169023752213,0.0,2026-07-07T10:45:25,
pipeline_social_results,outputs/cifar100_4agent_25cls_hetero4arch_ipc50_heuristic_eval_20260707_1032/metrics/social_results.csv,cifar100_4agent_25cls_hetero4arch_ipc50_heuristic_eval_20260707_1032,3,alexnet,"0,1,2,3,4,5,6,7,8,9,10,11,12,13,14,15,16,17,18,19,20,21,22,23,24",heuristic,HEURISTIC_LOGIT,expert,,,true,0.05,true,direct,false,0.0,0.5,2.0,50,,3750,187500,0,17.77,71.08,41.52,47.04,39.68,24.04,0.011058383621275425,2.0478367805480957,0.24197307229042053,0.24197307229042053,0.0,2026-07-07T10:49:31,
pipeline_social_results,outputs/cifar100_4agent_25cls_hetero4arch_ipc50_midpacket_eval_20260707_0825/metrics/social_results.csv,cifar100_4agent_25cls_hetero4arch_ipc50_midpacket_eval_20260707_0825,0,convnet3w1,"25,26,27,28,29,30,31,32,33,34,35,36,37,38,39,40,41,42,43,44,45,46,47,48,49",dsdm,DSDM_LOGIT,expert,,,true,0.05,true,direct,false,0.0,0.5,2.0,50,,3750,750000,0,16.33,65.32,36.03,23.64,40.16,41.67999999999999,0.1922377198934555,0.8156062364578247,0.5021185278892517,0.5021185278892517,0.0,2026-07-07T08:41:48,
pipeline_social_results,outputs/cifar100_4agent_25cls_hetero4arch_ipc50_midpacket_eval_20260707_0825/metrics/social_results.csv,cifar100_4agent_25cls_hetero4arch_ipc50_midpacket_eval_20260707_0825,1,convnet4w15,"75,76,77,78,79,80,81,82,83,84,85,86,87,88,89,90,91,92,93,94,95,96,97,98,99",dsdm,DSDM_LOGIT,expert,,,true,0.05,true,direct,false,0.0,0.5,2.0,50,,3750,750000,0,18.04,72.16,38.16,55.2,32.48,16.959999999999994,0.0627560019493103,0.6631391644477844,0.16934219002723694,0.16934219002723694,0.0,2026-07-07T08:56:48,
pipeline_social_results,outputs/cifar100_4agent_25cls_hetero4arch_ipc50_midpacket_eval_20260707_0825/metrics/social_results.csv,cifar100_4agent_25cls_hetero4arch_ipc50_midpacket_eval_20260707_0825,2,vgg,"50,51,52,53,54,55,56,57,58,59,60,61,62,63,64,65,66,67,68,69,70,71,72,73,74",dsdm,DSDM_LOGIT,expert,,,true,0.05,true,direct,false,0.0,0.5,2.0,50,,3750,750000,0,15.97,63.88,36.96,31.64,38.733333333333334,32.24,0.01531201135367155,1.2452032566070557,0.2083503007888794,0.2083503007888794,0.0,2026-07-07T09:15:38,
pipeline_social_results,outputs/cifar100_4agent_25cls_hetero4arch_ipc50_midpacket_eval_20260707_0825/metrics/social_results.csv,cifar100_4agent_25cls_hetero4arch_ipc50_midpacket_eval_20260707_0825,3,alexnet,"0,1,2,3,4,5,6,7,8,9,10,11,12,13,14,15,16,17,18,19,20,21,22,23,24",dsdm,DSDM_LOGIT,expert,,,true,0.05,true,direct,false,0.0,0.5,2.0,50,,3750,750000,0,17.77,71.08,37.07,33.68,38.2,37.4,0.05589430034160614,1.308448314666748,0.22150276601314545,0.22150276601314545,0.0,2026-07-07T09:31:23,
pipeline_social_results,outputs/cifar100_4agent_25cls_hetero_receiver_tuning_ipc50_ep150_lr0010_fr005_kd050_t2/metrics/social_results.csv,cifar100_4agent_25cls_hetero_receiver_tuning_ipc50_ep150_lr0010_fr005_kd050_t2,0,convnet,"0,1,2,3,4,5,6,7,8,9,10,11,12,13,14,15,16,17,18,19,20,21,22,23,24",dsdm,DSDM_LOGIT,expert,,,true,0.05,true,direct,false,0.0,0.5,2.0,50,,3750,750000,0,16.99,67.96,33.41,53.92,26.573333333333334,14.039999999999992,0.16225677728652954,0.5341278910636902,0.37829670310020447,0.37829670310020447,0.0,2026-07-01T19:20:10,
pipeline_social_results,outputs/cifar100_4agent_25cls_hetero_receiver_tuning_ipc50_ep150_lr0010_fr005_kd050_t2/metrics/social_results.csv,cifar100_4agent_25cls_hetero_receiver_tuning_ipc50_ep150_lr0010_fr005_kd050_t2,1,convnet,"25,26,27,28,29,30,31,32,33,34,35,36,37,38,39,40,41,42,43,44,45,46,47,48,49",dsdm,DSDM_LOGIT,expert,,,true,0.05,true,direct,false,0.0,0.5,2.0,50,,3750,750000,0,15.87,63.48,33.59,50.4,27.986666666666668,13.079999999999998,0.10782895982265472,0.536796510219574,0.23879635334014893,0.23879635334014893,0.0,2026-07-01T19:26:35,
pipeline_social_results,outputs/cifar100_4agent_25cls_hetero_receiver_tuning_ipc50_ep150_lr0010_fr005_kd050_t2/metrics/social_results.csv,cifar100_4agent_25cls_hetero_receiver_tuning_ipc50_ep150_lr0010_fr005_kd050_t2,2,resnet,"50,51,52,53,54,55,56,57,58,59,60,61,62,63,64,65,66,67,68,69,70,71,72,73,74",dsdm,DSDM_LOGIT,expert,,,true,0.05,true,direct,false,0.0,0.5,2.0,50,,3750,750000,0,13.61,54.44,20.34,0.96,26.8,53.48,0.14861388504505157,1.127754807472229,0.3588678538799286,0.3588678538799286,0.0,2026-07-01T19:37:45,
pipeline_social_results,outputs/cifar100_4agent_25cls_hetero_receiver_tuning_ipc50_ep150_lr0010_fr005_kd050_t2/metrics/social_results.csv,cifar100_4agent_25cls_hetero_receiver_tuning_ipc50_ep150_lr0010_fr005_kd050_t2,3,resnet_ap,"75,76,77,78,79,80,81,82,83,84,85,86,87,88,89,90,91,92,93,94,95,96,97,98,99",dsdm,DSDM_LOGIT,expert,,,true,0.05,true,direct,false,0.0,0.5,2.0,50,,3750,750000,0,16.61,66.44,27.53,33.6,25.506666666666668,32.839999999999996,0.12254676967859268,0.6431514024734497,0.32165318727493286,0.32165318727493286,0.0,2026-07-01T19:49:56,
pipeline_social_results,outputs/cifar100_4agent_25cls_hetero_receiver_tuning_ipc50_ep200_lr0010_fr005_kd050_t2/metrics/social_results.csv,cifar100_4agent_25cls_hetero_receiver_tuning_ipc50_ep200_lr0010_fr005_kd050_t2,0,convnet,"0,1,2,3,4,5,6,7,8,9,10,11,12,13,14,15,16,17,18,19,20,21,22,23,24",dsdm,DSDM_LOGIT,expert,,,true,0.05,true,direct,false,0.0,0.5,2.0,50,,3750,750000,0,16.99,67.96,32.88,54.24,25.76,13.719999999999992,0.14633171260356903,0.479056179523468,0.3436172902584076,0.3436172902584076,0.0,2026-07-01T19:59:09,
pipeline_social_results,outputs/cifar100_4agent_25cls_hetero_receiver_tuning_ipc50_ep200_lr0010_fr005_kd050_t2/metrics/social_results.csv,cifar100_4agent_25cls_hetero_receiver_tuning_ipc50_ep200_lr0010_fr005_kd050_t2,1,convnet,"25,26,27,28,29,30,31,32,33,34,35,36,37,38,39,40,41,42,43,44,45,46,47,48,49",dsdm,DSDM_LOGIT,expert,,,true,0.05,true,direct,false,0.0,0.5,2.0,50,,3750,750000,0,15.87,63.48,32.8,50.4,26.933333333333334,13.079999999999998,0.1662248969078064,0.46740812063217163,0.35537946224212646,0.35537946224212646,0.0,2026-07-01T20:07:50,
pipeline_social_results,outputs/cifar100_4agent_25cls_hetero_receiver_tuning_ipc50_ep200_lr0010_fr005_kd050_t2/metrics/social_results.csv,cifar100_4agent_25cls_hetero_receiver_tuning_ipc50_ep200_lr0010_fr005_kd050_t2,2,resnet,"50,51,52,53,54,55,56,57,58,59,60,61,62,63,64,65,66,67,68,69,70,71,72,73,74",dsdm,DSDM_LOGIT,expert,,,true,0.05,true,direct,false,0.0,0.5,2.0,50,,3750,750000,0,13.61,54.44,20.1,0.88,26.506666666666668,53.559999999999995,0.12600266933441162,0.9727309942245483,0.2765604853630066,0.2765604853630066,0.0,2026-07-01T20:23:32,
pipeline_social_results,outputs/cifar100_4agent_25cls_hetero_receiver_tuning_ipc50_ep200_lr0010_fr005_kd050_t2/metrics/social_results.csv,cifar100_4agent_25cls_hetero_receiver_tuning_ipc50_ep200_lr0010_fr005_kd050_t2,3,resnet_ap,"75,76,77,78,79,80,81,82,83,84,85,86,87,88,89,90,91,92,93,94,95,96,97,98,99",dsdm,DSDM_LOGIT,expert,,,true,0.05,true,direct,false,0.0,0.5,2.0,50,,3750,750000,0,16.61,66.44,27.2,33.72,25.026666666666667,32.72,0.1410064548254013,0.8408129215240479,0.4373190999031067,0.4373190999031067,0.0,2026-07-01T20:39:28,
pipeline_social_results,outputs/cifar100_4agent_25cls_hetero_recv_convall_packet_ipc50_ep225_fr005_kd050_t2/metrics/social_results.csv,cifar100_4agent_25cls_hetero_recv_convall_packet_ipc50_ep225_fr005_kd050_t2,0,convnet,"0,1,2,3,4,5,6,7,8,9,10,11,12,13,14,15,16,17,18,19,20,21,22,23,24",dsdm,DSDM_LOGIT,expert,,,true,0.05,true,direct,false,0.0,0.5,2.0,50,,3750,750000,0,16.99,67.96,46.12,48.4,45.36,19.559999999999995,0.06597793847322464,0.5684931874275208,0.12859195470809937,0.12859195470809937,0.0,2026-07-01T21:11:23,
pipeline_social_results,outputs/cifar100_4agent_25cls_hetero_recv_convall_packet_ipc50_ep225_fr005_kd050_t2/metrics/social_results.csv,cifar100_4agent_25cls_hetero_recv_convall_packet_ipc50_ep225_fr005_kd050_t2,1,convnet,"25,26,27,28,29,30,31,32,33,34,35,36,37,38,39,40,41,42,43,44,45,46,47,48,49",dsdm,DSDM_LOGIT,expert,,,true,0.05,true,direct,false,0.0,0.5,2.0,50,,3750,750000,0,15.87,63.48,46.02,44.8,46.42666666666667,18.68,0.06363590061664581,0.4966924488544464,0.11954621970653534,0.11954621970653534,0.0,2026-07-01T21:21:12,
pipeline_social_results,outputs/cifar100_4agent_25cls_hetero_recv_convall_packet_ipc50_ep225_fr005_kd050_t2/metrics/social_results.csv,cifar100_4agent_25cls_hetero_recv_convall_packet_ipc50_ep225_fr005_kd050_t2,2,resnet,"50,51,52,53,54,55,56,57,58,59,60,61,62,63,64,65,66,67,68,69,70,71,72,73,74",dsdm,DSDM_LOGIT,expert,,,true,0.05,true,direct,false,0.0,0.5,2.0,50,,3750,750000,0,13.61,54.44,26.98,33.68,24.746666666666666,20.759999999999998,0.14798134565353394,0.7688828110694885,0.32021671533584595,0.32021671533584595,0.0,2026-07-01T21:38:39,
pipeline_social_results,outputs/cifar100_4agent_25cls_hetero_recv_convall_packet_ipc50_ep225_fr005_kd050_t2/metrics/social_results.csv,cifar100_4agent_25cls_hetero_recv_convall_packet_ipc50_ep225_fr005_kd050_t2,3,resnet_ap,"75,76,77,78,79,80,81,82,83,84,85,86,87,88,89,90,91,92,93,94,95,96,97,98,99",dsdm,DSDM_LOGIT,expert,,,true,0.05,true,direct,false,0.0,0.5,2.0,50,,3750,750000,0,16.61,66.44,34.27,41.2,31.96,25.239999999999995,0.13212066888809204,0.6194714307785034,0.3802366852760315,0.3802366852760315,0.0,2026-07-01T21:56:21,
pipeline_social_results,outputs/cifar100_4agent_25cls_ipc50_allconvnet/metrics/social_results.csv,cifar100_4agent_25cls_ipc50_allconvnet,0,convnet,"0,1,2,3,4,5,6,7,8,9,10,11,12,13,14,15,16,17,18,19,20,21,22,23,24",dsdm,DSDM_LOGIT,expert,,,true,0.05,true,direct,false,0.0,0.5,2.0,50,,3750,750000,0,16.59,66.36,45.75,49.88,44.373333333333335,16.479999999999997,0.06792512536048889,0.415488064289093,0.1319398283958435,0.0,0.0,2026-06-29T15:18:52,
pipeline_social_results,outputs/cifar100_4agent_25cls_ipc50_allconvnet/metrics/social_results.csv,cifar100_4agent_25cls_ipc50_allconvnet,1,convnet,"25,26,27,28,29,30,31,32,33,34,35,36,37,38,39,40,41,42,43,44,45,46,47,48,49",dsdm,DSDM_LOGIT,expert,,,true,0.05,true,direct,false,0.0,0.5,2.0,50,,3750,750000,0,16.06,64.24,45.55,47.64,44.85333333333333,16.599999999999994,0.05628366768360138,0.4374241232872009,0.10182472318410873,0.0,0.0,2026-06-29T16:00:57,
pipeline_social_results,outputs/cifar100_4agent_25cls_ipc50_allconvnet/metrics/social_results.csv,cifar100_4agent_25cls_ipc50_allconvnet,2,convnet,"50,51,52,53,54,55,56,57,58,59,60,61,62,63,64,65,66,67,68,69,70,71,72,73,74",dsdm,DSDM_LOGIT,expert,,,true,0.05,true,direct,false,0.0,0.5,2.0,50,,3750,750000,0,15.76,63.04,44.34,49.84,42.50666666666667,13.199999999999996,0.05328987166285515,0.4548882246017456,0.11042908579111099,0.11042908579111099,0.0,2026-06-29T22:12:41,
pipeline_social_results,outputs/cifar100_4agent_25cls_ipc50_allconvnet/metrics/social_results.csv,cifar100_4agent_25cls_ipc50_allconvnet,3,convnet,"75,76,77,78,79,80,81,82,83,84,85,86,87,88,89,90,91,92,93,94,95,96,97,98,99",dsdm,DSDM_LOGIT,expert,,,true,0.05,true,direct,false,0.0,0.5,2.0,50,,3750,750000,0,16.96,67.84,45.07,50.64,43.21333333333333,17.200000000000003,0.030307866632938385,0.46077677607536316,0.08188895881175995,0.08188895881175995,0.0,2026-06-29T22:38:22,
pipeline_social_results,outputs/cifar100_4agent_25cls_ipc50_allconvnet-conv70/metrics/social_results.csv,cifar100_4agent_25cls_ipc50_allconvnet-conv70,0,convnet,"0,1,2,3,4,5,6,7,8,9,10,11,12,13,14,15,16,17,18,19,20,21,22,23,24",dsdm,DSDM_LOGIT,expert,,,true,0.05,true,direct,false,0.0,0.5,2.0,50,,3750,750000,0,16.64,66.56,44.9,49.32,43.42666666666667,17.240000000000002,0.05146737024188042,0.35691434144973755,0.09539569914340973,0.0,0.0,2026-06-29T14:44:21,
pipeline_social_results,outputs/cifar100_4agent_25cls_ipc50_allconvnet-conv70/metrics/social_results.csv,cifar100_4agent_25cls_ipc50_allconvnet-conv70,1,convnet,"25,26,27,28,29,30,31,32,33,34,35,36,37,38,39,40,41,42,43,44,45,46,47,48,49",dsdm,DSDM_LOGIT,expert,,,true,0.05,true,direct,false,0.0,0.5,2.0,50,,3750,750000,0,16.05,64.2,45.35,44.64,45.586666666666666,19.560000000000002,0.05954467132687569,0.4745098948478699,0.11322643607854843,0.0,0.0,2026-06-29T15:28:50,
pipeline_social_results,outputs/cifar100_4agent_25cls_ipc50_allconvnet-conv70/metrics/social_results.csv,cifar100_4agent_25cls_ipc50_allconvnet-conv70,2,convnet,"50,51,52,53,54,55,56,57,58,59,60,61,62,63,64,65,66,67,68,69,70,71,72,73,74",dsdm,DSDM_LOGIT,expert,,,true,0.05,true,direct,false,0.0,0.5,2.0,50,,3750,750000,0,15.79,63.16,43.74,50.52,41.48,12.639999999999993,0.06102003902196884,0.5561944246292114,0.11064905673265457,0.11064905673265457,0.0,2026-06-29T22:15:35,
pipeline_social_results,outputs/cifar100_4agent_25cls_ipc50_allconvnet-conv70/metrics/social_results.csv,cifar100_4agent_25cls_ipc50_allconvnet-conv70,3,convnet,"75,76,77,78,79,80,81,82,83,84,85,86,87,88,89,90,91,92,93,94,95,96,97,98,99",dsdm,DSDM_LOGIT,expert,,,true,0.05,true,direct,false,0.0,0.5,2.0,50,,3750,750000,0,17.32,69.28,44.3,49.28,42.64,20.0,0.06100984290242195,0.3646657466888428,0.15260183811187744,0.15260183811187744,0.0,2026-06-29T22:38:36,
pipeline_social_results,outputs/cifar100_4agent_25cls_ipc50_allconvnet_baseline_nologit/metrics/social_results.csv,cifar100_4agent_25cls_ipc50_allconvnet_baseline_nologit,0,convnet,"0,1,2,3,4,5,6,7,8,9,10,11,12,13,14,15,16,17,18,19,20,21,22,23,24",heuristic,HEURISTIC,expert,,,true,0.2,false,direct,false,0.0,0.0,2.0,50,,3750,0,0,16.59,66.36,35.58,51.2,30.373333333333335,15.159999999999997,0.013967346400022507,0.13577201962471008,0.0,0.0,0.0,2026-06-29T22:48:41,
pipeline_social_results,outputs/cifar100_4agent_25cls_ipc50_allconvnet_baseline_nologit/metrics/social_results.csv,cifar100_4agent_25cls_ipc50_allconvnet_baseline_nologit,1,convnet,"25,26,27,28,29,30,31,32,33,34,35,36,37,38,39,40,41,42,43,44,45,46,47,48,49",heuristic,HEURISTIC,expert,,,true,0.2,false,direct,false,0.0,0.0,2.0,50,,3750,0,0,16.06,64.24,35.82,46.56,32.24,17.679999999999993,0.012989732436835766,0.06822489947080612,0.0,0.0,0.0,2026-06-29T22:50:54,
pipeline_social_results,outputs/cifar100_4agent_25cls_ipc50_allconvnet_baseline_nologit/metrics/social_results.csv,cifar100_4agent_25cls_ipc50_allconvnet_baseline_nologit,2,convnet,"50,51,52,53,54,55,56,57,58,59,60,61,62,63,64,65,66,67,68,69,70,71,72,73,74",heuristic,HEURISTIC,expert,,,true,0.2,false,direct,false,0.0,0.0,2.0,50,,3750,0,0,15.76,63.04,34.14,49.64,28.973333333333333,13.399999999999999,0.015477575361728668,0.0,0.0,0.0,0.0,2026-06-29T22:53:11,
pipeline_social_results,outputs/cifar100_4agent_25cls_ipc50_allconvnet_baseline_nologit/metrics/social_results.csv,cifar100_4agent_25cls_ipc50_allconvnet_baseline_nologit,3,convnet,"75,76,77,78,79,80,81,82,83,84,85,86,87,88,89,90,91,92,93,94,95,96,97,98,99",heuristic,HEURISTIC,expert,,,true,0.2,false,direct,false,0.0,0.0,2.0,50,,3750,0,0,16.96,67.84,36.02,51.56,30.84,16.28,0.01601272076368332,0.09844377636909485,0.0,0.0,0.0,2026-06-29T22:55:22,
pipeline_social_results,outputs/cifar100_4agent_25cls_ipc50_allconvnet_baseline_nologit/metrics/social_results.csv,cifar100_4agent_25cls_ipc50_allconvnet_baseline_nologit,0,convnet,"0,1,2,3,4,5,6,7,8,9,10,11,12,13,14,15,16,17,18,19,20,21,22,23,24",full_real,FULL_REAL,expert,,,true,0.2,false,direct,false,0.0,0.0,2.0,50,,37500,0,0,16.59,66.36,46.0,47.56,45.48,18.799999999999997,0.23462551832199097,1.0303022861480713,0.0,0.0,0.0,2026-06-29T23:13:55,
pipeline_social_results,outputs/cifar100_4agent_25cls_ipc50_allconvnet_baseline_nologit/metrics/social_results.csv,cifar100_4agent_25cls_ipc50_allconvnet_baseline_nologit,1,convnet,"25,26,27,28,29,30,31,32,33,34,35,36,37,38,39,40,41,42,43,44,45,46,47,48,49",full_real,FULL_REAL,expert,,,true,0.2,false,direct,false,0.0,0.0,2.0,50,,37500,0,0,16.06,64.24,46.15,45.92,46.22666666666667,18.319999999999993,0.09738362580537796,0.7582114934921265,0.0,0.0,0.0,2026-06-29T23:33:55,
pipeline_social_results,outputs/cifar100_4agent_25cls_ipc50_allconvnet_baseline_nologit/metrics/social_results.csv,cifar100_4agent_25cls_ipc50_allconvnet_baseline_nologit,2,convnet,"50,51,52,53,54,55,56,57,58,59,60,61,62,63,64,65,66,67,68,69,70,71,72,73,74",full_real,FULL_REAL,expert,,,true,0.2,false,direct,false,0.0,0.0,2.0,50,,37500,0,0,15.76,63.04,45.14,48.32,44.08,14.719999999999999,0.1604142189025879,1.119537353515625,0.0,0.0,0.0,2026-06-29T23:53:01,
pipeline_social_results,outputs/cifar100_4agent_25cls_ipc50_allconvnet_baseline_nologit/metrics/social_results.csv,cifar100_4agent_25cls_ipc50_allconvnet_baseline_nologit,3,convnet,"75,76,77,78,79,80,81,82,83,84,85,86,87,88,89,90,91,92,93,94,95,96,97,98,99",full_real,FULL_REAL,expert,,,true,0.2,false,direct,false,0.0,0.0,2.0,50,,37500,0,0,16.96,67.84,46.86,49.68,45.92,18.160000000000004,0.12578299641609192,0.5315386652946472,0.0,0.0,0.0,2026-06-30T00:13:05,
pipeline_social_results,outputs/cifar100_4agent_25cls_ipc50_allconvnet_cov70_baseline_nologit/metrics/social_results.csv,cifar100_4agent_25cls_ipc50_allconvnet_cov70_baseline_nologit,0,convnet,"0,1,2,3,4,5,6,7,8,9,10,11,12,13,14,15,16,17,18,19,20,21,22,23,24",heuristic,HEURISTIC,expert,,,true,0.2,false,direct,false,0.0,0.0,2.0,50,,3750,0,0,16.64,66.56,35.34,50.16,30.4,16.400000000000006,0.02409154176712036,0.08347728103399277,0.0,0.0,0.0,2026-06-29T22:48:42,
pipeline_social_results,outputs/cifar100_4agent_25cls_ipc50_allconvnet_cov70_baseline_nologit/metrics/social_results.csv,cifar100_4agent_25cls_ipc50_allconvnet_cov70_baseline_nologit,1,convnet,"25,26,27,28,29,30,31,32,33,34,35,36,37,38,39,40,41,42,43,44,45,46,47,48,49",heuristic,HEURISTIC,expert,,,true,0.2,false,direct,false,0.0,0.0,2.0,50,,3750,0,0,16.05,64.2,35.04,47.48,30.893333333333334,16.720000000000006,0.013226816430687904,0.0,0.0,0.0,0.0,2026-06-29T22:50:54,
pipeline_social_results,outputs/cifar100_4agent_25cls_ipc50_allconvnet_cov70_baseline_nologit/metrics/social_results.csv,cifar100_4agent_25cls_ipc50_allconvnet_cov70_baseline_nologit,2,convnet,"50,51,52,53,54,55,56,57,58,59,60,61,62,63,64,65,66,67,68,69,70,71,72,73,74",heuristic,HEURISTIC,expert,,,true,0.2,false,direct,false,0.0,0.0,2.0,50,,3750,0,0,15.79,63.16,33.58,49.44,28.293333333333333,13.719999999999999,0.018563654273748398,0.161045104265213,0.0,0.0,0.0,2026-06-29T22:53:11,
pipeline_social_results,outputs/cifar100_4agent_25cls_ipc50_allconvnet_cov70_baseline_nologit/metrics/social_results.csv,cifar100_4agent_25cls_ipc50_allconvnet_cov70_baseline_nologit,3,convnet,"75,76,77,78,79,80,81,82,83,84,85,86,87,88,89,90,91,92,93,94,95,96,97,98,99",heuristic,HEURISTIC,expert,,,true,0.2,false,direct,false,0.0,0.0,2.0,50,,3750,0,0,17.32,69.28,35.9,51.76,30.613333333333333,17.520000000000003,0.015365209430456161,0.0,0.0,0.0,0.0,2026-06-29T22:55:23,
pipeline_social_results,outputs/cifar100_4agent_25cls_ipc50_allconvnet_cov70_baseline_nologit/metrics/social_results.csv,cifar100_4agent_25cls_ipc50_allconvnet_cov70_baseline_nologit,0,convnet,"0,1,2,3,4,5,6,7,8,9,10,11,12,13,14,15,16,17,18,19,20,21,22,23,24",full_real,FULL_REAL,expert,,,true,0.2,false,direct,false,0.0,0.0,2.0,50,,37500,0,0,16.64,66.56,45.85,49.08,44.77333333333333,17.480000000000004,0.09556575864553452,0.8470689058303833,0.0,0.0,0.0,2026-06-29T23:15:06,
pipeline_social_results,outputs/cifar100_4agent_25cls_ipc50_allconvnet_cov70_baseline_nologit/metrics/social_results.csv,cifar100_4agent_25cls_ipc50_allconvnet_cov70_baseline_nologit,1,convnet,"25,26,27,28,29,30,31,32,33,34,35,36,37,38,39,40,41,42,43,44,45,46,47,48,49",full_real,FULL_REAL,expert,,,true,0.2,false,direct,false,0.0,0.0,2.0,50,,37500,0,0,16.05,64.2,46.71,46.24,46.86666666666667,17.96,0.12458322942256927,0.9223797917366028,0.0,0.0,0.0,2026-06-29T23:33:56,
pipeline_social_results,outputs/cifar100_4agent_25cls_ipc50_allconvnet_cov70_baseline_nologit/metrics/social_results.csv,cifar100_4agent_25cls_ipc50_allconvnet_cov70_baseline_nologit,2,convnet,"50,51,52,53,54,55,56,57,58,59,60,61,62,63,64,65,66,67,68,69,70,71,72,73,74",full_real,FULL_REAL,expert,,,true,0.2,false,direct,false,0.0,0.0,2.0,50,,37500,0,0,15.79,63.16,46.78,47.52,46.53333333333333,15.639999999999993,0.12184814363718033,0.6635727286338806,0.0,0.0,0.0,2026-06-29T23:52:57,
pipeline_social_results,outputs/cifar100_4agent_25cls_ipc50_allconvnet_cov70_baseline_nologit/metrics/social_results.csv,cifar100_4agent_25cls_ipc50_allconvnet_cov70_baseline_nologit,3,convnet,"75,76,77,78,79,80,81,82,83,84,85,86,87,88,89,90,91,92,93,94,95,96,97,98,99",full_real,FULL_REAL,expert,,,true,0.2,false,direct,false,0.0,0.0,2.0,50,,37500,0,0,17.32,69.28,47.01,48.44,46.53333333333333,20.840000000000003,0.08009296655654907,0.9986280798912048,0.0,0.0,0.0,2026-06-30T00:13:06,
pipeline_social_results,outputs/cifar100_4agent_25cls_ipc50_logit/metrics/social_results.csv,cifar100_4agent_25cls_ipc50_logit,0,convnet,"0,1,2,3,4,5,6,7,8,9,10,11,12,13,14,15,16,17,18,19,20,21,22,23,24",dsdm,DSDM_LOGIT,expert,,,true,0.05,true,,,,0.5,2.0,50,,3750,750000,,16.99,67.96,32.08,56.48,23.946666666666665,11.479999999999997,0.1262919008731842,0.34209513664245605,0.21311253309249878,,,2026-06-22T02:52:59,
pipeline_social_results,outputs/cifar100_4agent_25cls_ipc50_logit/metrics/social_results.csv,cifar100_4agent_25cls_ipc50_logit,1,convnet,"25,26,27,28,29,30,31,32,33,34,35,36,37,38,39,40,41,42,43,44,45,46,47,48,49",dsdm,DSDM_LOGIT,expert,,,true,0.05,true,,,,0.5,2.0,50,,3750,750000,,15.87,63.48,31.28,52.24,24.293333333333333,11.239999999999995,0.0840582624077797,0.4012608230113983,0.17291942238807678,,,2026-06-22T03:09:26,
pipeline_social_results,outputs/cifar100_4agent_25cls_ipc50_logit/metrics/social_results.csv,cifar100_4agent_25cls_ipc50_logit,2,resnet,"50,51,52,53,54,55,56,57,58,59,60,61,62,63,64,65,66,67,68,69,70,71,72,73,74",dsdm,DSDM_LOGIT,expert,,,true,0.05,true,,,,0.5,2.0,50,,3750,750000,,13.61,54.44,20.6,0.8,27.2,53.64,0.09652353078126907,0.7548792362213135,0.30155155062675476,,,2026-06-22T03:41:00,
pipeline_social_results,outputs/cifar100_4agent_25cls_ipc50_logit/metrics/social_results.csv,cifar100_4agent_25cls_ipc50_logit,3,resnet_ap,"75,76,77,78,79,80,81,82,83,84,85,86,87,88,89,90,91,92,93,94,95,96,97,98,99",dsdm,DSDM_LOGIT,expert,,,true,0.05,true,,,,0.5,2.0,50,,3750,750000,,16.61,66.44,27.89,32.68,26.293333333333333,33.76,0.15990367531776428,0.635911762714386,0.33651256561279297,,,2026-06-22T04:13:39,
pipeline_social_results,outputs/cifar100_4agent_25cls_ipc50_logit/metrics/social_results.csv,cifar100_4agent_25cls_ipc50_logit,0,convnet,"0,1,2,3,4,5,6,7,8,9,10,11,12,13,14,15,16,17,18,19,20,21,22,23,24",dsdm,DSDM_LOGIT,scratch,,,false,0.0,true,,,,0.5,2.0,50,,3750,750000,,1.06,0.6,28.81,41.64,24.533333333333335,-41.04,0.10668670386075974,0.0,0.2632756233215332,,,2026-06-22T04:24:02,
pipeline_social_results,outputs/cifar100_4agent_25cls_ipc50_logit/metrics/social_results.csv,cifar100_4agent_25cls_ipc50_logit,1,convnet,"25,26,27,28,29,30,31,32,33,34,35,36,37,38,39,40,41,42,43,44,45,46,47,48,49",dsdm,DSDM_LOGIT,scratch,,,false,0.0,true,,,,0.5,2.0,50,,3750,750000,,0.86,2.76,29.23,48.4,22.84,-45.64,0.11591280996799469,0.0,0.19917713105678558,,,2026-06-22T04:34:25,
pipeline_social_results,outputs/cifar100_4agent_25cls_ipc50_logit/metrics/social_results.csv,cifar100_4agent_25cls_ipc50_logit,2,resnet,"50,51,52,53,54,55,56,57,58,59,60,61,62,63,64,65,66,67,68,69,70,71,72,73,74",dsdm,DSDM_LOGIT,scratch,,,false,0.0,true,,,,0.5,2.0,50,,3750,750000,,0.99,0.72,16.45,6.36,19.813333333333333,-5.640000000000001,0.15562814474105835,0.0,0.3314417004585266,,,2026-06-22T04:50:33,
pipeline_social_results,outputs/cifar100_4agent_25cls_ipc50_logit/metrics/social_results.csv,cifar100_4agent_25cls_ipc50_logit,3,resnet_ap,"75,76,77,78,79,80,81,82,83,84,85,86,87,88,89,90,91,92,93,94,95,96,97,98,99",dsdm,DSDM_LOGIT,scratch,,,false,0.0,true,,,,0.5,2.0,50,,3750,750000,,1.17,0.0,23.01,16.04,25.333333333333332,-16.04,0.1267467886209488,0.0,0.2823689877986908,,,2026-06-22T05:07:19,
pipeline_social_results,outputs/cifar100_4agent_25cls_ipc50_logit/metrics/social_results.csv,cifar100_4agent_25cls_ipc50_logit,0,convnet,"0,1,2,3,4,5,6,7,8,9,10,11,12,13,14,15,16,17,18,19,20,21,22,23,24",heuristic,HEURISTIC_LOGIT,expert,,,true,0.05,true,,,,0.5,2.0,50,,3750,187500,,16.99,67.96,37.48,48.88,33.68,19.07999999999999,0.05955761298537254,0.1436283439397812,0.07055511325597763,,,2026-06-23T10:37:03,
pipeline_social_results,outputs/cifar100_4agent_25cls_ipc50_logit/metrics/social_results.csv,cifar100_4agent_25cls_ipc50_logit,0,convnet,"0,1,2,3,4,5,6,7,8,9,10,11,12,13,14,15,16,17,18,19,20,21,22,23,24",importance,IMPORTANCE_LOGIT,expert,,,true,0.05,true,,,,0.5,2.0,50,,3750,187500,,16.99,67.96,24.72,47.52,17.12,20.43999999999999,0.10929103195667267,0.29905813932418823,0.18436288833618164,,,2026-06-23T10:38:18,
pipeline_social_results,outputs/cifar100_4agent_25cls_ipc50_logit/metrics/social_results.csv,cifar100_4agent_25cls_ipc50_logit,1,convnet,"25,26,27,28,29,30,31,32,33,34,35,36,37,38,39,40,41,42,43,44,45,46,47,48,49",heuristic,HEURISTIC_LOGIT,expert,,,true,0.05,true,,,,0.5,2.0,50,,3750,187500,,15.87,63.48,36.88,45.16,34.12,18.32,0.08157713711261749,0.0,0.08095861971378326,,,2026-06-23T10:42:37,
pipeline_social_results,outputs/cifar100_4agent_25cls_ipc50_logit/metrics/social_results.csv,cifar100_4agent_25cls_ipc50_logit,1,convnet,"25,26,27,28,29,30,31,32,33,34,35,36,37,38,39,40,41,42,43,44,45,46,47,48,49",importance,IMPORTANCE_LOGIT,expert,,,true,0.05,true,,,,0.5,2.0,50,,3750,187500,,15.87,63.48,23.91,43.32,17.44,20.159999999999997,0.12570737302303314,0.20671480894088745,0.18497715890407562,,,2026-06-23T10:43:50,
pipeline_social_results,outputs/cifar100_4agent_25cls_ipc50_logit/metrics/social_results.csv,cifar100_4agent_25cls_ipc50_logit,2,resnet,"50,51,52,53,54,55,56,57,58,59,60,61,62,63,64,65,66,67,68,69,70,71,72,73,74",heuristic,HEURISTIC_LOGIT,expert,,,true,0.05,true,,,,0.5,2.0,50,,3750,187500,,13.61,54.44,20.36,26.8,18.213333333333335,27.639999999999997,0.06462358683347702,0.0,0.19872033596038818,,,2026-06-23T10:52:29,
pipeline_social_results,outputs/cifar100_4agent_25cls_ipc50_logit/metrics/social_results.csv,cifar100_4agent_25cls_ipc50_logit,2,resnet,"50,51,52,53,54,55,56,57,58,59,60,61,62,63,64,65,66,67,68,69,70,71,72,73,74",importance,IMPORTANCE_LOGIT,expert,,,true,0.05,true,,,,0.5,2.0,50,,3750,187500,,13.61,54.44,11.09,22.44,7.306666666666667,31.999999999999996,0.151123508810997,0.5747343897819519,0.29725438356399536,,,2026-06-23T10:53:40,
pipeline_social_results,outputs/cifar100_4agent_25cls_ipc50_logit/metrics/social_results.csv,cifar100_4agent_25cls_ipc50_logit,3,resnet_ap,"75,76,77,78,79,80,81,82,83,84,85,86,87,88,89,90,91,92,93,94,95,96,97,98,99",heuristic,HEURISTIC_LOGIT,expert,,,true,0.05,true,,,,0.5,2.0,50,,3750,187500,,16.61,66.44,26.27,28.0,25.69333333333333,38.44,0.07795282453298569,0.10659809410572052,0.32125088572502136,,,2026-06-23T11:03:11,
pipeline_social_results,outputs/cifar100_4agent_25cls_ipc50_logit/metrics/social_results.csv,cifar100_4agent_25cls_ipc50_logit,3,resnet_ap,"75,76,77,78,79,80,81,82,83,84,85,86,87,88,89,90,91,92,93,94,95,96,97,98,99",importance,IMPORTANCE_LOGIT,expert,,,true,0.05,true,,,,0.5,2.0,50,,3750,187500,,16.61,66.44,13.44,18.36,11.8,48.08,0.1601274609565735,0.4507625997066498,0.3690195083618164,,,2026-06-23T11:03:59,
pipeline_social_results,outputs/cifar100_4agent_25cls_joint_tuning_ipc10_ep075_fr020_kd050/metrics/social_results.csv,cifar100_4agent_25cls_joint_tuning_ipc10_ep075_fr020_kd050,0,convnet3w05,"0,1,2,3,4,5,6,7,8,9,10,11,12,13,14,15,16,17,18,19,20,21,22,23,24",dsdm,DSDM_LOGIT,expert,,,true,0.2,true,direct,false,0.0,0.5,2.0,10,,750,150000,0,15.99,63.96,33.36,32.32,33.70666666666666,31.64,0.05375424399971962,0.0869995728135109,0.1134038195014,0.1134038195014,0.0,2026-06-30T09:42:29,
pipeline_social_results,outputs/cifar100_4agent_25cls_joint_tuning_ipc10_ep075_fr020_kd050/metrics/social_results.csv,cifar100_4agent_25cls_joint_tuning_ipc10_ep075_fr020_kd050,1,convnet3w1,"25,26,27,28,29,30,31,32,33,34,35,36,37,38,39,40,41,42,43,44,45,46,47,48,49",dsdm,DSDM_LOGIT,expert,,,true,0.2,true,direct,false,0.0,0.5,2.0,10,,750,150000,0,16.33,65.32,35.61,36.92,35.17333333333333,28.39999999999999,0.07409672439098358,0.06416403502225876,0.08902229368686676,0.08902229368686676,0.0,2026-06-30T09:43:13,
pipeline_social_results,outputs/cifar100_4agent_25cls_joint_tuning_ipc10_ep075_fr020_kd050/metrics/social_results.csv,cifar100_4agent_25cls_joint_tuning_ipc10_ep075_fr020_kd050,2,convnet4w1,"50,51,52,53,54,55,56,57,58,59,60,61,62,63,64,65,66,67,68,69,70,71,72,73,74",dsdm,DSDM_LOGIT,expert,,,true,0.2,true,direct,false,0.0,0.5,2.0,10,,750,150000,0,16.78,67.12,31.08,52.28,24.013333333333332,14.840000000000003,0.03528907522559166,0.12611179053783417,0.12020035088062286,0.12020035088062286,0.0,2026-06-30T09:44:03,
pipeline_social_results,outputs/cifar100_4agent_25cls_joint_tuning_ipc10_ep075_fr020_kd050/metrics/social_results.csv,cifar100_4agent_25cls_joint_tuning_ipc10_ep075_fr020_kd050,3,convnet4w15,"75,76,77,78,79,80,81,82,83,84,85,86,87,88,89,90,91,92,93,94,95,96,97,98,99",dsdm,DSDM_LOGIT,expert,,,true,0.2,true,direct,false,0.0,0.5,2.0,10,,750,150000,0,18.04,72.16,34.25,53.68,27.773333333333333,18.479999999999997,0.05122167617082596,0.08806087076663971,0.11032775789499283,0.11032775789499283,0.0,2026-06-30T09:45:03,
pipeline_social_results,outputs/cifar100_4agent_25cls_joint_tuning_ipc10_ep100_fr020_kd040/metrics/social_results.csv,cifar100_4agent_25cls_joint_tuning_ipc10_ep100_fr020_kd040,0,convnet3w05,"0,1,2,3,4,5,6,7,8,9,10,11,12,13,14,15,16,17,18,19,20,21,22,23,24",dsdm,DSDM_LOGIT,expert,,,true,0.2,true,direct,false,0.0,0.4,2.0,10,,750,150000,0,15.99,63.96,32.84,31.84,33.17333333333333,32.120000000000005,0.035050202161073685,0.06610797345638275,0.10379017889499664,0.10379017889499664,0.0,2026-06-30T09:42:40,
pipeline_social_results,outputs/cifar100_4agent_25cls_joint_tuning_ipc10_ep100_fr020_kd040/metrics/social_results.csv,cifar100_4agent_25cls_joint_tuning_ipc10_ep100_fr020_kd040,1,convnet3w1,"25,26,27,28,29,30,31,32,33,34,35,36,37,38,39,40,41,42,43,44,45,46,47,48,49",dsdm,DSDM_LOGIT,expert,,,true,0.2,true,direct,false,0.0,0.4,2.0,10,,750,150000,0,16.33,65.32,35.54,36.6,35.18666666666667,28.71999999999999,0.03988980874419212,0.1417876034975052,0.09536600112915039,0.09536600112915039,0.0,2026-06-30T09:43:38,
pipeline_social_results,outputs/cifar100_4agent_25cls_joint_tuning_ipc10_ep100_fr020_kd040/metrics/social_results.csv,cifar100_4agent_25cls_joint_tuning_ipc10_ep100_fr020_kd040,2,convnet4w1,"50,51,52,53,54,55,56,57,58,59,60,61,62,63,64,65,66,67,68,69,70,71,72,73,74",dsdm,DSDM_LOGIT,expert,,,true,0.2,true,direct,false,0.0,0.4,2.0,10,,750,150000,0,16.78,67.12,30.71,52.16,23.56,14.960000000000008,0.03861803561449051,0.11201773583889008,0.18116481602191925,0.18116481602191925,0.0,2026-06-30T09:44:52,
pipeline_social_results,outputs/cifar100_4agent_25cls_joint_tuning_ipc10_ep100_fr020_kd040/metrics/social_results.csv,cifar100_4agent_25cls_joint_tuning_ipc10_ep100_fr020_kd040,3,convnet4w15,"75,76,77,78,79,80,81,82,83,84,85,86,87,88,89,90,91,92,93,94,95,96,97,98,99",dsdm,DSDM_LOGIT,expert,,,true,0.2,true,direct,false,0.0,0.4,2.0,10,,750,150000,0,18.04,72.16,33.27,53.68,26.466666666666665,18.479999999999997,0.03426611050963402,0.10520831495523453,0.3224593698978424,0.3224593698978424,0.0,2026-06-30T09:45:58,
pipeline_social_results,outputs/cifar100_4agent_25cls_joint_tuning_ipc10_ep100_fr020_kd060/metrics/social_results.csv,cifar100_4agent_25cls_joint_tuning_ipc10_ep100_fr020_kd060,0,convnet3w05,"0,1,2,3,4,5,6,7,8,9,10,11,12,13,14,15,16,17,18,19,20,21,22,23,24",dsdm,DSDM_LOGIT,expert,,,true,0.2,true,direct,false,0.0,0.6,2.0,10,,750,150000,0,15.99,63.96,33.19,32.36,33.46666666666667,31.6,0.1178332045674324,0.11609268188476562,0.15624728798866272,0.15624728798866272,0.0,2026-06-30T09:46:20,
pipeline_social_results,outputs/cifar100_4agent_25cls_joint_tuning_ipc10_ep100_fr020_kd060/metrics/social_results.csv,cifar100_4agent_25cls_joint_tuning_ipc10_ep100_fr020_kd060,1,convnet3w1,"25,26,27,28,29,30,31,32,33,34,35,36,37,38,39,40,41,42,43,44,45,46,47,48,49",dsdm,DSDM_LOGIT,expert,,,true,0.2,true,direct,false,0.0,0.6,2.0,10,,750,150000,0,16.33,65.32,35.66,36.76,35.29333333333334,28.559999999999995,0.04166498780250549,0.06785982847213745,0.07154937833547592,0.07154937833547592,0.0,2026-06-30T09:47:18,
pipeline_social_results,outputs/cifar100_4agent_25cls_joint_tuning_ipc10_ep100_fr020_kd060/metrics/social_results.csv,cifar100_4agent_25cls_joint_tuning_ipc10_ep100_fr020_kd060,2,convnet4w1,"50,51,52,53,54,55,56,57,58,59,60,61,62,63,64,65,66,67,68,69,70,71,72,73,74",dsdm,DSDM_LOGIT,expert,,,true,0.2,true,direct,false,0.0,0.6,2.0,10,,750,150000,0,16.78,67.12,30.54,51.84,23.44,15.280000000000001,0.0628744587302208,0.2211848348379135,0.1360897570848465,0.1360897570848465,0.0,2026-06-30T09:48:21,
pipeline_social_results,outputs/cifar100_4agent_25cls_joint_tuning_ipc10_ep100_fr020_kd060/metrics/social_results.csv,cifar100_4agent_25cls_joint_tuning_ipc10_ep100_fr020_kd060,3,convnet4w15,"75,76,77,78,79,80,81,82,83,84,85,86,87,88,89,90,91,92,93,94,95,96,97,98,99",dsdm,DSDM_LOGIT,expert,,,true,0.2,true,direct,false,0.0,0.6,2.0,10,,750,150000,0,18.04,72.16,34.32,54.24,27.68,17.919999999999995,0.042590830475091934,0.09087388962507248,0.09394484013319016,0.09394484013319016,0.0,2026-06-30T09:49:39,
pipeline_social_results,outputs/cifar100_4agent_25cls_joint_tuning_ipc10_ep125_fr020_kd050/metrics/social_results.csv,cifar100_4agent_25cls_joint_tuning_ipc10_ep125_fr020_kd050,0,convnet3w05,"0,1,2,3,4,5,6,7,8,9,10,11,12,13,14,15,16,17,18,19,20,21,22,23,24",dsdm,DSDM_LOGIT,expert,,,true,0.2,true,direct,false,0.0,0.5,2.0,10,,750,150000,0,15.99,63.96,32.96,31.48,33.45333333333333,32.480000000000004,0.059258926659822464,0.15991653501987457,0.13377779722213745,0.13377779722213745,0.0,2026-06-30T09:47:36,
pipeline_social_results,outputs/cifar100_4agent_25cls_joint_tuning_ipc10_ep125_fr020_kd050/metrics/social_results.csv,cifar100_4agent_25cls_joint_tuning_ipc10_ep125_fr020_kd050,1,convnet3w1,"25,26,27,28,29,30,31,32,33,34,35,36,37,38,39,40,41,42,43,44,45,46,47,48,49",dsdm,DSDM_LOGIT,expert,,,true,0.2,true,direct,false,0.0,0.5,2.0,10,,750,150000,0,16.33,65.32,35.17,36.08,34.86666666666667,29.239999999999995,0.03454580903053284,0.08201858401298523,0.09046683460474014,0.09046683460474014,0.0,2026-06-30T09:48:53,
pipeline_social_results,outputs/cifar100_4agent_25cls_joint_tuning_ipc10_ep125_fr020_kd050/metrics/social_results.csv,cifar100_4agent_25cls_joint_tuning_ipc10_ep125_fr020_kd050,2,convnet4w1,"50,51,52,53,54,55,56,57,58,59,60,61,62,63,64,65,66,67,68,69,70,71,72,73,74",dsdm,DSDM_LOGIT,expert,,,true,0.2,true,direct,false,0.0,0.5,2.0,10,,750,150000,0,16.78,67.12,30.89,53.08,23.493333333333332,14.040000000000006,0.07914029061794281,0.173566997051239,0.16513991355895996,0.16513991355895996,0.0,2026-06-30T09:50:14,
pipeline_social_results,outputs/cifar100_4agent_25cls_joint_tuning_ipc10_ep125_fr020_kd050/metrics/social_results.csv,cifar100_4agent_25cls_joint_tuning_ipc10_ep125_fr020_kd050,3,convnet4w15,"75,76,77,78,79,80,81,82,83,84,85,86,87,88,89,90,91,92,93,94,95,96,97,98,99",dsdm,DSDM_LOGIT,expert,,,true,0.2,true,direct,false,0.0,0.5,2.0,10,,750,150000,0,18.04,72.16,33.94,54.44,27.106666666666666,17.72,0.05370830371975899,0.10727445036172867,0.11015886813402176,0.11015886813402176,0.0,2026-06-30T09:51:48,
pipeline_social_results,outputs/cifar100_4agent_25cls_joint_tuning_ipc50_ep300_fr005_kd050/metrics/social_results.csv,cifar100_4agent_25cls_joint_tuning_ipc50_ep300_fr005_kd050,0,convnet,"0,1,2,3,4,5,6,7,8,9,10,11,12,13,14,15,16,17,18,19,20,21,22,23,24",dsdm,DSDM_LOGIT,expert,,,true,0.05,true,direct,false,0.0,0.5,2.0,50,,3750,750000,0,16.59,66.36,46.85,50.52,45.626666666666665,15.839999999999996,0.04524938762187958,0.389188677072525,0.08391567319631577,0.08391567319631577,0.0,2026-06-30T10:03:51,
pipeline_social_results,outputs/cifar100_4agent_25cls_joint_tuning_ipc50_ep300_fr005_kd050/metrics/social_results.csv,cifar100_4agent_25cls_joint_tuning_ipc50_ep300_fr005_kd050,1,convnet,"25,26,27,28,29,30,31,32,33,34,35,36,37,38,39,40,41,42,43,44,45,46,47,48,49",dsdm,DSDM_LOGIT,expert,,,true,0.05,true,direct,false,0.0,0.5,2.0,50,,3750,750000,0,16.06,64.24,45.97,46.72,45.72,17.519999999999996,0.07214689999818802,0.47217312455177307,0.11964704096317291,0.11964704096317291,0.0,2026-06-30T10:17:33,
pipeline_social_results,outputs/cifar100_4agent_25cls_joint_tuning_ipc50_ep300_fr005_kd050/metrics/social_results.csv,cifar100_4agent_25cls_joint_tuning_ipc50_ep300_fr005_kd050,2,convnet,"50,51,52,53,54,55,56,57,58,59,60,61,62,63,64,65,66,67,68,69,70,71,72,73,74",dsdm,DSDM_LOGIT,expert,,,true,0.05,true,direct,false,0.0,0.5,2.0,50,,3750,750000,0,15.76,63.04,45.59,48.4,44.653333333333336,14.64,0.04856100678443909,0.48449739813804626,0.12127167731523514,0.12127167731523514,0.0,2026-06-30T10:31:15,
pipeline_social_results,outputs/cifar100_4agent_25cls_joint_tuning_ipc50_ep300_fr005_kd050/metrics/social_results.csv,cifar100_4agent_25cls_joint_tuning_ipc50_ep300_fr005_kd050,3,convnet,"75,76,77,78,79,80,81,82,83,84,85,86,87,88,89,90,91,92,93,94,95,96,97,98,99",dsdm,DSDM_LOGIT,expert,,,true,0.05,true,direct,false,0.0,0.5,2.0,50,,3750,750000,0,16.96,67.84,46.24,50.36,44.86666666666667,17.480000000000004,0.0454016849398613,0.6094839572906494,0.09171218425035477,0.09171218425035477,0.0,2026-06-30T10:44:55,
pipeline_social_results,outputs/cifar100_4agent_25cls_joint_tuning_ipc50_ep500_fr003_kd050/metrics/social_results.csv,cifar100_4agent_25cls_joint_tuning_ipc50_ep500_fr003_kd050,0,convnet,"0,1,2,3,4,5,6,7,8,9,10,11,12,13,14,15,16,17,18,19,20,21,22,23,24",dsdm,DSDM_LOGIT,expert,,,true,0.03,true,direct,false,0.0,0.5,2.0,50,,3750,750000,0,16.59,66.36,45.92,51.6,44.026666666666664,14.759999999999998,0.034282661974430084,0.6449558138847351,0.07772372663021088,0.07772372663021088,0.0,2026-06-30T11:07:27,
pipeline_social_results,outputs/cifar100_4agent_25cls_joint_tuning_ipc50_ep500_fr003_kd050/metrics/social_results.csv,cifar100_4agent_25cls_joint_tuning_ipc50_ep500_fr003_kd050,1,convnet,"25,26,27,28,29,30,31,32,33,34,35,36,37,38,39,40,41,42,43,44,45,46,47,48,49",dsdm,DSDM_LOGIT,expert,,,true,0.03,true,direct,false,0.0,0.5,2.0,50,,3750,750000,0,16.06,64.24,45.39,46.6,44.986666666666665,17.639999999999993,0.05221480131149292,0.5495386123657227,0.0783180445432663,0.0783180445432663,0.0,2026-06-30T11:29:37,
pipeline_social_results,outputs/cifar100_4agent_25cls_joint_tuning_ipc50_ep500_fr003_kd050/metrics/social_results.csv,cifar100_4agent_25cls_joint_tuning_ipc50_ep500_fr003_kd050,2,convnet,"50,51,52,53,54,55,56,57,58,59,60,61,62,63,64,65,66,67,68,69,70,71,72,73,74",dsdm,DSDM_LOGIT,expert,,,true,0.03,true,direct,false,0.0,0.5,2.0,50,,3750,750000,0,15.76,63.04,44.57,49.6,42.89333333333333,13.439999999999998,0.046584151685237885,0.4705786108970642,0.11206895112991333,0.11206895112991333,0.0,2026-06-30T11:54:22,
pipeline_social_results,outputs/cifar100_4agent_25cls_joint_tuning_ipc50_ep500_fr003_kd050/metrics/social_results.csv,cifar100_4agent_25cls_joint_tuning_ipc50_ep500_fr003_kd050,3,convnet,"75,76,77,78,79,80,81,82,83,84,85,86,87,88,89,90,91,92,93,94,95,96,97,98,99",dsdm,DSDM_LOGIT,expert,,,true,0.03,true,direct,false,0.0,0.5,2.0,50,,3750,750000,0,16.96,67.84,45.37,50.36,43.70666666666666,17.480000000000004,0.04288443922996521,0.6059770584106445,0.09228728711605072,0.09228728711605072,0.0,2026-06-30T12:19:59,
pipeline_social_results,outputs/cifar100_4agent_25cls_joint_tuning_ipc50_ep500_fr0075_kd050/metrics/social_results.csv,cifar100_4agent_25cls_joint_tuning_ipc50_ep500_fr0075_kd050,0,convnet,"0,1,2,3,4,5,6,7,8,9,10,11,12,13,14,15,16,17,18,19,20,21,22,23,24",dsdm,DSDM_LOGIT,expert,,,true,0.075,true,direct,false,0.0,0.5,2.0,50,,3750,750000,0,16.59,66.36,45.85,50.16,44.413333333333334,16.200000000000003,0.07387511432170868,0.298013836145401,0.10466485470533371,0.10466485470533371,0.0,2026-06-30T12:27:43,
pipeline_social_results,outputs/cifar100_4agent_25cls_joint_tuning_ipc50_ep500_fr0075_kd050/metrics/social_results.csv,cifar100_4agent_25cls_joint_tuning_ipc50_ep500_fr0075_kd050,1,convnet,"25,26,27,28,29,30,31,32,33,34,35,36,37,38,39,40,41,42,43,44,45,46,47,48,49",dsdm,DSDM_LOGIT,expert,,,true,0.075,true,direct,false,0.0,0.5,2.0,50,,3750,750000,0,16.06,64.24,45.53,47.96,44.72,16.279999999999994,0.058269478380680084,0.260726660490036,0.07709117978811264,0.07709117978811264,0.0,2026-06-30T12:46:39,
pipeline_social_results,outputs/cifar100_4agent_25cls_joint_tuning_ipc50_ep500_fr0075_kd050/metrics/social_results.csv,cifar100_4agent_25cls_joint_tuning_ipc50_ep500_fr0075_kd050,2,convnet,"50,51,52,53,54,55,56,57,58,59,60,61,62,63,64,65,66,67,68,69,70,71,72,73,74",dsdm,DSDM_LOGIT,expert,,,true,0.075,true,direct,false,0.0,0.5,2.0,50,,3750,750000,0,15.76,63.04,44.84,49.44,43.306666666666665,13.600000000000001,0.038381751626729965,0.2651882469654083,0.09370982646942139,0.09370982646942139,0.0,2026-06-30T13:05:25,
pipeline_social_results,outputs/cifar100_4agent_25cls_joint_tuning_ipc50_ep500_fr0075_kd050/metrics/social_results.csv,cifar100_4agent_25cls_joint_tuning_ipc50_ep500_fr0075_kd050,3,convnet,"75,76,77,78,79,80,81,82,83,84,85,86,87,88,89,90,91,92,93,94,95,96,97,98,99",dsdm,DSDM_LOGIT,expert,,,true,0.075,true,direct,false,0.0,0.5,2.0,50,,3750,750000,0,16.96,67.84,45.41,50.28,43.78666666666667,17.560000000000002,0.060418665409088135,0.33659297227859497,0.09991218149662018,0.09991218149662018,0.0,2026-06-30T13:24:32,
pipeline_social_results,outputs/cifar100_4agent_25cls_joint_tuning_ipc50_ep700_fr005_kd050/metrics/social_results.csv,cifar100_4agent_25cls_joint_tuning_ipc50_ep700_fr005_kd050,0,convnet,"0,1,2,3,4,5,6,7,8,9,10,11,12,13,14,15,16,17,18,19,20,21,22,23,24",dsdm,DSDM_LOGIT,expert,,,true,0.05,true,direct,false,0.0,0.5,2.0,50,,3750,750000,0,16.59,66.36,45.4,51.68,43.306666666666665,14.68,0.06746094673871994,0.3048882782459259,0.10368867963552475,0.10368867963552475,0.0,2026-06-30T10:23:37,
pipeline_social_results,outputs/cifar100_4agent_25cls_joint_tuning_ipc50_ep700_fr005_kd050/metrics/social_results.csv,cifar100_4agent_25cls_joint_tuning_ipc50_ep700_fr005_kd050,1,convnet,"25,26,27,28,29,30,31,32,33,34,35,36,37,38,39,40,41,42,43,44,45,46,47,48,49",dsdm,DSDM_LOGIT,expert,,,true,0.05,true,direct,false,0.0,0.5,2.0,50,,3750,750000,0,16.06,64.24,45.1,48.16,44.08,16.08,0.036347243934869766,0.35095927119255066,0.08509153127670288,0.08509153127670288,0.0,2026-06-30T10:55:27,
pipeline_social_results,outputs/cifar100_4agent_25cls_joint_tuning_ipc50_ep700_fr005_kd050/metrics/social_results.csv,cifar100_4agent_25cls_joint_tuning_ipc50_ep700_fr005_kd050,2,convnet,"50,51,52,53,54,55,56,57,58,59,60,61,62,63,64,65,66,67,68,69,70,71,72,73,74",dsdm,DSDM_LOGIT,expert,,,true,0.05,true,direct,false,0.0,0.5,2.0,50,,3750,750000,0,15.76,63.04,43.68,49.4,41.77333333333333,13.64,0.0600019246339798,0.4390271008014679,0.10631197690963745,0.10631197690963745,0.0,2026-06-30T11:28:01,
pipeline_social_results,outputs/cifar100_4agent_25cls_joint_tuning_ipc50_ep700_fr005_kd050/metrics/social_results.csv,cifar100_4agent_25cls_joint_tuning_ipc50_ep700_fr005_kd050,3,convnet,"75,76,77,78,79,80,81,82,83,84,85,86,87,88,89,90,91,92,93,94,95,96,97,98,99",dsdm,DSDM_LOGIT,expert,,,true,0.05,true,direct,false,0.0,0.5,2.0,50,,3750,750000,0,16.96,67.84,44.37,50.12,42.45333333333333,17.720000000000006,0.0682985931634903,0.5173758268356323,0.12522739171981812,0.12522739171981812,0.0,2026-06-30T12:04:25,
pipeline_social_results,outputs/cifar100_4agent_25cls_refine_tuning_followup_ipc10_ep050_fr020_kd050/metrics/social_results.csv,cifar100_4agent_25cls_refine_tuning_followup_ipc10_ep050_fr020_kd050,0,convnet3w05,"0,1,2,3,4,5,6,7,8,9,10,11,12,13,14,15,16,17,18,19,20,21,22,23,24",dsdm,DSDM_LOGIT,expert,,,true,0.2,true,direct,false,0.0,0.5,2.0,10,,750,150000,0,15.99,63.96,33.32,33.64,33.21333333333333,30.32,0.03280770033597946,0.10726010054349899,0.1160750612616539,0.1160750612616539,0.0,2026-06-30T19:36:35,
pipeline_social_results,outputs/cifar100_4agent_25cls_refine_tuning_followup_ipc10_ep050_fr020_kd050/metrics/social_results.csv,cifar100_4agent_25cls_refine_tuning_followup_ipc10_ep050_fr020_kd050,1,convnet3w1,"25,26,27,28,29,30,31,32,33,34,35,36,37,38,39,40,41,42,43,44,45,46,47,48,49",dsdm,DSDM_LOGIT,expert,,,true,0.2,true,direct,false,0.0,0.5,2.0,10,,750,150000,0,16.33,65.32,36.32,38.76,35.50666666666667,26.559999999999995,0.03391099348664284,0.05392928048968315,0.0901801586151123,0.0901801586151123,0.0,2026-06-30T19:37:06,
pipeline_social_results,outputs/cifar100_4agent_25cls_refine_tuning_followup_ipc10_ep050_fr020_kd050/metrics/social_results.csv,cifar100_4agent_25cls_refine_tuning_followup_ipc10_ep050_fr020_kd050,2,convnet4w1,"50,51,52,53,54,55,56,57,58,59,60,61,62,63,64,65,66,67,68,69,70,71,72,73,74",dsdm,DSDM_LOGIT,expert,,,true,0.2,true,direct,false,0.0,0.5,2.0,10,,750,150000,0,16.78,67.12,31.7,51.0,25.266666666666666,16.120000000000005,0.03995134308934212,0.09656286239624023,0.1325300633907318,0.1325300633907318,0.0,2026-06-30T19:37:40,
pipeline_social_results,outputs/cifar100_4agent_25cls_refine_tuning_followup_ipc10_ep050_fr020_kd050/metrics/social_results.csv,cifar100_4agent_25cls_refine_tuning_followup_ipc10_ep050_fr020_kd050,3,convnet4w15,"75,76,77,78,79,80,81,82,83,84,85,86,87,88,89,90,91,92,93,94,95,96,97,98,99",dsdm,DSDM_LOGIT,expert,,,true,0.2,true,direct,false,0.0,0.5,2.0,10,,750,150000,0,18.04,72.16,34.8,53.44,28.586666666666666,18.72,0.07259611785411835,0.06617272645235062,0.15978486835956573,0.15978486835956573,0.0,2026-06-30T19:38:19,
pipeline_social_results,outputs/cifar100_4agent_25cls_refine_tuning_followup_ipc10_ep055_fr020_kd060_t2/metrics/social_results.csv,cifar100_4agent_25cls_refine_tuning_followup_ipc10_ep055_fr020_kd060_t2,0,convnet3w05,"0,1,2,3,4,5,6,7,8,9,10,11,12,13,14,15,16,17,18,19,20,21,22,23,24",dsdm,DSDM_LOGIT,expert,,,true,0.2,true,direct,false,0.0,0.6,2.0,10,,750,150000,0,15.99,63.96,33.93,33.6,34.04,30.36,0.062156371772289276,0.10550533980131149,0.11765515059232712,0.11765515059232712,0.0,2026-07-01T15:29:17,
pipeline_social_results,outputs/cifar100_4agent_25cls_refine_tuning_followup_ipc10_ep055_fr020_kd060_t2/metrics/social_results.csv,cifar100_4agent_25cls_refine_tuning_followup_ipc10_ep055_fr020_kd060_t2,1,convnet3w1,"25,26,27,28,29,30,31,32,33,34,35,36,37,38,39,40,41,42,43,44,45,46,47,48,49",dsdm,DSDM_LOGIT,expert,,,true,0.2,true,direct,false,0.0,0.6,2.0,10,,750,150000,0,16.33,65.32,36.13,37.32,35.733333333333334,27.999999999999993,0.07461291551589966,0.14144396781921387,0.1016119047999382,0.1016119047999382,0.0,2026-07-01T15:29:54,
pipeline_social_results,outputs/cifar100_4agent_25cls_refine_tuning_followup_ipc10_ep055_fr020_kd060_t2/metrics/social_results.csv,cifar100_4agent_25cls_refine_tuning_followup_ipc10_ep055_fr020_kd060_t2,2,convnet4w1,"50,51,52,53,54,55,56,57,58,59,60,61,62,63,64,65,66,67,68,69,70,71,72,73,74",dsdm,DSDM_LOGIT,expert,,,true,0.2,true,direct,false,0.0,0.6,2.0,10,,750,150000,0,16.78,67.12,31.94,50.88,25.626666666666665,16.240000000000002,0.03696078062057495,0.1049121767282486,0.08350736647844315,0.08350736647844315,0.0,2026-07-01T15:30:33,
pipeline_social_results,outputs/cifar100_4agent_25cls_refine_tuning_followup_ipc10_ep055_fr020_kd060_t2/metrics/social_results.csv,cifar100_4agent_25cls_refine_tuning_followup_ipc10_ep055_fr020_kd060_t2,3,convnet4w15,"75,76,77,78,79,80,81,82,83,84,85,86,87,88,89,90,91,92,93,94,95,96,97,98,99",dsdm,DSDM_LOGIT,expert,,,true,0.2,true,direct,false,0.0,0.6,2.0,10,,750,150000,0,18.04,72.16,34.99,53.56,28.8,18.599999999999994,0.03161697834730148,0.10729120671749115,0.07414086163043976,0.07414086163043976,0.0,2026-07-01T15:31:15,
pipeline_social_results,outputs/cifar100_4agent_25cls_refine_tuning_followup_ipc10_ep060_fr015_kd050/metrics/social_results.csv,cifar100_4agent_25cls_refine_tuning_followup_ipc10_ep060_fr015_kd050,0,convnet3w05,"0,1,2,3,4,5,6,7,8,9,10,11,12,13,14,15,16,17,18,19,20,21,22,23,24",dsdm,DSDM_LOGIT,expert,,,true,0.15,true,direct,false,0.0,0.5,2.0,10,,750,150000,0,15.99,63.96,33.35,33.6,33.266666666666666,30.36,0.04171282798051834,0.10770311206579208,0.13133634626865387,0.13133634626865387,0.0,2026-06-30T19:39:18,
pipeline_social_results,outputs/cifar100_4agent_25cls_refine_tuning_followup_ipc10_ep060_fr015_kd050/metrics/social_results.csv,cifar100_4agent_25cls_refine_tuning_followup_ipc10_ep060_fr015_kd050,1,convnet3w1,"25,26,27,28,29,30,31,32,33,34,35,36,37,38,39,40,41,42,43,44,45,46,47,48,49",dsdm,DSDM_LOGIT,expert,,,true,0.15,true,direct,false,0.0,0.5,2.0,10,,750,150000,0,16.33,65.32,35.8,37.0,35.4,28.319999999999993,0.04081049934029579,0.06933583319187164,0.09724480658769608,0.09724480658769608,0.0,2026-06-30T19:39:52,
pipeline_social_results,outputs/cifar100_4agent_25cls_refine_tuning_followup_ipc10_ep060_fr015_kd050/metrics/social_results.csv,cifar100_4agent_25cls_refine_tuning_followup_ipc10_ep060_fr015_kd050,2,convnet4w1,"50,51,52,53,54,55,56,57,58,59,60,61,62,63,64,65,66,67,68,69,70,71,72,73,74",dsdm,DSDM_LOGIT,expert,,,true,0.15,true,direct,false,0.0,0.5,2.0,10,,750,150000,0,16.78,67.12,31.01,50.36,24.56,16.760000000000005,0.04158175736665726,0.11187874525785446,0.12376698106527328,0.12376698106527328,0.0,2026-06-30T19:40:31,
pipeline_social_results,outputs/cifar100_4agent_25cls_refine_tuning_followup_ipc10_ep060_fr015_kd050/metrics/social_results.csv,cifar100_4agent_25cls_refine_tuning_followup_ipc10_ep060_fr015_kd050,3,convnet4w15,"75,76,77,78,79,80,81,82,83,84,85,86,87,88,89,90,91,92,93,94,95,96,97,98,99",dsdm,DSDM_LOGIT,expert,,,true,0.15,true,direct,false,0.0,0.5,2.0,10,,750,150000,0,18.04,72.16,34.88,53.0,28.84,19.159999999999997,0.07781429588794708,0.1024070531129837,0.18178869783878326,0.18178869783878326,0.0,2026-06-30T19:41:14,
pipeline_social_results,outputs/cifar100_4agent_25cls_refine_tuning_followup_ipc10_ep060_fr020_kd060/metrics/social_results.csv,cifar100_4agent_25cls_refine_tuning_followup_ipc10_ep060_fr020_kd060,0,convnet3w05,"0,1,2,3,4,5,6,7,8,9,10,11,12,13,14,15,16,17,18,19,20,21,22,23,24",dsdm,DSDM_LOGIT,expert,,,true,0.2,true,direct,false,0.0,0.6,2.0,10,,750,150000,0,15.99,63.96,34.0,33.76,34.08,30.200000000000003,0.03909577056765556,0.09278333932161331,0.08979149907827377,0.08979149907827377,0.0,2026-06-30T19:45:22,
pipeline_social_results,outputs/cifar100_4agent_25cls_refine_tuning_followup_ipc10_ep060_fr020_kd060/metrics/social_results.csv,cifar100_4agent_25cls_refine_tuning_followup_ipc10_ep060_fr020_kd060,1,convnet3w1,"25,26,27,28,29,30,31,32,33,34,35,36,37,38,39,40,41,42,43,44,45,46,47,48,49",dsdm,DSDM_LOGIT,expert,,,true,0.2,true,direct,false,0.0,0.6,2.0,10,,750,150000,0,16.33,65.32,36.14,37.64,35.64,27.679999999999993,0.05373629927635193,0.07182449847459793,0.15652525424957275,0.15652525424957275,0.0,2026-06-30T19:46:00,
pipeline_social_results,outputs/cifar100_4agent_25cls_refine_tuning_followup_ipc10_ep060_fr020_kd060/metrics/social_results.csv,cifar100_4agent_25cls_refine_tuning_followup_ipc10_ep060_fr020_kd060,2,convnet4w1,"50,51,52,53,54,55,56,57,58,59,60,61,62,63,64,65,66,67,68,69,70,71,72,73,74",dsdm,DSDM_LOGIT,expert,,,true,0.2,true,direct,false,0.0,0.6,2.0,10,,750,150000,0,16.78,67.12,31.79,50.04,25.706666666666667,17.080000000000005,0.06501799076795578,0.1002565249800682,0.12933602929115295,0.12933602929115295,0.0,2026-06-30T19:46:38,
pipeline_social_results,outputs/cifar100_4agent_25cls_refine_tuning_followup_ipc10_ep060_fr020_kd060/metrics/social_results.csv,cifar100_4agent_25cls_refine_tuning_followup_ipc10_ep060_fr020_kd060,3,convnet4w15,"75,76,77,78,79,80,81,82,83,84,85,86,87,88,89,90,91,92,93,94,95,96,97,98,99",dsdm,DSDM_LOGIT,expert,,,true,0.2,true,direct,false,0.0,0.6,2.0,10,,750,150000,0,18.04,72.16,34.8,52.84,28.786666666666665,19.319999999999993,0.03377315402030945,0.07477089017629623,0.09725064784288406,0.09725064784288406,0.0,2026-06-30T19:47:21,
pipeline_social_results,outputs/cifar100_4agent_25cls_refine_tuning_followup_ipc10_ep060_fr020_kd060_t1/metrics/social_results.csv,cifar100_4agent_25cls_refine_tuning_followup_ipc10_ep060_fr020_kd060_t1,0,convnet3w05,"0,1,2,3,4,5,6,7,8,9,10,11,12,13,14,15,16,17,18,19,20,21,22,23,24",dsdm,DSDM_LOGIT,expert,,,true,0.2,true,direct,false,0.0,0.6,1.0,10,,750,150000,0,15.99,63.96,32.02,33.68,31.466666666666665,30.28,0.03251884505152702,0.1626778542995453,0.004084516782313585,0.004084516782313585,0.0,2026-07-01T15:35:40,
pipeline_social_results,outputs/cifar100_4agent_25cls_refine_tuning_followup_ipc10_ep060_fr020_kd060_t1/metrics/social_results.csv,cifar100_4agent_25cls_refine_tuning_followup_ipc10_ep060_fr020_kd060_t1,1,convnet3w1,"25,26,27,28,29,30,31,32,33,34,35,36,37,38,39,40,41,42,43,44,45,46,47,48,49",dsdm,DSDM_LOGIT,expert,,,true,0.2,true,direct,false,0.0,0.6,1.0,10,,750,150000,0,16.33,65.32,35.0,38.16,33.946666666666665,27.159999999999997,0.0729474425315857,0.0651455894112587,0.057235345244407654,0.057235345244407654,0.0,2026-07-01T15:36:18,
pipeline_social_results,outputs/cifar100_4agent_25cls_refine_tuning_followup_ipc10_ep060_fr020_kd060_t1/metrics/social_results.csv,cifar100_4agent_25cls_refine_tuning_followup_ipc10_ep060_fr020_kd060_t1,2,convnet4w1,"50,51,52,53,54,55,56,57,58,59,60,61,62,63,64,65,66,67,68,69,70,71,72,73,74",dsdm,DSDM_LOGIT,expert,,,true,0.2,true,direct,false,0.0,0.6,1.0,10,,750,150000,0,16.78,67.12,29.72,53.64,21.746666666666666,13.480000000000004,0.05220120772719383,0.11966191977262497,0.050147488713264465,0.050147488713264465,0.0,2026-07-01T15:37:00,
pipeline_social_results,outputs/cifar100_4agent_25cls_refine_tuning_followup_ipc10_ep060_fr020_kd060_t1/metrics/social_results.csv,cifar100_4agent_25cls_refine_tuning_followup_ipc10_ep060_fr020_kd060_t1,3,convnet4w15,"75,76,77,78,79,80,81,82,83,84,85,86,87,88,89,90,91,92,93,94,95,96,97,98,99",dsdm,DSDM_LOGIT,expert,,,true,0.2,true,direct,false,0.0,0.6,1.0,10,,750,150000,0,18.04,72.16,32.59,54.4,25.32,17.759999999999998,0.027646364644169807,0.0684211403131485,0.019663741812109947,0.019663741812109947,0.0,2026-07-01T15:37:48,
pipeline_social_results,outputs/cifar100_4agent_25cls_refine_tuning_followup_ipc10_ep060_fr020_kd060_t2_latesched/metrics/social_results.csv,cifar100_4agent_25cls_refine_tuning_followup_ipc10_ep060_fr020_kd060_t2_latesched,0,convnet3w05,"0,1,2,3,4,5,6,7,8,9,10,11,12,13,14,15,16,17,18,19,20,21,22,23,24",dsdm,DSDM_LOGIT,expert,,,true,0.2,true,direct,false,0.0,0.6,2.0,10,,750,150000,0,15.99,63.96,33.78,33.92,33.733333333333334,30.04,0.07507231831550598,0.14846645295619965,0.14923709630966187,0.14923709630966187,0.0,2026-07-01T16:10:02,
pipeline_social_results,outputs/cifar100_4agent_25cls_refine_tuning_followup_ipc10_ep060_fr020_kd060_t2_latesched/metrics/social_results.csv,cifar100_4agent_25cls_refine_tuning_followup_ipc10_ep060_fr020_kd060_t2_latesched,1,convnet3w1,"25,26,27,28,29,30,31,32,33,34,35,36,37,38,39,40,41,42,43,44,45,46,47,48,49",dsdm,DSDM_LOGIT,expert,,,true,0.2,true,direct,false,0.0,0.6,2.0,10,,750,150000,0,16.33,65.32,35.99,38.4,35.18666666666667,26.919999999999995,0.06892791390419006,0.045817941427230835,0.13391341269016266,0.13391341269016266,0.0,2026-07-01T16:10:39,
pipeline_social_results,outputs/cifar100_4agent_25cls_refine_tuning_followup_ipc10_ep060_fr020_kd060_t2_latesched/metrics/social_results.csv,cifar100_4agent_25cls_refine_tuning_followup_ipc10_ep060_fr020_kd060_t2_latesched,2,convnet4w1,"50,51,52,53,54,55,56,57,58,59,60,61,62,63,64,65,66,67,68,69,70,71,72,73,74",dsdm,DSDM_LOGIT,expert,,,true,0.2,true,direct,false,0.0,0.6,2.0,10,,750,150000,0,16.78,67.12,31.42,51.52,24.72,15.600000000000001,0.05192556604743004,0.08725938200950623,0.16051672399044037,0.16051672399044037,0.0,2026-07-01T16:11:21,
pipeline_social_results,outputs/cifar100_4agent_25cls_refine_tuning_followup_ipc10_ep060_fr020_kd060_t2_latesched/metrics/social_results.csv,cifar100_4agent_25cls_refine_tuning_followup_ipc10_ep060_fr020_kd060_t2_latesched,3,convnet4w15,"75,76,77,78,79,80,81,82,83,84,85,86,87,88,89,90,91,92,93,94,95,96,97,98,99",dsdm,DSDM_LOGIT,expert,,,true,0.2,true,direct,false,0.0,0.6,2.0,10,,750,150000,0,18.04,72.16,35.35,53.8,29.2,18.36,0.04021948203444481,0.09669682383537292,0.1238202378153801,0.1238202378153801,0.0,2026-07-01T16:12:08,
pipeline_social_results,outputs/cifar100_4agent_25cls_refine_tuning_followup_ipc10_ep060_fr020_kd060_t2_sched/metrics/social_results.csv,cifar100_4agent_25cls_refine_tuning_followup_ipc10_ep060_fr020_kd060_t2_sched,0,convnet3w05,"0,1,2,3,4,5,6,7,8,9,10,11,12,13,14,15,16,17,18,19,20,21,22,23,24",dsdm,DSDM_LOGIT,expert,,,true,0.2,true,direct,false,0.0,0.6,2.0,10,,750,150000,0,15.99,63.96,33.9,34.84,33.586666666666666,29.119999999999997,0.0635097399353981,0.14100103080272675,0.1325240135192871,0.1325240135192871,0.0,2026-07-01T15:54:00,
pipeline_social_results,outputs/cifar100_4agent_25cls_refine_tuning_followup_ipc10_ep060_fr020_kd060_t2_sched/metrics/social_results.csv,cifar100_4agent_25cls_refine_tuning_followup_ipc10_ep060_fr020_kd060_t2_sched,1,convnet3w1,"25,26,27,28,29,30,31,32,33,34,35,36,37,38,39,40,41,42,43,44,45,46,47,48,49",dsdm,DSDM_LOGIT,expert,,,true,0.2,true,direct,false,0.0,0.6,2.0,10,,750,150000,0,16.33,65.32,36.65,38.4,36.06666666666667,26.919999999999995,0.05719321593642235,0.030570808798074722,0.10733871906995773,0.10733871906995773,0.0,2026-07-01T15:54:49,
pipeline_social_results,outputs/cifar100_4agent_25cls_refine_tuning_followup_ipc10_ep060_fr020_kd060_t2_sched/metrics/social_results.csv,cifar100_4agent_25cls_refine_tuning_followup_ipc10_ep060_fr020_kd060_t2_sched,2,convnet4w1,"50,51,52,53,54,55,56,57,58,59,60,61,62,63,64,65,66,67,68,69,70,71,72,73,74",dsdm,DSDM_LOGIT,expert,,,true,0.2,true,direct,false,0.0,0.6,2.0,10,,750,150000,0,16.78,67.12,31.88,51.36,25.386666666666667,15.760000000000005,0.03299473598599434,0.06392475962638855,0.07722658663988113,0.07722658663988113,0.0,2026-07-01T15:55:34,
pipeline_social_results,outputs/cifar100_4agent_25cls_refine_tuning_followup_ipc10_ep060_fr020_kd060_t2_sched/metrics/social_results.csv,cifar100_4agent_25cls_refine_tuning_followup_ipc10_ep060_fr020_kd060_t2_sched,3,convnet4w15,"75,76,77,78,79,80,81,82,83,84,85,86,87,88,89,90,91,92,93,94,95,96,97,98,99",dsdm,DSDM_LOGIT,expert,,,true,0.2,true,direct,false,0.0,0.6,2.0,10,,750,150000,0,18.04,72.16,35.49,52.96,29.666666666666668,19.199999999999996,0.06310760229825974,0.04371444880962372,0.11145193129777908,0.11145193129777908,0.0,2026-07-01T15:56:22,
pipeline_social_results,outputs/cifar100_4agent_25cls_refine_tuning_followup_ipc10_ep060_fr020_kd060_t2_sched_latesched/metrics/social_results.csv,cifar100_4agent_25cls_refine_tuning_followup_ipc10_ep060_fr020_kd060_t2_sched_latesched,0,convnet3w05,"0,1,2,3,4,5,6,7,8,9,10,11,12,13,14,15,16,17,18,19,20,21,22,23,24",dsdm,DSDM_LOGIT,expert,,,true,0.2,true,direct,false,0.0,0.6,2.0,10,,750,150000,0,15.99,63.96,34.16,35.08,33.85333333333333,28.880000000000003,0.05281269550323486,0.08836113661527634,0.15028558671474457,0.15028558671474457,0.0,2026-07-01T16:13:03,
pipeline_social_results,outputs/cifar100_4agent_25cls_refine_tuning_followup_ipc10_ep060_fr020_kd060_t2_sched_latesched/metrics/social_results.csv,cifar100_4agent_25cls_refine_tuning_followup_ipc10_ep060_fr020_kd060_t2_sched_latesched,1,convnet3w1,"25,26,27,28,29,30,31,32,33,34,35,36,37,38,39,40,41,42,43,44,45,46,47,48,49",dsdm,DSDM_LOGIT,expert,,,true,0.2,true,direct,false,0.0,0.6,2.0,10,,750,150000,0,16.33,65.32,36.63,38.96,35.85333333333333,26.359999999999992,0.05178603157401085,0.018726425245404243,0.11667440831661224,0.11667440831661224,0.0,2026-07-01T16:13:41,
pipeline_social_results,outputs/cifar100_4agent_25cls_refine_tuning_followup_ipc10_ep060_fr020_kd060_t2_sched_latesched/metrics/social_results.csv,cifar100_4agent_25cls_refine_tuning_followup_ipc10_ep060_fr020_kd060_t2_sched_latesched,2,convnet4w1,"50,51,52,53,54,55,56,57,58,59,60,61,62,63,64,65,66,67,68,69,70,71,72,73,74",dsdm,DSDM_LOGIT,expert,,,true,0.2,true,direct,false,0.0,0.6,2.0,10,,750,150000,0,16.78,67.12,32.41,51.48,26.053333333333335,15.640000000000008,0.05122562125325203,0.08125516027212143,0.12413305789232254,0.12413305789232254,0.0,2026-07-01T16:14:22,
pipeline_social_results,outputs/cifar100_4agent_25cls_refine_tuning_followup_ipc10_ep060_fr020_kd060_t2_sched_latesched/metrics/social_results.csv,cifar100_4agent_25cls_refine_tuning_followup_ipc10_ep060_fr020_kd060_t2_sched_latesched,3,convnet4w15,"75,76,77,78,79,80,81,82,83,84,85,86,87,88,89,90,91,92,93,94,95,96,97,98,99",dsdm,DSDM_LOGIT,expert,,,true,0.2,true,direct,false,0.0,0.6,2.0,10,,750,150000,0,18.04,72.16,35.51,52.36,29.893333333333334,19.799999999999997,0.05535957217216492,0.02538115903735161,0.14711175858974457,0.14711175858974457,0.0,2026-07-01T16:15:10,
pipeline_social_results,outputs/cifar100_4agent_25cls_refine_tuning_followup_ipc10_ep060_fr020_kd060_t2_sched_self15/metrics/social_results.csv,cifar100_4agent_25cls_refine_tuning_followup_ipc10_ep060_fr020_kd060_t2_sched_self15,0,convnet3w05,"0,1,2,3,4,5,6,7,8,9,10,11,12,13,14,15,16,17,18,19,20,21,22,23,24",dsdm,DSDM_LOGIT,expert,,,true,0.2,true,direct,false,0.0,0.6,2.0,10,,750,150000,0,15.99,63.96,33.89,34.96,33.53333333333333,29.0,0.04835442826151848,0.08837291598320007,0.1287439614534378,0.1287439614534378,0.0,2026-07-01T16:06:44,
pipeline_social_results,outputs/cifar100_4agent_25cls_refine_tuning_followup_ipc10_ep060_fr020_kd060_t2_sched_self15/metrics/social_results.csv,cifar100_4agent_25cls_refine_tuning_followup_ipc10_ep060_fr020_kd060_t2_sched_self15,1,convnet3w1,"25,26,27,28,29,30,31,32,33,34,35,36,37,38,39,40,41,42,43,44,45,46,47,48,49",dsdm,DSDM_LOGIT,expert,,,true,0.2,true,direct,false,0.0,0.6,2.0,10,,750,150000,0,16.33,65.32,36.41,39.72,35.306666666666665,25.599999999999994,0.0458739697933197,0.039026789367198944,0.09068820625543594,0.09068820625543594,0.0,2026-07-01T16:07:23,
pipeline_social_results,outputs/cifar100_4agent_25cls_refine_tuning_followup_ipc10_ep060_fr020_kd060_t2_sched_self15/metrics/social_results.csv,cifar100_4agent_25cls_refine_tuning_followup_ipc10_ep060_fr020_kd060_t2_sched_self15,2,convnet4w1,"50,51,52,53,54,55,56,57,58,59,60,61,62,63,64,65,66,67,68,69,70,71,72,73,74",dsdm,DSDM_LOGIT,expert,,,true,0.2,true,direct,false,0.0,0.6,2.0,10,,750,150000,0,16.78,67.12,31.94,52.32,25.14666666666667,14.800000000000004,0.05931658670306206,0.028810663148760796,0.11317422240972519,0.11317422240972519,0.0,2026-07-01T16:08:05,
pipeline_social_results,outputs/cifar100_4agent_25cls_refine_tuning_followup_ipc10_ep060_fr020_kd060_t2_sched_self15/metrics/social_results.csv,cifar100_4agent_25cls_refine_tuning_followup_ipc10_ep060_fr020_kd060_t2_sched_self15,3,convnet4w15,"75,76,77,78,79,80,81,82,83,84,85,86,87,88,89,90,91,92,93,94,95,96,97,98,99",dsdm,DSDM_LOGIT,expert,,,true,0.2,true,direct,false,0.0,0.6,2.0,10,,750,150000,0,18.04,72.16,35.47,54.52,29.12,17.639999999999993,0.06841322779655457,0.023402519524097443,0.175899937748909,0.175899937748909,0.0,2026-07-01T16:09:01,
pipeline_social_results,outputs/cifar100_4agent_25cls_refine_tuning_followup_ipc10_ep060_fr020_kd060_t2_self15/metrics/social_results.csv,cifar100_4agent_25cls_refine_tuning_followup_ipc10_ep060_fr020_kd060_t2_self15,0,convnet3w05,"0,1,2,3,4,5,6,7,8,9,10,11,12,13,14,15,16,17,18,19,20,21,22,23,24",dsdm,DSDM_LOGIT,expert,,,true,0.2,true,direct,false,0.0,0.6,2.0,10,,750,150000,0,15.99,63.96,33.73,34.6,33.44,29.36,0.07605051249265671,0.10125203430652618,0.12272773683071136,0.12272773683071136,0.0,2026-07-01T16:00:43,
pipeline_social_results,outputs/cifar100_4agent_25cls_refine_tuning_followup_ipc10_ep060_fr020_kd060_t2_self15/metrics/social_results.csv,cifar100_4agent_25cls_refine_tuning_followup_ipc10_ep060_fr020_kd060_t2_self15,1,convnet3w1,"25,26,27,28,29,30,31,32,33,34,35,36,37,38,39,40,41,42,43,44,45,46,47,48,49",dsdm,DSDM_LOGIT,expert,,,true,0.2,true,direct,false,0.0,0.6,2.0,10,,750,150000,0,16.33,65.32,36.06,39.84,34.8,25.47999999999999,0.031546447426080704,0.07577890902757645,0.06108258292078972,0.06108258292078972,0.0,2026-07-01T16:01:22,
pipeline_social_results,outputs/cifar100_4agent_25cls_refine_tuning_followup_ipc10_ep060_fr020_kd060_t2_self15/metrics/social_results.csv,cifar100_4agent_25cls_refine_tuning_followup_ipc10_ep060_fr020_kd060_t2_self15,2,convnet4w1,"50,51,52,53,54,55,56,57,58,59,60,61,62,63,64,65,66,67,68,69,70,71,72,73,74",dsdm,DSDM_LOGIT,expert,,,true,0.2,true,direct,false,0.0,0.6,2.0,10,,750,150000,0,16.78,67.12,31.5,53.16,24.28,13.960000000000008,0.04237453266978264,0.12874507904052734,0.10346436500549316,0.10346436500549316,0.0,2026-07-01T16:02:01,
pipeline_social_results,outputs/cifar100_4agent_25cls_refine_tuning_followup_ipc10_ep060_fr020_kd060_t2_self15/metrics/social_results.csv,cifar100_4agent_25cls_refine_tuning_followup_ipc10_ep060_fr020_kd060_t2_self15,3,convnet4w15,"75,76,77,78,79,80,81,82,83,84,85,86,87,88,89,90,91,92,93,94,95,96,97,98,99",dsdm,DSDM_LOGIT,expert,,,true,0.2,true,direct,false,0.0,0.6,2.0,10,,750,150000,0,18.04,72.16,35.18,54.92,28.6,17.239999999999995,0.06079426035284996,0.07133517414331436,0.20822498202323914,0.20822498202323914,0.0,2026-07-01T16:02:48,
pipeline_social_results,outputs/cifar100_4agent_25cls_refine_tuning_followup_ipc10_ep060_fr020_kd060_t2_self20/metrics/social_results.csv,cifar100_4agent_25cls_refine_tuning_followup_ipc10_ep060_fr020_kd060_t2_self20,0,convnet3w05,"0,1,2,3,4,5,6,7,8,9,10,11,12,13,14,15,16,17,18,19,20,21,22,23,24",dsdm,DSDM_LOGIT,expert,,,true,0.2,true,direct,false,0.0,0.6,2.0,10,,750,150000,0,15.99,63.96,34.29,35.16,34.0,28.800000000000004,0.0343213826417923,0.10377734154462814,0.12624959647655487,0.12624959647655487,0.0,2026-07-01T16:03:43,
pipeline_social_results,outputs/cifar100_4agent_25cls_refine_tuning_followup_ipc10_ep060_fr020_kd060_t2_self20/metrics/social_results.csv,cifar100_4agent_25cls_refine_tuning_followup_ipc10_ep060_fr020_kd060_t2_self20,1,convnet3w1,"25,26,27,28,29,30,31,32,33,34,35,36,37,38,39,40,41,42,43,44,45,46,47,48,49",dsdm,DSDM_LOGIT,expert,,,true,0.2,true,direct,false,0.0,0.6,2.0,10,,750,150000,0,16.33,65.32,36.27,40.52,34.85333333333333,24.79999999999999,0.0640416145324707,0.08057940006256104,0.15353119373321533,0.15353119373321533,0.0,2026-07-01T16:04:20,
pipeline_social_results,outputs/cifar100_4agent_25cls_refine_tuning_followup_ipc10_ep060_fr020_kd060_t2_self20/metrics/social_results.csv,cifar100_4agent_25cls_refine_tuning_followup_ipc10_ep060_fr020_kd060_t2_self20,2,convnet4w1,"50,51,52,53,54,55,56,57,58,59,60,61,62,63,64,65,66,67,68,69,70,71,72,73,74",dsdm,DSDM_LOGIT,expert,,,true,0.2,true,direct,false,0.0,0.6,2.0,10,,750,150000,0,16.78,67.12,31.62,52.8,24.56,14.320000000000007,0.04044029861688614,0.1466837227344513,0.10817145556211472,0.10817145556211472,0.0,2026-07-01T16:05:01,
pipeline_social_results,outputs/cifar100_4agent_25cls_refine_tuning_followup_ipc10_ep060_fr020_kd060_t2_self20/metrics/social_results.csv,cifar100_4agent_25cls_refine_tuning_followup_ipc10_ep060_fr020_kd060_t2_self20,3,convnet4w15,"75,76,77,78,79,80,81,82,83,84,85,86,87,88,89,90,91,92,93,94,95,96,97,98,99",dsdm,DSDM_LOGIT,expert,,,true,0.2,true,direct,false,0.0,0.6,2.0,10,,750,150000,0,18.04,72.16,35.07,56.08,28.066666666666666,16.08,0.1087714210152626,0.11404714733362198,0.26448705792427063,0.26448705792427063,0.0,2026-07-01T16:05:50,
pipeline_social_results,outputs/cifar100_4agent_25cls_refine_tuning_followup_ipc10_ep060_fr020_kd060_t3/metrics/social_results.csv,cifar100_4agent_25cls_refine_tuning_followup_ipc10_ep060_fr020_kd060_t3,0,convnet3w05,"0,1,2,3,4,5,6,7,8,9,10,11,12,13,14,15,16,17,18,19,20,21,22,23,24",dsdm,DSDM_LOGIT,expert,,,true,0.2,true,direct,false,0.0,0.6,3.0,10,,750,150000,0,15.99,63.96,33.67,32.04,34.21333333333333,31.92,0.06633005291223526,0.1578494757413864,0.228738933801651,0.228738933801651,0.0,2026-07-01T15:38:40,
pipeline_social_results,outputs/cifar100_4agent_25cls_refine_tuning_followup_ipc10_ep060_fr020_kd060_t3/metrics/social_results.csv,cifar100_4agent_25cls_refine_tuning_followup_ipc10_ep060_fr020_kd060_t3,1,convnet3w1,"25,26,27,28,29,30,31,32,33,34,35,36,37,38,39,40,41,42,43,44,45,46,47,48,49",dsdm,DSDM_LOGIT,expert,,,true,0.2,true,direct,false,0.0,0.6,3.0,10,,750,150000,0,16.33,65.32,36.43,37.68,36.013333333333335,27.639999999999993,0.049228470772504807,0.04429541155695915,0.11390399932861328,0.11390399932861328,0.0,2026-07-01T15:39:16,
pipeline_social_results,outputs/cifar100_4agent_25cls_refine_tuning_followup_ipc10_ep060_fr020_kd060_t3/metrics/social_results.csv,cifar100_4agent_25cls_refine_tuning_followup_ipc10_ep060_fr020_kd060_t3,2,convnet4w1,"50,51,52,53,54,55,56,57,58,59,60,61,62,63,64,65,66,67,68,69,70,71,72,73,74",dsdm,DSDM_LOGIT,expert,,,true,0.2,true,direct,false,0.0,0.6,3.0,10,,750,150000,0,16.78,67.12,32.18,50.56,26.053333333333335,16.560000000000002,0.0444648414850235,0.24858395755290985,0.12608002126216888,0.12608002126216888,0.0,2026-07-01T15:39:58,
pipeline_social_results,outputs/cifar100_4agent_25cls_refine_tuning_followup_ipc10_ep060_fr020_kd060_t3/metrics/social_results.csv,cifar100_4agent_25cls_refine_tuning_followup_ipc10_ep060_fr020_kd060_t3,3,convnet4w15,"75,76,77,78,79,80,81,82,83,84,85,86,87,88,89,90,91,92,93,94,95,96,97,98,99",dsdm,DSDM_LOGIT,expert,,,true,0.2,true,direct,false,0.0,0.6,3.0,10,,750,150000,0,18.04,72.16,35.35,51.64,29.92,20.519999999999996,0.07870431989431381,0.08679606020450592,0.21388699114322662,0.21388699114322662,0.0,2026-07-01T15:41:02,
pipeline_social_results,outputs/cifar100_4agent_25cls_refine_tuning_followup_ipc10_ep060_fr020_kd060_t3_sched/metrics/social_results.csv,cifar100_4agent_25cls_refine_tuning_followup_ipc10_ep060_fr020_kd060_t3_sched,0,convnet3w05,"0,1,2,3,4,5,6,7,8,9,10,11,12,13,14,15,16,17,18,19,20,21,22,23,24",dsdm,DSDM_LOGIT,expert,,,true,0.2,true,direct,false,0.0,0.6,3.0,10,,750,150000,0,15.99,63.96,34.07,33.36,34.306666666666665,30.6,0.05247960984706879,0.14076749980449677,0.21558904647827148,0.21558904647827148,0.0,2026-07-01T15:57:21,
pipeline_social_results,outputs/cifar100_4agent_25cls_refine_tuning_followup_ipc10_ep060_fr020_kd060_t3_sched/metrics/social_results.csv,cifar100_4agent_25cls_refine_tuning_followup_ipc10_ep060_fr020_kd060_t3_sched,1,convnet3w1,"25,26,27,28,29,30,31,32,33,34,35,36,37,38,39,40,41,42,43,44,45,46,47,48,49",dsdm,DSDM_LOGIT,expert,,,true,0.2,true,direct,false,0.0,0.6,3.0,10,,750,150000,0,16.33,65.32,36.86,37.92,36.50666666666667,27.39999999999999,0.032477229833602905,0.057346995919942856,0.12424276024103165,0.12424276024103165,0.0,2026-07-01T15:57:59,
pipeline_social_results,outputs/cifar100_4agent_25cls_refine_tuning_followup_ipc10_ep060_fr020_kd060_t3_sched/metrics/social_results.csv,cifar100_4agent_25cls_refine_tuning_followup_ipc10_ep060_fr020_kd060_t3_sched,2,convnet4w1,"50,51,52,53,54,55,56,57,58,59,60,61,62,63,64,65,66,67,68,69,70,71,72,73,74",dsdm,DSDM_LOGIT,expert,,,true,0.2,true,direct,false,0.0,0.6,3.0,10,,750,150000,0,16.78,67.12,33.14,50.08,27.493333333333332,17.040000000000006,0.032444603741168976,0.054789163172245026,0.14305450022220612,0.14305450022220612,0.0,2026-07-01T15:58:43,
pipeline_social_results,outputs/cifar100_4agent_25cls_refine_tuning_followup_ipc10_ep060_fr020_kd060_t3_sched/metrics/social_results.csv,cifar100_4agent_25cls_refine_tuning_followup_ipc10_ep060_fr020_kd060_t3_sched,3,convnet4w15,"75,76,77,78,79,80,81,82,83,84,85,86,87,88,89,90,91,92,93,94,95,96,97,98,99",dsdm,DSDM_LOGIT,expert,,,true,0.2,true,direct,false,0.0,0.6,3.0,10,,750,150000,0,18.04,72.16,36.04,51.6,30.85333333333333,20.559999999999995,0.07724162936210632,0.033389169722795486,0.18053188920021057,0.18053188920021057,0.0,2026-07-01T15:59:31,
pipeline_social_results,outputs/cifar100_4agent_25cls_refine_tuning_followup_ipc10_ep060_fr020_kd060_t4/metrics/social_results.csv,cifar100_4agent_25cls_refine_tuning_followup_ipc10_ep060_fr020_kd060_t4,0,convnet3w05,"0,1,2,3,4,5,6,7,8,9,10,11,12,13,14,15,16,17,18,19,20,21,22,23,24",dsdm,DSDM_LOGIT,expert,,,true,0.2,true,direct,false,0.0,0.6,4.0,10,,750,150000,0,15.99,63.96,34.33,33.52,34.6,30.439999999999998,0.05097932741045952,0.21175339818000793,0.2431744486093521,0.2431744486093521,0.0,2026-07-01T15:42:00,
pipeline_social_results,outputs/cifar100_4agent_25cls_refine_tuning_followup_ipc10_ep060_fr020_kd060_t4/metrics/social_results.csv,cifar100_4agent_25cls_refine_tuning_followup_ipc10_ep060_fr020_kd060_t4,1,convnet3w1,"25,26,27,28,29,30,31,32,33,34,35,36,37,38,39,40,41,42,43,44,45,46,47,48,49",dsdm,DSDM_LOGIT,expert,,,true,0.2,true,direct,false,0.0,0.6,4.0,10,,750,150000,0,16.33,65.32,36.08,36.96,35.78666666666667,28.359999999999992,0.03903118148446083,0.07944532483816147,0.1374139040708542,0.1374139040708542,0.0,2026-07-01T15:42:40,
pipeline_social_results,outputs/cifar100_4agent_25cls_refine_tuning_followup_ipc10_ep060_fr020_kd060_t4/metrics/social_results.csv,cifar100_4agent_25cls_refine_tuning_followup_ipc10_ep060_fr020_kd060_t4,2,convnet4w1,"50,51,52,53,54,55,56,57,58,59,60,61,62,63,64,65,66,67,68,69,70,71,72,73,74",dsdm,DSDM_LOGIT,expert,,,true,0.2,true,direct,false,0.0,0.6,4.0,10,,750,150000,0,16.78,67.12,32.56,50.24,26.666666666666668,16.880000000000003,0.09252126514911652,0.13152748346328735,0.22428852319717407,0.22428852319717407,0.0,2026-07-01T15:43:22,
pipeline_social_results,outputs/cifar100_4agent_25cls_refine_tuning_followup_ipc10_ep060_fr020_kd060_t4/metrics/social_results.csv,cifar100_4agent_25cls_refine_tuning_followup_ipc10_ep060_fr020_kd060_t4,3,convnet4w15,"75,76,77,78,79,80,81,82,83,84,85,86,87,88,89,90,91,92,93,94,95,96,97,98,99",dsdm,DSDM_LOGIT,expert,,,true,0.2,true,direct,false,0.0,0.6,4.0,10,,750,150000,0,18.04,72.16,35.42,52.52,29.72,19.639999999999993,0.05026617273688316,0.10041243582963943,0.1423671543598175,0.1423671543598175,0.0,2026-07-01T15:44:09,
pipeline_social_results,outputs/cifar100_4agent_25cls_refine_tuning_followup_ipc10_ep060_fr020_kd070_t3/metrics/social_results.csv,cifar100_4agent_25cls_refine_tuning_followup_ipc10_ep060_fr020_kd070_t3,0,convnet3w05,"0,1,2,3,4,5,6,7,8,9,10,11,12,13,14,15,16,17,18,19,20,21,22,23,24",dsdm,DSDM_LOGIT,expert,,,true,0.2,true,direct,false,0.0,0.7,3.0,10,,750,150000,0,15.99,63.96,33.98,32.6,34.44,31.36,0.02630697563290596,0.1193455308675766,0.15597274899482727,0.15597274899482727,0.0,2026-07-01T15:51:02,
pipeline_social_results,outputs/cifar100_4agent_25cls_refine_tuning_followup_ipc10_ep060_fr020_kd070_t3/metrics/social_results.csv,cifar100_4agent_25cls_refine_tuning_followup_ipc10_ep060_fr020_kd070_t3,1,convnet3w1,"25,26,27,28,29,30,31,32,33,34,35,36,37,38,39,40,41,42,43,44,45,46,47,48,49",dsdm,DSDM_LOGIT,expert,,,true,0.2,true,direct,false,0.0,0.7,3.0,10,,750,150000,0,16.33,65.32,36.22,36.96,35.973333333333336,28.359999999999992,0.06313366442918777,0.09601014852523804,0.10572629421949387,0.10572629421949387,0.0,2026-07-01T15:51:40,
pipeline_social_results,outputs/cifar100_4agent_25cls_refine_tuning_followup_ipc10_ep060_fr020_kd070_t3/metrics/social_results.csv,cifar100_4agent_25cls_refine_tuning_followup_ipc10_ep060_fr020_kd070_t3,2,convnet4w1,"50,51,52,53,54,55,56,57,58,59,60,61,62,63,64,65,66,67,68,69,70,71,72,73,74",dsdm,DSDM_LOGIT,expert,,,true,0.2,true,direct,false,0.0,0.7,3.0,10,,750,150000,0,16.78,67.12,32.41,49.56,26.69333333333333,17.560000000000002,0.07558801025152206,0.12049991637468338,0.20371854305267334,0.20371854305267334,0.0,2026-07-01T15:52:22,
pipeline_social_results,outputs/cifar100_4agent_25cls_refine_tuning_followup_ipc10_ep060_fr020_kd070_t3/metrics/social_results.csv,cifar100_4agent_25cls_refine_tuning_followup_ipc10_ep060_fr020_kd070_t3,3,convnet4w15,"75,76,77,78,79,80,81,82,83,84,85,86,87,88,89,90,91,92,93,94,95,96,97,98,99",dsdm,DSDM_LOGIT,expert,,,true,0.2,true,direct,false,0.0,0.7,3.0,10,,750,150000,0,18.04,72.16,35.45,51.84,29.986666666666668,20.319999999999993,0.040825195610523224,0.1431095451116562,0.14441804587841034,0.14441804587841034,0.0,2026-07-01T15:53:10,
pipeline_social_results,outputs/cifar100_4agent_25cls_refine_tuning_followup_ipc10_ep060_fr025_kd050/metrics/social_results.csv,cifar100_4agent_25cls_refine_tuning_followup_ipc10_ep060_fr025_kd050,0,convnet3w05,"0,1,2,3,4,5,6,7,8,9,10,11,12,13,14,15,16,17,18,19,20,21,22,23,24",dsdm,DSDM_LOGIT,expert,,,true,0.25,true,direct,false,0.0,0.5,2.0,10,,750,150000,0,15.99,63.96,33.38,33.08,33.48,30.880000000000003,0.07376950234174728,0.08793333172798157,0.18317535519599915,0.18317535519599915,0.0,2026-06-30T19:42:23,
pipeline_social_results,outputs/cifar100_4agent_25cls_refine_tuning_followup_ipc10_ep060_fr025_kd050/metrics/social_results.csv,cifar100_4agent_25cls_refine_tuning_followup_ipc10_ep060_fr025_kd050,1,convnet3w1,"25,26,27,28,29,30,31,32,33,34,35,36,37,38,39,40,41,42,43,44,45,46,47,48,49",dsdm,DSDM_LOGIT,expert,,,true,0.25,true,direct,false,0.0,0.5,2.0,10,,750,150000,0,16.33,65.32,36.35,38.84,35.52,26.47999999999999,0.03779161348938942,0.0741586834192276,0.10691487789154053,0.10691487789154053,0.0,2026-06-30T19:42:59,
pipeline_social_results,outputs/cifar100_4agent_25cls_refine_tuning_followup_ipc10_ep060_fr025_kd050/metrics/social_results.csv,cifar100_4agent_25cls_refine_tuning_followup_ipc10_ep060_fr025_kd050,2,convnet4w1,"50,51,52,53,54,55,56,57,58,59,60,61,62,63,64,65,66,67,68,69,70,71,72,73,74",dsdm,DSDM_LOGIT,expert,,,true,0.25,true,direct,false,0.0,0.5,2.0,10,,750,150000,0,16.78,67.12,30.97,51.92,23.986666666666668,15.200000000000003,0.02731715701520443,0.11208277940750122,0.08599884808063507,0.08599884808063507,0.0,2026-06-30T19:43:39,
pipeline_social_results,outputs/cifar100_4agent_25cls_refine_tuning_followup_ipc10_ep060_fr025_kd050/metrics/social_results.csv,cifar100_4agent_25cls_refine_tuning_followup_ipc10_ep060_fr025_kd050,3,convnet4w15,"75,76,77,78,79,80,81,82,83,84,85,86,87,88,89,90,91,92,93,94,95,96,97,98,99",dsdm,DSDM_LOGIT,expert,,,true,0.25,true,direct,false,0.0,0.5,2.0,10,,750,150000,0,18.04,72.16,34.03,53.04,27.69333333333333,19.119999999999997,0.0487314909696579,0.06612544506788254,0.13144220411777496,0.13144220411777496,0.0,2026-06-30T19:44:22,
pipeline_social_results,outputs/cifar100_4agent_25cls_refine_tuning_followup_ipc10_ep060_fr025_kd060_t2/metrics/social_results.csv,cifar100_4agent_25cls_refine_tuning_followup_ipc10_ep060_fr025_kd060_t2,0,convnet3w05,"0,1,2,3,4,5,6,7,8,9,10,11,12,13,14,15,16,17,18,19,20,21,22,23,24",dsdm,DSDM_LOGIT,expert,,,true,0.25,true,direct,false,0.0,0.6,2.0,10,,750,150000,0,15.99,63.96,33.82,33.04,34.08,30.92,0.08927581459283829,0.15640193223953247,0.16530810296535492,0.16530810296535492,0.0,2026-07-01T15:45:02,
pipeline_social_results,outputs/cifar100_4agent_25cls_refine_tuning_followup_ipc10_ep060_fr025_kd060_t2/metrics/social_results.csv,cifar100_4agent_25cls_refine_tuning_followup_ipc10_ep060_fr025_kd060_t2,1,convnet3w1,"25,26,27,28,29,30,31,32,33,34,35,36,37,38,39,40,41,42,43,44,45,46,47,48,49",dsdm,DSDM_LOGIT,expert,,,true,0.25,true,direct,false,0.0,0.6,2.0,10,,750,150000,0,16.33,65.32,36.0,37.68,35.44,27.639999999999993,0.04543741047382355,0.08032823354005814,0.12315218895673752,0.12315218895673752,0.0,2026-07-01T15:45:41,
pipeline_social_results,outputs/cifar100_4agent_25cls_refine_tuning_followup_ipc10_ep060_fr025_kd060_t2/metrics/social_results.csv,cifar100_4agent_25cls_refine_tuning_followup_ipc10_ep060_fr025_kd060_t2,2,convnet4w1,"50,51,52,53,54,55,56,57,58,59,60,61,62,63,64,65,66,67,68,69,70,71,72,73,74",dsdm,DSDM_LOGIT,expert,,,true,0.25,true,direct,false,0.0,0.6,2.0,10,,750,150000,0,16.78,67.12,31.65,51.08,25.173333333333332,16.040000000000006,0.08746539801359177,0.15231625735759735,0.11166225373744965,0.11166225373744965,0.0,2026-07-01T15:46:22,
pipeline_social_results,outputs/cifar100_4agent_25cls_refine_tuning_followup_ipc10_ep060_fr025_kd060_t2/metrics/social_results.csv,cifar100_4agent_25cls_refine_tuning_followup_ipc10_ep060_fr025_kd060_t2,3,convnet4w15,"75,76,77,78,79,80,81,82,83,84,85,86,87,88,89,90,91,92,93,94,95,96,97,98,99",dsdm,DSDM_LOGIT,expert,,,true,0.25,true,direct,false,0.0,0.6,2.0,10,,750,150000,0,18.04,72.16,34.86,53.56,28.626666666666665,18.599999999999994,0.03992002084851265,0.07013221085071564,0.10104522109031677,0.10104522109031677,0.0,2026-07-01T15:47:09,
pipeline_social_results,outputs/cifar100_4agent_25cls_refine_tuning_followup_ipc10_ep060_fr030_kd060_t2/metrics/social_results.csv,cifar100_4agent_25cls_refine_tuning_followup_ipc10_ep060_fr030_kd060_t2,0,convnet3w05,"0,1,2,3,4,5,6,7,8,9,10,11,12,13,14,15,16,17,18,19,20,21,22,23,24",dsdm,DSDM_LOGIT,expert,,,true,0.3,true,direct,false,0.0,0.6,2.0,10,,750,150000,0,15.99,63.96,33.64,33.64,33.64,30.32,0.06072112172842026,0.07140051573514938,0.08959969878196716,0.08959969878196716,0.0,2026-07-01T15:48:02,
pipeline_social_results,outputs/cifar100_4agent_25cls_refine_tuning_followup_ipc10_ep060_fr030_kd060_t2/metrics/social_results.csv,cifar100_4agent_25cls_refine_tuning_followup_ipc10_ep060_fr030_kd060_t2,1,convnet3w1,"25,26,27,28,29,30,31,32,33,34,35,36,37,38,39,40,41,42,43,44,45,46,47,48,49",dsdm,DSDM_LOGIT,expert,,,true,0.3,true,direct,false,0.0,0.6,2.0,10,,750,150000,0,16.33,65.32,36.3,38.68,35.50666666666667,26.639999999999993,0.03673100098967552,0.08070043474435806,0.07527831196784973,0.07527831196784973,0.0,2026-07-01T15:48:39,
pipeline_social_results,outputs/cifar100_4agent_25cls_refine_tuning_followup_ipc10_ep060_fr030_kd060_t2/metrics/social_results.csv,cifar100_4agent_25cls_refine_tuning_followup_ipc10_ep060_fr030_kd060_t2,2,convnet4w1,"50,51,52,53,54,55,56,57,58,59,60,61,62,63,64,65,66,67,68,69,70,71,72,73,74",dsdm,DSDM_LOGIT,expert,,,true,0.3,true,direct,false,0.0,0.6,2.0,10,,750,150000,0,16.78,67.12,31.5,50.56,25.14666666666667,16.560000000000002,0.07609715312719345,0.08617068082094193,0.14882120490074158,0.14882120490074158,0.0,2026-07-01T15:49:20,
pipeline_social_results,outputs/cifar100_4agent_25cls_refine_tuning_followup_ipc10_ep060_fr030_kd060_t2/metrics/social_results.csv,cifar100_4agent_25cls_refine_tuning_followup_ipc10_ep060_fr030_kd060_t2,3,convnet4w15,"75,76,77,78,79,80,81,82,83,84,85,86,87,88,89,90,91,92,93,94,95,96,97,98,99",dsdm,DSDM_LOGIT,expert,,,true,0.3,true,direct,false,0.0,0.6,2.0,10,,750,150000,0,18.04,72.16,34.64,53.36,28.4,18.799999999999997,0.038884423673152924,0.07086242735385895,0.13738827407360077,0.13738827407360077,0.0,2026-07-01T15:50:09,
pipeline_social_results,outputs/cifar100_4agent_25cls_refine_tuning_followup_ipc10_ep065_fr020_kd060_t2/metrics/social_results.csv,cifar100_4agent_25cls_refine_tuning_followup_ipc10_ep065_fr020_kd060_t2,0,convnet3w05,"0,1,2,3,4,5,6,7,8,9,10,11,12,13,14,15,16,17,18,19,20,21,22,23,24",dsdm,DSDM_LOGIT,expert,,,true,0.2,true,direct,false,0.0,0.6,2.0,10,,750,150000,0,15.99,63.96,33.51,32.68,33.78666666666667,31.28,0.09753936529159546,0.12175939232110977,0.15343447029590607,0.15343447029590607,0.0,2026-07-01T15:32:25,
pipeline_social_results,outputs/cifar100_4agent_25cls_refine_tuning_followup_ipc10_ep065_fr020_kd060_t2/metrics/social_results.csv,cifar100_4agent_25cls_refine_tuning_followup_ipc10_ep065_fr020_kd060_t2,1,convnet3w1,"25,26,27,28,29,30,31,32,33,34,35,36,37,38,39,40,41,42,43,44,45,46,47,48,49",dsdm,DSDM_LOGIT,expert,,,true,0.2,true,direct,false,0.0,0.6,2.0,10,,750,150000,0,16.33,65.32,35.43,37.76,34.653333333333336,27.559999999999995,0.06184966489672661,0.07036972790956497,0.13170620799064636,0.13170620799064636,0.0,2026-07-01T15:33:06,
pipeline_social_results,outputs/cifar100_4agent_25cls_refine_tuning_followup_ipc10_ep065_fr020_kd060_t2/metrics/social_results.csv,cifar100_4agent_25cls_refine_tuning_followup_ipc10_ep065_fr020_kd060_t2,2,convnet4w1,"50,51,52,53,54,55,56,57,58,59,60,61,62,63,64,65,66,67,68,69,70,71,72,73,74",dsdm,DSDM_LOGIT,expert,,,true,0.2,true,direct,false,0.0,0.6,2.0,10,,750,150000,0,16.78,67.12,31.61,50.24,25.4,16.880000000000003,0.10184649378061295,0.13613548874855042,0.1251661330461502,0.1251661330461502,0.0,2026-07-01T15:33:53,
pipeline_social_results,outputs/cifar100_4agent_25cls_refine_tuning_followup_ipc10_ep065_fr020_kd060_t2/metrics/social_results.csv,cifar100_4agent_25cls_refine_tuning_followup_ipc10_ep065_fr020_kd060_t2,3,convnet4w15,"75,76,77,78,79,80,81,82,83,84,85,86,87,88,89,90,91,92,93,94,95,96,97,98,99",dsdm,DSDM_LOGIT,expert,,,true,0.2,true,direct,false,0.0,0.6,2.0,10,,750,150000,0,18.04,72.16,34.45,53.88,27.973333333333333,18.279999999999994,0.06985849887132645,0.09180323779582977,0.2781428396701813,0.2781428396701813,0.0,2026-07-01T15:34:46,
pipeline_social_results,outputs/cifar100_4agent_25cls_refine_tuning_followup_ipc50_ep225_fr005_kd050/metrics/social_results.csv,cifar100_4agent_25cls_refine_tuning_followup_ipc50_ep225_fr005_kd050,0,convnet,"0,1,2,3,4,5,6,7,8,9,10,11,12,13,14,15,16,17,18,19,20,21,22,23,24",dsdm,DSDM_LOGIT,expert,,,true,0.05,true,direct,false,0.0,0.5,2.0,50,,3750,750000,0,16.59,66.36,46.28,48.8,45.44,17.560000000000002,0.0418110191822052,0.5293769240379333,0.08867979794740677,0.08867979794740677,0.0,2026-06-30T19:56:22,
pipeline_social_results,outputs/cifar100_4agent_25cls_refine_tuning_followup_ipc50_ep225_fr005_kd050/metrics/social_results.csv,cifar100_4agent_25cls_refine_tuning_followup_ipc50_ep225_fr005_kd050,1,convnet,"25,26,27,28,29,30,31,32,33,34,35,36,37,38,39,40,41,42,43,44,45,46,47,48,49",dsdm,DSDM_LOGIT,expert,,,true,0.05,true,direct,false,0.0,0.5,2.0,50,,3750,750000,0,16.06,64.24,46.18,45.12,46.53333333333333,19.119999999999997,0.056983307003974915,0.6576693654060364,0.1170269250869751,0.1170269250869751,0.0,2026-06-30T20:04:47,
pipeline_social_results,outputs/cifar100_4agent_25cls_refine_tuning_followup_ipc50_ep225_fr005_kd050/metrics/social_results.csv,cifar100_4agent_25cls_refine_tuning_followup_ipc50_ep225_fr005_kd050,2,convnet,"50,51,52,53,54,55,56,57,58,59,60,61,62,63,64,65,66,67,68,69,70,71,72,73,74",dsdm,DSDM_LOGIT,expert,,,true,0.05,true,direct,false,0.0,0.5,2.0,50,,3750,750000,0,15.76,63.04,45.72,48.08,44.93333333333333,14.96,0.04307961463928223,0.6125848293304443,0.09060703963041306,0.09060703963041306,0.0,2026-06-30T20:13:31,
pipeline_social_results,outputs/cifar100_4agent_25cls_refine_tuning_followup_ipc50_ep225_fr005_kd050/metrics/social_results.csv,cifar100_4agent_25cls_refine_tuning_followup_ipc50_ep225_fr005_kd050,3,convnet,"75,76,77,78,79,80,81,82,83,84,85,86,87,88,89,90,91,92,93,94,95,96,97,98,99",dsdm,DSDM_LOGIT,expert,,,true,0.05,true,direct,false,0.0,0.5,2.0,50,,3750,750000,0,16.96,67.84,46.74,49.76,45.733333333333334,18.080000000000005,0.059513457119464874,0.7231348752975464,0.12529727816581726,0.12529727816581726,0.0,2026-06-30T20:22:12,
pipeline_social_results,outputs/cifar100_4agent_25cls_refine_tuning_followup_ipc50_ep250_fr004_kd050/metrics/social_results.csv,cifar100_4agent_25cls_refine_tuning_followup_ipc50_ep250_fr004_kd050,0,convnet,"0,1,2,3,4,5,6,7,8,9,10,11,12,13,14,15,16,17,18,19,20,21,22,23,24",dsdm,DSDM_LOGIT,expert,,,true,0.04,true,direct,false,0.0,0.5,2.0,50,,3750,750000,0,16.59,66.36,46.36,49.4,45.346666666666664,16.96,0.07496041804552078,0.553723156452179,0.14236241579055786,0.14236241579055786,0.0,2026-06-30T21:16:04,
pipeline_social_results,outputs/cifar100_4agent_25cls_refine_tuning_followup_ipc50_ep250_fr004_kd050/metrics/social_results.csv,cifar100_4agent_25cls_refine_tuning_followup_ipc50_ep250_fr004_kd050,1,convnet,"25,26,27,28,29,30,31,32,33,34,35,36,37,38,39,40,41,42,43,44,45,46,47,48,49",dsdm,DSDM_LOGIT,expert,,,true,0.04,true,direct,false,0.0,0.5,2.0,50,,3750,750000,0,16.06,64.24,46.26,45.64,46.46666666666667,18.599999999999994,0.05560290813446045,0.7245493531227112,0.13882167637348175,0.13882167637348175,0.0,2026-06-30T21:25:57,
pipeline_social_results,outputs/cifar100_4agent_25cls_refine_tuning_followup_ipc50_ep250_fr004_kd050/metrics/social_results.csv,cifar100_4agent_25cls_refine_tuning_followup_ipc50_ep250_fr004_kd050,2,convnet,"50,51,52,53,54,55,56,57,58,59,60,61,62,63,64,65,66,67,68,69,70,71,72,73,74",dsdm,DSDM_LOGIT,expert,,,true,0.04,true,direct,false,0.0,0.5,2.0,50,,3750,750000,0,15.76,63.04,45.85,48.08,45.10666666666667,14.96,0.07576808333396912,0.6826578974723816,0.15605613589286804,0.15605613589286804,0.0,2026-06-30T21:36:10,
pipeline_social_results,outputs/cifar100_4agent_25cls_refine_tuning_followup_ipc50_ep250_fr004_kd050/metrics/social_results.csv,cifar100_4agent_25cls_refine_tuning_followup_ipc50_ep250_fr004_kd050,3,convnet,"75,76,77,78,79,80,81,82,83,84,85,86,87,88,89,90,91,92,93,94,95,96,97,98,99",dsdm,DSDM_LOGIT,expert,,,true,0.04,true,direct,false,0.0,0.5,2.0,50,,3750,750000,0,16.96,67.84,46.45,49.72,45.36,18.120000000000005,0.09131117910146713,0.5655374526977539,0.12184011936187744,0.12184011936187744,0.0,2026-06-30T21:46:25,
pipeline_social_results,outputs/cifar100_4agent_25cls_refine_tuning_followup_ipc50_ep250_fr006_kd050/metrics/social_results.csv,cifar100_4agent_25cls_refine_tuning_followup_ipc50_ep250_fr006_kd050,0,convnet,"0,1,2,3,4,5,6,7,8,9,10,11,12,13,14,15,16,17,18,19,20,21,22,23,24",dsdm,DSDM_LOGIT,expert,,,true,0.06,true,direct,false,0.0,0.5,2.0,50,,3750,750000,0,16.59,66.36,46.26,48.8,45.413333333333334,17.560000000000002,0.08843383193016052,0.5291225910186768,0.11719751358032227,0.11719751358032227,0.0,2026-06-30T21:56:32,
pipeline_social_results,outputs/cifar100_4agent_25cls_refine_tuning_followup_ipc50_ep250_fr006_kd050/metrics/social_results.csv,cifar100_4agent_25cls_refine_tuning_followup_ipc50_ep250_fr006_kd050,1,convnet,"25,26,27,28,29,30,31,32,33,34,35,36,37,38,39,40,41,42,43,44,45,46,47,48,49",dsdm,DSDM_LOGIT,expert,,,true,0.06,true,direct,false,0.0,0.5,2.0,50,,3750,750000,0,16.06,64.24,46.38,46.36,46.38666666666666,17.879999999999995,0.06516171991825104,0.438965767621994,0.13040699064731598,0.13040699064731598,0.0,2026-06-30T22:06:21,
pipeline_social_results,outputs/cifar100_4agent_25cls_refine_tuning_followup_ipc50_ep250_fr006_kd050/metrics/social_results.csv,cifar100_4agent_25cls_refine_tuning_followup_ipc50_ep250_fr006_kd050,2,convnet,"50,51,52,53,54,55,56,57,58,59,60,61,62,63,64,65,66,67,68,69,70,71,72,73,74",dsdm,DSDM_LOGIT,expert,,,true,0.06,true,direct,false,0.0,0.5,2.0,50,,3750,750000,0,15.76,63.04,45.45,48.64,44.38666666666666,14.399999999999999,0.06232364475727081,0.38246724009513855,0.12355497479438782,0.12355497479438782,0.0,2026-06-30T22:16:17,
pipeline_social_results,outputs/cifar100_4agent_25cls_refine_tuning_followup_ipc50_ep250_fr006_kd050/metrics/social_results.csv,cifar100_4agent_25cls_refine_tuning_followup_ipc50_ep250_fr006_kd050,3,convnet,"75,76,77,78,79,80,81,82,83,84,85,86,87,88,89,90,91,92,93,94,95,96,97,98,99",dsdm,DSDM_LOGIT,expert,,,true,0.06,true,direct,false,0.0,0.5,2.0,50,,3750,750000,0,16.96,67.84,46.5,50.0,45.333333333333336,17.840000000000003,0.051836706697940826,0.33763375878334045,0.1048625111579895,0.1048625111579895,0.0,2026-06-30T22:26:03,
pipeline_social_results,outputs/cifar100_4agent_25cls_refine_tuning_followup_ipc50_ep275_fr005_kd050/metrics/social_results.csv,cifar100_4agent_25cls_refine_tuning_followup_ipc50_ep275_fr005_kd050,0,convnet,"0,1,2,3,4,5,6,7,8,9,10,11,12,13,14,15,16,17,18,19,20,21,22,23,24",dsdm,DSDM_LOGIT,expert,,,true,0.05,true,direct,false,0.0,0.5,2.0,50,,3750,750000,0,16.59,66.36,46.44,49.88,45.29333333333334,16.479999999999997,0.07575823366641998,0.5151758193969727,0.12834160029888153,0.12834160029888153,0.0,2026-06-30T20:33:20,
pipeline_social_results,outputs/cifar100_4agent_25cls_refine_tuning_followup_ipc50_ep275_fr005_kd050/metrics/social_results.csv,cifar100_4agent_25cls_refine_tuning_followup_ipc50_ep275_fr005_kd050,1,convnet,"25,26,27,28,29,30,31,32,33,34,35,36,37,38,39,40,41,42,43,44,45,46,47,48,49",dsdm,DSDM_LOGIT,expert,,,true,0.05,true,direct,false,0.0,0.5,2.0,50,,3750,750000,0,16.06,64.24,46.21,46.24,46.2,17.999999999999993,0.07966908812522888,0.5265569686889648,0.1457139253616333,0.1457139253616333,0.0,2026-06-30T20:44:16,
pipeline_social_results,outputs/cifar100_4agent_25cls_refine_tuning_followup_ipc50_ep275_fr005_kd050/metrics/social_results.csv,cifar100_4agent_25cls_refine_tuning_followup_ipc50_ep275_fr005_kd050,2,convnet,"50,51,52,53,54,55,56,57,58,59,60,61,62,63,64,65,66,67,68,69,70,71,72,73,74",dsdm,DSDM_LOGIT,expert,,,true,0.05,true,direct,false,0.0,0.5,2.0,50,,3750,750000,0,15.76,63.04,45.6,48.96,44.48,14.079999999999998,0.07517368346452713,0.4986661970615387,0.11927460879087448,0.11927460879087448,0.0,2026-06-30T20:54:52,
pipeline_social_results,outputs/cifar100_4agent_25cls_refine_tuning_followup_ipc50_ep275_fr005_kd050/metrics/social_results.csv,cifar100_4agent_25cls_refine_tuning_followup_ipc50_ep275_fr005_kd050,3,convnet,"75,76,77,78,79,80,81,82,83,84,85,86,87,88,89,90,91,92,93,94,95,96,97,98,99",dsdm,DSDM_LOGIT,expert,,,true,0.05,true,direct,false,0.0,0.5,2.0,50,,3750,750000,0,16.96,67.84,46.26,50.12,44.973333333333336,17.720000000000006,0.072998046875,0.3985544443130493,0.10309615731239319,0.10309615731239319,0.0,2026-06-30T21:05:35,
pipeline_social_results,outputs/cifar100_4agent_25cls_refine_tuning_ipc10_ep060_fr020_kd050/metrics/social_results.csv,cifar100_4agent_25cls_refine_tuning_ipc10_ep060_fr020_kd050,0,convnet3w05,"0,1,2,3,4,5,6,7,8,9,10,11,12,13,14,15,16,17,18,19,20,21,22,23,24",dsdm,DSDM_LOGIT,expert,,,true,0.2,true,direct,false,0.0,0.5,2.0,10,,750,150000,0,15.99,63.96,33.83,33.04,34.093333333333334,30.92,0.05420800670981407,0.05929594859480858,0.17697744071483612,0.17697744071483612,0.0,2026-06-30T15:18:37,
pipeline_social_results,outputs/cifar100_4agent_25cls_refine_tuning_ipc10_ep060_fr020_kd050/metrics/social_results.csv,cifar100_4agent_25cls_refine_tuning_ipc10_ep060_fr020_kd050,1,convnet3w1,"25,26,27,28,29,30,31,32,33,34,35,36,37,38,39,40,41,42,43,44,45,46,47,48,49",dsdm,DSDM_LOGIT,expert,,,true,0.2,true,direct,false,0.0,0.5,2.0,10,,750,150000,0,16.33,65.32,36.06,37.68,35.52,27.639999999999993,0.059901729226112366,0.05733943358063698,0.1470373123884201,0.1470373123884201,0.0,2026-06-30T15:19:12,
pipeline_social_results,outputs/cifar100_4agent_25cls_refine_tuning_ipc10_ep060_fr020_kd050/metrics/social_results.csv,cifar100_4agent_25cls_refine_tuning_ipc10_ep060_fr020_kd050,2,convnet4w1,"50,51,52,53,54,55,56,57,58,59,60,61,62,63,64,65,66,67,68,69,70,71,72,73,74",dsdm,DSDM_LOGIT,expert,,,true,0.2,true,direct,false,0.0,0.5,2.0,10,,750,150000,0,16.78,67.12,31.29,52.16,24.333333333333332,14.960000000000008,0.08315534889698029,0.1574624478816986,0.13985195755958557,0.13985195755958557,0.0,2026-06-30T15:19:52,
pipeline_social_results,outputs/cifar100_4agent_25cls_refine_tuning_ipc10_ep060_fr020_kd050/metrics/social_results.csv,cifar100_4agent_25cls_refine_tuning_ipc10_ep060_fr020_kd050,3,convnet4w15,"75,76,77,78,79,80,81,82,83,84,85,86,87,88,89,90,91,92,93,94,95,96,97,98,99",dsdm,DSDM_LOGIT,expert,,,true,0.2,true,direct,false,0.0,0.5,2.0,10,,750,150000,0,18.04,72.16,34.44,54.12,27.88,18.04,0.0614355094730854,0.11443109065294266,0.08781984448432922,0.08781984448432922,0.0,2026-06-30T15:20:41,
pipeline_social_results,outputs/cifar100_4agent_25cls_refine_tuning_ipc10_ep090_fr020_kd050/metrics/social_results.csv,cifar100_4agent_25cls_refine_tuning_ipc10_ep090_fr020_kd050,0,convnet3w05,"0,1,2,3,4,5,6,7,8,9,10,11,12,13,14,15,16,17,18,19,20,21,22,23,24",dsdm,DSDM_LOGIT,expert,,,true,0.2,true,direct,false,0.0,0.5,2.0,10,,750,150000,0,15.99,63.96,32.83,31.36,33.32,32.6,0.07601440697908401,0.06402778625488281,0.15927068889141083,0.15927068889141083,0.0,2026-06-30T15:21:48,
pipeline_social_results,outputs/cifar100_4agent_25cls_refine_tuning_ipc10_ep090_fr020_kd050/metrics/social_results.csv,cifar100_4agent_25cls_refine_tuning_ipc10_ep090_fr020_kd050,1,convnet3w1,"25,26,27,28,29,30,31,32,33,34,35,36,37,38,39,40,41,42,43,44,45,46,47,48,49",dsdm,DSDM_LOGIT,expert,,,true,0.2,true,direct,false,0.0,0.5,2.0,10,,750,150000,0,16.33,65.32,35.61,38.2,34.74666666666667,27.11999999999999,0.04021038860082626,0.06760253757238388,0.10640566796064377,0.10640566796064377,0.0,2026-06-30T15:22:38,
pipeline_social_results,outputs/cifar100_4agent_25cls_refine_tuning_ipc10_ep090_fr020_kd050/metrics/social_results.csv,cifar100_4agent_25cls_refine_tuning_ipc10_ep090_fr020_kd050,2,convnet4w1,"50,51,52,53,54,55,56,57,58,59,60,61,62,63,64,65,66,67,68,69,70,71,72,73,74",dsdm,DSDM_LOGIT,expert,,,true,0.2,true,direct,false,0.0,0.5,2.0,10,,750,150000,0,16.78,67.12,30.88,52.6,23.64,14.520000000000003,0.035144831985235214,0.1139616146683693,0.09681104123592377,0.09681104123592377,0.0,2026-06-30T15:23:36,
pipeline_social_results,outputs/cifar100_4agent_25cls_refine_tuning_ipc10_ep090_fr020_kd050/metrics/social_results.csv,cifar100_4agent_25cls_refine_tuning_ipc10_ep090_fr020_kd050,3,convnet4w15,"75,76,77,78,79,80,81,82,83,84,85,86,87,88,89,90,91,92,93,94,95,96,97,98,99",dsdm,DSDM_LOGIT,expert,,,true,0.2,true,direct,false,0.0,0.5,2.0,10,,750,150000,0,18.04,72.16,34.39,55.04,27.506666666666668,17.119999999999997,0.07125414162874222,0.14096170663833618,0.1399451345205307,0.1399451345205307,0.0,2026-06-30T15:24:40,
pipeline_social_results,outputs/cifar100_4agent_25cls_refine_tuning_ipc50_ep250_fr005_kd050/metrics/social_results.csv,cifar100_4agent_25cls_refine_tuning_ipc50_ep250_fr005_kd050,0,convnet,"0,1,2,3,4,5,6,7,8,9,10,11,12,13,14,15,16,17,18,19,20,21,22,23,24",dsdm,DSDM_LOGIT,expert,,,true,0.05,true,direct,false,0.0,0.5,2.0,50,,3750,750000,0,16.59,66.36,46.55,49.56,45.54666666666667,16.799999999999997,0.04780982434749603,0.4316795766353607,0.13056132197380066,0.13056132197380066,0.0,2026-06-30T15:35:07,
pipeline_social_results,outputs/cifar100_4agent_25cls_refine_tuning_ipc50_ep250_fr005_kd050/metrics/social_results.csv,cifar100_4agent_25cls_refine_tuning_ipc50_ep250_fr005_kd050,1,convnet,"25,26,27,28,29,30,31,32,33,34,35,36,37,38,39,40,41,42,43,44,45,46,47,48,49",dsdm,DSDM_LOGIT,expert,,,true,0.05,true,direct,false,0.0,0.5,2.0,50,,3750,750000,0,16.06,64.24,46.09,45.84,46.17333333333333,18.39999999999999,0.05222169682383537,0.6113302707672119,0.099322609603405,0.099322609603405,0.0,2026-06-30T15:45:11,
pipeline_social_results,outputs/cifar100_4agent_25cls_refine_tuning_ipc50_ep250_fr005_kd050/metrics/social_results.csv,cifar100_4agent_25cls_refine_tuning_ipc50_ep250_fr005_kd050,2,convnet,"50,51,52,53,54,55,56,57,58,59,60,61,62,63,64,65,66,67,68,69,70,71,72,73,74",dsdm,DSDM_LOGIT,expert,,,true,0.05,true,direct,false,0.0,0.5,2.0,50,,3750,750000,0,15.76,63.04,45.77,48.28,44.93333333333333,14.759999999999998,0.056892938911914825,0.6483874917030334,0.11415817588567734,0.11415817588567734,0.0,2026-06-30T15:55:17,
pipeline_social_results,outputs/cifar100_4agent_25cls_refine_tuning_ipc50_ep250_fr005_kd050/metrics/social_results.csv,cifar100_4agent_25cls_refine_tuning_ipc50_ep250_fr005_kd050,3,convnet,"75,76,77,78,79,80,81,82,83,84,85,86,87,88,89,90,91,92,93,94,95,96,97,98,99",dsdm,DSDM_LOGIT,expert,,,true,0.05,true,direct,false,0.0,0.5,2.0,50,,3750,750000,0,16.96,67.84,46.32,49.88,45.13333333333333,17.96,0.07209130376577377,0.4049045443534851,0.15258058905601501,0.15258058905601501,0.0,2026-06-30T16:05:14,
pipeline_social_results,outputs/cifar100_4agent_25cls_refine_tuning_ipc50_ep300_fr005_kd040/metrics/social_results.csv,cifar100_4agent_25cls_refine_tuning_ipc50_ep300_fr005_kd040,0,convnet,"0,1,2,3,4,5,6,7,8,9,10,11,12,13,14,15,16,17,18,19,20,21,22,23,24",dsdm,DSDM_LOGIT,expert,,,true,0.05,true,direct,false,0.0,0.4,2.0,50,,3750,750000,0,16.59,66.36,46.36,49.92,45.17333333333333,16.439999999999998,0.054335735738277435,0.5102831125259399,0.11875256150960922,0.11875256150960922,0.0,2026-06-30T17:13:52,
pipeline_social_results,outputs/cifar100_4agent_25cls_refine_tuning_ipc50_ep300_fr005_kd040/metrics/social_results.csv,cifar100_4agent_25cls_refine_tuning_ipc50_ep300_fr005_kd040,1,convnet,"25,26,27,28,29,30,31,32,33,34,35,36,37,38,39,40,41,42,43,44,45,46,47,48,49",dsdm,DSDM_LOGIT,expert,,,true,0.05,true,direct,false,0.0,0.4,2.0,50,,3750,750000,0,16.06,64.24,45.83,46.92,45.46666666666667,17.319999999999993,0.05958925187587738,0.5269547700881958,0.14092056453227997,0.14092056453227997,0.0,2026-06-30T17:25:55,
pipeline_social_results,outputs/cifar100_4agent_25cls_refine_tuning_ipc50_ep300_fr005_kd040/metrics/social_results.csv,cifar100_4agent_25cls_refine_tuning_ipc50_ep300_fr005_kd040,2,convnet,"50,51,52,53,54,55,56,57,58,59,60,61,62,63,64,65,66,67,68,69,70,71,72,73,74",dsdm,DSDM_LOGIT,expert,,,true,0.05,true,direct,false,0.0,0.4,2.0,50,,3750,750000,0,15.76,63.04,45.39,49.04,44.17333333333333,14.0,0.08700793981552124,0.4884726405143738,0.163471981883049,0.163471981883049,0.0,2026-06-30T17:37:49,
pipeline_social_results,outputs/cifar100_4agent_25cls_refine_tuning_ipc50_ep300_fr005_kd040/metrics/social_results.csv,cifar100_4agent_25cls_refine_tuning_ipc50_ep300_fr005_kd040,3,convnet,"75,76,77,78,79,80,81,82,83,84,85,86,87,88,89,90,91,92,93,94,95,96,97,98,99",dsdm,DSDM_LOGIT,expert,,,true,0.05,true,direct,false,0.0,0.4,2.0,50,,3750,750000,0,16.96,67.84,46.19,51.0,44.586666666666666,16.840000000000003,0.029889116063714027,0.360504150390625,0.10371649265289307,0.10371649265289307,0.0,2026-06-30T17:49:44,
pipeline_social_results,outputs/cifar100_4agent_25cls_refine_tuning_ipc50_ep300_fr005_kd060/metrics/social_results.csv,cifar100_4agent_25cls_refine_tuning_ipc50_ep300_fr005_kd060,0,convnet,"0,1,2,3,4,5,6,7,8,9,10,11,12,13,14,15,16,17,18,19,20,21,22,23,24",dsdm,DSDM_LOGIT,expert,,,true,0.05,true,direct,false,0.0,0.6,2.0,50,,3750,750000,0,16.59,66.36,46.51,48.52,45.84,17.839999999999996,0.07883322983980179,0.4165382981300354,0.14270073175430298,0.14270073175430298,0.0,2026-06-30T18:02:12,
pipeline_social_results,outputs/cifar100_4agent_25cls_refine_tuning_ipc50_ep300_fr005_kd060/metrics/social_results.csv,cifar100_4agent_25cls_refine_tuning_ipc50_ep300_fr005_kd060,1,convnet,"25,26,27,28,29,30,31,32,33,34,35,36,37,38,39,40,41,42,43,44,45,46,47,48,49",dsdm,DSDM_LOGIT,expert,,,true,0.05,true,direct,false,0.0,0.6,2.0,50,,3750,750000,0,16.06,64.24,46.31,45.8,46.48,18.439999999999998,0.08780010044574738,0.44294679164886475,0.09779037535190582,0.09779037535190582,0.0,2026-06-30T18:14:12,
pipeline_social_results,outputs/cifar100_4agent_25cls_refine_tuning_ipc50_ep300_fr005_kd060/metrics/social_results.csv,cifar100_4agent_25cls_refine_tuning_ipc50_ep300_fr005_kd060,2,convnet,"50,51,52,53,54,55,56,57,58,59,60,61,62,63,64,65,66,67,68,69,70,71,72,73,74",dsdm,DSDM_LOGIT,expert,,,true,0.05,true,direct,false,0.0,0.6,2.0,50,,3750,750000,0,15.76,63.04,45.37,49.44,44.013333333333335,13.600000000000001,0.08195838332176208,0.6936472058296204,0.10818800330162048,0.10818800330162048,0.0,2026-06-30T18:26:18,
pipeline_social_results,outputs/cifar100_4agent_25cls_refine_tuning_ipc50_ep300_fr005_kd060/metrics/social_results.csv,cifar100_4agent_25cls_refine_tuning_ipc50_ep300_fr005_kd060,3,convnet,"75,76,77,78,79,80,81,82,83,84,85,86,87,88,89,90,91,92,93,94,95,96,97,98,99",dsdm,DSDM_LOGIT,expert,,,true,0.05,true,direct,false,0.0,0.6,2.0,50,,3750,750000,0,16.96,67.84,45.95,49.88,44.64,17.96,0.057204216718673706,0.480752557516098,0.07076100260019302,0.07076100260019302,0.0,2026-06-30T18:38:04,
pipeline_social_results,outputs/cifar100_4agent_25cls_refine_tuning_ipc50_ep350_fr005_kd050/metrics/social_results.csv,cifar100_4agent_25cls_refine_tuning_ipc50_ep350_fr005_kd050,0,convnet,"0,1,2,3,4,5,6,7,8,9,10,11,12,13,14,15,16,17,18,19,20,21,22,23,24",dsdm,DSDM_LOGIT,expert,,,true,0.05,true,direct,false,0.0,0.5,2.0,50,,3750,750000,0,16.59,66.36,46.43,49.96,45.25333333333333,16.4,0.07296078652143478,0.4204142689704895,0.09149979054927826,0.09149979054927826,0.0,2026-06-30T16:19:36,
pipeline_social_results,outputs/cifar100_4agent_25cls_refine_tuning_ipc50_ep350_fr005_kd050/metrics/social_results.csv,cifar100_4agent_25cls_refine_tuning_ipc50_ep350_fr005_kd050,1,convnet,"25,26,27,28,29,30,31,32,33,34,35,36,37,38,39,40,41,42,43,44,45,46,47,48,49",dsdm,DSDM_LOGIT,expert,,,true,0.05,true,direct,false,0.0,0.5,2.0,50,,3750,750000,0,16.06,64.24,46.01,46.72,45.77333333333333,17.519999999999996,0.056977517902851105,0.44916966557502747,0.10563716292381287,0.10563716292381287,0.0,2026-06-30T16:33:27,
pipeline_social_results,outputs/cifar100_4agent_25cls_refine_tuning_ipc50_ep350_fr005_kd050/metrics/social_results.csv,cifar100_4agent_25cls_refine_tuning_ipc50_ep350_fr005_kd050,2,convnet,"50,51,52,53,54,55,56,57,58,59,60,61,62,63,64,65,66,67,68,69,70,71,72,73,74",dsdm,DSDM_LOGIT,expert,,,true,0.05,true,direct,false,0.0,0.5,2.0,50,,3750,750000,0,15.76,63.04,45.35,49.12,44.093333333333334,13.920000000000002,0.05006615072488785,0.4730888903141022,0.10371493548154831,0.10371493548154831,0.0,2026-06-30T16:47:32,
pipeline_social_results,outputs/cifar100_4agent_25cls_refine_tuning_ipc50_ep350_fr005_kd050/metrics/social_results.csv,cifar100_4agent_25cls_refine_tuning_ipc50_ep350_fr005_kd050,3,convnet,"75,76,77,78,79,80,81,82,83,84,85,86,87,88,89,90,91,92,93,94,95,96,97,98,99",dsdm,DSDM_LOGIT,expert,,,true,0.05,true,direct,false,0.0,0.5,2.0,50,,3750,750000,0,16.96,67.84,45.86,50.92,44.17333333333333,16.92,0.08033165335655212,0.3923195004463196,0.1485597789287567,0.1485597789287567,0.0,2026-06-30T17:01:36,
pipeline_social_results,outputs/cifar100_4agent_25cls_upper_bound/metrics/social_results.csv,cifar100_4agent_25cls_upper_bound,0,convnet,"0,1,2,3,4,5,6,7,8,9,10,11,12,13,14,15,16,17,18,19,20,21,22,23,24",full_real,FULL_REAL,expert,,,true,0.05,false,,,,0.0,2.0,10,,37500,0,,16.99,67.96,49.94,51.84,49.306666666666665,16.11999999999999,0.04187563806772232,0.6049041748046875,0.0,,,2026-06-24T20:14:50,
pipeline_social_results,outputs/cifar100_4agent_25cls_upper_bound/metrics/social_results.csv,cifar100_4agent_25cls_upper_bound,1,convnet,"25,26,27,28,29,30,31,32,33,34,35,36,37,38,39,40,41,42,43,44,45,46,47,48,49",full_real,FULL_REAL,expert,,,true,0.05,false,,,,0.0,2.0,10,,37500,0,,15.87,63.48,49.85,48.24,50.38666666666666,15.239999999999995,0.0447305366396904,0.641751766204834,0.0,,,2026-06-24T21:08:37,
pipeline_social_results,outputs/cifar100_4agent_25cls_upper_bound/metrics/social_results.csv,cifar100_4agent_25cls_upper_bound,2,resnet,"50,51,52,53,54,55,56,57,58,59,60,61,62,63,64,65,66,67,68,69,70,71,72,73,74",full_real,FULL_REAL,expert,,,true,0.05,false,,,,0.0,2.0,10,,37500,0,,13.61,54.44,29.18,36.68,26.68,17.759999999999998,0.046852145344018936,0.7550601363182068,0.0,,,2026-06-25T10:43:58,
pipeline_social_results,outputs/cifar100_4agent_25cls_upper_bound/metrics/social_results.csv,cifar100_4agent_25cls_upper_bound,3,resnet_ap,"75,76,77,78,79,80,81,82,83,84,85,86,87,88,89,90,91,92,93,94,95,96,97,98,99",full_real,FULL_REAL,expert,,,true,0.05,false,,,,0.0,2.0,10,,37500,0,,16.61,66.44,37.98,44.0,35.973333333333336,22.439999999999998,0.03521732613444328,0.2907116711139679,0.0,,,2026-06-25T12:01:25,
legacy_excel_summary,outputs/cifar100output/结果整理.xlsx,legacy_cifar100_excel_summary,0,ConvNet,,dsdm,DSDM,,,,,,,,,,,,,,,,,,,33.67,57.6,25.69,,,,,,,,旧 Excel 仅含 after 指标，before/loss/通信量等字段缺失。
legacy_excel_summary,outputs/cifar100output/结果整理.xlsx,legacy_cifar100_excel_summary,1,ConvNet,,dsdm,DSDM,,,,,,,,,,,,,,,,,,,33.43,52.76,26.99,,,,,,,,旧 Excel 仅含 after 指标，before/loss/通信量等字段缺失。
legacy_excel_summary,outputs/cifar100output/结果整理.xlsx,legacy_cifar100_excel_summary,2,ResNet,,dsdm,DSDM,,,,,,,,,,,,,,,,,,,15.3,2.16,19.68,,,,,,,,旧 Excel 仅含 after 指标，before/loss/通信量等字段缺失。
legacy_excel_summary,outputs/cifar100output/结果整理.xlsx,legacy_cifar100_excel_summary,3,ResNet_AP,,dsdm,DSDM,,,,,,,,,,,,,,,,,,,21.04,34.479999999999997,16.559999999999999,,,,,,,,旧 Excel 仅含 after 指标，before/loss/通信量等字段缺失。
legacy_excel_summary,outputs/cifar100output/结果整理.xlsx,legacy_cifar100_excel_summary,0,ConvNet,,dsdm from new agent,DSDM FROM NEW AGENT,,,,,,,,,,,,,,,,,,,30.1,51.56,22.95,,,,,,,,旧 Excel 仅含 after 指标，before/loss/通信量等字段缺失。
legacy_excel_summary,outputs/cifar100output/结果整理.xlsx,legacy_cifar100_excel_summary,1,ConvNet,,dsdm from new agent,DSDM FROM NEW AGENT,,,,,,,,,,,,,,,,,,,30.41,41.08,26.85,,,,,,,,旧 Excel 仅含 after 指标，before/loss/通信量等字段缺失。
legacy_excel_summary,outputs/cifar100output/结果整理.xlsx,legacy_cifar100_excel_summary,2,ResNet,,dsdm from new agent,DSDM FROM NEW AGENT,,,,,,,,,,,,,,,,,,,12.45,1.1599999999999999,16.21,,,,,,,,旧 Excel 仅含 after 指标，before/loss/通信量等字段缺失。
legacy_excel_summary,outputs/cifar100output/结果整理.xlsx,legacy_cifar100_excel_summary,3,ResNet_AP,,dsdm from new agent,DSDM FROM NEW AGENT,,,,,,,,,,,,,,,,,,,13.34,6.32,15.68,,,,,,,,旧 Excel 仅含 after 指标，before/loss/通信量等字段缺失。
legacy_excel_summary,outputs/cifar100output/结果整理.xlsx,legacy_cifar100_excel_summary,0,ConvNet,,dsdm+logits,DSDM+LOGITS,,,,,,,,,,,,,,,,,,,32.08,56.48,23.946666666666601,,,,,,,,旧 Excel 仅含 after 指标，before/loss/通信量等字段缺失。
legacy_excel_summary,outputs/cifar100output/结果整理.xlsx,legacy_cifar100_excel_summary,1,ConvNet,,dsdm+logits,DSDM+LOGITS,,,,,,,,,,,,,,,,,,,31.28,52.24,24.293333333333301,,,,,,,,旧 Excel 仅含 after 指标，before/loss/通信量等字段缺失。
legacy_excel_summary,outputs/cifar100output/结果整理.xlsx,legacy_cifar100_excel_summary,2,ResNet,,dsdm+logits,DSDM+LOGITS,,,,,,,,,,,,,,,,,,,20.6,0.8,27.2,,,,,,,,旧 Excel 仅含 after 指标，before/loss/通信量等字段缺失。
legacy_excel_summary,outputs/cifar100output/结果整理.xlsx,legacy_cifar100_excel_summary,3,ResNet_AP,,dsdm+logits,DSDM+LOGITS,,,,,,,,,,,,,,,,,,,27.89,32.68,26.293333333333301,,,,,,,,旧 Excel 仅含 after 指标，before/loss/通信量等字段缺失。
legacy_excel_summary,outputs/cifar100output/结果整理.xlsx,legacy_cifar100_excel_summary,0,ConvNet,,heuristic_logit,HEURISTIC_LOGIT,,,,,,,,,,,,,,,,,,,37.479999999999997,48.88,33.68,,,,,,,,旧 Excel 仅含 after 指标，before/loss/通信量等字段缺失。
legacy_excel_summary,outputs/cifar100output/结果整理.xlsx,legacy_cifar100_excel_summary,1,ConvNet,,heuristic_logit,HEURISTIC_LOGIT,,,,,,,,,,,,,,,,,,,36.880000000000003,45.16,34.119999999999997,,,,,,,,旧 Excel 仅含 after 指标，before/loss/通信量等字段缺失。
legacy_excel_summary,outputs/cifar100output/结果整理.xlsx,legacy_cifar100_excel_summary,2,ResNet,,heuristic_logit,HEURISTIC_LOGIT,,,,,,,,,,,,,,,,,,,20.36,26.8,18.21,,,,,,,,旧 Excel 仅含 after 指标，before/loss/通信量等字段缺失。
legacy_excel_summary,outputs/cifar100output/结果整理.xlsx,legacy_cifar100_excel_summary,3,ResNet_AP,,heuristic_logit,HEURISTIC_LOGIT,,,,,,,,,,,,,,,,,,,26.27,28,25.69,,,,,,,,旧 Excel 仅含 after 指标，before/loss/通信量等字段缺失。
legacy_excel_summary,outputs/cifar100output/结果整理.xlsx,legacy_cifar100_excel_summary,0,ConvNet,,importance_logit,IMPORTANCE_LOGIT,,,,,,,,,,,,,,,,,,,24.72,47.52,17.12,,,,,,,,旧 Excel 仅含 after 指标，before/loss/通信量等字段缺失。
legacy_excel_summary,outputs/cifar100output/结果整理.xlsx,legacy_cifar100_excel_summary,1,ConvNet,,importance_logit,IMPORTANCE_LOGIT,,,,,,,,,,,,,,,,,,,23.91,43.32,17.440000000000001,,,,,,,,旧 Excel 仅含 after 指标，before/loss/通信量等字段缺失。
legacy_excel_summary,outputs/cifar100output/结果整理.xlsx,legacy_cifar100_excel_summary,2,ResNet,,importance_logit,IMPORTANCE_LOGIT,,,,,,,,,,,,,,,,,,,11.09,22.44,7.31,,,,,,,,旧 Excel 仅含 after 指标，before/loss/通信量等字段缺失。
legacy_excel_summary,outputs/cifar100output/结果整理.xlsx,legacy_cifar100_excel_summary,3,ResNet_AP,,importance_logit,IMPORTANCE_LOGIT,,,,,,,,,,,,,,,,,,,13.44,18.36,11.8,,,,,,,,旧 Excel 仅含 after 指标，before/loss/通信量等字段缺失。
